timestamp,data_name,iterations,learning_rate,depth,l2_leaf_reg,max_ctr_complexity,00_pre,00_rec,00_spe,00_f1,00_geo,00_iba,01_pre,01_rec,01_spe,01_f1,01_geo,01_iba,02_pre,02_rec,02_spe,02_f1,02_geo,02_iba,03_pre,03_rec,03_spe,03_f1,03_geo,03_iba,avg_pre,avg_rec,avg_spe,avg_f1,avg_geo,avg_iba,auc,ap
2024-07-10 12:43:29,hf_ctgan_training,500,0.01,4,1.0,4,0.9990666666666668,1.0,0.0,0.9995331154538784,0.0,0.0,0.0,0.0,1.0,0.0,0.0,0.0,0.0,0.0,1.0,0.0,0.0,0.0,0.0,0.0,1.0,0.0,0.0,0.0,0.9981342044444445,0.9990666666666668,0.0009333333333333,0.9986002178794549,0.0,0.0,,
2024-07-10 12:43:37,hf_ctgan_training,500,0.01,4,5.0,4,0.9990666666666668,1.0,0.0,0.9995331154538784,0.0,0.0,0.0,0.0,1.0,0.0,0.0,0.0,0.0,0.0,1.0,0.0,0.0,0.0,0.0,0.0,1.0,0.0,0.0,0.0,0.9981342044444445,0.9990666666666668,0.0009333333333333,0.9986002178794549,0.0,0.0,,
2024-07-10 12:43:47,hf_ctgan_training,500,0.01,4,9.0,4,0.9990666666666668,1.0,0.0,0.9995331154538784,0.0,0.0,0.0,0.0,1.0,0.0,0.0,0.0,0.0,0.0,1.0,0.0,0.0,0.0,0.0,0.0,1.0,0.0,0.0,0.0,0.9981342044444445,0.9990666666666668,0.0009333333333333,0.9986002178794549,0.0,0.0,,
2024-07-10 12:44:07,hf_ctgan_training,500,0.01,8,1.0,4,0.9990666666666668,1.0,0.0,0.9995331154538784,0.0,0.0,0.0,0.0,1.0,0.0,0.0,0.0,0.0,0.0,1.0,0.0,0.0,0.0,0.0,0.0,1.0,0.0,0.0,0.0,0.9981342044444445,0.9990666666666668,0.0009333333333333,0.9986002178794549,0.0,0.0,,
2024-07-10 12:44:25,hf_ctgan_training,500,0.01,8,5.0,4,0.9990666666666668,1.0,0.0,0.9995331154538784,0.0,0.0,0.0,0.0,1.0,0.0,0.0,0.0,0.0,0.0,1.0,0.0,0.0,0.0,0.0,0.0,1.0,0.0,0.0,0.0,0.9981342044444445,0.9990666666666668,0.0009333333333333,0.9986002178794549,0.0,0.0,,
2024-07-10 12:44:48,hf_ctgan_training,500,0.01,8,9.0,4,0.9990666666666668,1.0,0.0,0.9995331154538784,0.0,0.0,0.0,0.0,1.0,0.0,0.0,0.0,0.0,0.0,1.0,0.0,0.0,0.0,0.0,0.0,1.0,0.0,0.0,0.0,0.9981342044444445,0.9990666666666668,0.0009333333333333,0.9986002178794549,0.0,0.0,,
2024-07-10 12:45:55,hf_ctgan_training,500,0.01,10,1.0,4,0.9990666666666668,1.0,0.0,0.9995331154538784,0.0,0.0,0.0,0.0,1.0,0.0,0.0,0.0,0.0,0.0,1.0,0.0,0.0,0.0,0.0,0.0,1.0,0.0,0.0,0.0,0.9981342044444445,0.9990666666666668,0.0009333333333333,0.9986002178794549,0.0,0.0,,
2024-07-10 12:47:46,hf_ctgan_training,500,0.01,10,5.0,4,0.9990666666666668,1.0,0.0,0.9995331154538784,0.0,0.0,0.0,0.0,1.0,0.0,0.0,0.0,0.0,0.0,1.0,0.0,0.0,0.0,0.0,0.0,1.0,0.0,0.0,0.0,0.9981342044444445,0.9990666666666668,0.0009333333333333,0.9986002178794549,0.0,0.0,,
2024-07-10 12:49:55,hf_ctgan_training,500,0.01,10,9.0,4,0.9990666666666668,1.0,0.0,0.9995331154538784,0.0,0.0,0.0,0.0,1.0,0.0,0.0,0.0,0.0,0.0,1.0,0.0,0.0,0.0,0.0,0.0,1.0,0.0,0.0,0.0,0.9981342044444445,0.9990666666666668,0.0009333333333333,0.9986002178794549,0.0,0.0,,
2024-07-10 12:50:54,hf_ctgan_training,1000,0.01,4,1.0,4,0.9990666666666668,1.0,0.0,0.9995331154538784,0.0,0.0,0.0,0.0,1.0,0.0,0.0,0.0,0.0,0.0,1.0,0.0,0.0,0.0,0.0,0.0,1.0,0.0,0.0,0.0,0.9981342044444445,0.9990666666666668,0.0009333333333333,0.9986002178794549,0.0,0.0,,
2024-07-10 12:52:02,hf_ctgan_training,1000,0.01,4,5.0,4,0.9990666666666668,1.0,0.0,0.9995331154538784,0.0,0.0,0.0,0.0,1.0,0.0,0.0,0.0,0.0,0.0,1.0,0.0,0.0,0.0,0.0,0.0,1.0,0.0,0.0,0.0,0.9981342044444445,0.9990666666666668,0.0009333333333333,0.9986002178794549,0.0,0.0,,
2024-07-10 12:52:55,hf_ctgan_training,1000,0.01,4,9.0,4,0.9990666666666668,1.0,0.0,0.9995331154538784,0.0,0.0,0.0,0.0,1.0,0.0,0.0,0.0,0.0,0.0,1.0,0.0,0.0,0.0,0.0,0.0,1.0,0.0,0.0,0.0,0.9981342044444445,0.9990666666666668,0.0009333333333333,0.9986002178794549,0.0,0.0,,
2024-07-10 12:54:37,hf_ctgan_training,1000,0.01,8,1.0,4,0.9990666666666668,1.0,0.0,0.9995331154538784,0.0,0.0,0.0,0.0,1.0,0.0,0.0,0.0,0.0,0.0,1.0,0.0,0.0,0.0,0.0,0.0,1.0,0.0,0.0,0.0,0.9981342044444445,0.9990666666666668,0.0009333333333333,0.9986002178794549,0.0,0.0,,
2024-07-10 12:56:28,hf_ctgan_training,1000,0.01,8,5.0,4,0.9990666666666668,1.0,0.0,0.9995331154538784,0.0,0.0,0.0,0.0,1.0,0.0,0.0,0.0,0.0,0.0,1.0,0.0,0.0,0.0,0.0,0.0,1.0,0.0,0.0,0.0,0.9981342044444445,0.9990666666666668,0.0009333333333333,0.9986002178794549,0.0,0.0,,
2024-07-10 12:58:12,hf_ctgan_training,1000,0.01,8,9.0,4,0.9990666666666668,1.0,0.0,0.9995331154538784,0.0,0.0,0.0,0.0,1.0,0.0,0.0,0.0,0.0,0.0,1.0,0.0,0.0,0.0,0.0,0.0,1.0,0.0,0.0,0.0,0.9981342044444445,0.9990666666666668,0.0009333333333333,0.9986002178794549,0.0,0.0,,
2024-07-10 13:01:16,hf_ctgan_training,1000,0.01,10,1.0,4,0.9990666666666668,1.0,0.0,0.9995331154538784,0.0,0.0,0.0,0.0,1.0,0.0,0.0,0.0,0.0,0.0,1.0,0.0,0.0,0.0,0.0,0.0,1.0,0.0,0.0,0.0,0.9981342044444445,0.9990666666666668,0.0009333333333333,0.9986002178794549,0.0,0.0,,
2024-07-10 13:04:56,hf_ctgan_training,1000,0.01,10,5.0,4,0.9990666666666668,1.0,0.0,0.9995331154538784,0.0,0.0,0.0,0.0,1.0,0.0,0.0,0.0,0.0,0.0,1.0,0.0,0.0,0.0,0.0,0.0,1.0,0.0,0.0,0.0,0.9981342044444445,0.9990666666666668,0.0009333333333333,0.9986002178794549,0.0,0.0,,
2024-07-10 13:08:43,hf_ctgan_training,1000,0.01,10,9.0,4,0.9990666666666668,1.0,0.0,0.9995331154538784,0.0,0.0,0.0,0.0,1.0,0.0,0.0,0.0,0.0,0.0,1.0,0.0,0.0,0.0,0.0,0.0,1.0,0.0,0.0,0.0,0.9981342044444445,0.9990666666666668,0.0009333333333333,0.9986002178794549,0.0,0.0,,
2024-07-10 13:09:39,hf_ctgan_training,1500,0.01,4,1.0,4,0.9990666666666668,1.0,0.0,0.9995331154538784,0.0,0.0,0.0,0.0,1.0,0.0,0.0,0.0,0.0,0.0,1.0,0.0,0.0,0.0,0.0,0.0,1.0,0.0,0.0,0.0,0.9981342044444445,0.9990666666666668,0.0009333333333333,0.9986002178794549,0.0,0.0,,
2024-07-10 13:10:35,hf_ctgan_training,1500,0.01,4,5.0,4,0.9990666666666668,1.0,0.0,0.9995331154538784,0.0,0.0,0.0,0.0,1.0,0.0,0.0,0.0,0.0,0.0,1.0,0.0,0.0,0.0,0.0,0.0,1.0,0.0,0.0,0.0,0.9981342044444445,0.9990666666666668,0.0009333333333333,0.9986002178794549,0.0,0.0,,
2024-07-10 13:11:16,hf_ctgan_training,1500,0.01,4,9.0,4,0.9990666666666668,1.0,0.0,0.9995331154538784,0.0,0.0,0.0,0.0,1.0,0.0,0.0,0.0,0.0,0.0,1.0,0.0,0.0,0.0,0.0,0.0,1.0,0.0,0.0,0.0,0.9981342044444445,0.9990666666666668,0.0009333333333333,0.9986002178794549,0.0,0.0,,
2024-07-10 13:13:03,hf_ctgan_training,1500,0.01,8,1.0,4,0.9990666666666668,1.0,0.0,0.9995331154538784,0.0,0.0,0.0,0.0,1.0,0.0,0.0,0.0,0.0,0.0,1.0,0.0,0.0,0.0,0.0,0.0,1.0,0.0,0.0,0.0,0.9981342044444445,0.9990666666666668,0.0009333333333333,0.9986002178794549,0.0,0.0,,
2024-07-10 15:52:36,hf_ctgan_training,1500,0.01,8,5.0,4,0.9990666666666668,1.0,0.0,0.9995331154538784,0.0,0.0,0.0,0.0,1.0,0.0,0.0,0.0,0.0,0.0,1.0,0.0,0.0,0.0,0.0,0.0,1.0,0.0,0.0,0.0,0.9981342044444445,0.9990666666666668,0.0009333333333333,0.9986002178794549,0.0,0.0,,
2024-07-10 15:53:08,hf_ctgan_training,1500,0.01,8,9.0,4,0.9990666666666668,1.0,0.0,0.9995331154538784,0.0,0.0,0.0,0.0,1.0,0.0,0.0,0.0,0.0,0.0,1.0,0.0,0.0,0.0,0.0,0.0,1.0,0.0,0.0,0.0,0.9981342044444445,0.9990666666666668,0.0009333333333333,0.9986002178794549,0.0,0.0,,
2024-07-10 15:54:05,hf_ctgan_training,1500,0.01,10,1.0,4,0.9990666666666668,1.0,0.0,0.9995331154538784,0.0,0.0,0.0,0.0,1.0,0.0,0.0,0.0,0.0,0.0,1.0,0.0,0.0,0.0,0.0,0.0,1.0,0.0,0.0,0.0,0.9981342044444445,0.9990666666666668,0.0009333333333333,0.9986002178794549,0.0,0.0,,
2024-07-10 15:55:15,hf_ctgan_training,1500,0.01,10,5.0,4,0.9990666666666668,1.0,0.0,0.9995331154538784,0.0,0.0,0.0,0.0,1.0,0.0,0.0,0.0,0.0,0.0,1.0,0.0,0.0,0.0,0.0,0.0,1.0,0.0,0.0,0.0,0.9981342044444445,0.9990666666666668,0.0009333333333333,0.9986002178794549,0.0,0.0,,
2024-07-10 15:56:32,hf_ctgan_training,1500,0.01,10,9.0,4,0.9990666666666668,1.0,0.0,0.9995331154538784,0.0,0.0,0.0,0.0,1.0,0.0,0.0,0.0,0.0,0.0,1.0,0.0,0.0,0.0,0.0,0.0,1.0,0.0,0.0,0.0,0.9981342044444445,0.9990666666666668,0.0009333333333333,0.9986002178794549,0.0,0.0,,
2024-07-10 15:56:43,hf_ctgan_training,500,0.001,4,1.0,4,0.9990666666666668,1.0,0.0,0.9995331154538784,0.0,0.0,0.0,0.0,1.0,0.0,0.0,0.0,0.0,0.0,1.0,0.0,0.0,0.0,0.0,0.0,1.0,0.0,0.0,0.0,0.9981342044444445,0.9990666666666668,0.0009333333333333,0.9986002178794549,0.0,0.0,,
2024-07-10 15:56:56,hf_ctgan_training,500,0.001,4,5.0,4,0.9990666666666668,1.0,0.0,0.9995331154538784,0.0,0.0,0.0,0.0,1.0,0.0,0.0,0.0,0.0,0.0,1.0,0.0,0.0,0.0,0.0,0.0,1.0,0.0,0.0,0.0,0.9981342044444445,0.9990666666666668,0.0009333333333333,0.9986002178794549,0.0,0.0,,
2024-07-10 15:57:08,hf_ctgan_training,500,0.001,4,9.0,4,0.9990666666666668,1.0,0.0,0.9995331154538784,0.0,0.0,0.0,0.0,1.0,0.0,0.0,0.0,0.0,0.0,1.0,0.0,0.0,0.0,0.0,0.0,1.0,0.0,0.0,0.0,0.9981342044444445,0.9990666666666668,0.0009333333333333,0.9986002178794549,0.0,0.0,,
2024-07-10 15:57:29,hf_ctgan_training,500,0.001,8,1.0,4,0.9990666666666668,1.0,0.0,0.9995331154538784,0.0,0.0,0.0,0.0,1.0,0.0,0.0,0.0,0.0,0.0,1.0,0.0,0.0,0.0,0.0,0.0,1.0,0.0,0.0,0.0,0.9981342044444445,0.9990666666666668,0.0009333333333333,0.9986002178794549,0.0,0.0,,
2024-07-10 15:57:48,hf_ctgan_training,500,0.001,8,5.0,4,0.9990666666666668,1.0,0.0,0.9995331154538784,0.0,0.0,0.0,0.0,1.0,0.0,0.0,0.0,0.0,0.0,1.0,0.0,0.0,0.0,0.0,0.0,1.0,0.0,0.0,0.0,0.9981342044444445,0.9990666666666668,0.0009333333333333,0.9986002178794549,0.0,0.0,,
2024-07-10 15:58:07,hf_ctgan_training,500,0.001,8,9.0,4,0.9990666666666668,1.0,0.0,0.9995331154538784,0.0,0.0,0.0,0.0,1.0,0.0,0.0,0.0,0.0,0.0,1.0,0.0,0.0,0.0,0.0,0.0,1.0,0.0,0.0,0.0,0.9981342044444445,0.9990666666666668,0.0009333333333333,0.9986002178794549,0.0,0.0,,
2024-07-10 15:58:46,hf_ctgan_training,500,0.001,10,1.0,4,0.9990666666666668,1.0,0.0,0.9995331154538784,0.0,0.0,0.0,0.0,1.0,0.0,0.0,0.0,0.0,0.0,1.0,0.0,0.0,0.0,0.0,0.0,1.0,0.0,0.0,0.0,0.9981342044444445,0.9990666666666668,0.0009333333333333,0.9986002178794549,0.0,0.0,,
2024-07-10 15:59:21,hf_ctgan_training,500,0.001,10,5.0,4,0.9990666666666668,1.0,0.0,0.9995331154538784,0.0,0.0,0.0,0.0,1.0,0.0,0.0,0.0,0.0,0.0,1.0,0.0,0.0,0.0,0.0,0.0,1.0,0.0,0.0,0.0,0.9981342044444445,0.9990666666666668,0.0009333333333333,0.9986002178794549,0.0,0.0,,
2024-07-10 15:59:59,hf_ctgan_training,500,0.001,10,9.0,4,0.9990666666666668,1.0,0.0,0.9995331154538784,0.0,0.0,0.0,0.0,1.0,0.0,0.0,0.0,0.0,0.0,1.0,0.0,0.0,0.0,0.0,0.0,1.0,0.0,0.0,0.0,0.9981342044444445,0.9990666666666668,0.0009333333333333,0.9986002178794549,0.0,0.0,,
2024-07-10 16:00:19,hf_ctgan_training,1000,0.001,4,1.0,4,0.9990666666666668,1.0,0.0,0.9995331154538784,0.0,0.0,0.0,0.0,1.0,0.0,0.0,0.0,0.0,0.0,1.0,0.0,0.0,0.0,0.0,0.0,1.0,0.0,0.0,0.0,0.9981342044444445,0.9990666666666668,0.0009333333333333,0.9986002178794549,0.0,0.0,,
2024-07-10 16:00:38,hf_ctgan_training,1000,0.001,4,5.0,4,0.9990666666666668,1.0,0.0,0.9995331154538784,0.0,0.0,0.0,0.0,1.0,0.0,0.0,0.0,0.0,0.0,1.0,0.0,0.0,0.0,0.0,0.0,1.0,0.0,0.0,0.0,0.9981342044444445,0.9990666666666668,0.0009333333333333,0.9986002178794549,0.0,0.0,,
2024-07-10 16:00:56,hf_ctgan_training,1000,0.001,4,9.0,4,0.9990666666666668,1.0,0.0,0.9995331154538784,0.0,0.0,0.0,0.0,1.0,0.0,0.0,0.0,0.0,0.0,1.0,0.0,0.0,0.0,0.0,0.0,1.0,0.0,0.0,0.0,0.9981342044444445,0.9990666666666668,0.0009333333333333,0.9986002178794549,0.0,0.0,,
2024-07-10 16:01:35,hf_ctgan_training,1000,0.001,8,1.0,4,0.9990666666666668,1.0,0.0,0.9995331154538784,0.0,0.0,0.0,0.0,1.0,0.0,0.0,0.0,0.0,0.0,1.0,0.0,0.0,0.0,0.0,0.0,1.0,0.0,0.0,0.0,0.9981342044444445,0.9990666666666668,0.0009333333333333,0.9986002178794549,0.0,0.0,,
2024-07-10 16:02:15,hf_ctgan_training,1000,0.001,8,5.0,4,0.9990666666666668,1.0,0.0,0.9995331154538784,0.0,0.0,0.0,0.0,1.0,0.0,0.0,0.0,0.0,0.0,1.0,0.0,0.0,0.0,0.0,0.0,1.0,0.0,0.0,0.0,0.9981342044444445,0.9990666666666668,0.0009333333333333,0.9986002178794549,0.0,0.0,,
2024-07-10 16:02:49,hf_ctgan_training,1000,0.001,8,9.0,4,0.9990666666666668,1.0,0.0,0.9995331154538784,0.0,0.0,0.0,0.0,1.0,0.0,0.0,0.0,0.0,0.0,1.0,0.0,0.0,0.0,0.0,0.0,1.0,0.0,0.0,0.0,0.9981342044444445,0.9990666666666668,0.0009333333333333,0.9986002178794549,0.0,0.0,,
2024-07-10 16:04:00,hf_ctgan_training,1000,0.001,10,1.0,4,0.9990666666666668,1.0,0.0,0.9995331154538784,0.0,0.0,0.0,0.0,1.0,0.0,0.0,0.0,0.0,0.0,1.0,0.0,0.0,0.0,0.0,0.0,1.0,0.0,0.0,0.0,0.9981342044444445,0.9990666666666668,0.0009333333333333,0.9986002178794549,0.0,0.0,,
2024-07-10 16:05:12,hf_ctgan_training,1000,0.001,10,5.0,4,0.9990666666666668,1.0,0.0,0.9995331154538784,0.0,0.0,0.0,0.0,1.0,0.0,0.0,0.0,0.0,0.0,1.0,0.0,0.0,0.0,0.0,0.0,1.0,0.0,0.0,0.0,0.9981342044444445,0.9990666666666668,0.0009333333333333,0.9986002178794549,0.0,0.0,,
2024-07-10 16:06:20,hf_ctgan_training,1000,0.001,10,9.0,4,0.9990666666666668,1.0,0.0,0.9995331154538784,0.0,0.0,0.0,0.0,1.0,0.0,0.0,0.0,0.0,0.0,1.0,0.0,0.0,0.0,0.0,0.0,1.0,0.0,0.0,0.0,0.9981342044444445,0.9990666666666668,0.0009333333333333,0.9986002178794549,0.0,0.0,,
2024-07-10 16:06:44,hf_ctgan_training,1500,0.001,4,1.0,4,0.9990666666666668,1.0,0.0,0.9995331154538784,0.0,0.0,0.0,0.0,1.0,0.0,0.0,0.0,0.0,0.0,1.0,0.0,0.0,0.0,0.0,0.0,1.0,0.0,0.0,0.0,0.9981342044444445,0.9990666666666668,0.0009333333333333,0.9986002178794549,0.0,0.0,,
2024-07-10 16:07:07,hf_ctgan_training,1500,0.001,4,5.0,4,0.9990666666666668,1.0,0.0,0.9995331154538784,0.0,0.0,0.0,0.0,1.0,0.0,0.0,0.0,0.0,0.0,1.0,0.0,0.0,0.0,0.0,0.0,1.0,0.0,0.0,0.0,0.9981342044444445,0.9990666666666668,0.0009333333333333,0.9986002178794549,0.0,0.0,,
2024-07-10 16:07:30,hf_ctgan_training,1500,0.001,4,9.0,4,0.9990666666666668,1.0,0.0,0.9995331154538784,0.0,0.0,0.0,0.0,1.0,0.0,0.0,0.0,0.0,0.0,1.0,0.0,0.0,0.0,0.0,0.0,1.0,0.0,0.0,0.0,0.9981342044444445,0.9990666666666668,0.0009333333333333,0.9986002178794549,0.0,0.0,,
2024-07-10 16:08:26,hf_ctgan_training,1500,0.001,8,1.0,4,0.9990666666666668,1.0,0.0,0.9995331154538784,0.0,0.0,0.0,0.0,1.0,0.0,0.0,0.0,0.0,0.0,1.0,0.0,0.0,0.0,0.0,0.0,1.0,0.0,0.0,0.0,0.9981342044444445,0.9990666666666668,0.0009333333333333,0.9986002178794549,0.0,0.0,,
2024-07-10 16:09:18,hf_ctgan_training,1500,0.001,8,5.0,4,0.9990666666666668,1.0,0.0,0.9995331154538784,0.0,0.0,0.0,0.0,1.0,0.0,0.0,0.0,0.0,0.0,1.0,0.0,0.0,0.0,0.0,0.0,1.0,0.0,0.0,0.0,0.9981342044444445,0.9990666666666668,0.0009333333333333,0.9986002178794549,0.0,0.0,,
2024-07-10 16:10:11,hf_ctgan_training,1500,0.001,8,9.0,4,0.9990666666666668,1.0,0.0,0.9995331154538784,0.0,0.0,0.0,0.0,1.0,0.0,0.0,0.0,0.0,0.0,1.0,0.0,0.0,0.0,0.0,0.0,1.0,0.0,0.0,0.0,0.9981342044444445,0.9990666666666668,0.0009333333333333,0.9986002178794549,0.0,0.0,,
2024-07-10 16:12:00,hf_ctgan_training,1500,0.001,10,1.0,4,0.9990666666666668,1.0,0.0,0.9995331154538784,0.0,0.0,0.0,0.0,1.0,0.0,0.0,0.0,0.0,0.0,1.0,0.0,0.0,0.0,0.0,0.0,1.0,0.0,0.0,0.0,0.9981342044444445,0.9990666666666668,0.0009333333333333,0.9986002178794549,0.0,0.0,,
2024-07-10 16:13:45,hf_ctgan_training,1500,0.001,10,5.0,4,0.9990666666666668,1.0,0.0,0.9995331154538784,0.0,0.0,0.0,0.0,1.0,0.0,0.0,0.0,0.0,0.0,1.0,0.0,0.0,0.0,0.0,0.0,1.0,0.0,0.0,0.0,0.9981342044444445,0.9990666666666668,0.0009333333333333,0.9986002178794549,0.0,0.0,,
2024-07-10 16:15:28,hf_ctgan_training,1500,0.001,10,9.0,4,0.9990666666666668,1.0,0.0,0.9995331154538784,0.0,0.0,0.0,0.0,1.0,0.0,0.0,0.0,0.0,0.0,1.0,0.0,0.0,0.0,0.0,0.0,1.0,0.0,0.0,0.0,0.9981342044444445,0.9990666666666668,0.0009333333333333,0.9986002178794549,0.0,0.0,,
2024-07-10 16:15:39,hf_ctgan_training,500,0.0001,4,1.0,4,0.9990666666666668,1.0,0.0,0.9995331154538784,0.0,0.0,0.0,0.0,1.0,0.0,0.0,0.0,0.0,0.0,1.0,0.0,0.0,0.0,0.0,0.0,1.0,0.0,0.0,0.0,0.9981342044444445,0.9990666666666668,0.0009333333333333,0.9986002178794549,0.0,0.0,,
2024-07-10 16:15:50,hf_ctgan_training,500,0.0001,4,5.0,4,0.9990666666666668,1.0,0.0,0.9995331154538784,0.0,0.0,0.0,0.0,1.0,0.0,0.0,0.0,0.0,0.0,1.0,0.0,0.0,0.0,0.0,0.0,1.0,0.0,0.0,0.0,0.9981342044444445,0.9990666666666668,0.0009333333333333,0.9986002178794549,0.0,0.0,,
2024-07-10 16:16:01,hf_ctgan_training,500,0.0001,4,9.0,4,0.9990666666666668,1.0,0.0,0.9995331154538784,0.0,0.0,0.0,0.0,1.0,0.0,0.0,0.0,0.0,0.0,1.0,0.0,0.0,0.0,0.0,0.0,1.0,0.0,0.0,0.0,0.9981342044444445,0.9990666666666668,0.0009333333333333,0.9986002178794549,0.0,0.0,,
2024-07-10 16:16:20,hf_ctgan_training,500,0.0001,8,1.0,4,0.9990666666666668,1.0,0.0,0.9995331154538784,0.0,0.0,0.0,0.0,1.0,0.0,0.0,0.0,0.0,0.0,1.0,0.0,0.0,0.0,0.0,0.0,1.0,0.0,0.0,0.0,0.9981342044444445,0.9990666666666668,0.0009333333333333,0.9986002178794549,0.0,0.0,,
2024-07-10 16:16:41,hf_ctgan_training,500,0.0001,8,5.0,4,0.9990666666666668,1.0,0.0,0.9995331154538784,0.0,0.0,0.0,0.0,1.0,0.0,0.0,0.0,0.0,0.0,1.0,0.0,0.0,0.0,0.0,0.0,1.0,0.0,0.0,0.0,0.9981342044444445,0.9990666666666668,0.0009333333333333,0.9986002178794549,0.0,0.0,,
2024-07-10 16:17:01,hf_ctgan_training,500,0.0001,8,9.0,4,0.9990666666666668,1.0,0.0,0.9995331154538784,0.0,0.0,0.0,0.0,1.0,0.0,0.0,0.0,0.0,0.0,1.0,0.0,0.0,0.0,0.0,0.0,1.0,0.0,0.0,0.0,0.9981342044444445,0.9990666666666668,0.0009333333333333,0.9986002178794549,0.0,0.0,,
2024-07-10 16:17:40,hf_ctgan_training,500,0.0001,10,1.0,4,0.9990666666666668,1.0,0.0,0.9995331154538784,0.0,0.0,0.0,0.0,1.0,0.0,0.0,0.0,0.0,0.0,1.0,0.0,0.0,0.0,0.0,0.0,1.0,0.0,0.0,0.0,0.9981342044444445,0.9990666666666668,0.0009333333333333,0.9986002178794549,0.0,0.0,,
2024-07-10 16:18:16,hf_ctgan_training,500,0.0001,10,5.0,4,0.9990666666666668,1.0,0.0,0.9995331154538784,0.0,0.0,0.0,0.0,1.0,0.0,0.0,0.0,0.0,0.0,1.0,0.0,0.0,0.0,0.0,0.0,1.0,0.0,0.0,0.0,0.9981342044444445,0.9990666666666668,0.0009333333333333,0.9986002178794549,0.0,0.0,,
2024-07-10 16:18:51,hf_ctgan_training,500,0.0001,10,9.0,4,0.9990666666666668,1.0,0.0,0.9995331154538784,0.0,0.0,0.0,0.0,1.0,0.0,0.0,0.0,0.0,0.0,1.0,0.0,0.0,0.0,0.0,0.0,1.0,0.0,0.0,0.0,0.9981342044444445,0.9990666666666668,0.0009333333333333,0.9986002178794549,0.0,0.0,,
2024-07-10 16:19:10,hf_ctgan_training,1000,0.0001,4,1.0,4,0.9990666666666668,1.0,0.0,0.9995331154538784,0.0,0.0,0.0,0.0,1.0,0.0,0.0,0.0,0.0,0.0,1.0,0.0,0.0,0.0,0.0,0.0,1.0,0.0,0.0,0.0,0.9981342044444445,0.9990666666666668,0.0009333333333333,0.9986002178794549,0.0,0.0,,
2024-07-10 16:19:28,hf_ctgan_training,1000,0.0001,4,5.0,4,0.9990666666666668,1.0,0.0,0.9995331154538784,0.0,0.0,0.0,0.0,1.0,0.0,0.0,0.0,0.0,0.0,1.0,0.0,0.0,0.0,0.0,0.0,1.0,0.0,0.0,0.0,0.9981342044444445,0.9990666666666668,0.0009333333333333,0.9986002178794549,0.0,0.0,,
2024-07-10 16:19:48,hf_ctgan_training,1000,0.0001,4,9.0,4,0.9990666666666668,1.0,0.0,0.9995331154538784,0.0,0.0,0.0,0.0,1.0,0.0,0.0,0.0,0.0,0.0,1.0,0.0,0.0,0.0,0.0,0.0,1.0,0.0,0.0,0.0,0.9981342044444445,0.9990666666666668,0.0009333333333333,0.9986002178794549,0.0,0.0,,
2024-07-10 16:20:24,hf_ctgan_training,1000,0.0001,8,1.0,4,0.9990666666666668,1.0,0.0,0.9995331154538784,0.0,0.0,0.0,0.0,1.0,0.0,0.0,0.0,0.0,0.0,1.0,0.0,0.0,0.0,0.0,0.0,1.0,0.0,0.0,0.0,0.9981342044444445,0.9990666666666668,0.0009333333333333,0.9986002178794549,0.0,0.0,,
2024-07-10 16:21:02,hf_ctgan_training,1000,0.0001,8,5.0,4,0.9990666666666668,1.0,0.0,0.9995331154538784,0.0,0.0,0.0,0.0,1.0,0.0,0.0,0.0,0.0,0.0,1.0,0.0,0.0,0.0,0.0,0.0,1.0,0.0,0.0,0.0,0.9981342044444445,0.9990666666666668,0.0009333333333333,0.9986002178794549,0.0,0.0,,
2024-07-10 16:21:39,hf_ctgan_training,1000,0.0001,8,9.0,4,0.9990666666666668,1.0,0.0,0.9995331154538784,0.0,0.0,0.0,0.0,1.0,0.0,0.0,0.0,0.0,0.0,1.0,0.0,0.0,0.0,0.0,0.0,1.0,0.0,0.0,0.0,0.9981342044444445,0.9990666666666668,0.0009333333333333,0.9986002178794549,0.0,0.0,,
2024-07-10 16:22:53,hf_ctgan_training,1000,0.0001,10,1.0,4,0.9990666666666668,1.0,0.0,0.9995331154538784,0.0,0.0,0.0,0.0,1.0,0.0,0.0,0.0,0.0,0.0,1.0,0.0,0.0,0.0,0.0,0.0,1.0,0.0,0.0,0.0,0.9981342044444445,0.9990666666666668,0.0009333333333333,0.9986002178794549,0.0,0.0,,
2024-07-10 16:24:05,hf_ctgan_training,1000,0.0001,10,5.0,4,0.9990666666666668,1.0,0.0,0.9995331154538784,0.0,0.0,0.0,0.0,1.0,0.0,0.0,0.0,0.0,0.0,1.0,0.0,0.0,0.0,0.0,0.0,1.0,0.0,0.0,0.0,0.9981342044444445,0.9990666666666668,0.0009333333333333,0.9986002178794549,0.0,0.0,,
2024-07-10 16:25:14,hf_ctgan_training,1000,0.0001,10,9.0,4,0.9990666666666668,1.0,0.0,0.9995331154538784,0.0,0.0,0.0,0.0,1.0,0.0,0.0,0.0,0.0,0.0,1.0,0.0,0.0,0.0,0.0,0.0,1.0,0.0,0.0,0.0,0.9981342044444445,0.9990666666666668,0.0009333333333333,0.9986002178794549,0.0,0.0,,
2024-07-10 16:25:39,hf_ctgan_training,1500,0.0001,4,1.0,4,0.9990666666666668,1.0,0.0,0.9995331154538784,0.0,0.0,0.0,0.0,1.0,0.0,0.0,0.0,0.0,0.0,1.0,0.0,0.0,0.0,0.0,0.0,1.0,0.0,0.0,0.0,0.9981342044444445,0.9990666666666668,0.0009333333333333,0.9986002178794549,0.0,0.0,,
2024-07-10 16:26:04,hf_ctgan_training,1500,0.0001,4,5.0,4,0.9990666666666668,1.0,0.0,0.9995331154538784,0.0,0.0,0.0,0.0,1.0,0.0,0.0,0.0,0.0,0.0,1.0,0.0,0.0,0.0,0.0,0.0,1.0,0.0,0.0,0.0,0.9981342044444445,0.9990666666666668,0.0009333333333333,0.9986002178794549,0.0,0.0,,
2024-07-10 16:26:29,hf_ctgan_training,1500,0.0001,4,9.0,4,0.9990666666666668,1.0,0.0,0.9995331154538784,0.0,0.0,0.0,0.0,1.0,0.0,0.0,0.0,0.0,0.0,1.0,0.0,0.0,0.0,0.0,0.0,1.0,0.0,0.0,0.0,0.9981342044444445,0.9990666666666668,0.0009333333333333,0.9986002178794549,0.0,0.0,,
2024-07-10 16:27:25,hf_ctgan_training,1500,0.0001,8,1.0,4,0.9990666666666668,1.0,0.0,0.9995331154538784,0.0,0.0,0.0,0.0,1.0,0.0,0.0,0.0,0.0,0.0,1.0,0.0,0.0,0.0,0.0,0.0,1.0,0.0,0.0,0.0,0.9981342044444445,0.9990666666666668,0.0009333333333333,0.9986002178794549,0.0,0.0,,
2024-07-10 16:28:15,hf_ctgan_training,1500,0.0001,8,5.0,4,0.9990666666666668,1.0,0.0,0.9995331154538784,0.0,0.0,0.0,0.0,1.0,0.0,0.0,0.0,0.0,0.0,1.0,0.0,0.0,0.0,0.0,0.0,1.0,0.0,0.0,0.0,0.9981342044444445,0.9990666666666668,0.0009333333333333,0.9986002178794549,0.0,0.0,,
2024-07-10 16:29:07,hf_ctgan_training,1500,0.0001,8,9.0,4,0.9990666666666668,1.0,0.0,0.9995331154538784,0.0,0.0,0.0,0.0,1.0,0.0,0.0,0.0,0.0,0.0,1.0,0.0,0.0,0.0,0.0,0.0,1.0,0.0,0.0,0.0,0.9981342044444445,0.9990666666666668,0.0009333333333333,0.9986002178794549,0.0,0.0,,
2024-07-10 16:30:58,hf_ctgan_training,1500,0.0001,10,1.0,4,0.9990666666666668,1.0,0.0,0.9995331154538784,0.0,0.0,0.0,0.0,1.0,0.0,0.0,0.0,0.0,0.0,1.0,0.0,0.0,0.0,0.0,0.0,1.0,0.0,0.0,0.0,0.9981342044444445,0.9990666666666668,0.0009333333333333,0.9986002178794549,0.0,0.0,,
2024-07-10 16:32:38,hf_ctgan_training,1500,0.0001,10,5.0,4,0.9990666666666668,1.0,0.0,0.9995331154538784,0.0,0.0,0.0,0.0,1.0,0.0,0.0,0.0,0.0,0.0,1.0,0.0,0.0,0.0,0.0,0.0,1.0,0.0,0.0,0.0,0.9981342044444445,0.9990666666666668,0.0009333333333333,0.9986002178794549,0.0,0.0,,
2024-07-10 16:34:20,hf_ctgan_training,1500,0.0001,10,9.0,4,0.9990666666666668,1.0,0.0,0.9995331154538784,0.0,0.0,0.0,0.0,1.0,0.0,0.0,0.0,0.0,0.0,1.0,0.0,0.0,0.0,0.0,0.0,1.0,0.0,0.0,0.0,0.9981342044444445,0.9990666666666668,0.0009333333333333,0.9986002178794549,0.0,0.0,,
2024-07-13 17:44:16,hf_ctgan_base_100000,100,0.001,4,1.0,4,0.999453663866694,0.9765781395969572,0.4285714285714285,0.9878834925242164,0.6469416421893832,0.4414694044418369,0.0068965517241379,0.25,0.9807897545357523,0.0134228187919463,0.4951741498038222,0.227278661034729,0.0,0.0,0.9955318439479828,0.0,0.0,0.0,0.0,0.0,1.0,0.0,0.0,0.0,0.9985245186080046,0.9758,0.4290930270551636,0.9869686267678828,0.6466019228699019,0.4411785816169097,,
2024-07-13 17:44:20,hf_ctgan_base_100000,100,0.001,4,5.0,4,0.999453663866694,0.9765781395969572,0.4285714285714285,0.9878834925242164,0.6469416421893832,0.4414694044418369,0.0068965517241379,0.25,0.9807897545357523,0.0134228187919463,0.4951741498038222,0.227278661034729,0.0,0.0,0.9955318439479828,0.0,0.0,0.0,0.0,0.0,1.0,0.0,0.0,0.0,0.9985245186080046,0.9758,0.4290930270551636,0.9869686267678828,0.6466019228699019,0.4411785816169097,,
2024-07-13 17:44:24,hf_ctgan_base_100000,100,0.001,4,9.0,4,0.999453663866694,0.9765781395969572,0.4285714285714285,0.9878834925242164,0.6469416421893832,0.4414694044418369,0.0068965517241379,0.25,0.9807897545357523,0.0134228187919463,0.4951741498038222,0.227278661034729,0.0,0.0,0.9955318439479828,0.0,0.0,0.0,0.0,0.0,1.0,0.0,0.0,0.0,0.9985245186080046,0.9758,0.4290930270551636,0.9869686267678828,0.6466019228699019,0.4411785816169097,,
2024-07-13 17:44:29,hf_ctgan_base_100000,100,0.001,8,1.0,4,0.9995188342040144,0.9703056185773388,0.5,0.9846956050653484,0.6965291158944251,0.5079698184963736,0.0,0.0,0.9930629669156884,0.0,0.0,0.0,0.009009009009009,0.4,0.9853284428142716,0.0176211453744493,0.6277988349190436,0.3710617466019851,0.0,0.0,0.9915994399626642,0.0,0.0,0.0,0.9985889529617602,0.9695333333333334,0.5004575163592906,0.9837824295490788,0.6960882883312299,0.5076194005813109,,
2024-07-13 17:44:34,hf_ctgan_base_100000,100,0.001,8,5.0,4,0.9995187349604676,0.9701054317362872,0.5,0.9845924621584098,0.6964572606184414,0.5078553075089488,0.0,0.0,0.9932630736392742,0.0,0.0,0.0,0.0087719298245614,0.4,0.9849283094364788,0.0171673819742489,0.6276713501304576,0.3709268257363991,0.0,0.0,0.9915994399626642,0.0,0.0,0.0,0.998588774784446,0.9693333333333334,0.500457489705084,0.9836792316543868,0.6960164576252411,0.5075049514971859,,
2024-07-13 17:44:39,hf_ctgan_base_100000,100,0.001,8,9.0,4,0.9995187349604676,0.9701054317362872,0.5,0.9845924621584098,0.6964572606184414,0.5078553075089488,0.0,0.0,0.9932630736392742,0.0,0.0,0.0,0.0087719298245614,0.4,0.9849283094364788,0.0171673819742489,0.6276713501304576,0.3709268257363991,0.0,0.0,0.9915994399626642,0.0,0.0,0.0,0.998588774784446,0.9693333333333334,0.500457489705084,0.9836792316543868,0.6960164576252411,0.5075049514971859,,
2024-07-13 17:44:46,hf_ctgan_base_100000,100,0.001,10,1.0,4,0.9995828118481436,0.9592953423194982,0.5714285714285714,0.979024788885862,0.7403842023164143,0.5694304119972087,0.0112994350282485,0.25,0.9883271077908218,0.0216216216216216,0.4970732108529944,0.2288390595715438,0.0044444444444444,0.2,0.9850616872290764,0.008695652173913,0.4438607185208162,0.1815456536417997,0.0,0.0,0.9855990399359956,0.0,0.0,0.0,0.9986573757372484,0.9586,0.5718164063844653,0.9781254624984914,0.7401062363462142,0.5690815063289967,,
2024-07-13 17:44:53,hf_ctgan_base_100000,100,0.001,10,5.0,4,0.9995123650296064,0.9574269318030162,0.5,0.97801710916465,0.6918912240385103,0.5006111090935196,0.0,0.0,0.9900613660618997,0.0,0.0,0.0,0.0036363636363636,0.2,0.981727242414138,0.0071428571428571,0.4431088449611761,0.1809965898825228,0.0,0.0,0.9852656843789586,0.0,0.0,0.0,0.9985806989434576,0.9566,0.5004542928549963,0.9771066741484774,0.6913931618443947,0.5002042042549931,,
2024-07-13 17:45:03,hf_ctgan_base_100000,100,0.001,10,9.0,4,0.9995129079396006,0.9584945949552915,0.5,0.9785741049834792,0.6922768936470766,0.501220527031689,0.0,0.0,0.9908617929562432,0.0,0.0,0.0,0.0073260073260073,0.4,0.9819273091030344,0.014388489208633,0.6267143876130608,0.3699145109723692,0.0,0.0,0.9853990266017736,0.0,0.0,0.0,0.9985824712279656,0.9577333333333332,0.5004547953277179,0.977665565315231,0.6918396733422104,0.5008760260434502,,
2024-07-13 17:45:12,hf_ctgan_base_100000,500,0.001,4,1.0,4,0.9994552264215184,0.9793807553716802,0.4285714285714285,0.9893161673014054,0.6478692842271547,0.4428539832113228,0.0067567567567567,0.25,0.9803895410885806,0.0131578947368421,0.4950731110372943,0.2271957285970518,0.0,0.0,0.9987329109703236,0.0,0.0,0.0,0.0,0.0,1.0,0.0,0.0,0.0,0.9985260051471286,0.9786,0.4290938806303325,0.988399823089117,0.647528645221096,0.4425618238822441,,
2024-07-13 17:45:23,hf_ctgan_base_100000,500,0.001,4,5.0,4,0.9994552264215184,0.9793807553716802,0.4285714285714285,0.9893161673014054,0.6478692842271547,0.4428539832113228,0.0067567567567567,0.25,0.9803895410885806,0.0131578947368421,0.4950731110372943,0.2271957285970518,0.0,0.0,0.9987329109703236,0.0,0.0,0.0,0.0,0.0,1.0,0.0,0.0,0.0,0.9985260051471286,0.9786,0.4290938806303325,0.988399823089117,0.647528645221096,0.4425618238822441,,
2024-07-13 17:45:33,hf_ctgan_base_100000,500,0.001,4,9.0,4,0.9994552264215184,0.9793807553716802,0.4285714285714285,0.9893161673014054,0.6478692842271547,0.4428539832113228,0.0067567567567567,0.25,0.9803895410885806,0.0131578947368421,0.4950731110372943,0.2271957285970518,0.0,0.0,0.9987329109703236,0.0,0.0,0.0,0.0,0.0,1.0,0.0,0.0,0.0,0.9985260051471286,0.9786,0.4290938806303325,0.988399823089117,0.647528645221096,0.4425618238822441,,
2024-07-13 17:46:00,hf_ctgan_base_100000,500,0.001,8,1.0,4,0.9995160398230089,0.9647003870278928,0.5,0.9817996604414262,0.6945143580329685,0.5047650256748373,0.0,0.0,0.9933297758804696,0.0,0.0,0.0,0.0069930069930069,0.4,0.9810603534511504,0.0137457044673539,0.6264376596122396,0.3696219303511308,0.0,0.0,0.989999333288886,0.0,0.0,0.0,0.9985854891881718,0.9639333333333332,0.5004561292871726,0.98088789599317,0.6940749571853418,0.5044171189609912,,
2024-07-13 17:46:19,hf_ctgan_base_100000,500,0.001,8,5.0,4,0.9995158389818786,0.9643000133457894,0.5,0.981592174976226,0.6943702230603604,0.5045362321261844,0.0,0.0,0.9930629669156884,0.0,0.0,0.0,0.0069204152249134,0.4,0.980860286762254,0.0136054421768707,0.626373781942461,0.3695544032072045,0.0,0.0,0.9900660044002934,0.0,0.0,0.0,0.998585264337237,0.9635333333333334,0.5004559247449024,0.9806805574269738,0.6939309354461515,0.5041885164439357,,
2024-07-13 17:46:41,hf_ctgan_base_100000,500,0.001,8,9.0,4,0.9995150339476236,0.9626985186173762,0.5,0.9807613868116928,0.6937933837308397,0.5036212182306583,0.0,0.0,0.992129135538954,0.0,0.0,0.0,0.0072992700729927,0.4,0.9818606202067356,0.014336917562724,0.6266931051820295,0.3698920069054918,0.0,0.0,0.9883992266151076,0.0,0.0,0.0,0.9985845863392968,0.9619333333333332,0.500455649027464,0.9798507884898562,0.693354740941085,0.5032744690959449,,
2024-07-13 17:47:19,hf_ctgan_base_100000,500,0.001,10,1.0,4,0.9995824053452116,0.9583611370612573,0.5714285714285714,0.9785378483341282,0.7400236046664832,0.5688247145244766,0.0059880239520958,0.125,0.9889274279615796,0.0114285714285714,0.3515905694059461,0.1129364093792035,0.003731343283582,0.2,0.9821940646882296,0.0073260073260073,0.4432141840438389,0.181073485582223,0.0,0.0,0.9868657910527368,0.0,0.0,0.0,0.9986538991607584,0.9576,0.571815855131117,0.9776330835828868,0.7396681690004924,0.5684144020377834,,
2024-07-13 17:48:04,hf_ctgan_base_100000,500,0.001,10,5.0,4,0.9995129418313388,0.9585613239023087,0.5,0.9786088970638328,0.6923009908639121,0.501258619437664,0.0,0.0,0.9889941302027748,0.0,0.0,0.0,0.0036630036630036,0.2,0.9818606202067356,0.0071942446043165,0.4431389443970673,0.1810185609719189,0.0,0.0,0.9873324888325888,0.0,0.0,0.0,0.9985812840868504,0.9577333333333332,0.5004539059087658,0.9776979268414412,0.6918025562539046,0.5008511175798462,,
2024-07-13 17:48:39,hf_ctgan_base_100000,500,0.001,10,9.0,4,0.9995133819951338,0.9594288002135326,0.5,0.9790609785162236,0.6926141783899361,0.5017538612353869,0.0,0.0,0.9893276414087512,0.0,0.0,0.0,0.00390625,0.2,0.9829943314438148,0.0076628352490421,0.4433947071050386,0.1812052865015248,0.0,0.0,0.986732448829922,0.0,0.0,0.0,0.9985818049219384,0.9586,0.5004544216824879,0.9781497425480248,0.6921155367258072,0.5013459593937344,,
2024-07-13 17:48:57,hf_ctgan_base_100000,1000,0.001,4,1.0,4,0.999455930359086,0.9806486053650072,0.4285714285714285,0.9899629504883798,0.6482884957546757,0.4434805614482805,0.0074349442379182,0.25,0.9821905016008536,0.0144404332129963,0.4955276232463871,0.2275688614993453,0.037037037037037,0.2,0.998266088696232,0.0625,0.446825712934301,0.1837155784172139,0.0,0.0,1.0,0.0,0.0,0.0,0.99853941580669,0.9799333333333332,0.4290946855351811,0.9890675199656376,0.6480966497953474,0.4432492548432008,,
2024-07-13 17:49:15,hf_ctgan_base_100000,1000,0.001,4,5.0,4,0.9994559673580414,0.9807153343120244,0.4285714285714285,0.9899969687784176,0.6483105520103852,0.4435135430668705,0.0074906367041198,0.25,0.9823239060832444,0.0145454545454545,0.4955612742343888,0.2275964945222653,0.0357142857142857,0.2,0.9981993997999332,0.0606060606060606,0.4468107876495225,0.1837046367239674,0.0,0.0,1.0,0.0,0.0,0.0,0.9985390415566542,0.98,0.4290947344546063,0.9891009312035174,0.6481186984373171,0.4432822167693279,,
2024-07-13 17:49:33,hf_ctgan_base_100000,1000,0.001,4,9.0,4,0.9994559673580414,0.9807153343120244,0.4285714285714285,0.9899969687784176,0.6483105520103852,0.4435135430668705,0.0074906367041198,0.25,0.9823239060832444,0.0145454545454545,0.4955612742343888,0.2275964945222653,0.0357142857142857,0.2,0.9981993997999332,0.0606060606060606,0.4468107876495225,0.1837046367239674,0.0,0.0,1.0,0.0,0.0,0.0,0.9985390415566542,0.98,0.4290947344546063,0.9891009312035174,0.6481186984373171,0.4432822167693279,,
2024-07-13 17:50:20,hf_ctgan_base_100000,1000,0.001,8,1.0,4,0.9995165078049454,0.9656345922861336,0.5,0.982283464566929,0.6948505566976736,0.5052989396268939,0.0,0.0,0.9901947705442904,0.0,0.0,0.0,0.0040816326530612,0.2,0.9837279093031012,0.008,0.4435601220360327,0.1813260815069955,0.0,0.0,0.9913327555170344,0.0,0.0,0.0,0.998584986275212,0.9648,0.5004554353644257,0.9813693333333332,0.6943498828854345,0.5048877693104111,,
2024-07-13 17:50:59,hf_ctgan_base_100000,1000,0.001,8,5.0,4,0.999516073280332,0.96476711597491,0.5,0.9818342331330008,0.6945383776203119,0.5048031594914094,0.0,0.0,0.9909284951974386,0.0,0.0,0.0,0.003875968992248,0.2,0.9828609536512172,0.0076045627376425,0.4433646250325385,0.1811833214606047,0.0,0.0,0.9905993732915528,0.0,0.0,0.0,0.998584483601601,0.9639333333333332,0.5004554888068752,0.9809203893696558,0.6940379300095438,0.504392404316371,,
2024-07-13 17:51:40,hf_ctgan_base_100000,1000,0.001,8,9.0,4,0.999515537407433,0.9636994528226344,0.5,0.98128078817734,0.694153964485774,0.5041930718592836,0.0,0.0,0.9913954108858056,0.0,0.0,0.0,0.0076045627376425,0.4,0.982594198066022,0.0149253731343283,0.6269271721870163,0.3701395320725448,0.0,0.0,0.9893992932862192,0.0,0.0,0.0,0.998585191093432,0.9629333333333332,0.5004555689047135,0.9803699012327524,0.6937150631763164,0.5038458715029058,,
2024-07-13 17:52:54,hf_ctgan_base_100000,1000,0.001,10,1.0,4,0.999512772325468,0.9582276791672228,0.5,0.9784349129560864,0.6921804963906534,0.5010681618605408,0.0,0.0,0.9881937033084311,0.0,0.0,0.0,0.0039215686274509,0.2,0.9830610203401132,0.0076923076923076,0.4434097473759713,0.1812162687551402,0.0,0.0,0.9865991066071071,0.0,0.0,0.0,0.9985812009275068,0.9574,0.5004538302556516,0.9775242711398912,0.6916822645098141,0.5006609036657227,,
2024-07-13 17:54:04,hf_ctgan_base_100000,1000,0.001,10,5.0,4,0.999513009600668,0.9586947817963432,0.5,0.9786784741144412,0.6923491827814716,0.5013348055854399,0.0,0.0,0.98792689434365,0.0,0.0,0.0,0.0039370078740157,0.2,0.983127709236412,0.0077220077220077,0.4434247871367617,0.1812272508308593,0.0,0.0,0.9872658177211814,0.0,0.0,0.0,0.9985814431276652,0.9578666666666666,0.5004537546345769,0.9777676148745084,0.6918507984732545,0.5009273021838371,,
2024-07-13 17:55:24,hf_ctgan_base_100000,1000,0.001,10,9.0,4,0.9995826377295493,0.9588949686373948,0.5714285714285714,0.9788161569375384,0.7402296819761495,0.5691708151527742,0.0056179775280898,0.125,0.9881937033084311,0.010752688172043,0.3514601156796513,0.1128616806342429,0.0040816326530612,0.2,0.9837279093031012,0.008,0.4435601220360327,0.1813260815069955,0.0,0.0,0.9865991066071071,0.0,0.0,0.0,0.9986540507332344,0.9581333333333332,0.5718159573138774,0.9779109966247552,0.7398740997086796,0.5687602239821389,,
2024-07-13 17:55:29,hf_ctgan_base_100000,100,0.0001,4,1.0,4,0.999453663866694,0.9765781395969572,0.4285714285714285,0.9878834925242164,0.6469416421893832,0.4414694044418369,0.0068965517241379,0.25,0.9807897545357523,0.0134228187919463,0.4951741498038222,0.227278661034729,0.0,0.0,0.9955318439479828,0.0,0.0,0.0,0.0,0.0,1.0,0.0,0.0,0.0,0.9985245186080046,0.9758,0.4290930270551636,0.9869686267678828,0.6466019228699019,0.4411785816169097,,
2024-07-13 17:55:35,hf_ctgan_base_100000,100,0.0001,4,5.0,4,0.999453663866694,0.9765781395969572,0.4285714285714285,0.9878834925242164,0.6469416421893832,0.4414694044418369,0.0068965517241379,0.25,0.9807897545357523,0.0134228187919463,0.4951741498038222,0.227278661034729,0.0,0.0,0.9955318439479828,0.0,0.0,0.0,0.0,0.0,1.0,0.0,0.0,0.0,0.9985245186080046,0.9758,0.4290930270551636,0.9869686267678828,0.6466019228699019,0.4411785816169097,,
2024-07-13 17:55:41,hf_ctgan_base_100000,100,0.0001,4,9.0,4,0.999453663866694,0.9765781395969572,0.4285714285714285,0.9878834925242164,0.6469416421893832,0.4414694044418369,0.0068965517241379,0.25,0.9807897545357523,0.0134228187919463,0.4951741498038222,0.227278661034729,0.0,0.0,0.9955318439479828,0.0,0.0,0.0,0.0,0.0,1.0,0.0,0.0,0.0,0.9985245186080046,0.9758,0.4290930270551636,0.9869686267678828,0.6466019228699019,0.4411785816169097,,
2024-07-13 17:55:48,hf_ctgan_base_100000,100,0.0001,8,1.0,4,0.999518701870187,0.97003870278927,0.5,0.9845580765323398,0.6964333072122807,0.5078171380703577,0.0,0.0,0.9929962646744932,0.0,0.0,0.0,0.0088888888888888,0.4,0.9851283761253752,0.017391304347826,0.6277350957610623,0.3709942877702594,0.0,0.0,0.9915994399626642,0.0,0.0,0.0,0.9985887807114044,0.9692666666666668,0.5004574140958657,0.983644952762359,0.6959925478241362,0.5074668401707487,,
2024-07-13 17:55:56,hf_ctgan_base_100000,100,0.0001,8,5.0,4,0.9995187349604676,0.9701054317362872,0.5,0.9845924621584098,0.6964572606184414,0.5078553075089488,0.0,0.0,0.9932630736392742,0.0,0.0,0.0,0.0087719298245614,0.4,0.9849283094364788,0.0171673819742489,0.6276713501304576,0.3709268257363991,0.0,0.0,0.9915994399626642,0.0,0.0,0.0,0.998588774784446,0.9693333333333334,0.500457489705084,0.9836792316543868,0.6960164576252411,0.5075049514971859,,
2024-07-13 17:56:04,hf_ctgan_base_100000,100,0.0001,8,9.0,4,0.9995187349604676,0.9701054317362872,0.5,0.9845924621584098,0.6964572606184414,0.5078553075089488,0.0,0.0,0.9931963713980788,0.0,0.0,0.0,0.0088105726872246,0.4,0.9849949983327776,0.0172413793103448,0.6276925993932947,0.370949313436812,0.0,0.0,0.9915994399626642,0.0,0.0,0.0,0.9985887876654002,0.9693333333333334,0.5004574763601873,0.9836792563201656,0.6960164647083287,0.507504958993086,,
2024-07-13 17:56:15,hf_ctgan_base_100000,100,0.0001,10,1.0,4,0.9995827538247566,0.9591618844254638,0.5714285714285714,0.9789552543758088,0.7403326991197804,0.5693438776801866,0.011049723756906,0.25,0.9880602988260404,0.0211640211640211,0.4970061113371848,0.2287838727212677,0.0045871559633027,0.2,0.9855285095031676,0.0089686098654708,0.4439658792076634,0.1816224870777755,0.0,0.0,0.9852656843789586,0.0,0.0,0.0,0.9986572321591782,0.9584666666666668,0.5718163974700716,0.978055839819634,0.7400547804863843,0.5689950489554957,,
2024-07-13 17:56:27,hf_ctgan_base_100000,100,0.0001,10,5.0,4,0.9995119570522206,0.9566261844388096,0.5,0.9775989634832418,0.6916018306940813,0.5001541204461322,0.0,0.0,0.989260939167556,0.0,0.0,0.0,0.0036363636363636,0.2,0.981727242414138,0.0071428571428571,0.4431088449611761,0.1809965898825228,0.0,0.0,0.9852656843789586,0.0,0.0,0.0,0.9985802913468508,0.9558,0.5004538659606527,0.9766889187363718,0.6911040386004206,0.4997476421303433,,
2024-07-13 17:56:38,hf_ctgan_base_100000,100,0.0001,10,9.0,4,0.9995128401419724,0.9583611370612573,0.5,0.9785045137114632,0.6922286966968565,0.5011443435555644,0.0,0.0,0.9907283884738528,0.0,0.0,0.0,0.0073260073260073,0.4,0.9819273091030344,0.014388489208633,0.6267143876130608,0.3699145109723692,0.0,0.0,0.9853990266017736,0.0,0.0,0.0,0.9985824034936152,0.9576,0.5004547241786605,0.9775960389950686,0.6917915213758106,0.5007999136719032,,
2024-07-13 17:56:47,hf_ctgan_base_100000,500,0.0001,4,1.0,4,0.999453663866694,0.9765781395969572,0.4285714285714285,0.9878834925242164,0.6469416421893832,0.4414694044418369,0.0068965517241379,0.25,0.9807897545357523,0.0134228187919463,0.4951741498038222,0.227278661034729,0.0,0.0,0.9955318439479828,0.0,0.0,0.0,0.0,0.0,1.0,0.0,0.0,0.0,0.9985245186080046,0.9758,0.4290930270551636,0.9869686267678828,0.6466019228699019,0.4411785816169097,,
2024-07-13 17:56:59,hf_ctgan_base_100000,500,0.0001,4,5.0,4,0.999453663866694,0.9765781395969572,0.4285714285714285,0.9878834925242164,0.6469416421893832,0.4414694044418369,0.0068965517241379,0.25,0.9807897545357523,0.0134228187919463,0.4951741498038222,0.227278661034729,0.0,0.0,0.9955318439479828,0.0,0.0,0.0,0.0,0.0,1.0,0.0,0.0,0.0,0.9985245186080046,0.9758,0.4290930270551636,0.9869686267678828,0.6466019228699019,0.4411785816169097,,
2024-07-13 17:57:10,hf_ctgan_base_100000,500,0.0001,4,9.0,4,0.999453663866694,0.9765781395969572,0.4285714285714285,0.9878834925242164,0.6469416421893832,0.4414694044418369,0.0068965517241379,0.25,0.9807897545357523,0.0134228187919463,0.4951741498038222,0.227278661034729,0.0,0.0,0.9955318439479828,0.0,0.0,0.0,0.0,0.0,1.0,0.0,0.0,0.0,0.9985245186080046,0.9758,0.4290930270551636,0.9869686267678828,0.6466019228699019,0.4411785816169097,,
2024-07-13 17:57:31,hf_ctgan_base_100000,500,0.0001,8,1.0,4,0.9995188672761014,0.970372347524356,0.5,0.984729981378026,0.6965530660058701,0.5080079897160656,0.0,0.0,0.9930629669156884,0.0,0.0,0.0,0.0090497737556561,0.4,0.98539513171057,0.0176991150442477,0.6278200798670174,0.3710842321676416,0.0,0.0,0.9915994399626642,0.0,0.0,0.0,0.998588999591229,0.9696,0.5004575385889227,0.983816799767088,0.696112223170887,0.5076575436697198,,
2024-07-13 17:57:52,hf_ctgan_base_100000,500,0.0001,8,5.0,4,0.9995187349604676,0.9701054317362872,0.5,0.9845924621584098,0.6964572606184414,0.5078553075089488,0.0,0.0,0.9932630736392742,0.0,0.0,0.0,0.0087719298245614,0.4,0.9849283094364788,0.0171673819742489,0.6276713501304576,0.3709268257363991,0.0,0.0,0.9915994399626642,0.0,0.0,0.0,0.998588774784446,0.9693333333333334,0.500457489705084,0.9836792316543868,0.6960164576252411,0.5075049514971859,,
2024-07-13 17:58:13,hf_ctgan_base_100000,500,0.0001,8,9.0,4,0.9995187349604676,0.9701054317362872,0.5,0.9845924621584098,0.6964572606184414,0.5078553075089488,0.0,0.0,0.9932630736392742,0.0,0.0,0.0,0.0087719298245614,0.4,0.9849283094364788,0.0171673819742489,0.6276713501304576,0.3709268257363991,0.0,0.0,0.9915994399626642,0.0,0.0,0.0,0.998588774784446,0.9693333333333334,0.500457489705084,0.9836792316543868,0.6960164576252411,0.5075049514971859,,
2024-07-13 17:58:50,hf_ctgan_base_100000,500,0.0001,10,1.0,4,0.9995827828384676,0.959228613372481,0.5714285714285714,0.978990022814724,0.7403584511659513,0.5693871445842547,0.0111111111111111,0.25,0.9881270010672358,0.0212765957446808,0.4970228870653835,0.2287976697675259,0.0045871559633027,0.2,0.9855285095031676,0.0089686098654708,0.4439658792076634,0.1816224870777755,0.0,0.0,0.9852656843789586,0.0,0.0,0.0,0.998657293885732,0.9585333333333332,0.5718164330446003,0.9780906358477828,0.7400805174443673,0.5690382828355447,,
2024-07-13 17:59:28,hf_ctgan_base_100000,500,0.0001,10,5.0,4,0.999512466917398,0.9576271186440678,0.5,0.9781215921483096,0.6919635534636445,0.5007253662740593,0.0,0.0,0.9900613660618997,0.0,0.0,0.0,0.0036764705882352,0.2,0.9819273091030344,0.0072202166064981,0.4431539933483697,0.1810295462497725,0.0,0.0,0.9852656843789586,0.0,0.0,0.0,0.9985808141051375,0.9568,0.5004543595438926,0.9772110854011736,0.6914654388115279,0.5003183657809535,,
2024-07-13 18:00:08,hf_ctgan_base_100000,500,0.0001,10,9.0,4,0.999512772325468,0.9582276791672228,0.5,0.9784349129560864,0.6921804963906534,0.5010681618605408,0.0,0.0,0.990995197438634,0.0,0.0,0.0,0.0072202166064981,0.4,0.9816605535178392,0.0141843971631205,0.6266292535519993,0.3698244925701032,0.0,0.0,0.9852656843789586,0.0,0.0,0.0,0.9985823004768332,0.9574666666666668,0.5004547686687651,0.977526435169715,0.6917433376785395,0.500723773073661,,
2024-07-13 18:00:25,hf_ctgan_base_100000,1000,0.0001,4,1.0,4,0.999453663866694,0.9765781395969572,0.4285714285714285,0.9878834925242164,0.6469416421893832,0.4414694044418369,0.0068965517241379,0.25,0.9807897545357523,0.0134228187919463,0.4951741498038222,0.227278661034729,0.0,0.0,0.9955318439479828,0.0,0.0,0.0,0.0,0.0,1.0,0.0,0.0,0.0,0.9985245186080046,0.9758,0.4290930270551636,0.9869686267678828,0.6466019228699019,0.4411785816169097,,
2024-07-13 18:00:43,hf_ctgan_base_100000,1000,0.0001,4,5.0,4,0.999453663866694,0.9765781395969572,0.4285714285714285,0.9878834925242164,0.6469416421893832,0.4414694044418369,0.0068965517241379,0.25,0.9807897545357523,0.0134228187919463,0.4951741498038222,0.227278661034729,0.0,0.0,0.9955318439479828,0.0,0.0,0.0,0.0,0.0,1.0,0.0,0.0,0.0,0.9985245186080046,0.9758,0.4290930270551636,0.9869686267678828,0.6466019228699019,0.4411785816169097,,
2024-07-13 18:01:03,hf_ctgan_base_100000,1000,0.0001,4,9.0,4,0.999453663866694,0.9765781395969572,0.4285714285714285,0.9878834925242164,0.6469416421893832,0.4414694044418369,0.0068965517241379,0.25,0.9807897545357523,0.0134228187919463,0.4951741498038222,0.227278661034729,0.0,0.0,0.9955318439479828,0.0,0.0,0.0,0.0,0.0,1.0,0.0,0.0,0.0,0.9985245186080046,0.9758,0.4290930270551636,0.9869686267678828,0.6466019228699019,0.4411785816169097,,
2024-07-13 18:01:44,hf_ctgan_base_100000,1000,0.0001,8,1.0,4,0.9995188342040144,0.9703056185773388,0.5,0.9846956050653484,0.6965291158944251,0.5079698184963736,0.0,0.0,0.9930629669156884,0.0,0.0,0.0,0.009009009009009,0.4,0.9853284428142716,0.0176211453744493,0.6277988349190436,0.3710617466019851,0.0,0.0,0.9915994399626642,0.0,0.0,0.0,0.9985889529617602,0.9695333333333334,0.5004575163592906,0.9837824295490788,0.6960882883312299,0.5076194005813109,,
2024-07-13 18:02:18,hf_ctgan_base_100000,1000,0.0001,8,5.0,4,0.9995187349604676,0.9701054317362872,0.5,0.9845924621584098,0.6964572606184414,0.5078553075089488,0.0,0.0,0.9932630736392742,0.0,0.0,0.0,0.0087719298245614,0.4,0.9849283094364788,0.0171673819742489,0.6276713501304576,0.3709268257363991,0.0,0.0,0.9915994399626642,0.0,0.0,0.0,0.998588774784446,0.9693333333333334,0.500457489705084,0.9836792316543868,0.6960164576252411,0.5075049514971859,,
2024-07-13 18:02:57,hf_ctgan_base_100000,1000,0.0001,8,9.0,4,0.9995187349604676,0.9701054317362872,0.5,0.9845924621584098,0.6964572606184414,0.5078553075089488,0.0,0.0,0.9932630736392742,0.0,0.0,0.0,0.0087719298245614,0.4,0.9849283094364788,0.0171673819742489,0.6276713501304576,0.3709268257363991,0.0,0.0,0.9915994399626642,0.0,0.0,0.0,0.998588774784446,0.9693333333333334,0.500457489705084,0.9836792316543868,0.6960164576252411,0.5075049514971859,,
2024-07-13 18:04:11,hf_ctgan_base_100000,1000,0.0001,10,1.0,4,0.9995827828384676,0.959228613372481,0.5714285714285714,0.978990022814724,0.7403584511659513,0.5693871445842547,0.0111111111111111,0.25,0.9881270010672358,0.0212765957446808,0.4970228870653835,0.2287976697675259,0.0045871559633027,0.2,0.9855285095031676,0.0089686098654708,0.4439658792076634,0.1816224870777755,0.0,0.0,0.9852656843789586,0.0,0.0,0.0,0.998657293885732,0.9585333333333332,0.5718164330446003,0.9780906358477828,0.7400805174443673,0.5690382828355447,,
2024-07-13 18:05:27,hf_ctgan_base_100000,1000,0.0001,10,5.0,4,0.9995125348189416,0.9577605765381022,0.5,0.978191235602808,0.6920117688804512,0.5008015399541283,0.0,0.0,0.9900613660618997,0.0,0.0,0.0,0.0037037037037037,0.2,0.982060686895632,0.0072727272727272,0.4431840897179482,0.1810515162717904,0.0,0.0,0.9852656843789586,0.0,0.0,0.0,0.9985808910210118,0.9569333333333332,0.5004544040031568,0.9772806813586696,0.6915136192594021,0.5003944756889285,,
2024-07-13 18:06:43,hf_ctgan_base_100000,1000,0.0001,10,9.0,4,0.9995126366358004,0.957960763379154,0.5,0.9782956829874954,0.6920840857074934,0.5009158038137967,0.0,0.0,0.9910618996798292,0.0,0.0,0.0,0.0070921985815602,0.4,0.9813271090363456,0.0139372822299651,0.6265228197077407,0.3697119615619344,0.0,0.0,0.9852656843789586,0.0,0.0,0.0,0.9985821222411342,0.9572,0.5004546930951332,0.9773872527774504,0.6916469815007357,0.5005715197174245,,
2024-07-13 18:06:49,hf_ctgan_base_150000,100,0.001,4,1.0,4,0.9994536265537496,0.97651141064994,0.4285714285714285,0.9878493317132442,0.646919539261681,0.4414364464864452,0.007168458781362,0.25,0.9815234791889008,0.0139372822299651,0.4953593340164543,0.2274306830371786,0.0,0.0,0.9947315771923976,0.0,0.0,0.0,0.0,0.0,1.0,0.0,0.0,0.0,0.9985246263469828,0.9757333333333332,0.4290931516193934,0.9869347722208344,0.6465799393365123,0.4411457355006777,,
2024-07-13 18:06:55,hf_ctgan_base_150000,100,0.001,4,5.0,4,0.9994536265537496,0.97651141064994,0.4285714285714285,0.9878493317132442,0.646919539261681,0.4414364464864452,0.007168458781362,0.25,0.9815234791889008,0.0139372822299651,0.4953593340164543,0.2274306830371786,0.0,0.0,0.9947315771923976,0.0,0.0,0.0,0.0,0.0,1.0,0.0,0.0,0.0,0.9985246263469828,0.9757333333333332,0.4290931516193934,0.9869347722208344,0.6465799393365123,0.4411457355006777,,
2024-07-13 18:07:00,hf_ctgan_base_150000,100,0.001,4,9.0,4,0.9994536265537496,0.97651141064994,0.4285714285714285,0.9878493317132442,0.646919539261681,0.4414364464864452,0.007168458781362,0.25,0.9815234791889008,0.0139372822299651,0.4953593340164543,0.2274306830371786,0.0,0.0,0.9947315771923976,0.0,0.0,0.0,0.0,0.0,1.0,0.0,0.0,0.0,0.9985246263469828,0.9757333333333332,0.4290931516193934,0.9869347722208344,0.6465799393365123,0.4411457355006777,,
2024-07-13 18:07:09,hf_ctgan_base_150000,100,0.001,8,1.0,4,0.9994470173498308,0.9648338449219273,0.4285714285714285,0.9818354666757206,0.6430398271120183,0.4356746819260219,0.009090909090909,0.125,0.9927294557097118,0.0169491525423728,0.3522657831293212,0.1133234245853391,0.0072727272727272,0.4,0.9817939313104368,0.0142857142857142,0.6266718220282246,0.3698695024828216,0.0,0.0,0.9901326755117008,0.0,0.0,0.0,0.9985214728609102,0.9641333333333332,0.4290941577699447,0.980932888359608,0.6428364222983922,0.4354517812168308,,
2024-07-13 18:07:17,hf_ctgan_base_150000,100,0.001,8,5.0,4,0.9993793531480588,0.9670359001734952,0.3571428571428571,0.9829416352969104,0.5876818564050424,0.3664338382004157,0.0,0.0,0.9949306296691568,0.0,0.0,0.0,0.0072727272727272,0.4,0.9817939313104368,0.0142857142857142,0.6266718220282246,0.3698695024828216,0.0,0.0,0.9901326755117008,0.0,0.0,0.0,0.9984490233275448,0.9662666666666668,0.3577334269674849,0.9820289850087288,0.5873422439464072,0.3662151231189229,,
2024-07-13 18:07:25,hf_ctgan_base_150000,100,0.001,8,9.0,4,0.9993805918788712,0.9689710396369944,0.3571428571428571,0.9839409134029,0.5882695688072271,0.3672340780871608,0.0,0.0,0.9949306296691568,0.0,0.0,0.0,0.0072463768115942,0.4,0.981727242414138,0.0142348754448398,0.6266505381515723,0.3698469977043587,0.0,0.0,0.9921328088539236,0.0,0.0,0.0,0.9984502521187216,0.9682,0.3577335380800756,0.9830273135088724,0.5879294007223909,0.3670146086135142,,
2024-07-13 18:07:37,hf_ctgan_base_150000,100,0.001,10,1.0,4,0.9995114120192644,0.955558521286534,0.5,0.9770409033534608,0.6912157844286161,0.4995449019912691,0.010752688172043,0.25,0.987726787620064,0.0206185567010309,0.496922224201148,0.2287148841530851,0.0082987551867219,0.4,0.9840613537845948,0.016260162601626,0.6273950442216116,0.3706344532538967,0.0,0.0,0.9835989065937728,0.0,0.0,0.0,0.9985870357201336,0.9549333333333332,0.5004537146650986,0.9761454151281054,0.6910448065641306,0.4993241861720435,,
2024-07-13 18:07:48,hf_ctgan_base_150000,100,0.001,10,5.0,4,0.9995113096900308,0.9553583344454823,0.5,0.9769361992494028,0.691143376748082,0.4994306862213264,0.0108695652173913,0.25,0.9878601921024548,0.0208333333333333,0.4969557807548008,0.2287424802477365,0.0082304526748971,0.4,0.9839279759919972,0.0161290322580645,0.6273525248190198,0.3705894675350825,0.0,0.0,0.9833988932595508,0.0,0.0,0.0,0.9985869730533278,0.9547333333333332,0.5004537280206692,0.9760408795853004,0.6909724701877927,0.4992100767261637,,
2024-07-13 18:07:58,hf_ctgan_base_150000,100,0.001,10,9.0,4,0.9995113096900308,0.9553583344454823,0.5,0.9769361992494028,0.691143376748082,0.4994306862213264,0.0108695652173913,0.25,0.9878601921024548,0.0208333333333333,0.4969557807548008,0.2287424802477365,0.0082304526748971,0.4,0.9839279759919972,0.0161290322580645,0.6273525248190198,0.3705894675350825,0.0,0.0,0.9833988932595508,0.0,0.0,0.0,0.9985869730533278,0.9547333333333332,0.5004537280206692,0.9760408795853004,0.6909724701877927,0.4992100767261637,,
2024-07-13 18:08:08,hf_ctgan_base_150000,500,0.001,4,1.0,4,0.9994551893217108,0.979314026424663,0.4285714285714285,0.9892821031344792,0.6478472129482812,0.4428210092260226,0.0072727272727272,0.25,0.981790288153682,0.0141342756183745,0.495426656568276,0.2274859570915587,0.0,0.0,0.9972657552517504,0.0,0.0,0.0,0.0,0.0,1.0,0.0,0.0,0.0,0.9985262432662224,0.9785333333333334,0.4290941386435278,0.9883663114518836,0.6475067830996992,0.4425290354611938,,
2024-07-13 18:08:19,hf_ctgan_base_150000,500,0.001,4,5.0,4,0.9994553376906318,0.9795809422127318,0.4285714285714285,0.9894183460268248,0.6479354935527583,0.4429529074572104,0.0072727272727272,0.25,0.981790288153682,0.0141342756183745,0.495426656568276,0.2274859570915587,0.0,0.0,0.9975325108369456,0.0,0.0,0.0,0.0,0.0,1.0,0.0,0.0,0.0,0.998526391496666,0.9788,0.4290942275620562,0.988502427184196,0.6475949813089454,0.4426608105873659,,
2024-07-13 18:08:30,hf_ctgan_base_150000,500,0.001,4,9.0,4,0.9994553376906318,0.9795809422127318,0.4285714285714285,0.9894183460268248,0.6479354935527583,0.4429529074572104,0.0072727272727272,0.25,0.981790288153682,0.0141342756183745,0.495426656568276,0.2274859570915587,0.0,0.0,0.9975325108369456,0.0,0.0,0.0,0.0,0.0,1.0,0.0,0.0,0.0,0.998526391496666,0.9788,0.4290942275620562,0.988502427184196,0.6475949813089454,0.4426608105873659,,
2024-07-13 18:08:50,hf_ctgan_base_150000,500,0.001,8,1.0,4,0.9993804213135068,0.9687041238489256,0.3571428571428571,0.9838031986988344,0.5881885399406158,0.3671236842690606,0.0,0.0,0.9929295624332978,0.0,0.0,0.0,0.008,0.4,0.983461153717906,0.0156862745098039,0.6272036842104505,0.3704320063117628,0.0,0.0,0.9921328088539236,0.0,0.0,0.0,0.998450332920281,0.9679333333333332,0.3577330488146511,0.9828902111382188,0.5878486318647415,0.3669045128325134,,
2024-07-13 18:09:10,hf_ctgan_base_150000,500,0.001,8,5.0,4,0.999381400783559,0.9702388896303216,0.3571428571428571,0.9845945488403588,0.5886543036058484,0.3677585182178789,0.0,0.0,0.9929962646744932,0.0,0.0,0.0,0.0083333333333333,0.4,0.9841280426808936,0.0163265306122448,0.6274163028423452,0.3706569455796146,0.0,0.0,0.9929328621908128,0.0,0.0,0.0,0.9984514225872722,0.9694666666666668,0.3577333600223898,0.9836810361049788,0.5883140316900969,0.3675388292494022,,
2024-07-13 18:09:29,hf_ctgan_base_150000,500,0.001,8,9.0,4,0.9993814858085356,0.970372347524356,0.3571428571428571,0.9846633036530452,0.5886947873790543,0.3678137291212935,0.0,0.0,0.993863393810032,0.0,0.0,0.0,0.0079681274900398,0.4,0.9833944648216072,0.015625,0.6271824183829159,0.3704095104281176,0.0,0.0,0.9929328621908128,0.0,0.0,0.0,0.9984513857976108,0.9696,0.3577335779653091,0.9837494929029692,0.5883543997169616,0.3675939061442564,,
2024-07-13 18:10:08,hf_ctgan_base_150000,500,0.001,10,1.0,4,0.9995115143056524,0.9557587081275858,0.5,0.9771455860281076,0.6912881845249439,0.4996591217686888,0.0116959064327485,0.25,0.9887273212379936,0.0223463687150837,0.4971738431469403,0.2289218331731744,0.0077821011673151,0.4,0.9829943314438148,0.015267175572519,0.6270548082723917,0.3702745276546,0.0,0.0,0.9838655910394026,0.0,0.0,0.0,0.998587468742787,0.9551333333333332,0.5004539103878776,0.9762505906029868,0.6911171598718231,0.4994382897419486,,
2024-07-13 18:10:48,hf_ctgan_base_150000,500,0.001,10,5.0,4,0.999511616549222,0.9559588949686374,0.5,0.9772502472799208,0.6913605770394481,0.4997733455535856,0.0118343195266272,0.25,0.9888607257203842,0.0225988700564971,0.4972073827188168,0.2289494225940423,0.0078125,0.4,0.9830610203401132,0.0153256704980842,0.6270760784275266,0.3702970256730014,0.0,0.0,0.9838655910394026,0.0,0.0,0.0,0.9985876548441904,0.9553333333333334,0.5004540037665669,0.9763553083366556,0.6911895097978038,0.4995524291316768,,
2024-07-13 18:11:30,hf_ctgan_base_150000,500,0.001,10,9.0,4,0.9995116506209012,0.9560256239156546,0.5,0.9772851296043656,0.6913847061931782,0.4998114210391017,0.0118343195266272,0.25,0.9888607257203842,0.0225988700564971,0.4972073827188168,0.2289494225940423,0.0078740157480314,0.4,0.9831943981327108,0.0154440154440154,0.6271186165735191,0.370342020642426,0.0,0.0,0.9837989199279952,0.0,0.0,0.0,0.9985877093893188,0.9554,0.5004540437810904,0.9763901975525798,0.6912136306103724,0.4995904840783962,,
2024-07-13 18:11:48,hf_ctgan_base_150000,1000,0.001,4,1.0,4,0.999453738477296,0.9767115974909916,0.4285714285714285,0.9879518072289156,0.6469858457794856,0.4415353214976137,0.0074074074074074,0.25,0.9821237993596584,0.014388489208633,0.4955107968954003,0.2275550446541962,0.0,0.0,0.9979326442147384,0.0,0.0,0.0,0.0,0.0,0.9963997599839988,0.0,0.0,0.0,0.9985248656053344,0.9759333333333332,0.4290942987964909,0.9870373927364132,0.6466462647484356,0.4412445845546982,,
2024-07-13 18:12:07,hf_ctgan_base_150000,1000,0.001,4,5.0,4,0.999453738477296,0.9767115974909916,0.4285714285714285,0.9879518072289156,0.6469858457794856,0.4415353214976137,0.0074074074074074,0.25,0.9821237993596584,0.014388489208633,0.4955107968954003,0.2275550446541962,0.0,0.0,0.9979326442147384,0.0,0.0,0.0,0.0,0.0,0.9963997599839988,0.0,0.0,0.0,0.9985248656053344,0.9759333333333332,0.4290942987964909,0.9870373927364132,0.6466462647484356,0.4412445845546982,,
2024-07-13 18:12:29,hf_ctgan_base_150000,1000,0.001,4,9.0,4,0.9994537757749556,0.9767783264380088,0.4285714285714285,0.9879859611231102,0.6470079464420407,0.4415682805979992,0.0074074074074074,0.25,0.9821237993596584,0.014388489208633,0.4955107968954003,0.2275550446541962,0.0,0.0,0.9979326442147384,0.0,0.0,0.0,0.0,0.0,0.9964664310954064,0.0,0.0,0.0,0.998524902868183,0.976,0.4290943032412316,0.98707151475364,0.6466683447837057,0.4412775128932566,,
2024-07-13 18:13:08,hf_ctgan_base_150000,1000,0.001,8,1.0,4,0.9994494528938132,0.969104497531029,0.4285714285714285,0.9840430938103466,0.6444614022126303,0.4377804858644267,0.0079365079365079,0.125,0.991662219850587,0.0149253731343283,0.3520763801809536,0.1132148252213525,0.008695652173913,0.4,0.9847949316438812,0.0170212765957446,0.6276288494465121,0.3708818492681955,0.0,0.0,0.9924661644109608,0.0,0.0,0.0,0.9985237647594032,0.9684,0.4290947444768576,0.9831382875473272,0.6442568885898105,0.437555899267494,,
2024-07-13 18:13:47,hf_ctgan_base_150000,1000,0.001,8,5.0,4,0.9994494150034412,0.9690377685840116,0.4285714285714285,0.9840086732619596,0.6444392142178494,0.4377475706554575,0.0077519379844961,0.125,0.991462113127001,0.0145985401459854,0.3520408557836365,0.1131944596705578,0.0088105726872246,0.4,0.9849949983327776,0.0172413793103448,0.6276925993932947,0.370949313436812,0.0,0.0,0.9923994932995532,0.0,0.0,0.0,0.9985236667739256,0.9683333333333334,0.4290946999974271,0.9831037981814296,0.6442347236074619,0.4375230264058156,,
2024-07-13 18:14:24,hf_ctgan_base_150000,1000,0.001,8,9.0,4,0.9994491496247332,0.9685706659548912,0.4285714285714285,0.9837676641024772,0.6442838768591588,0.4375171748792806,0.0073529411764705,0.125,0.990995197438634,0.0138888888888888,0.3519579515792039,0.1131469361589966,0.0088105726872246,0.4,0.9849949983327776,0.0172413793103448,0.6276925993932947,0.370949313436812,0.0,0.0,0.9923994932995532,0.0,0.0,0.0,0.9985231888446068,0.9678666666666668,0.4290944509757267,0.9828626354831592,0.6440794870147302,0.4372928203198236,,
2024-07-13 18:15:39,hf_ctgan_base_150000,1000,0.001,10,1.0,4,0.9996508379888268,0.955224876551448,0.6428571428571429,0.9769330512523032,0.7836281866586544,0.633254798273868,0.0181818181818181,0.375,0.9891942369263608,0.0346820809248554,0.6090548734288113,0.34816443636535,0.0077220077220077,0.4,0.9828609536512172,0.0151515151515151,0.6270122657974777,0.3702295305504191,0.0,0.0,0.9829321954796988,0.0,0.0,0.0,0.9987301015123082,0.9546666666666668,0.6431778622477526,0.9760447946860116,0.7834306337055341,0.6329728580050574,,
2024-07-13 18:16:56,hf_ctgan_base_150000,1000,0.001,10,5.0,4,0.9995113096900308,0.9553583344454823,0.5,0.9769361992494028,0.691143376748082,0.4994306862213264,0.0122699386503067,0.25,0.989260939167556,0.023391812865497,0.4973079878625407,0.2290321855176193,0.0078125,0.4,0.9830610203401132,0.0153256704980842,0.6270760784275266,0.3702970256730014,0.0,0.0,0.9828655243682912,0.0,0.0,0.0,0.9985875806016002,0.9547333333333332,0.5004541505426273,0.9760419763204644,0.6909725658827862,0.4992101337550203,,
2024-07-13 18:18:11,hf_ctgan_base_150000,1000,0.001,10,9.0,4,0.9995119910764082,0.9566929133858268,0.5,0.97763382202523,0.691625951431056,0.5001922003844008,0.0124223602484472,0.25,0.9893943436499466,0.0236686390532544,0.4973415183880053,0.2290597713791361,0.0087719298245614,0.4,0.9849283094364788,0.0171673819742489,0.6276713501304576,0.3709268257363991,0.0,0.0,0.982198813254217,0.0,0.0,0.0,0.9985886624534774,0.9560666666666666,0.5004547996739758,0.9767397095261596,0.6914549064695709,0.4999711618173564,,
2024-07-13 18:18:17,hf_ctgan_base_150000,100,0.0001,4,1.0,4,0.9994536265537496,0.97651141064994,0.4285714285714285,0.9878493317132442,0.646919539261681,0.4414364464864452,0.007168458781362,0.25,0.9815234791889008,0.0139372822299651,0.4953593340164543,0.2274306830371786,0.0,0.0,0.9947315771923976,0.0,0.0,0.0,0.0,0.0,1.0,0.0,0.0,0.0,0.9985246263469828,0.9757333333333332,0.4290931516193934,0.9869347722208344,0.6465799393365123,0.4411457355006777,,
2024-07-13 18:18:23,hf_ctgan_base_150000,100,0.0001,4,5.0,4,0.9994536265537496,0.97651141064994,0.4285714285714285,0.9878493317132442,0.646919539261681,0.4414364464864452,0.007168458781362,0.25,0.9815234791889008,0.0139372822299651,0.4953593340164543,0.2274306830371786,0.0,0.0,0.9947315771923976,0.0,0.0,0.0,0.0,0.0,1.0,0.0,0.0,0.0,0.9985246263469828,0.9757333333333332,0.4290931516193934,0.9869347722208344,0.6465799393365123,0.4411457355006777,,
2024-07-13 18:18:29,hf_ctgan_base_150000,100,0.0001,4,9.0,4,0.9994536265537496,0.97651141064994,0.4285714285714285,0.9878493317132442,0.646919539261681,0.4414364464864452,0.007168458781362,0.25,0.9815234791889008,0.0139372822299651,0.4953593340164543,0.2274306830371786,0.0,0.0,0.9947315771923976,0.0,0.0,0.0,0.0,0.0,1.0,0.0,0.0,0.0,0.9985246263469828,0.9757333333333332,0.4290931516193934,0.9869347722208344,0.6465799393365123,0.4411457355006777,,
2024-07-13 18:18:38,hf_ctgan_base_150000,100,0.0001,8,1.0,4,0.9994470173498308,0.9648338449219273,0.4285714285714285,0.9818354666757206,0.6430398271120183,0.4356746819260219,0.009090909090909,0.125,0.9927294557097118,0.0169491525423728,0.3522657831293212,0.1133234245853391,0.0072727272727272,0.4,0.9817939313104368,0.0142857142857142,0.6266718220282246,0.3698695024828216,0.0,0.0,0.9901326755117008,0.0,0.0,0.0,0.9985214728609102,0.9641333333333332,0.4290941577699447,0.980932888359608,0.6428364222983922,0.4354517812168308,,
2024-07-13 18:18:46,hf_ctgan_base_150000,100,0.0001,8,5.0,4,0.9993785388758458,0.9657680501801682,0.3571428571428571,0.9822858694176734,0.5872964845617854,0.365909688134709,0.0,0.0,0.993663287086446,0.0,0.0,0.0,0.0072727272727272,0.4,0.9817939313104368,0.0142857142857142,0.6266718220282246,0.3698695024828216,0.0,0.0,0.9901326755117008,0.0,0.0,0.0,0.9984482098153192,0.965,0.3577327510514408,0.9813738311776454,0.5869572317835372,0.3656914622599442,,
2024-07-13 18:18:53,hf_ctgan_base_150000,100,0.0001,8,9.0,4,0.9993805918788712,0.9689710396369944,0.3571428571428571,0.9839409134029,0.5882695688072271,0.3672340780871608,0.0,0.0,0.9949306296691568,0.0,0.0,0.0,0.0072463768115942,0.4,0.981727242414138,0.0142348754448398,0.6266505381515723,0.3698469977043587,0.0,0.0,0.9921328088539236,0.0,0.0,0.0,0.9984502521187216,0.9682,0.3577335380800756,0.9830273135088724,0.5879294007223909,0.3670146086135142,,
2024-07-13 18:19:04,hf_ctgan_base_150000,100,0.0001,10,1.0,4,0.999513178941512,0.9590284265314292,0.5,0.97885237527669,0.6924696479021406,0.5015252787471963,0.0112994350282485,0.25,0.9883271077908218,0.0216216216216216,0.4970732108529944,0.2288390595715438,0.00836820083682,0.4,0.9841947315771924,0.0163934426229508,0.6274375607428018,0.3706794375495401,0.0,0.0,0.9863324221614774,0.0,0.0,0.0,0.9985891157401272,0.9584,0.5004542615294916,0.9779557757388376,0.6922975944634677,0.501302795797987,,
2024-07-13 18:19:16,hf_ctgan_base_150000,100,0.0001,10,5.0,4,0.9995112755707604,0.9552916054984651,0.5,0.976901293118155,0.6911192391687795,0.4993926151885627,0.010752688172043,0.25,0.987726787620064,0.0206185567010309,0.496922224201148,0.2287148841530851,0.0082644628099173,0.4,0.983994664888296,0.0161943319838056,0.6273737848805275,0.3706119605723859,0.0,0.0,0.9833988932595508,0.0,0.0,0.0,0.9985868879681892,0.9546666666666668,0.5004536791012442,0.9760059132521464,0.6909483443267561,0.4991720340061258,,
2024-07-13 18:19:29,hf_ctgan_base_150000,100,0.0001,10,9.0,4,0.9995112755707604,0.9552916054984651,0.5,0.976901293118155,0.6911192391687795,0.4993926151885627,0.010752688172043,0.25,0.987726787620064,0.0206185567010309,0.496922224201148,0.2287148841530851,0.0082644628099173,0.4,0.983994664888296,0.0161943319838056,0.6273737848805275,0.3706119605723859,0.0,0.0,0.9833988932595508,0.0,0.0,0.0,0.9985868879681892,0.9546666666666668,0.5004536791012442,0.9760059132521464,0.6909483443267561,0.4991720340061258,,
2024-07-13 18:19:39,hf_ctgan_base_150000,500,0.0001,4,1.0,4,0.9994536265537496,0.97651141064994,0.4285714285714285,0.9878493317132442,0.646919539261681,0.4414364464864452,0.007168458781362,0.25,0.9815234791889008,0.0139372822299651,0.4953593340164543,0.2274306830371786,0.0,0.0,0.9947315771923976,0.0,0.0,0.0,0.0,0.0,1.0,0.0,0.0,0.0,0.9985246263469828,0.9757333333333332,0.4290931516193934,0.9869347722208344,0.6465799393365123,0.4411457355006777,,
2024-07-13 18:19:50,hf_ctgan_base_150000,500,0.0001,4,5.0,4,0.9994536265537496,0.97651141064994,0.4285714285714285,0.9878493317132442,0.646919539261681,0.4414364464864452,0.007168458781362,0.25,0.9815234791889008,0.0139372822299651,0.4953593340164543,0.2274306830371786,0.0,0.0,0.9947315771923976,0.0,0.0,0.0,0.0,0.0,1.0,0.0,0.0,0.0,0.9985246263469828,0.9757333333333332,0.4290931516193934,0.9869347722208344,0.6465799393365123,0.4411457355006777,,
2024-07-13 18:20:01,hf_ctgan_base_150000,500,0.0001,4,9.0,4,0.9994536265537496,0.97651141064994,0.4285714285714285,0.9878493317132442,0.646919539261681,0.4414364464864452,0.007168458781362,0.25,0.9815234791889008,0.0139372822299651,0.4953593340164543,0.2274306830371786,0.0,0.0,0.9947315771923976,0.0,0.0,0.0,0.0,0.0,1.0,0.0,0.0,0.0,0.9985246263469828,0.9757333333333332,0.4290931516193934,0.9869347722208344,0.6465799393365123,0.4411457355006777,,
2024-07-13 18:20:22,hf_ctgan_base_150000,500,0.0001,8,1.0,4,0.9994470173498308,0.9648338449219273,0.4285714285714285,0.9818354666757206,0.6430398271120183,0.4356746819260219,0.009090909090909,0.125,0.9927294557097118,0.0169491525423728,0.3522657831293212,0.1133234245853391,0.0072727272727272,0.4,0.9817939313104368,0.0142857142857142,0.6266718220282246,0.3698695024828216,0.0,0.0,0.9901326755117008,0.0,0.0,0.0,0.9985214728609102,0.9641333333333332,0.4290941577699447,0.980932888359608,0.6428364222983922,0.4354517812168308,,
2024-07-13 18:20:47,hf_ctgan_base_150000,500,0.0001,8,5.0,4,0.9993785388758458,0.9657680501801682,0.3571428571428571,0.9822858694176734,0.5872964845617854,0.365909688134709,0.0,0.0,0.993663287086446,0.0,0.0,0.0,0.0072727272727272,0.4,0.9817939313104368,0.0142857142857142,0.6266718220282246,0.3698695024828216,0.0,0.0,0.9901326755117008,0.0,0.0,0.0,0.9984482098153192,0.965,0.3577327510514408,0.9813738311776454,0.5869572317835372,0.3656914622599442,,
2024-07-13 18:21:08,hf_ctgan_base_150000,500,0.0001,8,9.0,4,0.9993805918788712,0.9689710396369944,0.3571428571428571,0.9839409134029,0.5882695688072271,0.3672340780871608,0.0,0.0,0.9949306296691568,0.0,0.0,0.0,0.0072463768115942,0.4,0.981727242414138,0.0142348754448398,0.6266505381515723,0.3698469977043587,0.0,0.0,0.9921328088539236,0.0,0.0,0.0,0.9984502521187216,0.9682,0.3577335380800756,0.9830273135088724,0.5879294007223909,0.3670146086135142,,
2024-07-13 18:21:47,hf_ctgan_base_150000,500,0.0001,10,1.0,4,0.9995129079396006,0.9584945949552915,0.5,0.9785741049834792,0.6922768936470766,0.501220527031689,0.0105263157894736,0.25,0.9874599786552828,0.0202020202020202,0.4968551042948242,0.2286596892942689,0.0084388185654008,0.4,0.98432810936979,0.0165289256198347,0.627480074383176,0.3707244204220125,0.0,0.0,0.9865324354956996,0.0,0.0,0.0,0.998588456200133,0.9578666666666666,0.5004538568541058,0.977677053204809,0.692104917960091,0.5009982478475571,,
2024-07-13 18:22:26,hf_ctgan_base_150000,500,0.0001,10,5.0,4,0.9995113096900308,0.9553583344454823,0.5,0.9769361992494028,0.691143376748082,0.4994306862213264,0.0105263157894736,0.25,0.9874599786552828,0.0202020202020202,0.4968551042948242,0.2286596892942689,0.0084388185654008,0.4,0.98432810936979,0.0165289256198347,0.627480074383176,0.3707244204220125,0.0,0.0,0.9833988932595508,0.0,0.0,0.0,0.998586859442263,0.9547333333333332,0.50045364795129,0.9760406761827513,0.690972459010202,0.4992100775552842,,
2024-07-13 18:23:07,hf_ctgan_base_150000,500,0.0001,10,9.0,4,0.9995112755707604,0.9552916054984651,0.5,0.976901293118155,0.6911192391687795,0.4993926151885627,0.0104712041884816,0.25,0.9873932764140876,0.0201005025125628,0.4968383229014463,0.2286458900234162,0.0084388185654008,0.4,0.98432810936979,0.0165289256198347,0.627480074383176,0.3707244204220125,0.0,0.0,0.9833988932595508,0.0,0.0,0.0,0.9985867959619832,0.9546666666666668,0.5004536123767614,0.9760057484877912,0.6909483350092304,0.4991720346958733,,
2024-07-13 18:23:27,hf_ctgan_base_150000,1000,0.0001,4,1.0,4,0.9994536265537496,0.97651141064994,0.4285714285714285,0.9878493317132442,0.646919539261681,0.4414364464864452,0.007168458781362,0.25,0.9815234791889008,0.0139372822299651,0.4953593340164543,0.2274306830371786,0.0,0.0,0.9947315771923976,0.0,0.0,0.0,0.0,0.0,1.0,0.0,0.0,0.0,0.9985246263469828,0.9757333333333332,0.4290931516193934,0.9869347722208344,0.6465799393365123,0.4411457355006777,,
2024-07-13 18:23:44,hf_ctgan_base_150000,1000,0.0001,4,5.0,4,0.9994536265537496,0.97651141064994,0.4285714285714285,0.9878493317132442,0.646919539261681,0.4414364464864452,0.007168458781362,0.25,0.9815234791889008,0.0139372822299651,0.4953593340164543,0.2274306830371786,0.0,0.0,0.9947315771923976,0.0,0.0,0.0,0.0,0.0,1.0,0.0,0.0,0.0,0.9985246263469828,0.9757333333333332,0.4290931516193934,0.9869347722208344,0.6465799393365123,0.4411457355006777,,
2024-07-13 18:24:02,hf_ctgan_base_150000,1000,0.0001,4,9.0,4,0.9994536265537496,0.97651141064994,0.4285714285714285,0.9878493317132442,0.646919539261681,0.4414364464864452,0.007168458781362,0.25,0.9815234791889008,0.0139372822299651,0.4953593340164543,0.2274306830371786,0.0,0.0,0.9947315771923976,0.0,0.0,0.0,0.0,0.0,1.0,0.0,0.0,0.0,0.9985246263469828,0.9757333333333332,0.4290931516193934,0.9869347722208344,0.6465799393365123,0.4411457355006777,,
2024-07-13 18:24:40,hf_ctgan_base_150000,1000,0.0001,8,1.0,4,0.9993784101111955,0.9655678633391164,0.3571428571428571,0.9821822501272696,0.5872356132577927,0.3658269380937919,0.0,0.0,0.9934631803628602,0.0,0.0,0.0,0.0072727272727272,0.4,0.9817939313104368,0.0142857142857142,0.6266718220282246,0.3698695024828216,0.0,0.0,0.9901326755117008,0.0,0.0,0.0,0.9984480811708492,0.9648,0.3577326443278549,0.9812703085985796,0.5868964172927615,0.3656087894523986,,
2024-07-13 18:25:19,hf_ctgan_base_150000,1000,0.0001,8,5.0,4,0.9993793959453868,0.9671026291205124,0.3571428571428571,0.9829761258817148,0.587702132133676,0.3664614282265165,0.0,0.0,0.9949973319103522,0.0,0.0,0.0,0.0072727272727272,0.4,0.9817939313104368,0.0142857142857142,0.6266718220282246,0.3698695024828216,0.0,0.0,0.9901326755117008,0.0,0.0,0.0,0.9984490660849288,0.9663333333333334,0.3577334625420135,0.9820634434023204,0.5873625007510272,0.3662426873943327,,
2024-07-13 18:25:54,hf_ctgan_base_150000,1000,0.0001,8,9.0,4,0.9993805918788712,0.9689710396369944,0.3571428571428571,0.9839409134029,0.5882695688072271,0.3672340780871608,0.0,0.0,0.9949306296691568,0.0,0.0,0.0,0.0072463768115942,0.4,0.981727242414138,0.0142348754448398,0.6266505381515723,0.3698469977043587,0.0,0.0,0.9921328088539236,0.0,0.0,0.0,0.9984502521187216,0.9682,0.3577335380800756,0.9830273135088724,0.5879294007223909,0.3670146086135142,,
2024-07-13 18:27:12,hf_ctgan_base_150000,1000,0.0001,10,1.0,4,0.9995129079396006,0.9584945949552915,0.5,0.9785741049834792,0.6922768936470766,0.501220527031689,0.0104166666666666,0.25,0.9873265741728922,0.0199999999999999,0.4968215409412348,0.2286320905301041,0.0085106382978723,0.4,0.9844614871623876,0.0166666666666666,0.6275225851433197,0.3707694018713139,0.0,0.0,0.9865324354956996,0.0,0.0,0.0,0.9985884216605118,0.9578666666666666,0.5004538301643128,0.9776769913743836,0.6921049142298892,0.5009982481220325,,
2024-07-13 18:28:24,hf_ctgan_base_150000,1000,0.0001,10,5.0,4,0.9995113096900308,0.9553583344454823,0.5,0.9769361992494028,0.691143376748082,0.4994306862213264,0.0105263157894736,0.25,0.9874599786552828,0.0202020202020202,0.4968551042948242,0.2286596892942689,0.0084388185654008,0.4,0.98432810936979,0.0165289256198347,0.627480074383176,0.3707244204220125,0.0,0.0,0.9833988932595508,0.0,0.0,0.0,0.998586859442263,0.9547333333333332,0.50045364795129,0.9760406761827513,0.690972459010202,0.4992100775552842,,
2024-07-13 18:29:37,hf_ctgan_base_150000,1000,0.0001,10,9.0,4,0.9995110707550464,0.954891231816362,0.5,0.9766918062996964,0.6909743959859735,0.4991641983427603,0.0105263157894736,0.25,0.9874599786552828,0.0202020202020202,0.4968551042948242,0.2286596892942689,0.0081967213114754,0.4,0.9838612870956984,0.0160642570281124,0.6273312640370153,0.3705669741419864,0.0,0.0,0.9833988932595508,0.0,0.0,0.0,0.9985865400312,0.9542666666666668,0.5004534923438654,0.9757963564436004,0.6908035863600228,0.4989437859166447,,
2024-07-13 18:29:45,hf_ctgan_base_300000,100,0.001,4,1.0,4,0.999453365220362,0.9760443080208194,0.4285714285714285,0.9876101414536984,0.6467647976177229,0.4412057514853089,0.0069444444444444,0.25,0.980923159018143,0.0135135135135135,0.4952078248114984,0.2273063034009458,0.0129870129870129,0.2,0.9949316438812936,0.024390243902439,0.4460788369517868,0.1831682758318573,0.0,0.0,1.0,0.0,0.0,0.0,0.9985285747875224,0.9753333333333334,0.429092898137532,0.9867037092768496,0.6465739542588297,0.4409762455710137,,
2024-07-13 18:29:53,hf_ctgan_base_300000,100,0.001,4,5.0,4,0.999453365220362,0.9760443080208194,0.4285714285714285,0.9876101414536984,0.6467647976177229,0.4412057514853089,0.0069444444444444,0.25,0.980923159018143,0.0135135135135135,0.4952078248114984,0.2273063034009458,0.0129870129870129,0.2,0.9949316438812936,0.024390243902439,0.4460788369517868,0.1831682758318573,0.0,0.0,1.0,0.0,0.0,0.0,0.9985285747875224,0.9753333333333334,0.429092898137532,0.9867037092768496,0.6465739542588297,0.4409762455710137,,
2024-07-13 18:30:00,hf_ctgan_base_300000,100,0.001,4,9.0,4,0.999453365220362,0.9760443080208194,0.4285714285714285,0.9876101414536984,0.6467647976177229,0.4412057514853089,0.0069444444444444,0.25,0.980923159018143,0.0135135135135135,0.4952078248114984,0.2273063034009458,0.0129870129870129,0.2,0.9949316438812936,0.024390243902439,0.4460788369517868,0.1831682758318573,0.0,0.0,1.0,0.0,0.0,0.0,0.9985285747875224,0.9753333333333334,0.429092898137532,0.9867037092768496,0.6465739542588297,0.4409762455710137,,
2024-07-13 18:30:10,hf_ctgan_base_300000,100,0.001,8,1.0,4,0.9995865490628444,0.9679701054317364,0.5714285714285714,0.9835243067326598,0.7437242597444437,0.5750595088453982,0.0076335877862595,0.125,0.9913287086446104,0.014388489208633,0.3520171708604231,0.1131808820805461,0.0085470085470085,0.4,0.9845281760586864,0.0167364016736401,0.6275438394434882,0.3707918920622757,0.0,0.0,0.9917994532968863,0.0,0.0,0.0,0.9986605218667208,0.9672666666666668,0.5718182427620879,0.9826196033745118,0.7434270408729554,0.5747067470716063,,
2024-07-13 18:30:20,hf_ctgan_base_300000,100,0.001,8,5.0,4,0.9995864920744314,0.9678366475377018,0.5714285714285714,0.9834553837808516,0.7436729878640791,0.57497284221802,0.0076923076923076,0.125,0.9913954108858056,0.0144927536231884,0.3520290135212234,0.1131876709311668,0.0084033613445378,0.4,0.9842614204734912,0.0164609053497942,0.6274588179230542,0.3707019291636726,0.0,0.0,0.991866124408294,0.0,0.0,0.0,0.9986604483663792,0.9671333333333332,0.571818193862829,0.982550708526372,0.7433757948219248,0.5746201349661677,,
2024-07-13 18:30:29,hf_ctgan_base_300000,100,0.001,8,9.0,4,0.99958666299256,0.9682370212198051,0.5714285714285714,0.983662124601722,0.7438267929026815,0.5752328482067864,0.0080645161290322,0.125,0.9917956243329776,0.0151515151515151,0.3521000611212986,0.1132284016990669,0.0084033613445378,0.4,0.9842614204734912,0.0164609053497942,0.6274588179230542,0.3707019291636726,0.0,0.0,0.991866124408294,0.0,0.0,0.0,0.9986608176361506,0.9675333333333334,0.5718184073100007,0.9827576077286244,0.7435294942012114,0.574879920005754,,
2024-07-13 18:30:48,hf_ctgan_base_300000,100,0.001,10,1.0,4,0.9995839689363472,0.9619645002001868,0.5714285714285714,0.9804134929270948,0.7414135149256402,0.5711615258018784,0.0059523809523809,0.125,0.9888607257203842,0.0113636363636363,0.3515787119764904,0.112929616413083,0.0096153846153846,0.4,0.986262087362454,0.0187793427230046,0.6280961987983861,0.3713765121440391,0.0,0.0,0.9865324354956996,0.0,0.0,0.0,0.9986574036300532,0.9612666666666668,0.5718171533404427,0.9795107607206645,0.7411184030243634,0.5708124630105983,,
2024-07-13 18:31:01,hf_ctgan_base_300000,100,0.001,10,5.0,4,0.9995843148122489,0.9627652475643934,0.5714285714285714,0.9808293677770225,0.7417220301681731,0.5716810187157066,0.0059523809523809,0.125,0.9888607257203842,0.0113636363636363,0.3515787119764904,0.112929616413083,0.0096618357487922,0.4,0.9863287762587528,0.0188679245283018,0.6281174336885589,0.3713989927285976,0.0,0.0,0.9872658177211814,0.0,0.0,0.0,0.9986577646668484,0.9620666666666666,0.5718172244622232,0.9799262769480008,0.741426637397633,0.5713314785579018,,
2024-07-13 18:31:19,hf_ctgan_base_300000,100,0.001,10,9.0,4,0.9995818232506272,0.9570265581209128,0.5714285714285714,0.977841412695166,0.7395081601485111,0.5679596054418087,0.0111111111111111,0.25,0.9881270010672358,0.0212765957446808,0.4970228870653835,0.2287976697675259,0.0080321285140562,0.4,0.9835278426142048,0.0157480314960629,0.627224949316975,0.3704545018396151,0.0,0.0,0.9851323421561438,0.0,0.0,0.0,0.9986574835176906,0.9564,0.5718157572661555,0.9769453575715462,0.7392921063885798,0.5676750200678856,,
2024-07-13 18:31:32,hf_ctgan_base_300000,500,0.001,4,1.0,4,0.9994548923412374,0.9787801948485252,0.4285714285714285,0.9890095071134786,0.6476706156401213,0.4425572310835421,0.0071942446043165,0.25,0.981590181430096,0.0139860139860139,0.495376165512153,0.2274445018844629,0.0217391304347826,0.2,0.9969989996665556,0.0392156862745098,0.4465420472176289,0.1835076558252551,0.0,0.0,1.0,0.0,0.0,0.0,0.9985331510823194,0.9780666666666666,0.4290939430014134,0.98810696267639,0.6474791710362029,0.442326650620811,,
2024-07-13 18:31:45,hf_ctgan_base_300000,500,0.001,4,5.0,4,0.9994548923412374,0.9787801948485252,0.4285714285714285,0.9890095071134786,0.6476706156401213,0.4425572310835421,0.0071942446043165,0.25,0.981590181430096,0.0139860139860139,0.495376165512153,0.2274445018844629,0.0217391304347826,0.2,0.9969989996665556,0.0392156862745098,0.4465420472176289,0.1835076558252551,0.0,0.0,1.0,0.0,0.0,0.0,0.9985331510823194,0.9780666666666666,0.4290939430014134,0.98810696267639,0.6474791710362029,0.442326650620811,,
2024-07-13 18:31:58,hf_ctgan_base_300000,500,0.001,4,9.0,4,0.9994553747702364,0.979647671159749,0.4285714285714285,0.989452401010952,0.6479575618245432,0.4429858829691687,0.0071942446043165,0.25,0.981590181430096,0.0139860139860139,0.495376165512153,0.2274445018844629,0.0303030303030303,0.2,0.9978659553184396,0.0526315789473684,0.4467361537459084,0.18364992558929,0.0,0.0,1.0,0.0,0.0,0.0,0.9985364876943408,0.9789333333333332,0.4290942319866307,0.98855391517045,0.6477659141063621,0.4427549498545989,,
2024-07-13 18:32:23,hf_ctgan_base_300000,500,0.001,8,1.0,4,0.999587316871862,0.9697717870012011,0.5714285714285714,0.9844538526672312,0.7444160844969896,0.5762297075438676,0.0073529411764705,0.125,0.990995197438634,0.0138888888888888,0.3519579515792039,0.1131469361589966,0.009009009009009,0.4,0.9853284428142716,0.0176211453744493,0.6277988349190436,0.3710617466019851,0.0,0.0,0.993132875525035,0.0,0.0,0.0,0.9986612932810786,0.9690666666666666,0.5718184205398451,0.9835483101939408,0.7441182733372743,0.5758759254316453,,
2024-07-13 18:32:47,hf_ctgan_base_300000,500,0.001,8,5.0,4,0.9995873736331752,0.9699052448952356,0.5714285714285714,0.984522640295323,0.7444673051998746,0.5763164036866331,0.0075187969924812,0.125,0.99119530416222,0.0141843971631205,0.3519934843434996,0.1131673040456155,0.0089686098654708,0.4,0.9852617539179728,0.0175438596491228,0.6277775892521085,0.3710392606805358,0.0,0.0,0.993132875525035,0.0,0.0,0.0,0.9986614249794684,0.9692,0.5718185050337987,0.9836171654627508,0.7441694581030887,0.5759625440255767,,
2024-07-13 18:33:16,hf_ctgan_base_300000,500,0.001,8,9.0,4,0.999587316871862,0.9697717870012011,0.5714285714285714,0.9844538526672312,0.7444160844969896,0.5762297075438676,0.0075757575757575,0.125,0.9912620064034152,0.0142857142857142,0.3520053278011952,0.1131740931186956,0.0091324200913242,0.4,0.9855285095031676,0.0178571428571428,0.6278625676063728,0.3711292022315763,0.0,0.0,0.9926661777451832,0.0,0.0,0.0,0.9986614532535188,0.9690666666666666,0.5718185984136706,0.98354860049998,0.7441183198488218,0.5758759624005672,,
2024-07-13 18:33:59,hf_ctgan_base_300000,500,0.001,10,1.0,4,0.9996519317786288,0.9582276791672228,0.6428571428571429,0.9785015842731084,0.7848589096366759,0.6354304437058945,0.0170454545454545,0.375,0.9884605122732124,0.0326086956521739,0.608828951432547,0.3479333861441684,0.0079365079365079,0.4,0.9833277759253084,0.0155642023346303,0.627161151834298,0.3703870141886797,0.0,0.0,0.9861990799386626,0.0,0.0,0.0,0.998730659720705,0.9576666666666668,0.6431778443276595,0.9776108954995796,0.7846601371457238,0.6351464021024421,,
2024-07-13 18:34:43,hf_ctgan_base_300000,500,0.001,10,5.0,4,0.9996527054247412,0.9603630054717736,0.6428571428571429,0.9796140625531772,0.7857329176019566,0.6369782746624221,0.0171428571428571,0.375,0.9885272145144076,0.0327868852459016,0.6088494932599541,0.3479543923781762,0.0079365079365079,0.4,0.9833277759253084,0.0155642023346303,0.627161151834298,0.3703870141886797,0.0,0.0,0.9882658843922928,0.0,0.0,0.0,0.9987314845927998,0.9598,0.6431780176891517,0.9787224305010368,0.7855333403258782,0.6366927996200684,,
2024-07-13 18:35:24,hf_ctgan_base_300000,500,0.001,10,9.0,4,0.9995833043961386,0.9604297344187908,0.5714285714285714,0.9796154500595542,0.7408218349214958,0.5701660358769832,0.0061349693251533,0.125,0.9891942369263608,0.0116959064327485,0.3516379951253776,0.1129635801313884,0.008,0.4,0.983461153717906,0.0156862745098039,0.6272036842104505,0.3704320063117628,0.0,0.0,0.9874658310554036,0.0,0.0,0.0,0.998656298629009,0.9597333333333332,0.5718164597949084,0.9787126088810992,0.7405270093677061,0.5698176054883387,,
2024-07-13 18:35:45,hf_ctgan_base_300000,1000,0.001,4,1.0,4,0.9994531784005468,0.9757106632857332,0.4285714285714285,0.9874392220421394,0.6466542452012071,0.4410409807915746,0.0074906367041198,0.25,0.9823239060832444,0.0145454545454545,0.4955612742343888,0.2275964945222653,0.03125,0.2,0.9979326442147384,0.054054054054054,0.446751081524094,0.1836608681720182,0.0,0.0,0.9952663510900728,0.0,0.0,0.0,0.9985347671069488,0.975,0.4290943299594839,0.9865433876953424,0.6464639176124524,0.440811947629305,,
2024-07-13 18:36:07,hf_ctgan_base_300000,1000,0.001,4,5.0,4,0.9994531784005468,0.9757106632857332,0.4285714285714285,0.9874392220421394,0.6466542452012071,0.4410409807915746,0.0074906367041198,0.25,0.9823239060832444,0.0145454545454545,0.4955612742343888,0.2275964945222653,0.03125,0.2,0.9979326442147384,0.054054054054054,0.446751081524094,0.1836608681720182,0.0,0.0,0.9952663510900728,0.0,0.0,0.0,0.9985347671069488,0.975,0.4290943299594839,0.9865433876953424,0.6464639176124524,0.440811947629305,,
2024-07-13 18:36:29,hf_ctgan_base_300000,1000,0.001,4,9.0,4,0.9994531784005468,0.9757106632857332,0.4285714285714285,0.9874392220421394,0.6466542452012071,0.4410409807915746,0.0074906367041198,0.25,0.9823239060832444,0.0145454545454545,0.4955612742343888,0.2275964945222653,0.03125,0.2,0.9979326442147384,0.054054054054054,0.446751081524094,0.1836608681720182,0.0,0.0,0.9952663510900728,0.0,0.0,0.0,0.9985347671069488,0.975,0.4290943299594839,0.9865433876953424,0.6464639176124524,0.440811947629305,,
2024-07-13 18:37:15,hf_ctgan_base_300000,1000,0.001,8,1.0,4,0.9995871464941856,0.9693714133190978,0.5714285714285714,0.9842474338561604,0.7442624012380494,0.5759696313288352,0.0071428571428571,0.125,0.9907283884738528,0.0135135135135135,0.3519105689791535,0.113119777419622,0.0092165898617511,0.4,0.9856618872957652,0.018018018018018,0.6279050524707586,0.3711741708723403,0.0,0.0,0.9926661777451832,0.0,0.0,0.0,0.9986610802112212,0.9686666666666668,0.5718183582767056,0.983342016131108,0.7439647436511729,0.5756161149445095,,
2024-07-13 18:38:07,hf_ctgan_base_300000,1000,0.001,8,5.0,4,0.999587174900234,0.969438142266115,0.5714285714285714,0.9842818428184282,0.7442880173182249,0.5760129760924589,0.0070921985815602,0.125,0.9906616862326574,0.0134228187919463,0.3518987223322673,0.113112987456704,0.0093023255813953,0.4,0.9857952650883628,0.0181818181818181,0.6279475344607582,0.3712191380899335,0.0,0.0,0.9926661777451832,0.0,0.0,0.0,0.9986611101514312,0.9687333333333332,0.5718183671614412,0.9833763992078808,0.7439903436654587,0.5756594306207795,,
2024-07-13 18:38:52,hf_ctgan_base_300000,1000,0.001,8,9.0,4,0.999587174900234,0.969438142266115,0.5714285714285714,0.9842818428184282,0.7442880173182249,0.5760129760924589,0.0071428571428571,0.125,0.9907283884738528,0.0135135135135135,0.3519105689791535,0.113119777419622,0.0092592592592592,0.4,0.985728576192064,0.0180995475113122,0.6279262938250202,0.3711966546590332,0.0,0.0,0.9926661777451832,0.0,0.0,0.0,0.9986611228138896,0.9687333333333332,0.5718183805063378,0.983376420154842,0.7439903429034584,0.575659426747616,,
2024-07-13 18:40:16,hf_ctgan_base_300000,1000,0.001,10,1.0,4,0.9996528018887576,0.9606299212598424,0.6428571428571429,0.979752951985572,0.7858421002492705,0.6371717947517527,0.0162162162162162,0.375,0.9878601921024548,0.0310880829015544,0.6086440437878452,0.347744315022085,0.0079681274900398,0.4,0.9833944648216072,0.015625,0.6271824183829159,0.3704095104281176,0.0,0.0,0.9891326088405894,0.0,0.0,0.0,0.99873109729814,0.9600666666666666,0.6431777419551274,0.9788603045412662,0.7856423185851856,0.6368860345481387,,
2024-07-13 18:41:35,hf_ctgan_base_300000,1000,0.001,10,5.0,4,0.999652946484348,0.9610302949419458,0.6428571428571429,0.979961215255333,0.7860058457833101,0.6374620920606509,0.0167597765363128,0.375,0.9882604055496264,0.0320855614973262,0.6087673217914296,0.3478703654400099,0.0079051383399209,0.4,0.9832610870290096,0.0155038759689922,0.6271398845645235,0.3703645175934492,0.0,0.0,0.9892659510634042,0.0,0.0,0.0,0.9987315106612284,0.9604666666666668,0.6431779198325166,0.979068865045883,0.7858059628603893,0.63717611314216,,
2024-07-13 18:42:54,hf_ctgan_base_300000,1000,0.001,10,9.0,4,0.9996533314844346,0.9620979580942212,0.6428571428571429,0.9805161685198408,0.786442333861258,0.6382363189771377,0.0115606936416184,0.25,0.988593916755603,0.0220994475138121,0.4971403013123164,0.2288942428624686,0.0080645161290322,0.4,0.9835945315105036,0.0158102766798418,0.6272462137025631,0.3704769970116748,0.0,0.0,0.9895993066204414,0.0,0.0,0.0,0.998729175583701,0.9614666666666668,0.6431782310770241,0.979618076560123,0.7861825445815882,0.6378862010079563,,
2024-07-13 18:43:02,hf_ctgan_base_300000,100,0.0001,4,1.0,4,0.999453327866612,0.9759775790738022,0.4285714285714285,0.987575962187711,0.6467426886462218,0.441172796583233,0.0069444444444444,0.25,0.980923159018143,0.0135135135135135,0.4952078248114984,0.2273063034009458,0.0128205128205128,0.2,0.994864954984995,0.0240963855421686,0.44606388667656,0.183157325243793,0.0,0.0,1.0,0.0,0.0,0.0,0.9985284819685804,0.9752666666666666,0.4290928759078999,0.9866694639587238,0.6465518609389437,0.4409433177766504,,
2024-07-13 18:43:10,hf_ctgan_base_300000,100,0.0001,4,5.0,4,0.999453327866612,0.9759775790738022,0.4285714285714285,0.987575962187711,0.6467426886462218,0.441172796583233,0.0069444444444444,0.25,0.980923159018143,0.0135135135135135,0.4952078248114984,0.2273063034009458,0.0128205128205128,0.2,0.994864954984995,0.0240963855421686,0.44606388667656,0.183157325243793,0.0,0.0,1.0,0.0,0.0,0.0,0.9985284819685804,0.9752666666666666,0.4290928759078999,0.9866694639587238,0.6465518609389437,0.4409433177766504,,
2024-07-13 18:43:17,hf_ctgan_base_300000,100,0.0001,4,9.0,4,0.999453365220362,0.9760443080208194,0.4285714285714285,0.9876101414536984,0.6467647976177229,0.4412057514853089,0.0069444444444444,0.25,0.980923159018143,0.0135135135135135,0.4952078248114984,0.2273063034009458,0.0129870129870129,0.2,0.9949316438812936,0.024390243902439,0.4460788369517868,0.1831682758318573,0.0,0.0,1.0,0.0,0.0,0.0,0.9985285747875224,0.9753333333333334,0.429092898137532,0.9867037092768496,0.6465739542588297,0.4409762455710137,,
2024-07-13 18:43:27,hf_ctgan_base_300000,100,0.0001,8,1.0,4,0.999586577551161,0.9680368343787537,0.5714285714285714,0.9835587647038884,0.7437498943591775,0.5751028429224163,0.0076923076923076,0.125,0.9913954108858056,0.0144927536231884,0.3520290135212234,0.1131876709311668,0.0085106382978723,0.4,0.9844614871623876,0.0166666666666666,0.6275225851433197,0.3707694018713139,0.0,0.0,0.991866124408294,0.0,0.0,0.0,0.9986605695223152,0.9673333333333334,0.5718182605517252,0.9826540615476526,0.743452650793368,0.5747500368274758,,
2024-07-13 18:43:37,hf_ctgan_base_300000,100,0.0001,8,5.0,4,0.999586577551161,0.9680368343787537,0.5714285714285714,0.9835587647038884,0.7437498943591775,0.5751028429224163,0.0076923076923076,0.125,0.9913954108858056,0.0144927536231884,0.3520290135212234,0.1131876709311668,0.0085106382978723,0.4,0.9844614871623876,0.0166666666666666,0.6275225851433197,0.3707694018713139,0.0,0.0,0.991866124408294,0.0,0.0,0.0,0.9986605695223152,0.9673333333333334,0.5718182605517252,0.9826540615476526,0.743452650793368,0.5747500368274758,,
2024-07-13 18:43:47,hf_ctgan_base_300000,100,0.0001,8,9.0,4,0.999586776859504,0.968503937007874,0.5714285714285714,0.9837999051040466,0.7439293119291353,0.5754061957103507,0.0080645161290322,0.125,0.9917956243329776,0.0151515151515151,0.3521000611212986,0.1132284016990669,0.0085470085470085,0.4,0.9845281760586864,0.0167364016736401,0.6275438394434882,0.3707918920622757,0.0,0.0,0.991866124408294,0.0,0.0,0.0,0.9986609792792196,0.9678,0.5718184962285291,0.9828953514679216,0.7436319458837471,0.575053135705948,,
2024-07-13 18:44:00,hf_ctgan_base_300000,100,0.0001,10,1.0,4,0.9995835068721366,0.9608968370479114,0.5714285714285714,0.979858464888405,0.7410019614579443,0.5704689825739012,0.0064516129032258,0.125,0.9897278548559232,0.0122699386503067,0.3517328273803717,0.1130179162967314,0.009090909090909,0.4,0.9854618206068688,0.0177777777777777,0.6278413240961028,0.3711067173775054,0.0,0.0,0.9853990266017736,0.0,0.0,0.0,0.998657033428968,0.9602,0.5718172734931369,0.978956400214382,0.7407072309098851,0.5701205233179829,,
2024-07-13 18:44:15,hf_ctgan_base_300000,100,0.0001,10,5.0,4,0.9995138213640784,0.9602962765247564,0.5,0.9795126599509936,0.6929272243622545,0.5022491782846248,0.0065359477124183,0.125,0.9898612593383138,0.0124223602484472,0.3517565314493666,0.1130314992257699,0.008130081300813,0.4,0.9837279093031012,0.0159362549800796,0.6272887403112226,0.3705219862884161,0.0,0.0,0.9864657643842922,0.0,0.0,0.0,0.998587137663352,0.9596,0.5004549330257071,0.978610385478832,0.6926771920163931,0.5019642031799091,,
2024-07-13 18:44:28,hf_ctgan_base_300000,100,0.0001,10,9.0,4,0.9995121951219512,0.95709328706793,0.5,0.9778429233706026,0.691770658190968,0.5004206893647914,0.0120481927710843,0.25,0.98906083244397,0.0229885057471264,0.4972576878349821,0.2289908050568984,0.0080321285140562,0.4,0.9835278426142048,0.0157480314960629,0.627224949316975,0.3704545018396151,0.0,0.0,0.9843322888192546,0.0,0.0,0.0,0.9985884201521532,0.9564666666666668,0.5004542972107628,0.9769477798556871,0.6915992846599407,0.5001992433180279,,
2024-07-13 18:44:42,hf_ctgan_base_300000,500,0.0001,4,1.0,4,0.9994532531437944,0.9758441211797678,0.4285714285714285,0.9875075967317172,0.6466984684356716,0.4411068879240748,0.0068965517241379,0.25,0.9807897545357523,0.0134228187919463,0.4951741498038222,0.227278661034729,0.0128205128205128,0.2,0.994864954984995,0.0240963855421686,0.44606388667656,0.183157325243793,0.0,0.0,1.0,0.0,0.0,0.0,0.99852838177272,0.9751333333333332,0.4290928047588426,0.9866011139399706,0.6465076640405859,0.4408774558896455,,
2024-07-13 18:44:56,hf_ctgan_base_300000,500,0.0001,4,5.0,4,0.9994532531437944,0.9758441211797678,0.4285714285714285,0.9875075967317172,0.6466984684356716,0.4411068879240748,0.0068965517241379,0.25,0.9807897545357523,0.0134228187919463,0.4951741498038222,0.227278661034729,0.0128205128205128,0.2,0.994864954984995,0.0240963855421686,0.44606388667656,0.183157325243793,0.0,0.0,1.0,0.0,0.0,0.0,0.99852838177272,0.9751333333333332,0.4290928047588426,0.9866011139399706,0.6465076640405859,0.4408774558896455,,
2024-07-13 18:45:10,hf_ctgan_base_300000,500,0.0001,4,9.0,4,0.9994532531437944,0.9758441211797678,0.4285714285714285,0.9875075967317172,0.6466984684356716,0.4411068879240748,0.0068965517241379,0.25,0.9807897545357523,0.0134228187919463,0.4951741498038222,0.227278661034729,0.0128205128205128,0.2,0.994864954984995,0.0240963855421686,0.44606388667656,0.183157325243793,0.0,0.0,1.0,0.0,0.0,0.0,0.99852838177272,0.9751333333333332,0.4290928047588426,0.9866011139399706,0.6465076640405859,0.4408774558896455,,
2024-07-13 18:45:40,hf_ctgan_base_300000,500,0.0001,8,1.0,4,0.9995181386383974,0.9689043106899772,0.5,0.9839731643682444,0.696025973182746,0.5071683257414201,0.0076923076923076,0.125,0.9913954108858056,0.0144927536231884,0.3520290135212234,0.1131876709311668,0.0085470085470085,0.4,0.9845281760586864,0.0167364016736401,0.6275438394434882,0.3707918920622757,0.0,0.0,0.9927328488565904,0.0,0.0,0.0,0.9985922066092864,0.9682,0.5004564358010825,0.983068097683991,0.6957732790281345,0.5068789326925789,,
2024-07-13 18:46:03,hf_ctgan_base_300000,500,0.0001,8,5.0,4,0.9995181386383974,0.9689043106899772,0.5,0.9839731643682444,0.696025973182746,0.5071683257414201,0.0076923076923076,0.125,0.9913954108858056,0.0144927536231884,0.3520290135212234,0.1131876709311668,0.0085470085470085,0.4,0.9845281760586864,0.0167364016736401,0.6275438394434882,0.3707918920622757,0.0,0.0,0.9927328488565904,0.0,0.0,0.0,0.9985922066092864,0.9682,0.5004564358010825,0.983068097683991,0.6957732790281345,0.5068789326925789,,
2024-07-13 18:46:31,hf_ctgan_base_300000,500,0.0001,8,9.0,4,0.9995184038527692,0.969438142266115,0.5,0.984248501067037,0.6962176894715169,0.5074736331604234,0.0081967213114754,0.125,0.9919290288153682,0.0153846153846153,0.3521237404690587,0.1132419777318625,0.0085470085470085,0.4,0.9845281760586864,0.0167364016736401,0.6275438394434882,0.3707918920622757,0.0,0.0,0.9927328488565904,0.0,0.0,0.0,0.9985927405967217,0.9687333333333332,0.5004567203973115,0.9833436530614708,0.6959648669027414,0.507183984121618,,
2024-07-13 18:47:14,hf_ctgan_base_300000,500,0.0001,10,1.0,4,0.9995836802664446,0.9612972107300148,0.5714285714285714,0.9800666712021228,0.7411563207891589,0.5707286710178131,0.0118343195266272,0.25,0.9888607257203842,0.0225988700564971,0.4972073827188168,0.2289494225940423,0.0088888888888888,0.4,0.9851283761253752,0.017391304347826,0.6277350957610623,0.3709942877702594,0.0,0.0,0.9870658043869592,0.0,0.0,0.0,0.9986600100982396,0.9606666666666668,0.5718168109946232,0.9791697921411469,0.7409389971924595,0.5704417620461701,,
2024-07-13 18:48:01,hf_ctgan_base_300000,500,0.0001,10,5.0,4,0.9995830727538044,0.9598959028426532,0.5714285714285714,0.9793375770160327,0.740615922379148,0.5698198416136645,0.0118343195266272,0.25,0.9888607257203842,0.0225988700564971,0.4972073827188168,0.2289494225940423,0.0079681274900398,0.4,0.9833944648216072,0.015625,0.6271824183829159,0.3704095104281176,0.0,0.0,0.9873991599439964,0.0,0.0,0.0,0.998659096232145,0.9592666666666668,0.5718162552478924,0.978440789674848,0.7403989189285052,0.569533585957018,,
2024-07-13 18:48:44,hf_ctgan_base_300000,500,0.0001,10,9.0,4,0.999582985821518,0.9596957160016016,0.5714285714285714,0.979233335602914,0.7405386904145624,0.5696900271615386,0.0119047619047619,0.25,0.9889274279615796,0.0227272727272727,0.497224151656368,0.2289632169707871,0.0078431372549019,0.4,0.983127709236412,0.0153846153846153,0.6270973478612112,0.3703195233356101,0.0,0.0,0.9873991599439964,0.0,0.0,0.0,0.998659005286852,0.9590666666666666,0.5718162019038926,0.9783366339069344,0.7403217396336793,0.5694038700263508,,
2024-07-13 18:49:05,hf_ctgan_base_300000,1000,0.0001,4,1.0,4,0.9994540739729768,0.9773121580141464,0.4285714285714285,0.9882591093117408,0.6471847245727826,0.4418319671410022,0.0074626865671641,0.25,0.9822572038420492,0.0144927536231884,0.4955444490260306,0.227582678122035,0.0128205128205128,0.2,0.994864954984995,0.0240963855421686,0.44606388667656,0.183157325243793,0.0,0.0,1.0,0.0,0.0,0.0,0.998529503774378,0.9766,0.4290935873984726,0.9873524957401628,0.6469936638315542,0.441602020508417,,
2024-07-13 18:49:24,hf_ctgan_base_300000,1000,0.0001,4,5.0,4,0.9994540739729768,0.9773121580141464,0.4285714285714285,0.9882591093117408,0.6471847245727826,0.4418319671410022,0.0074626865671641,0.25,0.9822572038420492,0.0144927536231884,0.4955444490260306,0.227582678122035,0.0128205128205128,0.2,0.994864954984995,0.0240963855421686,0.44606388667656,0.183157325243793,0.0,0.0,1.0,0.0,0.0,0.0,0.998529503774378,0.9766,0.4290935873984726,0.9873524957401628,0.6469936638315542,0.441602020508417,,
2024-07-13 18:49:44,hf_ctgan_base_300000,1000,0.0001,4,9.0,4,0.9994540739729768,0.9773121580141464,0.4285714285714285,0.9882591093117408,0.6471847245727826,0.4418319671410022,0.0074626865671641,0.25,0.9822572038420492,0.0144927536231884,0.4955444490260306,0.227582678122035,0.0128205128205128,0.2,0.994864954984995,0.0240963855421686,0.44606388667656,0.183157325243793,0.0,0.0,1.0,0.0,0.0,0.0,0.998529503774378,0.9766,0.4290935873984726,0.9873524957401628,0.6469936638315542,0.441602020508417,,
2024-07-13 18:50:27,hf_ctgan_base_300000,1000,0.0001,8,1.0,4,0.9995182049693716,0.9690377685840116,0.5,0.9840420125359988,0.6960739072052664,0.5072446499245196,0.0076923076923076,0.125,0.9913954108858056,0.0144927536231884,0.3520290135212234,0.1131876709311668,0.0085470085470085,0.4,0.9845281760586864,0.0167364016736401,0.6275438394434882,0.3707918920622757,0.0,0.0,0.9928661910794052,0.0,0.0,0.0,0.9985922728783516,0.9683333333333334,0.5004564446905639,0.9831368815934554,0.695821168312234,0.506955185639774,,
2024-07-13 18:51:13,hf_ctgan_base_300000,1000,0.0001,8,5.0,4,0.9995185694635488,0.9697717870012011,0.5,0.9844205107363002,0.696337485347874,0.5076644647687457,0.0080645161290322,0.125,0.9917956243329776,0.0151515151515151,0.3521000611212986,0.1132284016990669,0.0085470085470085,0.4,0.9845281760586864,0.0167364016736401,0.6275438394434882,0.3707918920622757,0.0,0.0,0.9931995466364424,0.0,0.0,0.0,0.9985928355435004,0.9690666666666666,0.5004566803614396,0.9835153778682516,0.6960845383406284,0.5073746303798885,,
2024-07-13 18:52:01,hf_ctgan_base_300000,1000,0.0001,8,9.0,4,0.999518635675973,0.9699052448952356,0.5,0.9844892982931456,0.6963853979282002,0.5077408005290012,0.0081967213114754,0.125,0.9919290288153682,0.0153846153846153,0.3521237404690587,0.1132419777318625,0.0085470085470085,0.4,0.9845281760586864,0.0167364016736401,0.6275438394434882,0.3707918920622757,0.0,0.0,0.9931995466364424,0.0,0.0,0.0,0.998592972203557,0.9692,0.5004567515104968,0.9835842255435014,0.6961324188315318,0.5074509021339852,,
2024-07-13 18:53:27,hf_ctgan_base_300000,1000,0.0001,10,1.0,4,0.9995832465096895,0.9602962765247564,0.5714285714285714,0.9795459959840724,0.740770362151941,0.5700794842578375,0.0119047619047619,0.25,0.9889274279615796,0.0227272727272727,0.497224151656368,0.2289632169707871,0.008130081300813,0.4,0.9837279093031012,0.0159362549800796,0.6272887403112226,0.3705219862884161,0.0,0.0,0.9873991599439964,0.0,0.0,0.0,0.99865936137973,0.9596666666666668,0.5718164019705814,0.978649186351602,0.7405532589415864,0.5697930311170109,,
2024-07-13 18:54:51,hf_ctgan_base_300000,1000,0.0001,10,5.0,4,0.9995828698553948,0.9594288002135326,0.5714285714285714,0.9790943139257744,0.740435701930591,0.5695169483497746,0.0109890109890109,0.25,0.9879935965848452,0.0210526315789473,0.4969893350427263,0.2287700754525501,0.0081632653061224,0.4,0.9837945981994,0.016,0.6273100025344407,0.3705444803930976,0.0,0.0,0.9873991599439964,0.0,0.0,0.0,0.998658507737826,0.9588,0.5718159261568126,0.9781970539696192,0.7402187929216568,0.5692309247316872,,
2024-07-13 18:56:12,hf_ctgan_base_300000,1000,0.0001,10,9.0,4,0.9995831306885292,0.9600293607366877,0.5714285714285714,0.9794070594642432,0.740667405881513,0.569906387126178,0.011049723756906,0.25,0.9880602988260404,0.0211640211640211,0.4970061113371848,0.2287838727212677,0.0080321285140562,0.4,0.9835278426142048,0.0157480314960629,0.627224949316975,0.3704545018396151,0.0,0.0,0.9881992132808854,0.0,0.0,0.0,0.9986587569953947,0.9594,0.571815926149702,0.9785094830305292,0.7404502612118425,0.5696199773975916,,
2024-07-13 18:56:19,hf_ctgan_syn_100000,100,0.001,4,1.0,4,0.9995241979336597,0.9812491658881622,0.5,0.9903023772644624,0.7004459885987506,0.5142358500746878,0.0,0.0,1.0,0.0,0.0,0.0,0.0104166666666666,0.6,0.9809936645548516,0.0204778156996587,0.7672002337935716,0.5661710564630802,0.0,0.0,1.0,0.0,0.0,0.0,0.9985947809044772,0.9805333333333334,0.5004603312215182,0.9893849209842488,0.7000479724206563,0.5139446203001058,,
2024-07-13 18:56:24,hf_ctgan_syn_100000,100,0.001,4,5.0,4,0.9995241979336597,0.9812491658881622,0.5,0.9903023772644624,0.7004459885987506,0.5142358500746878,0.0,0.0,1.0,0.0,0.0,0.0,0.0104166666666666,0.6,0.9809936645548516,0.0204778156996587,0.7672002337935716,0.5661710564630802,0.0,0.0,1.0,0.0,0.0,0.0,0.9985947809044772,0.9805333333333334,0.5004603312215182,0.9893849209842488,0.7000479724206563,0.5139446203001058,,
2024-07-13 18:56:30,hf_ctgan_syn_100000,100,0.001,4,9.0,4,0.9995241979336597,0.9812491658881622,0.5,0.9903023772644624,0.7004459885987506,0.5142358500746878,0.0,0.0,1.0,0.0,0.0,0.0,0.0104166666666666,0.6,0.9809936645548516,0.0204778156996587,0.7672002337935716,0.5661710564630802,0.0,0.0,1.0,0.0,0.0,0.0,0.9985947809044772,0.9805333333333334,0.5004603312215182,0.9893849209842488,0.7000479724206563,0.5139446203001058,,
2024-07-13 18:56:37,hf_ctgan_syn_100000,100,0.001,8,1.0,4,0.9995919200163232,0.9807153343120244,0.5714285714285714,0.9900636599413924,0.7486045434433416,0.5833455512920558,0.0,0.0,0.9990661686232656,0.0,0.0,0.0,0.0141342756183745,0.8,0.9813937979326444,0.0277777777777777,0.8860671748496924,0.7708735384841519,0.0,0.0,1.0,0.0,0.0,0.0,0.9986636789828476,0.9800666666666666,0.5718218713178147,0.9891488597847063,0.7482012015944111,0.5830580532903445,,
2024-07-13 18:56:45,hf_ctgan_syn_100000,100,0.001,8,5.0,4,0.9995919200163232,0.9807153343120244,0.5714285714285714,0.9900636599413924,0.7486045434433416,0.5833455512920558,0.0,0.0,0.9990661686232656,0.0,0.0,0.0,0.0141342756183745,0.8,0.9813937979326444,0.0277777777777777,0.8860671748496924,0.7708735384841519,0.0,0.0,1.0,0.0,0.0,0.0,0.9986636789828476,0.9800666666666666,0.5718218713178147,0.9891488597847063,0.7482012015944111,0.5830580532903445,,
2024-07-13 18:56:53,hf_ctgan_syn_100000,100,0.001,8,9.0,4,0.9995918922595564,0.9806486053650072,0.5714285714285714,0.990029641606036,0.7485790750729991,0.5833021205267003,0.0,0.0,0.9990661686232656,0.0,0.0,0.0,0.0140845070422535,0.8,0.9813271090363456,0.0276816608996539,0.8860370687669205,0.7708263906130322,0.0,0.0,1.0,0.0,0.0,0.0,0.9986636346624616,0.98,0.5718218490881826,0.9891148411608368,0.7481757469591866,0.583014647344413,,
2024-07-13 18:57:05,hf_ctgan_syn_100000,100,0.001,10,1.0,4,0.999591113534142,0.9787801948485252,0.5714285714285714,0.9890761968981794,0.7478656085720693,0.5820862657044628,0.0,0.0,0.9990661686232656,0.0,0.0,0.0,0.014336917562724,0.8,0.9816605535178392,0.028169014084507,0.8861875889529662,0.7710621228527771,0.0,0.0,0.9977998533235548,0.0,0.0,0.0,0.9986629408006976,0.9781333333333332,0.571821813559898,0.9881624487857692,0.7474629965337196,0.5818000058974229,,
2024-07-13 18:57:16,hf_ctgan_syn_100000,100,0.001,10,5.0,4,0.9995911413969336,0.9788469237955424,0.5714285714285714,0.9891102794915884,0.7478911012385016,0.5821296822210105,0.0,0.0,0.9990661686232656,0.0,0.0,0.0,0.014388489208633,0.8,0.981727242414138,0.0282685512367491,0.8862176899223523,0.77110926716597,0.0,0.0,0.9977998533235548,0.0,0.0,0.0,0.9986629858280328,0.9782,0.57182183578953,0.9881965327478084,0.7474884754406531,0.5818433976066595,,
2024-07-13 18:57:26,hf_ctgan_syn_100000,100,0.001,10,9.0,4,0.9995911413969336,0.9788469237955424,0.5714285714285714,0.9891102794915884,0.7478911012385016,0.5821296822210105,0.0,0.0,0.9990661686232656,0.0,0.0,0.0,0.014388489208633,0.8,0.981727242414138,0.0282685512367491,0.8862176899223523,0.77110926716597,0.0,0.0,0.9977998533235548,0.0,0.0,0.0,0.9986629858280328,0.9782,0.57182183578953,0.9881965327478084,0.7474884754406531,0.5818433976066595,,
2024-07-13 18:57:37,hf_ctgan_syn_100000,500,0.001,4,1.0,4,0.9995254880694144,0.9839183237688508,0.5,0.9916605017149774,0.7013980053325113,0.5157659671826095,0.0,0.0,1.0,0.0,0.0,0.0,0.0120967741935483,0.6,0.9836612204068024,0.0237154150197628,0.7682426258963253,0.5675531723867941,0.0,0.0,1.0,0.0,0.0,0.0,0.9985966298719474,0.9832,0.5004612204068023,0.9907428570517166,0.7009994480694997,0.5154737700040346,,
2024-07-13 18:57:47,hf_ctgan_syn_100000,500,0.001,4,5.0,4,0.9995254880694144,0.9839183237688508,0.5,0.9916605017149774,0.7013980053325113,0.5157659671826095,0.0,0.0,1.0,0.0,0.0,0.0,0.0120967741935483,0.6,0.9836612204068024,0.0237154150197628,0.7682426258963253,0.5675531723867941,0.0,0.0,1.0,0.0,0.0,0.0,0.9985966298719474,0.9832,0.5004612204068023,0.9907428570517166,0.7009994480694997,0.5154737700040346,,
2024-07-13 18:57:57,hf_ctgan_syn_100000,500,0.001,4,9.0,4,0.9995254880694144,0.9839183237688508,0.5,0.9916605017149774,0.7013980053325113,0.5157659671826095,0.0,0.0,1.0,0.0,0.0,0.0,0.0120967741935483,0.6,0.9836612204068024,0.0237154150197628,0.7682426258963253,0.5675531723867941,0.0,0.0,1.0,0.0,0.0,0.0,0.9985966298719474,0.9832,0.5004612204068023,0.9907428570517166,0.7009994480694997,0.5154737700040346,,
2024-07-13 18:58:17,hf_ctgan_syn_100000,500,0.001,8,1.0,4,0.9995921142080216,0.981182436941145,0.5714285714285714,0.990301724137931,0.7487827977805599,0.5836495808983504,0.0,0.0,0.9991995731056564,0.0,0.0,0.0,0.014388489208633,0.8,0.981727242414138,0.0282685512367491,0.8862176899223523,0.77110926716597,0.0,0.0,1.0,0.0,0.0,0.0,0.9986639577311638,0.9805333333333334,0.5718220536150325,0.989386865379148,0.7483793397326055,0.5833618777119006,,
2024-07-13 18:58:36,hf_ctgan_syn_100000,500,0.001,8,5.0,4,0.9995921696574224,0.9813158948351794,0.5714285714285714,0.9903697218667924,0.7488337197975374,0.5837364510801227,0.0,0.0,0.9991995731056564,0.0,0.0,0.0,0.0144927536231884,0.8,0.9818606202067356,0.0284697508896797,0.8862778887941346,0.7712035536575991,0.0,0.0,1.0,0.0,0.0,0.0,0.9986640478836166,0.9806666666666668,0.5718220980742967,0.9894548667100134,0.7484302342886578,0.5834486982436671,,
2024-07-13 18:58:55,hf_ctgan_syn_100000,500,0.001,8,9.0,4,0.9995921696574224,0.9813158948351794,0.5714285714285714,0.9903697218667924,0.7488337197975374,0.5837364510801227,0.0,0.0,0.9991995731056564,0.0,0.0,0.0,0.0144927536231884,0.8,0.9818606202067356,0.0284697508896797,0.8862778887941346,0.7712035536575991,0.0,0.0,1.0,0.0,0.0,0.0,0.9986640478836166,0.9806666666666668,0.5718220980742967,0.9894548667100134,0.7484302342886578,0.5834486982436671,,
2024-07-13 18:59:30,hf_ctgan_syn_100000,500,0.001,10,1.0,4,0.9995907230559344,0.9778459895902842,0.5714285714285714,0.9885987991634622,0.7475086199561406,0.5814784879058235,0.0,0.0,0.9979322305229456,0.0,0.0,0.0,0.0144927536231884,0.8,0.9818606202067356,0.0284697508896797,0.8862778887941346,0.7712035536575991,0.0,0.0,0.9977998533235548,0.0,0.0,0.0,0.99866260263229,0.9772,0.5718212754818075,0.9876855968678728,0.7471063712071129,0.5811928425016639,,
2024-07-13 19:00:06,hf_ctgan_syn_100000,500,0.001,10,5.0,4,0.999591224962529,0.979047110636594,0.5714285714285714,0.989212513484358,0.7479675740246629,0.5822599348239695,0.0,0.0,0.9990661686232656,0.0,0.0,0.0,0.0145454545454545,0.8,0.9819273091030344,0.0285714285714285,0.8863079866967394,0.7712506958360358,0.0,0.0,0.9977998533235548,0.0,0.0,0.0,0.9986631216374124,0.9784,0.5718219024784263,0.9882987722812964,0.7475649069511389,0.5819735757834126,,
2024-07-13 19:00:41,hf_ctgan_syn_100000,500,0.001,10,9.0,4,0.999591224962529,0.979047110636594,0.5714285714285714,0.989212513484358,0.7479675740246629,0.5822599348239695,0.0,0.0,0.9990661686232656,0.0,0.0,0.0,0.0145454545454545,0.8,0.9819273091030344,0.0285714285714285,0.8863079866967394,0.7712506958360358,0.0,0.0,0.9977998533235548,0.0,0.0,0.0,0.9986631216374124,0.9784,0.5718219024784263,0.9882987722812964,0.7475649069511389,0.5819735757834126,,
2024-07-13 19:00:57,hf_ctgan_syn_100000,1000,0.001,4,1.0,4,0.9995257131241954,0.9843854263979714,0.5,0.9918977979492352,0.701564475439703,0.5160338109242721,0.0,0.0,1.0,0.0,0.0,0.0,0.0124481327800829,0.6,0.9841280426808936,0.024390243902439,0.7684248991336343,0.5677949548815927,0.0,0.0,1.0,0.0,0.0,0.0,0.9985969718362062,0.9836666666666668,0.5004613760142269,0.99098015675245,0.7011658235623371,0.51574144435237,,
2024-07-13 19:01:14,hf_ctgan_syn_100000,1000,0.001,4,5.0,4,0.9995257131241954,0.9843854263979714,0.5,0.9918977979492352,0.701564475439703,0.5160338109242721,0.0,0.0,1.0,0.0,0.0,0.0,0.0124481327800829,0.6,0.9841280426808936,0.024390243902439,0.7684248991336343,0.5677949548815927,0.0,0.0,1.0,0.0,0.0,0.0,0.9985969718362062,0.9836666666666668,0.5004613760142269,0.99098015675245,0.7011658235623371,0.51574144435237,,
2024-07-13 19:01:30,hf_ctgan_syn_100000,1000,0.001,4,9.0,4,0.9995257131241954,0.9843854263979714,0.5,0.9918977979492352,0.701564475439703,0.5160338109242721,0.0,0.0,1.0,0.0,0.0,0.0,0.0124481327800829,0.6,0.9841280426808936,0.024390243902439,0.7684248991336343,0.5677949548815927,0.0,0.0,1.0,0.0,0.0,0.0,0.9985969718362062,0.9836666666666668,0.5004613760142269,0.99098015675245,0.7011658235623371,0.51574144435237,,
2024-07-13 19:02:03,hf_ctgan_syn_100000,1000,0.001,8,1.0,4,0.999592335915206,0.9817162685172828,0.5714285714285714,0.990573660113116,0.7489864650759843,0.5839970738387031,0.0,0.0,0.9991995731056564,0.0,0.0,0.0,0.0150375939849624,0.8,0.9825275091697232,0.029520295202952,0.886578821840325,0.7716749434206202,0.0,0.0,0.9997333155543704,0.0,0.0,0.0,0.99866439559968,0.9810666666666666,0.5718223025916547,0.9896589647954116,0.7485829373158602,0.5837092348842605,,
2024-07-13 19:02:36,hf_ctgan_syn_100000,1000,0.001,8,5.0,4,0.9995928615050552,0.98298411851061,0.5714285714285714,0.99121892137402,0.749469953085173,0.5848225001012964,0.0,0.0,0.9991995731056564,0.0,0.0,0.0,0.0159362549800796,0.8,0.9835278426142048,0.03125,0.8870300299828433,0.7723818946428848,0.0,0.0,1.0,0.0,0.0,0.0,0.998665220252644,0.9823333333333332,0.5718226538150991,0.9903042003807376,0.7490661244722877,0.5845341263994163,,
2024-07-13 19:03:06,hf_ctgan_syn_100000,1000,0.001,8,9.0,4,0.9995928062436376,0.9828506606165754,0.5714285714285714,0.9911510379866088,0.7494190742993918,0.5847356044752249,0.0,0.0,0.9991995731056564,0.0,0.0,0.0,0.0158102766798418,0.8,0.9833944648216072,0.0310077519379844,0.8869698821590764,0.7722876437305267,0.0,0.0,1.0,0.0,0.0,0.0,0.9986651230500369,0.9822,0.571822609355835,0.9902362996018008,0.7490152731240988,0.5844472804589582,,
2024-07-13 19:04:14,hf_ctgan_syn_100000,1000,0.001,10,1.0,4,0.9995918922595564,0.9806486053650072,0.5714285714285714,0.990029641606036,0.7485790750729991,0.5833021205267003,0.0,0.0,0.9979989327641408,0.0,0.0,0.0,0.0156862745098039,0.8,0.9832610870290096,0.0307692307692307,0.8869097302562464,0.7721933899718267,0.0,0.0,0.9991332755517034,0.0,0.0,0.0,0.9986641685849508,0.98,0.5718218667734254,0.9891158703507934,0.7481760378463498,0.5830151030108659,,
2024-07-13 19:05:21,hf_ctgan_syn_100000,1000,0.001,10,5.0,4,0.9995917534190653,0.9803149606299212,0.5714285714285714,0.98985951554762,0.7484517202216935,0.5830849743332139,0.0,0.0,0.9980656350053362,0.0,0.0,0.0,0.0153256704980842,0.8,0.9828609536512172,0.0300751879699248,0.886729250065077,0.7719106116176773,0.0,0.0,0.9991332755517034,0.0,0.0,0.0,0.9986639096727068,0.9796666666666668,0.5718217689701615,0.9889456717290988,0.7480487416995083,0.5827980652277087,,
2024-07-13 19:06:29,hf_ctgan_syn_100000,1000,0.001,10,9.0,4,0.9995914476372056,0.9795809422127318,0.5714285714285714,0.9894850363979508,0.7481714632403961,0.5826072974895101,0.0,0.0,0.998265741728922,0.0,0.0,0.0,0.0149253731343283,0.8,0.9823941313771256,0.0293040293040293,0.8865186434033413,0.7715806711606993,0.0,0.0,0.9986665777718514,0.0,0.0,0.0,0.9986634707437888,0.9789333333333332,0.5718216889731373,0.988571285040414,0.7477686760891727,0.5823207242355736,,
2024-07-13 19:06:35,hf_ctgan_syn_100000,100,0.0001,4,1.0,4,0.9995908067926071,0.978046176431336,0.5714285714285714,0.9887011366319268,0.7475851318674916,0.5816087176089131,0.0,0.0,1.0,0.0,0.0,0.0,0.0118694362017804,0.8,0.9777925975325108,0.023391812865497,0.8844399798889739,0.7683265351649393,0.0,0.0,1.0,0.0,0.0,0.0,0.998661811851668,0.9774,0.5718211689610823,0.987786146175359,0.747182199071045,0.5813219916508664,,
2024-07-13 19:06:40,hf_ctgan_syn_100000,100,0.0001,4,5.0,4,0.9995908067926071,0.978046176431336,0.5714285714285714,0.9887011366319268,0.7475851318674916,0.5816087176089131,0.0,0.0,1.0,0.0,0.0,0.0,0.0118694362017804,0.8,0.9777925975325108,0.023391812865497,0.8844399798889739,0.7683265351649393,0.0,0.0,1.0,0.0,0.0,0.0,0.998661811851668,0.9774,0.5718211689610823,0.987786146175359,0.747182199071045,0.5813219916508664,,
2024-07-13 19:06:46,hf_ctgan_syn_100000,100,0.0001,4,9.0,4,0.9995908067926071,0.978046176431336,0.5714285714285714,0.9887011366319268,0.7475851318674916,0.5816087176089131,0.0,0.0,1.0,0.0,0.0,0.0,0.0118694362017804,0.8,0.9777925975325108,0.023391812865497,0.8844399798889739,0.7683265351649393,0.0,0.0,1.0,0.0,0.0,0.0,0.998661811851668,0.9774,0.5718211689610823,0.987786146175359,0.747182199071045,0.5813219916508664,,
2024-07-13 19:06:53,hf_ctgan_syn_100000,100,0.0001,8,1.0,4,0.9995919477693144,0.9807820632590418,0.5714285714285714,0.9900976759851804,0.7486300109472509,0.5833889825662972,0.0,0.0,0.9990661686232656,0.0,0.0,0.0,0.0141843971631205,0.8,0.9814604868289428,0.0278745644599303,0.8860972799095788,0.7709206856436863,0.0,0.0,1.0,0.0,0.0,0.0,0.9986637234171176,0.9801333333333332,0.5718218935474468,0.989182876342414,0.74822665536367,0.5831014597444499,,
2024-07-13 19:07:01,hf_ctgan_syn_100000,100,0.0001,8,5.0,4,0.9995918922595564,0.9806486053650072,0.5714285714285714,0.990029641606036,0.7485790750729991,0.5833021205267003,0.0,0.0,0.9990661686232656,0.0,0.0,0.0,0.0140845070422535,0.8,0.9813271090363456,0.0276816608996539,0.8860370687669205,0.7708263906130322,0.0,0.0,1.0,0.0,0.0,0.0,0.9986636346624616,0.98,0.5718218490881826,0.9891148411608368,0.7481757469591866,0.583014647344413,,
2024-07-13 19:07:09,hf_ctgan_syn_100000,100,0.0001,8,9.0,4,0.9995918922595564,0.9806486053650072,0.5714285714285714,0.990029641606036,0.7485790750729991,0.5833021205267003,0.0,0.0,0.9990661686232656,0.0,0.0,0.0,0.0140845070422535,0.8,0.9813271090363456,0.0276816608996539,0.8860370687669205,0.7708263906130322,0.0,0.0,1.0,0.0,0.0,0.0,0.9986636346624616,0.98,0.5718218490881826,0.9891148411608368,0.7481757469591866,0.583014647344413,,
2024-07-13 19:07:20,hf_ctgan_syn_100000,100,0.0001,10,1.0,4,0.999591113534142,0.9787801948485252,0.5714285714285714,0.9890761968981794,0.7478656085720693,0.5820862657044628,0.0,0.0,0.9990661686232656,0.0,0.0,0.0,0.014336917562724,0.8,0.9816605535178392,0.028169014084507,0.8861875889529662,0.7710621228527771,0.0,0.0,0.9977998533235548,0.0,0.0,0.0,0.9986629408006976,0.9781333333333332,0.571821813559898,0.9881624487857692,0.7474629965337196,0.5818000058974229,,
2024-07-13 19:07:30,hf_ctgan_syn_100000,100,0.0001,10,5.0,4,0.9995911413969336,0.9788469237955424,0.5714285714285714,0.9891102794915884,0.7478911012385016,0.5821296822210105,0.0,0.0,0.9990661686232656,0.0,0.0,0.0,0.014388489208633,0.8,0.981727242414138,0.0282685512367491,0.8862176899223523,0.77110926716597,0.0,0.0,0.9977998533235548,0.0,0.0,0.0,0.9986629858280328,0.9782,0.57182183578953,0.9881965327478084,0.7474884754406531,0.5818433976066595,,
2024-07-13 19:07:41,hf_ctgan_syn_100000,100,0.0001,10,9.0,4,0.9995911413969336,0.9788469237955424,0.5714285714285714,0.9891102794915884,0.7478911012385016,0.5821296822210105,0.0,0.0,0.9990661686232656,0.0,0.0,0.0,0.014388489208633,0.8,0.981727242414138,0.0282685512367491,0.8862176899223523,0.77110926716597,0.0,0.0,0.9977998533235548,0.0,0.0,0.0,0.9986629858280328,0.9782,0.57182183578953,0.9881965327478084,0.7474884754406531,0.5818433976066595,,
2024-07-13 19:07:54,hf_ctgan_syn_100000,500,0.0001,4,1.0,4,0.9995241979336597,0.9812491658881622,0.5,0.9903023772644624,0.7004459885987506,0.5142358500746878,0.0,0.0,1.0,0.0,0.0,0.0,0.0104166666666666,0.6,0.9809936645548516,0.0204778156996587,0.7672002337935716,0.5661710564630802,0.0,0.0,1.0,0.0,0.0,0.0,0.9985947809044772,0.9805333333333334,0.5004603312215182,0.9893849209842488,0.7000479724206563,0.5139446203001058,,
2024-07-13 19:08:04,hf_ctgan_syn_100000,500,0.0001,4,5.0,4,0.9995241979336597,0.9812491658881622,0.5,0.9903023772644624,0.7004459885987506,0.5142358500746878,0.0,0.0,1.0,0.0,0.0,0.0,0.0104166666666666,0.6,0.9809936645548516,0.0204778156996587,0.7672002337935716,0.5661710564630802,0.0,0.0,1.0,0.0,0.0,0.0,0.9985947809044772,0.9805333333333334,0.5004603312215182,0.9893849209842488,0.7000479724206563,0.5139446203001058,,
2024-07-13 19:08:15,hf_ctgan_syn_100000,500,0.0001,4,9.0,4,0.9995241979336597,0.9812491658881622,0.5,0.9903023772644624,0.7004459885987506,0.5142358500746878,0.0,0.0,1.0,0.0,0.0,0.0,0.0104166666666666,0.6,0.9809936645548516,0.0204778156996587,0.7672002337935716,0.5661710564630802,0.0,0.0,1.0,0.0,0.0,0.0,0.9985947809044772,0.9805333333333334,0.5004603312215182,0.9893849209842488,0.7000479724206563,0.5139446203001058,,
2024-07-13 19:08:33,hf_ctgan_syn_100000,500,0.0001,8,1.0,4,0.9995919477693144,0.9807820632590418,0.5714285714285714,0.9900976759851804,0.7486300109472509,0.5833889825662972,0.0,0.0,0.9990661686232656,0.0,0.0,0.0,0.0141843971631205,0.8,0.9814604868289428,0.0278745644599303,0.8860972799095788,0.7709206856436863,0.0,0.0,1.0,0.0,0.0,0.0,0.9986637234171176,0.9801333333333332,0.5718218935474468,0.989182876342414,0.74822665536367,0.5831014597444499,,
2024-07-13 19:08:54,hf_ctgan_syn_100000,500,0.0001,8,5.0,4,0.9995919200163232,0.9807153343120244,0.5714285714285714,0.9900636599413924,0.7486045434433416,0.5833455512920558,0.0,0.0,0.9990661686232656,0.0,0.0,0.0,0.0141342756183745,0.8,0.9813937979326444,0.0277777777777777,0.8860671748496924,0.7708735384841519,0.0,0.0,1.0,0.0,0.0,0.0,0.9986636789828476,0.9800666666666666,0.5718218713178147,0.9891488597847063,0.7482012015944111,0.5830580532903445,,
2024-07-13 19:09:16,hf_ctgan_syn_100000,500,0.0001,8,9.0,4,0.9995918922595564,0.9806486053650072,0.5714285714285714,0.990029641606036,0.7485790750729991,0.5833021205267003,0.0,0.0,0.9990661686232656,0.0,0.0,0.0,0.0140845070422535,0.8,0.9813271090363456,0.0276816608996539,0.8860370687669205,0.7708263906130322,0.0,0.0,1.0,0.0,0.0,0.0,0.9986636346624616,0.98,0.5718218490881826,0.9891148411608368,0.7481757469591866,0.583014647344413,,
2024-07-13 19:09:52,hf_ctgan_syn_100000,500,0.0001,10,1.0,4,0.999591113534142,0.9787801948485252,0.5714285714285714,0.9890761968981794,0.7478656085720693,0.5820862657044628,0.0,0.0,0.9990661686232656,0.0,0.0,0.0,0.014336917562724,0.8,0.9816605535178392,0.028169014084507,0.8861875889529662,0.7710621228527771,0.0,0.0,0.9977998533235548,0.0,0.0,0.0,0.9986629408006976,0.9781333333333332,0.571821813559898,0.9881624487857692,0.7474629965337196,0.5818000058974229,,
2024-07-13 19:10:29,hf_ctgan_syn_100000,500,0.0001,10,5.0,4,0.9995910577971646,0.9786467369544908,0.5714285714285714,0.9890080248162384,0.747814620632104,0.5819994341980254,0.0,0.0,0.9990661686232656,0.0,0.0,0.0,0.0142348754448398,0.8,0.9815271757252416,0.0279720279720279,0.8861273839466838,0.7709678320916356,0.0,0.0,0.9977998533235548,0.0,0.0,0.0,0.9986628511017024,0.978,0.5718217691006338,0.9880942746690672,0.7474120361141628,0.581713224003471,,
2024-07-13 19:11:07,hf_ctgan_syn_100000,500,0.0001,10,9.0,4,0.9995910577971646,0.9786467369544908,0.5714285714285714,0.9890080248162384,0.747814620632104,0.5819994341980254,0.0,0.0,0.9990661686232656,0.0,0.0,0.0,0.0142348754448398,0.8,0.9815271757252416,0.0279720279720279,0.8861273839466838,0.7709678320916356,0.0,0.0,0.9977998533235548,0.0,0.0,0.0,0.9986628511017024,0.978,0.5718217691006338,0.9880942746690672,0.7474120361141628,0.581713224003471,,
2024-07-13 19:11:27,hf_ctgan_syn_100000,1000,0.0001,4,1.0,4,0.9995241979336597,0.9812491658881622,0.5,0.9903023772644624,0.7004459885987506,0.5142358500746878,0.0,0.0,1.0,0.0,0.0,0.0,0.0104166666666666,0.6,0.9809936645548516,0.0204778156996587,0.7672002337935716,0.5661710564630802,0.0,0.0,1.0,0.0,0.0,0.0,0.9985947809044772,0.9805333333333334,0.5004603312215182,0.9893849209842488,0.7000479724206563,0.5139446203001058,,
2024-07-13 19:11:43,hf_ctgan_syn_100000,1000,0.0001,4,5.0,4,0.9995241979336597,0.9812491658881622,0.5,0.9903023772644624,0.7004459885987506,0.5142358500746878,0.0,0.0,1.0,0.0,0.0,0.0,0.0104166666666666,0.6,0.9809936645548516,0.0204778156996587,0.7672002337935716,0.5661710564630802,0.0,0.0,1.0,0.0,0.0,0.0,0.9985947809044772,0.9805333333333334,0.5004603312215182,0.9893849209842488,0.7000479724206563,0.5139446203001058,,
2024-07-13 19:12:01,hf_ctgan_syn_100000,1000,0.0001,4,9.0,4,0.9995241979336597,0.9812491658881622,0.5,0.9903023772644624,0.7004459885987506,0.5142358500746878,0.0,0.0,1.0,0.0,0.0,0.0,0.0104166666666666,0.6,0.9809936645548516,0.0204778156996587,0.7672002337935716,0.5661710564630802,0.0,0.0,1.0,0.0,0.0,0.0,0.9985947809044772,0.9805333333333334,0.5004603312215182,0.9893849209842488,0.7000479724206563,0.5139446203001058,,
2024-07-13 19:12:36,hf_ctgan_syn_100000,1000,0.0001,8,1.0,4,0.9995919477693144,0.9807820632590418,0.5714285714285714,0.9900976759851804,0.7486300109472509,0.5833889825662972,0.0,0.0,0.9990661686232656,0.0,0.0,0.0,0.0141843971631205,0.8,0.9814604868289428,0.0278745644599303,0.8860972799095788,0.7709206856436863,0.0,0.0,1.0,0.0,0.0,0.0,0.9986637234171176,0.9801333333333332,0.5718218935474468,0.989182876342414,0.74822665536367,0.5831014597444499,,
2024-07-13 19:13:15,hf_ctgan_syn_100000,1000,0.0001,8,5.0,4,0.9995919200163232,0.9807153343120244,0.5714285714285714,0.9900636599413924,0.7486045434433416,0.5833455512920558,0.0,0.0,0.9990661686232656,0.0,0.0,0.0,0.0141342756183745,0.8,0.9813937979326444,0.0277777777777777,0.8860671748496924,0.7708735384841519,0.0,0.0,1.0,0.0,0.0,0.0,0.9986636789828476,0.9800666666666666,0.5718218713178147,0.9891488597847063,0.7482012015944111,0.5830580532903445,,
2024-07-13 19:13:50,hf_ctgan_syn_100000,1000,0.0001,8,9.0,4,0.9995918922595564,0.9806486053650072,0.5714285714285714,0.990029641606036,0.7485790750729991,0.5833021205267003,0.0,0.0,0.9990661686232656,0.0,0.0,0.0,0.0140845070422535,0.8,0.9813271090363456,0.0276816608996539,0.8860370687669205,0.7708263906130322,0.0,0.0,1.0,0.0,0.0,0.0,0.9986636346624616,0.98,0.5718218490881826,0.9891148411608368,0.7481757469591866,0.583014647344413,,
2024-07-13 19:15:02,hf_ctgan_syn_100000,1000,0.0001,10,1.0,4,0.999591113534142,0.9787801948485252,0.5714285714285714,0.9890761968981794,0.7478656085720693,0.5820862657044628,0.0,0.0,0.9990661686232656,0.0,0.0,0.0,0.014336917562724,0.8,0.9816605535178392,0.028169014084507,0.8861875889529662,0.7710621228527771,0.0,0.0,0.9977998533235548,0.0,0.0,0.0,0.9986629408006976,0.9781333333333332,0.571821813559898,0.9881624487857692,0.7474629965337196,0.5818000058974229,,
2024-07-13 19:16:12,hf_ctgan_syn_100000,1000,0.0001,10,5.0,4,0.9995910577971646,0.9786467369544908,0.5714285714285714,0.9890080248162384,0.747814620632104,0.5819994341980254,0.0,0.0,0.9990661686232656,0.0,0.0,0.0,0.0142348754448398,0.8,0.9815271757252416,0.0279720279720279,0.8861273839466838,0.7709678320916356,0.0,0.0,0.9977998533235548,0.0,0.0,0.0,0.9986628511017024,0.978,0.5718217691006338,0.9880942746690672,0.7474120361141628,0.581713224003471,,
2024-07-13 19:17:18,hf_ctgan_syn_100000,1000,0.0001,10,9.0,4,0.9995910577971646,0.9786467369544908,0.5714285714285714,0.9890080248162384,0.747814620632104,0.5819994341980254,0.0,0.0,0.9990661686232656,0.0,0.0,0.0,0.0142348754448398,0.8,0.9815271757252416,0.0279720279720279,0.8861273839466838,0.7709678320916356,0.0,0.0,0.9977998533235548,0.0,0.0,0.0,0.9986628511017024,0.978,0.5718217691006338,0.9880942746690672,0.7474120361141628,0.581713224003471,,
2024-07-13 19:17:24,hf_ctgan_syn_150000,100,0.001,4,1.0,4,0.9996547438199144,0.966034965968237,0.6428571428571429,0.982557350346138,0.7880497941897061,0.6410925473807048,0.0032786885245901,0.125,0.9797225186766276,0.0063897763578274,0.3499504462557212,0.1119979285999847,0.0140845070422535,0.6,0.9859953317772592,0.0275229357798165,0.7691535601337066,0.568761823353144,0.0,0.0,1.0,0.0,0.0,0.0,0.998728176195243,0.9654,0.6431749933110296,0.9816528790117992,0.7877573058065099,0.6407435138395206,,
2024-07-13 19:17:31,hf_ctgan_syn_150000,100,0.001,4,5.0,4,0.9996547438199144,0.966034965968237,0.6428571428571429,0.982557350346138,0.7880497941897061,0.6410925473807048,0.0032786885245901,0.125,0.9797225186766276,0.0063897763578274,0.3499504462557212,0.1119979285999847,0.0140845070422535,0.6,0.9859953317772592,0.0275229357798165,0.7691535601337066,0.568761823353144,0.0,0.0,1.0,0.0,0.0,0.0,0.998728176195243,0.9654,0.6431749933110296,0.9816528790117992,0.7877573058065099,0.6407435138395206,,
2024-07-13 19:17:37,hf_ctgan_syn_150000,100,0.001,4,9.0,4,0.9996547438199144,0.966034965968237,0.6428571428571429,0.982557350346138,0.7880497941897061,0.6410925473807048,0.0032786885245901,0.125,0.9797225186766276,0.0063897763578274,0.3499504462557212,0.1119979285999847,0.0140845070422535,0.6,0.9859953317772592,0.0275229357798165,0.7691535601337066,0.568761823353144,0.0,0.0,1.0,0.0,0.0,0.0,0.998728176195243,0.9654,0.6431749933110296,0.9816528790117992,0.7877573058065099,0.6407435138395206,,
2024-07-13 19:17:45,hf_ctgan_syn_150000,100,0.001,8,1.0,4,0.9997149169695674,0.9360069398104898,0.7142857142857143,0.966812558155564,0.817665203845022,0.6834001431356697,0.0031746031746031,0.125,0.9790554962646744,0.0061919504643962,0.3498312979610091,0.111929840436422,0.0167597765363128,0.6,0.9882627542514172,0.0326086956521739,0.7700374358113055,0.5699353154174657,0.0,0.0,0.968331222081472,0.0,0.0,0.0,0.9987891294276012,0.9354,0.714535186883278,0.9659243717067504,0.8173453054922828,0.6830119773554483,,
2024-07-13 19:17:54,hf_ctgan_syn_150000,100,0.001,8,5.0,4,0.9997149169695674,0.9360069398104898,0.7142857142857143,0.966812558155564,0.817665203845022,0.6834001431356697,0.0031746031746031,0.125,0.9790554962646744,0.0061919504643962,0.3498312979610091,0.111929840436422,0.0167597765363128,0.6,0.9882627542514172,0.0326086956521739,0.7700374358113055,0.5699353154174657,0.0,0.0,0.968331222081472,0.0,0.0,0.0,0.9987891294276012,0.9354,0.714535186883278,0.9659243717067504,0.8173453054922828,0.6830119773554483,,
2024-07-13 19:18:02,hf_ctgan_syn_150000,100,0.001,8,9.0,4,0.9997149169695674,0.9360069398104898,0.7142857142857143,0.966812558155564,0.817665203845022,0.6834001431356697,0.0031746031746031,0.125,0.9790554962646744,0.0061919504643962,0.3498312979610091,0.111929840436422,0.0167597765363128,0.6,0.9882627542514172,0.0326086956521739,0.7700374358113055,0.5699353154174657,0.0,0.0,0.968331222081472,0.0,0.0,0.0,0.9987891294276012,0.9354,0.714535186883278,0.9659243717067504,0.8173453054922828,0.6830119773554483,,
2024-07-13 19:18:14,hf_ctgan_syn_150000,100,0.001,10,1.0,4,0.9997872491312672,0.9407446950487122,0.7857142857142857,0.9693677587925876,0.8597421393125397,0.7506157203002634,0.0030581039755351,0.125,0.9782550693703308,0.0059701492537313,0.3496882664192371,0.1118481199578231,0.0111524163568773,0.6,0.982260753584528,0.0218978102189781,0.7676955465226543,0.5668276679978131,0.0,0.0,0.9797986532435496,0.0,0.0,0.0,0.9988594628263172,0.9401333333333334,0.785895428579361,0.9684734989007228,0.8593821122401125,0.7501637405146265,,
2024-07-13 19:18:25,hf_ctgan_syn_150000,100,0.001,10,5.0,4,0.9997872491312672,0.9407446950487122,0.7857142857142857,0.9693677587925876,0.8597421393125397,0.7506157203002634,0.0030581039755351,0.125,0.9782550693703308,0.0059701492537313,0.3496882664192371,0.1118481199578231,0.0111524163568773,0.6,0.982260753584528,0.0218978102189781,0.7676955465226543,0.5668276679978131,0.0,0.0,0.9797986532435496,0.0,0.0,0.0,0.9988594628263172,0.9401333333333334,0.785895428579361,0.9684734989007228,0.8593821122401125,0.7501637405146265,,
2024-07-13 19:18:36,hf_ctgan_syn_150000,100,0.001,10,9.0,4,0.9997873999007866,0.9414119845188844,0.7857142857142857,0.9697219644636904,0.8600470016104488,0.7511975055204323,0.0031545741324921,0.125,0.9789220917822838,0.0061538461538461,0.3498074634320793,0.1119162214689527,0.0111524163568773,0.6,0.982260753584528,0.0218978102189781,0.7676955465226543,0.5668276679978131,0.0,0.0,0.9797986532435496,0.0,0.0,0.0,0.9988596649058687,0.9408,0.7858957843246475,0.968827471951546,0.8596867535716172,0.7507450190560625,,
2024-07-13 19:18:48,hf_ctgan_syn_150000,500,0.001,4,1.0,4,0.9995881666552268,0.9717736554117176,0.5714285714285714,0.985484689561834,0.7451840253681224,0.5775303634174622,0.0032786885245901,0.125,0.9797225186766276,0.0063897763578274,0.3499504462557212,0.1119979285999847,0.0158730158730158,0.4,0.9917305768589528,0.0305343511450381,0.6298350821791219,0.3732187384902448,0.0,0.0,1.0,0.0,0.0,0.0,0.9986622573388528,0.9710666666666666,0.5718150002974853,0.9845784898493486,0.744885105543175,0.5771754735530227,,
2024-07-13 19:19:00,hf_ctgan_syn_150000,500,0.001,4,5.0,4,0.9995881666552268,0.9717736554117176,0.5714285714285714,0.985484689561834,0.7451840253681224,0.5775303634174622,0.0032786885245901,0.125,0.9797225186766276,0.0063897763578274,0.3499504462557212,0.1119979285999847,0.0158730158730158,0.4,0.9917305768589528,0.0305343511450381,0.6298350821791219,0.3732187384902448,0.0,0.0,1.0,0.0,0.0,0.0,0.9986622573388528,0.9710666666666666,0.5718150002974853,0.9845784898493486,0.744885105543175,0.5771754735530227,,
2024-07-13 19:19:10,hf_ctgan_syn_150000,500,0.001,4,9.0,4,0.9995881666552268,0.9717736554117176,0.5714285714285714,0.985484689561834,0.7451840253681224,0.5775303634174622,0.0032786885245901,0.125,0.9797225186766276,0.0063897763578274,0.3499504462557212,0.1119979285999847,0.0158730158730158,0.4,0.9917305768589528,0.0305343511450381,0.6298350821791219,0.3732187384902448,0.0,0.0,1.0,0.0,0.0,0.0,0.9986622573388528,0.9710666666666666,0.5718150002974853,0.9845784898493486,0.744885105543175,0.5771754735530227,,
2024-07-13 19:19:31,hf_ctgan_syn_150000,500,0.001,8,1.0,4,0.9997200251977322,0.9530895502468972,0.7142857142857143,0.975848051105114,0.825092873667174,0.6970354959344608,0.003125,0.125,0.978721985058698,0.0060975609756097,0.349771708593387,0.111895792183526,0.0132743362831858,0.6,0.9851283761253752,0.0259740259740259,0.7688153391258691,0.5683129721688935,0.0,0.0,0.9888659243949596,0.0,0.0,0.0,0.998793044619642,0.9524666666666668,0.7145353331980804,0.9749491696319272,0.8247656036760431,0.6966340448848094,,
2024-07-13 19:19:52,hf_ctgan_syn_150000,500,0.001,8,5.0,4,0.9997185675086188,0.9481516081676232,0.7142857142857143,0.9732525086475564,0.8229527013693797,0.6930897432182801,0.003125,0.125,0.978721985058698,0.0060975609756097,0.349771708593387,0.111895792183526,0.0132743362831858,0.6,0.9851283761253752,0.0259740259740259,0.7688153391258691,0.5683129721688935,0.0,0.0,0.98393226215081,0.0,0.0,0.0,0.9987915882910386,0.9475333333333332,0.714535004287264,0.9723560496806636,0.8226274288723934,0.6926919748711639,,
2024-07-13 19:20:14,hf_ctgan_syn_150000,500,0.001,8,9.0,4,0.9997185675086188,0.9481516081676232,0.7142857142857143,0.9732525086475564,0.8229527013693797,0.6930897432182801,0.003125,0.125,0.978721985058698,0.0060975609756097,0.349771708593387,0.111895792183526,0.0132743362831858,0.6,0.9851283761253752,0.0259740259740259,0.7688153391258691,0.5683129721688935,0.0,0.0,0.98393226215081,0.0,0.0,0.0,0.9987915882910386,0.9475333333333332,0.714535004287264,0.9723560496806636,0.8226274288723934,0.6926919748711639,,
2024-07-13 19:20:53,hf_ctgan_syn_150000,500,0.001,10,1.0,4,0.9997871434653044,0.9402775924195916,0.7857142857142857,0.9691196698762036,0.8595286713665273,0.7502085122793795,0.0031746031746031,0.125,0.9790554962646744,0.0061919504643962,0.3498312979610091,0.111929840436422,0.0107913669064748,0.6,0.9816605535178392,0.0212014134275618,0.7674609645517507,0.5665166654973687,0.0,0.0,0.9791319421294752,0.0,0.0,0.0,0.9988592990420652,0.9396666666666668,0.7858956109596081,0.9682255276957092,0.8591688416203482,0.7497568524713172,,
2024-07-13 19:21:27,hf_ctgan_syn_150000,500,0.001,10,5.0,4,0.9997873396186292,0.9411450687308154,0.7857142857142857,0.969580311415117,0.8599250696609297,0.7509647830357459,0.0032154340836012,0.125,0.9793223052294556,0.006269592476489,0.3498789621478861,0.1119570770366037,0.0111524163568773,0.6,0.982260753584528,0.0218978102189781,0.7676955465226543,0.5668276679978131,0.0,0.0,0.9791319421294752,0.0,0.0,0.0,0.9988596371386153,0.9405333333333332,0.7858959533244116,0.9686860128438566,0.8595649735578993,0.7505125355686647,,
2024-07-13 19:22:05,hf_ctgan_syn_150000,500,0.001,10,9.0,4,0.9997157879778314,0.93887628453223,0.7142857142857143,0.9683413626978664,0.8189175279129282,0.6856875432468804,0.0034129692832764,0.125,0.9805229455709712,0.0066445182724252,0.350093370683267,0.1120796197139363,0.0113207547169811,0.6,0.9825275091697232,0.0222222222222222,0.7677997821709992,0.5669658774554283,0.0,0.0,0.9754650310020668,0.0,0.0,0.0,0.9987883137442424,0.9382666666666668,0.7145345333618088,0.9674485285765012,0.8185958546119642,0.6852963326295158,,
2024-07-13 19:22:22,hf_ctgan_syn_150000,1000,0.001,4,1.0,4,0.9995881666552268,0.9717736554117176,0.5714285714285714,0.985484689561834,0.7451840253681224,0.5775303634174622,0.0032786885245901,0.125,0.9797225186766276,0.0063897763578274,0.3499504462557212,0.1119979285999847,0.0158730158730158,0.4,0.9917305768589528,0.0305343511450381,0.6298350821791219,0.3732187384902448,0.0,0.0,1.0,0.0,0.0,0.0,0.9986622573388528,0.9710666666666666,0.5718150002974853,0.9845784898493486,0.744885105543175,0.5771754735530227,,
2024-07-13 19:22:42,hf_ctgan_syn_150000,1000,0.001,4,5.0,4,0.9995881666552268,0.9717736554117176,0.5714285714285714,0.985484689561834,0.7451840253681224,0.5775303634174622,0.0032786885245901,0.125,0.9797225186766276,0.0063897763578274,0.3499504462557212,0.1119979285999847,0.0158730158730158,0.4,0.9917305768589528,0.0305343511450381,0.6298350821791219,0.3732187384902448,0.0,0.0,1.0,0.0,0.0,0.0,0.9986622573388528,0.9710666666666666,0.5718150002974853,0.9845784898493486,0.744885105543175,0.5771754735530227,,
2024-07-13 19:22:58,hf_ctgan_syn_150000,1000,0.001,4,9.0,4,0.9995881666552268,0.9717736554117176,0.5714285714285714,0.985484689561834,0.7451840253681224,0.5775303634174622,0.0032786885245901,0.125,0.9797225186766276,0.0063897763578274,0.3499504462557212,0.1119979285999847,0.0158730158730158,0.4,0.9917305768589528,0.0305343511450381,0.6298350821791219,0.3732187384902448,0.0,0.0,1.0,0.0,0.0,0.0,0.9986622573388528,0.9710666666666666,0.5718150002974853,0.9845784898493486,0.744885105543175,0.5771754735530227,,
2024-07-13 19:23:34,hf_ctgan_syn_150000,1000,0.001,8,1.0,4,0.999719672016259,0.9518884292005872,0.7142857142857143,0.9752179114681252,0.8245728024691623,0.6960753976485706,0.003125,0.125,0.978721985058698,0.0060975609756097,0.349771708593387,0.111895792183526,0.0132743362831858,0.6,0.9851283761253752,0.0259740259740259,0.7688153391258691,0.5683129721688935,0.0,0.0,0.987665844389626,0.0,0.0,0.0,0.9987926917678048,0.9512666666666668,0.7145352531927467,0.9743196181252664,0.8242460178778163,0.6956748426906528,,
2024-07-13 19:24:12,hf_ctgan_syn_150000,1000,0.001,8,5.0,4,0.9997190616659644,0.9498198318430536,0.7142857142857143,0.9741308513550506,0.8236763545414865,0.694422378168725,0.0031347962382445,0.125,0.9787886872998932,0.0061162079510703,0.3497836272790461,0.1119026020565646,0.013215859030837,0.6,0.9850616872290764,0.0258620689655172,0.7687893159620819,0.5682784414188968,0.0,0.0,0.9855990399359956,0.0,0.0,0.0,0.9987920677194136,0.9492,0.7145351287506796,0.9732335452276816,0.8233504043171173,0.6940233581506705,,
2024-07-13 19:24:46,hf_ctgan_syn_150000,1000,0.001,8,9.0,4,0.9997190616659644,0.9498198318430536,0.7142857142857143,0.9741308513550506,0.8236763545414865,0.694422378168725,0.0031545741324921,0.125,0.9789220917822838,0.0061538461538461,0.3498074634320793,0.1119162214689527,0.0131004366812227,0.6,0.9849283094364788,0.0256410256410256,0.7687372669917124,0.5682093783178366,0.0,0.0,0.9855990399359956,0.0,0.0,0.0,0.9987920397935072,0.9492,0.7145351554404727,0.9732334916202816,0.8233503996800754,0.6940233423933235,,
2024-07-13 19:25:54,hf_ctgan_syn_150000,1000,0.001,10,1.0,4,0.9997146932952924,0.9352729213933004,0.7142857142857143,0.9664207405364408,0.8173445336634364,0.6828151831939331,0.0021008403361344,0.125,0.9683164354322306,0.0041322314049586,0.3479073934670386,0.1108320898702894,0.0096774193548387,0.6,0.9795265088362788,0.019047619047619,0.7666263139899172,0.5654105287290938,0.0,0.0,0.9870658043869592,0.0,0.0,0.0,0.9987859725028476,0.9346666666666666,0.714527796274516,0.965527300908372,0.8170227714798629,0.6824254696471259,,
2024-07-13 19:27:03,hf_ctgan_syn_150000,1000,0.001,10,5.0,4,0.999715018523796,0.936340584545576,0.7142857142857143,0.966990558886362,0.81781092145241,0.6836660594625764,0.0021413276231263,0.125,0.9689167556029884,0.0042105263157894,0.348015221578559,0.1108935308899004,0.0098360655737704,0.6,0.9798599533177724,0.0193548387096774,0.7667567880303789,0.5655833986231489,0.0,0.0,0.987199146609774,0.0,0.0,0.0,0.9987863719030974,0.9357333333333332,0.7145282364829157,0.9660967315916732,0.8174888249732397,0.6832756421564269,,
2024-07-13 19:28:13,hf_ctgan_syn_150000,1000,0.001,10,9.0,4,0.9997156667614444,0.9384759108501268,0.7142857142857143,0.9681283127968612,0.8187429000128913,0.6853683005304091,0.002127659574468,0.125,0.9687166488794025,0.00418410041841,0.3479792825872329,0.1108730515510976,0.0115384615384615,0.6,0.9828609536512172,0.0226415094339622,0.7679300568350806,0.5671386272694432,0.0,0.0,0.9865324354956996,0.0,0.0,0.0,0.9987875797114196,0.9378666666666666,0.7145290856453667,0.9672345050616185,0.8184203056092041,0.6849768019531645,,
2024-07-13 19:28:19,hf_ctgan_syn_150000,100,0.0001,4,1.0,4,0.9996547438199144,0.966034965968237,0.6428571428571429,0.982557350346138,0.7880497941897061,0.6410925473807048,0.0032786885245901,0.125,0.9797225186766276,0.0063897763578274,0.3499504462557212,0.1119979285999847,0.0140845070422535,0.6,0.9859953317772592,0.0275229357798165,0.7691535601337066,0.568761823353144,0.0,0.0,1.0,0.0,0.0,0.0,0.998728176195243,0.9654,0.6431749933110296,0.9816528790117992,0.7877573058065099,0.6407435138395206,,
2024-07-13 19:28:26,hf_ctgan_syn_150000,100,0.0001,4,5.0,4,0.9996547438199144,0.966034965968237,0.6428571428571429,0.982557350346138,0.7880497941897061,0.6410925473807048,0.0032786885245901,0.125,0.9797225186766276,0.0063897763578274,0.3499504462557212,0.1119979285999847,0.0140845070422535,0.6,0.9859953317772592,0.0275229357798165,0.7691535601337066,0.568761823353144,0.0,0.0,1.0,0.0,0.0,0.0,0.998728176195243,0.9654,0.6431749933110296,0.9816528790117992,0.7877573058065099,0.6407435138395206,,
2024-07-13 19:28:32,hf_ctgan_syn_150000,100,0.0001,4,9.0,4,0.9996547438199144,0.966034965968237,0.6428571428571429,0.982557350346138,0.7880497941897061,0.6410925473807048,0.0032786885245901,0.125,0.9797225186766276,0.0063897763578274,0.3499504462557212,0.1119979285999847,0.0140845070422535,0.6,0.9859953317772592,0.0275229357798165,0.7691535601337066,0.568761823353144,0.0,0.0,1.0,0.0,0.0,0.0,0.998728176195243,0.9654,0.6431749933110296,0.9816528790117992,0.7877573058065099,0.6407435138395206,,
2024-07-13 19:28:41,hf_ctgan_syn_150000,100,0.0001,8,1.0,4,0.9997149169695674,0.9360069398104898,0.7142857142857143,0.966812558155564,0.817665203845022,0.6834001431356697,0.0031746031746031,0.125,0.9790554962646744,0.0061919504643962,0.3498312979610091,0.111929840436422,0.0167597765363128,0.6,0.9882627542514172,0.0326086956521739,0.7700374358113055,0.5699353154174657,0.0,0.0,0.968331222081472,0.0,0.0,0.0,0.9987891294276012,0.9354,0.714535186883278,0.9659243717067504,0.8173453054922828,0.6830119773554483,,
2024-07-13 19:28:49,hf_ctgan_syn_150000,100,0.0001,8,5.0,4,0.9997149169695674,0.9360069398104898,0.7142857142857143,0.966812558155564,0.817665203845022,0.6834001431356697,0.0031746031746031,0.125,0.9790554962646744,0.0061919504643962,0.3498312979610091,0.111929840436422,0.0167597765363128,0.6,0.9882627542514172,0.0326086956521739,0.7700374358113055,0.5699353154174657,0.0,0.0,0.968331222081472,0.0,0.0,0.0,0.9987891294276012,0.9354,0.714535186883278,0.9659243717067504,0.8173453054922828,0.6830119773554483,,
2024-07-13 19:28:58,hf_ctgan_syn_150000,100,0.0001,8,9.0,4,0.9997149169695674,0.9360069398104898,0.7142857142857143,0.966812558155564,0.817665203845022,0.6834001431356697,0.0031746031746031,0.125,0.9790554962646744,0.0061919504643962,0.3498312979610091,0.111929840436422,0.0167597765363128,0.6,0.9882627542514172,0.0326086956521739,0.7700374358113055,0.5699353154174657,0.0,0.0,0.968331222081472,0.0,0.0,0.0,0.9987891294276012,0.9354,0.714535186883278,0.9659243717067504,0.8173453054922828,0.6830119773554483,,
2024-07-13 19:29:09,hf_ctgan_syn_150000,100,0.0001,10,1.0,4,0.9997872491312672,0.9407446950487122,0.7857142857142857,0.9693677587925876,0.8597421393125397,0.7506157203002634,0.0030581039755351,0.125,0.9782550693703308,0.0059701492537313,0.3496882664192371,0.1118481199578231,0.0111524163568773,0.6,0.982260753584528,0.0218978102189781,0.7676955465226543,0.5668276679978131,0.0,0.0,0.9797986532435496,0.0,0.0,0.0,0.9988594628263172,0.9401333333333334,0.785895428579361,0.9684734989007228,0.8593821122401125,0.7501637405146265,,
2024-07-13 19:29:20,hf_ctgan_syn_150000,100,0.0001,10,5.0,4,0.9997872491312672,0.9407446950487122,0.7857142857142857,0.9693677587925876,0.8597421393125397,0.7506157203002634,0.0030581039755351,0.125,0.9782550693703308,0.0059701492537313,0.3496882664192371,0.1118481199578231,0.0111524163568773,0.6,0.982260753584528,0.0218978102189781,0.7676955465226543,0.5668276679978131,0.0,0.0,0.9797986532435496,0.0,0.0,0.0,0.9988594628263172,0.9401333333333334,0.785895428579361,0.9684734989007228,0.8593821122401125,0.7501637405146265,,
2024-07-13 19:29:32,hf_ctgan_syn_150000,100,0.0001,10,9.0,4,0.9997872491312672,0.9407446950487122,0.7857142857142857,0.9693677587925876,0.8597421393125397,0.7506157203002634,0.0030581039755351,0.125,0.9782550693703308,0.0059701492537313,0.3496882664192371,0.1118481199578231,0.0111524163568773,0.6,0.982260753584528,0.0218978102189781,0.7676955465226543,0.5668276679978131,0.0,0.0,0.9797986532435496,0.0,0.0,0.0,0.9988594628263172,0.9401333333333334,0.785895428579361,0.9684734989007228,0.8593821122401125,0.7501637405146265,,
2024-07-13 19:29:43,hf_ctgan_syn_150000,500,0.0001,4,1.0,4,0.9996547438199144,0.966034965968237,0.6428571428571429,0.982557350346138,0.7880497941897061,0.6410925473807048,0.0032786885245901,0.125,0.9797225186766276,0.0063897763578274,0.3499504462557212,0.1119979285999847,0.0140845070422535,0.6,0.9859953317772592,0.0275229357798165,0.7691535601337066,0.568761823353144,0.0,0.0,1.0,0.0,0.0,0.0,0.998728176195243,0.9654,0.6431749933110296,0.9816528790117992,0.7877573058065099,0.6407435138395206,,
2024-07-13 19:29:58,hf_ctgan_syn_150000,500,0.0001,4,5.0,4,0.9996547438199144,0.966034965968237,0.6428571428571429,0.982557350346138,0.7880497941897061,0.6410925473807048,0.0032786885245901,0.125,0.9797225186766276,0.0063897763578274,0.3499504462557212,0.1119979285999847,0.0140845070422535,0.6,0.9859953317772592,0.0275229357798165,0.7691535601337066,0.568761823353144,0.0,0.0,1.0,0.0,0.0,0.0,0.998728176195243,0.9654,0.6431749933110296,0.9816528790117992,0.7877573058065099,0.6407435138395206,,
2024-07-13 19:30:09,hf_ctgan_syn_150000,500,0.0001,4,9.0,4,0.9996547438199144,0.966034965968237,0.6428571428571429,0.982557350346138,0.7880497941897061,0.6410925473807048,0.0032786885245901,0.125,0.9797225186766276,0.0063897763578274,0.3499504462557212,0.1119979285999847,0.0140845070422535,0.6,0.9859953317772592,0.0275229357798165,0.7691535601337066,0.568761823353144,0.0,0.0,1.0,0.0,0.0,0.0,0.998728176195243,0.9654,0.6431749933110296,0.9816528790117992,0.7877573058065099,0.6407435138395206,,
2024-07-13 19:30:30,hf_ctgan_syn_150000,500,0.0001,8,1.0,4,0.9997149169695674,0.9360069398104898,0.7142857142857143,0.966812558155564,0.817665203845022,0.6834001431356697,0.0031746031746031,0.125,0.9790554962646744,0.0061919504643962,0.3498312979610091,0.111929840436422,0.0167597765363128,0.6,0.9882627542514172,0.0326086956521739,0.7700374358113055,0.5699353154174657,0.0,0.0,0.968331222081472,0.0,0.0,0.0,0.9987891294276012,0.9354,0.714535186883278,0.9659243717067504,0.8173453054922828,0.6830119773554483,,
2024-07-13 19:30:53,hf_ctgan_syn_150000,500,0.0001,8,5.0,4,0.9997149169695674,0.9360069398104898,0.7142857142857143,0.966812558155564,0.817665203845022,0.6834001431356697,0.0031746031746031,0.125,0.9790554962646744,0.0061919504643962,0.3498312979610091,0.111929840436422,0.0167597765363128,0.6,0.9882627542514172,0.0326086956521739,0.7700374358113055,0.5699353154174657,0.0,0.0,0.968331222081472,0.0,0.0,0.0,0.9987891294276012,0.9354,0.714535186883278,0.9659243717067504,0.8173453054922828,0.6830119773554483,,
2024-07-13 19:31:16,hf_ctgan_syn_150000,500,0.0001,8,9.0,4,0.9997149169695674,0.9360069398104898,0.7142857142857143,0.966812558155564,0.817665203845022,0.6834001431356697,0.0031746031746031,0.125,0.9790554962646744,0.0061919504643962,0.3498312979610091,0.111929840436422,0.0167597765363128,0.6,0.9882627542514172,0.0326086956521739,0.7700374358113055,0.5699353154174657,0.0,0.0,0.968331222081472,0.0,0.0,0.0,0.9987891294276012,0.9354,0.714535186883278,0.9659243717067504,0.8173453054922828,0.6830119773554483,,
2024-07-13 19:31:53,hf_ctgan_syn_150000,500,0.0001,10,1.0,4,0.9997872491312672,0.9407446950487122,0.7857142857142857,0.9693677587925876,0.8597421393125397,0.7506157203002634,0.0030581039755351,0.125,0.9782550693703308,0.0059701492537313,0.3496882664192371,0.1118481199578231,0.0111524163568773,0.6,0.982260753584528,0.0218978102189781,0.7676955465226543,0.5668276679978131,0.0,0.0,0.9797986532435496,0.0,0.0,0.0,0.9988594628263172,0.9401333333333334,0.785895428579361,0.9684734989007228,0.8593821122401125,0.7501637405146265,,
2024-07-13 19:32:32,hf_ctgan_syn_150000,500,0.0001,10,5.0,4,0.9997872491312672,0.9407446950487122,0.7857142857142857,0.9693677587925876,0.8597421393125397,0.7506157203002634,0.0030581039755351,0.125,0.9782550693703308,0.0059701492537313,0.3496882664192371,0.1118481199578231,0.0111524163568773,0.6,0.982260753584528,0.0218978102189781,0.7676955465226543,0.5668276679978131,0.0,0.0,0.9797986532435496,0.0,0.0,0.0,0.9988594628263172,0.9401333333333334,0.785895428579361,0.9684734989007228,0.8593821122401125,0.7501637405146265,,
2024-07-13 19:33:08,hf_ctgan_syn_150000,500,0.0001,10,9.0,4,0.9997873999007866,0.9414119845188844,0.7857142857142857,0.9697219644636904,0.8600470016104488,0.7511975055204323,0.0031545741324921,0.125,0.9789220917822838,0.0061538461538461,0.3498074634320793,0.1119162214689527,0.0111524163568773,0.6,0.982260753584528,0.0218978102189781,0.7676955465226543,0.5668276679978131,0.0,0.0,0.9797986532435496,0.0,0.0,0.0,0.9988596649058687,0.9408,0.7858957843246475,0.968827471951546,0.8596867535716172,0.7507450190560625,,
2024-07-13 19:33:27,hf_ctgan_syn_150000,1000,0.0001,4,1.0,4,0.9996547438199144,0.966034965968237,0.6428571428571429,0.982557350346138,0.7880497941897061,0.6410925473807048,0.0032786885245901,0.125,0.9797225186766276,0.0063897763578274,0.3499504462557212,0.1119979285999847,0.0140845070422535,0.6,0.9859953317772592,0.0275229357798165,0.7691535601337066,0.568761823353144,0.0,0.0,1.0,0.0,0.0,0.0,0.998728176195243,0.9654,0.6431749933110296,0.9816528790117992,0.7877573058065099,0.6407435138395206,,
2024-07-13 19:33:44,hf_ctgan_syn_150000,1000,0.0001,4,5.0,4,0.9996547438199144,0.966034965968237,0.6428571428571429,0.982557350346138,0.7880497941897061,0.6410925473807048,0.0032786885245901,0.125,0.9797225186766276,0.0063897763578274,0.3499504462557212,0.1119979285999847,0.0140845070422535,0.6,0.9859953317772592,0.0275229357798165,0.7691535601337066,0.568761823353144,0.0,0.0,1.0,0.0,0.0,0.0,0.998728176195243,0.9654,0.6431749933110296,0.9816528790117992,0.7877573058065099,0.6407435138395206,,
2024-07-13 19:34:03,hf_ctgan_syn_150000,1000,0.0001,4,9.0,4,0.9996547438199144,0.966034965968237,0.6428571428571429,0.982557350346138,0.7880497941897061,0.6410925473807048,0.0032786885245901,0.125,0.9797225186766276,0.0063897763578274,0.3499504462557212,0.1119979285999847,0.0140845070422535,0.6,0.9859953317772592,0.0275229357798165,0.7691535601337066,0.568761823353144,0.0,0.0,1.0,0.0,0.0,0.0,0.998728176195243,0.9654,0.6431749933110296,0.9816528790117992,0.7877573058065099,0.6407435138395206,,
2024-07-13 19:34:40,hf_ctgan_syn_150000,1000,0.0001,8,1.0,4,0.9997149169695674,0.9360069398104898,0.7142857142857143,0.966812558155564,0.817665203845022,0.6834001431356697,0.0031746031746031,0.125,0.9790554962646744,0.0061919504643962,0.3498312979610091,0.111929840436422,0.0167597765363128,0.6,0.9882627542514172,0.0326086956521739,0.7700374358113055,0.5699353154174657,0.0,0.0,0.968331222081472,0.0,0.0,0.0,0.9987891294276012,0.9354,0.714535186883278,0.9659243717067504,0.8173453054922828,0.6830119773554483,,
2024-07-13 19:35:19,hf_ctgan_syn_150000,1000,0.0001,8,5.0,4,0.9997149169695674,0.9360069398104898,0.7142857142857143,0.966812558155564,0.817665203845022,0.6834001431356697,0.0031746031746031,0.125,0.9790554962646744,0.0061919504643962,0.3498312979610091,0.111929840436422,0.0167597765363128,0.6,0.9882627542514172,0.0326086956521739,0.7700374358113055,0.5699353154174657,0.0,0.0,0.968331222081472,0.0,0.0,0.0,0.9987891294276012,0.9354,0.714535186883278,0.9659243717067504,0.8173453054922828,0.6830119773554483,,
2024-07-13 19:35:57,hf_ctgan_syn_150000,1000,0.0001,8,9.0,4,0.9997149169695674,0.9360069398104898,0.7142857142857143,0.966812558155564,0.817665203845022,0.6834001431356697,0.0031746031746031,0.125,0.9790554962646744,0.0061919504643962,0.3498312979610091,0.111929840436422,0.0167597765363128,0.6,0.9882627542514172,0.0326086956521739,0.7700374358113055,0.5699353154174657,0.0,0.0,0.968331222081472,0.0,0.0,0.0,0.9987891294276012,0.9354,0.714535186883278,0.9659243717067504,0.8173453054922828,0.6830119773554483,,
2024-07-13 19:37:04,hf_ctgan_syn_150000,1000,0.0001,10,1.0,4,0.9997872491312672,0.9407446950487122,0.7857142857142857,0.9693677587925876,0.8597421393125397,0.7506157203002634,0.0030581039755351,0.125,0.9782550693703308,0.0059701492537313,0.3496882664192371,0.1118481199578231,0.0111524163568773,0.6,0.982260753584528,0.0218978102189781,0.7676955465226543,0.5668276679978131,0.0,0.0,0.9797986532435496,0.0,0.0,0.0,0.9988594628263172,0.9401333333333334,0.785895428579361,0.9684734989007228,0.8593821122401125,0.7501637405146265,,
2024-07-13 19:38:09,hf_ctgan_syn_150000,1000,0.0001,10,5.0,4,0.9997872491312672,0.9407446950487122,0.7857142857142857,0.9693677587925876,0.8597421393125397,0.7506157203002634,0.0030581039755351,0.125,0.9782550693703308,0.0059701492537313,0.3496882664192371,0.1118481199578231,0.0111524163568773,0.6,0.982260753584528,0.0218978102189781,0.7676955465226543,0.5668276679978131,0.0,0.0,0.9797986532435496,0.0,0.0,0.0,0.9988594628263172,0.9401333333333334,0.785895428579361,0.9684734989007228,0.8593821122401125,0.7501637405146265,,
2024-07-13 19:39:19,hf_ctgan_syn_150000,1000,0.0001,10,9.0,4,0.9997873999007866,0.9414119845188844,0.7857142857142857,0.9697219644636904,0.8600470016104488,0.7511975055204323,0.0031545741324921,0.125,0.9789220917822838,0.0061538461538461,0.3498074634320793,0.1119162214689527,0.0111524163568773,0.6,0.982260753584528,0.0218978102189781,0.7676955465226543,0.5668276679978131,0.0,0.0,0.9797986532435496,0.0,0.0,0.0,0.9988596649058687,0.9408,0.7858957843246475,0.968827471951546,0.8596867535716172,0.7507450190560625,,
2024-07-13 19:39:27,hf_ctgan_syn_300000,100,0.001,4,1.0,4,0.999327414581652,0.9914586947817964,0.2857142857142857,0.99537750385208,0.5322348286187206,0.3032658108137596,0.0222222222222222,0.125,0.9970651013874068,0.0377358490566037,0.3530341876836092,0.1137643166892851,0.0114942528735632,0.2,0.994264754918306,0.0217391304347826,0.4459293116444143,0.1830587619458792,0.0,0.0,1.0,0.0,0.0,0.0,0.9984103922641852,0.9906666666666668,0.2863774753533317,0.99447585701146,0.5320750041159892,0.3031044566132163,,
2024-07-13 19:39:36,hf_ctgan_syn_300000,100,0.001,4,5.0,4,0.999327414581652,0.9914586947817964,0.2857142857142857,0.99537750385208,0.5322348286187206,0.3032658108137596,0.0222222222222222,0.125,0.9970651013874068,0.0377358490566037,0.3530341876836092,0.1137643166892851,0.0114942528735632,0.2,0.994264754918306,0.0217391304347826,0.4459293116444143,0.1830587619458792,0.0,0.0,1.0,0.0,0.0,0.0,0.9984103922641852,0.9906666666666668,0.2863774753533317,0.99447585701146,0.5320750041159892,0.3031044566132163,,
2024-07-13 19:39:44,hf_ctgan_syn_300000,100,0.001,4,9.0,4,0.999327414581652,0.9914586947817964,0.2857142857142857,0.99537750385208,0.5322348286187206,0.3032658108137596,0.0222222222222222,0.125,0.9970651013874068,0.0377358490566037,0.3530341876836092,0.1137643166892851,0.0114942528735632,0.2,0.994264754918306,0.0217391304347826,0.4459293116444143,0.1830587619458792,0.0,0.0,1.0,0.0,0.0,0.0,0.9984103922641852,0.9906666666666668,0.2863774753533317,0.99447585701146,0.5320750041159892,0.3031044566132163,,
2024-07-13 19:39:54,hf_ctgan_syn_300000,100,0.001,8,1.0,4,0.9994610617084344,0.9899906579474176,0.4285714285714285,0.9947033188065704,0.6513691046932555,0.4481017016463618,0.0422535211267605,0.375,0.9954642475987192,0.0759493670886076,0.6109820724452721,0.3501372187721036,0.0117647058823529,0.2,0.9943981327109036,0.0222222222222222,0.4459592207166264,0.1830806661462456,0.0,0.0,1.0,0.0,0.0,0.0,0.9985546881640684,0.9893333333333332,0.4291004755477182,0.9938228427788725,0.6512356703744181,0.4479312401302192,,
2024-07-13 19:40:03,hf_ctgan_syn_300000,100,0.001,8,5.0,4,0.9994610617084344,0.9899906579474176,0.4285714285714285,0.9947033188065704,0.6513691046932555,0.4481017016463618,0.0422535211267605,0.375,0.9954642475987192,0.0759493670886076,0.6109820724452721,0.3501372187721036,0.0117647058823529,0.2,0.9943981327109036,0.0222222222222222,0.4459592207166264,0.1830806661462456,0.0,0.0,1.0,0.0,0.0,0.0,0.9985546881640684,0.9893333333333332,0.4291004755477182,0.9938228427788725,0.6512356703744181,0.4479312401302192,,
2024-07-13 19:40:14,hf_ctgan_syn_300000,100,0.001,8,9.0,4,0.9994610617084344,0.9899906579474176,0.4285714285714285,0.9947033188065704,0.6513691046932555,0.4481017016463618,0.0422535211267605,0.375,0.9954642475987192,0.0759493670886076,0.6109820724452721,0.3501372187721036,0.0117647058823529,0.2,0.9943981327109036,0.0222222222222222,0.4459592207166264,0.1830806661462456,0.0,0.0,1.0,0.0,0.0,0.0,0.9985546881640684,0.9893333333333332,0.4291004755477182,0.9938228427788725,0.6512356703744181,0.4479312401302192,,
2024-07-13 19:40:27,hf_ctgan_syn_300000,100,0.001,10,1.0,4,0.9994610617084344,0.9899906579474176,0.4285714285714285,0.9947033188065704,0.6513691046932555,0.4481017016463618,0.0535714285714285,0.375,0.9964647812166488,0.09375,0.6112890420711329,0.3504517516844095,0.01,0.2,0.993397799266422,0.019047619047619,0.4457348537564506,0.1829163672986027,0.0,0.0,1.0,0.0,0.0,0.0,0.998560136146078,0.9893333333333332,0.4291006757211663,0.9938312782487002,0.6512357593025652,0.4479313531148232,,
2024-07-13 19:40:42,hf_ctgan_syn_300000,100,0.001,10,5.0,4,0.9994612794612796,0.9903910316295208,0.4285714285714285,0.9949054833087544,0.6515008052717929,0.4482999176810399,0.0535714285714285,0.375,0.9964647812166488,0.09375,0.6112890420711329,0.3504517516844095,0.0106382978723404,0.2,0.9937979326442148,0.0202020202020202,0.4458246140903875,0.1829820916408615,0.0,0.0,1.0,0.0,0.0,0.0,0.9985605664616444,0.9897333333333334,0.4291008090989588,0.9940336388644004,0.651367366880674,0.4481294060559829,,
2024-07-13 19:40:54,hf_ctgan_syn_300000,100,0.001,10,9.0,4,0.9994612794612796,0.9903910316295208,0.4285714285714285,0.9949054833087544,0.6515008052717929,0.4482999176810399,0.0535714285714285,0.375,0.9964647812166488,0.09375,0.6112890420711329,0.3504517516844095,0.0106382978723404,0.2,0.9937979326442148,0.0202020202020202,0.4458246140903875,0.1829820916408615,0.0,0.0,1.0,0.0,0.0,0.0,0.9985605664616444,0.9897333333333334,0.4291008090989588,0.9940336388644004,0.651367366880674,0.4481294060559829,,
2024-07-13 19:41:06,hf_ctgan_syn_300000,500,0.001,4,1.0,4,0.999327414581652,0.9914586947817964,0.2857142857142857,0.99537750385208,0.5322348286187206,0.3032658108137596,0.0222222222222222,0.125,0.9970651013874068,0.0377358490566037,0.3530341876836092,0.1137643166892851,0.0114942528735632,0.2,0.994264754918306,0.0217391304347826,0.4459293116444143,0.1830587619458792,0.0,0.0,1.0,0.0,0.0,0.0,0.9984103922641852,0.9906666666666668,0.2863774753533317,0.99447585701146,0.5320750041159892,0.3031044566132163,,
2024-07-13 19:41:19,hf_ctgan_syn_300000,500,0.001,4,5.0,4,0.999327414581652,0.9914586947817964,0.2857142857142857,0.99537750385208,0.5322348286187206,0.3032658108137596,0.0222222222222222,0.125,0.9970651013874068,0.0377358490566037,0.3530341876836092,0.1137643166892851,0.0114942528735632,0.2,0.994264754918306,0.0217391304347826,0.4459293116444143,0.1830587619458792,0.0,0.0,1.0,0.0,0.0,0.0,0.9984103922641852,0.9906666666666668,0.2863774753533317,0.99447585701146,0.5320750041159892,0.3031044566132163,,
2024-07-13 19:41:34,hf_ctgan_syn_300000,500,0.001,4,9.0,4,0.999327414581652,0.9914586947817964,0.2857142857142857,0.99537750385208,0.5322348286187206,0.3032658108137596,0.0222222222222222,0.125,0.9970651013874068,0.0377358490566037,0.3530341876836092,0.1137643166892851,0.0114942528735632,0.2,0.994264754918306,0.0217391304347826,0.4459293116444143,0.1830587619458792,0.0,0.0,1.0,0.0,0.0,0.0,0.9984103922641852,0.9906666666666668,0.2863774753533317,0.99447585701146,0.5320750041159892,0.3031044566132163,,
2024-07-13 19:41:58,hf_ctgan_syn_300000,500,0.001,8,1.0,4,0.9994611706068566,0.9901908447884692,0.4285714285714285,0.9948044112224717,0.6514349583107618,0.4482008079462108,0.073170731707317,0.375,0.9974653148345785,0.1224489795918367,0.611595857624107,0.3507662095166515,0.0089285714285714,0.2,0.9925975325108368,0.017094017094017,0.4455552788399745,0.1827848994012787,0.0,0.0,1.0,0.0,0.0,0.0,0.9985703407616768,0.9895333333333334,0.4291009425835106,0.9939469312334775,0.6513016552333513,0.4480304908036703,,
2024-07-13 19:42:27,hf_ctgan_syn_300000,500,0.001,8,5.0,4,0.9994611706068566,0.9901908447884692,0.4285714285714285,0.9948044112224717,0.6514349583107618,0.4482008079462108,0.073170731707317,0.375,0.9974653148345785,0.1224489795918367,0.611595857624107,0.3507662095166515,0.0089285714285714,0.2,0.9925975325108368,0.017094017094017,0.4455552788399745,0.1827848994012787,0.0,0.0,1.0,0.0,0.0,0.0,0.9985703407616768,0.9895333333333334,0.4291009425835106,0.9939469312334775,0.6513016552333513,0.4480304908036703,,
2024-07-13 19:42:50,hf_ctgan_syn_300000,500,0.001,8,9.0,4,0.9994611706068566,0.9901908447884692,0.4285714285714285,0.9948044112224717,0.6514349583107618,0.4482008079462108,0.073170731707317,0.375,0.9974653148345785,0.1224489795918367,0.611595857624107,0.3507662095166515,0.0089285714285714,0.2,0.9925975325108368,0.017094017094017,0.4455552788399745,0.1827848994012787,0.0,0.0,1.0,0.0,0.0,0.0,0.9985703407616768,0.9895333333333334,0.4291009425835106,0.9939469312334775,0.6513016552333513,0.4480304908036703,,
2024-07-13 19:43:27,hf_ctgan_syn_300000,500,0.001,10,1.0,4,0.9994612068965516,0.9902575737354864,0.4285714285714285,0.994838104176443,0.6514569080372808,0.4482338441428227,0.0576923076923076,0.375,0.99673159018143,0.0999999999999999,0.611370874607252,0.3505356144475026,0.01,0.2,0.993397799266422,0.019047619047619,0.4457348537564506,0.1829163672986027,0.0,0.0,1.0,0.0,0.0,0.0,0.9985624790008842,0.9896,0.4291008180192808,0.9939692711522276,0.6513235243408222,0.4480634170050943,,
2024-07-13 19:44:07,hf_ctgan_syn_300000,500,0.001,10,5.0,4,0.9994611343122728,0.990124115841452,0.4285714285714285,0.994770716009654,0.6514130078446344,0.4481677721312633,0.0555555555555555,0.375,0.9965981856990396,0.096774193548387,0.6113299597084538,0.3504936837333343,0.01,0.2,0.993397799266422,0.019047619047619,0.4457348537564506,0.1829163672986027,0.0,0.0,1.0,0.0,0.0,0.0,0.9985612668832108,0.9894666666666668,0.4291007468702235,0.9939002254509534,0.6512796433004094,0.4479973842976981,,
2024-07-13 19:44:43,hf_ctgan_syn_300000,500,0.001,10,9.0,4,0.9994610980127988,0.9900573868944348,0.4285714285714285,0.9947370185377626,0.6513910566388239,0.4481347366979804,0.0555555555555555,0.375,0.9965981856990396,0.096774193548387,0.6113299597084538,0.3504936837333343,0.0099009900990099,0.2,0.9933311103701232,0.0188679245283018,0.4457198919433871,0.1829054126189223,0.0,0.0,1.0,0.0,0.0,0.0,0.9985611976143164,0.9894,0.4291007246405914,0.9938664995318626,0.6512577075951199,0.4479643760459263,,
2024-07-13 19:45:06,hf_ctgan_syn_300000,1000,0.001,4,1.0,4,0.999327414581652,0.9914586947817964,0.2857142857142857,0.99537750385208,0.5322348286187206,0.3032658108137596,0.04,0.125,0.9983991462113126,0.0606060606060606,0.3532702836022499,0.1138998812529257,0.0093457943925233,0.2,0.9929309769923308,0.0178571428571428,0.4456301105159593,0.1828396808050165,0.0,0.0,1.0,0.0,0.0,0.0,0.9984191575928396,0.9906666666666668,0.2863777422512625,0.9944867604617604,0.532075030300103,0.30310445588727,,
2024-07-13 19:45:28,hf_ctgan_syn_300000,1000,0.001,4,5.0,4,0.999327414581652,0.9914586947817964,0.2857142857142857,0.99537750385208,0.5322348286187206,0.3032658108137596,0.04,0.125,0.9983991462113126,0.0606060606060606,0.3532702836022499,0.1138998812529257,0.0093457943925233,0.2,0.9929309769923308,0.0178571428571428,0.4456301105159593,0.1828396808050165,0.0,0.0,1.0,0.0,0.0,0.0,0.9984191575928396,0.9906666666666668,0.2863777422512625,0.9944867604617604,0.532075030300103,0.30310445588727,,
2024-07-13 19:45:48,hf_ctgan_syn_300000,1000,0.001,4,9.0,4,0.999327414581652,0.9914586947817964,0.2857142857142857,0.99537750385208,0.5322348286187206,0.3032658108137596,0.1428571428571428,0.125,0.9995997865528282,0.1333333333333333,0.3534826351026363,0.1140218513196365,0.016,0.4,0.9917972657552516,0.0307692307692307,0.6298562584448143,0.373241189899801,0.0,0.0,1.0,0.0,0.0,0.0,0.9984762328042328,0.9907333333333334,0.2863780046890323,0.9945298523698524,0.5321365522702128,0.3031679881076705,,
2024-07-13 19:46:29,hf_ctgan_syn_300000,1000,0.001,8,1.0,4,0.9994611706068566,0.9901908447884692,0.4285714285714285,0.9948044112224717,0.6514349583107618,0.4482008079462108,0.073170731707317,0.375,0.9974653148345785,0.1224489795918367,0.611595857624107,0.3507662095166515,0.0089285714285714,0.2,0.9925975325108368,0.017094017094017,0.4455552788399745,0.1827848994012787,0.0,0.0,1.0,0.0,0.0,0.0,0.9985703407616768,0.9895333333333334,0.4291009425835106,0.9939469312334775,0.6513016552333513,0.4480304908036703,,
2024-07-13 19:47:09,hf_ctgan_syn_300000,1000,0.001,8,5.0,4,0.9994611706068566,0.9901908447884692,0.4285714285714285,0.9948044112224717,0.6514349583107618,0.4482008079462108,0.073170731707317,0.375,0.9974653148345785,0.1224489795918367,0.611595857624107,0.3507662095166515,0.0089285714285714,0.2,0.9925975325108368,0.017094017094017,0.4455552788399745,0.1827848994012787,0.0,0.0,1.0,0.0,0.0,0.0,0.9985703407616768,0.9895333333333334,0.4291009425835106,0.9939469312334775,0.6513016552333513,0.4480304908036703,,
2024-07-13 19:47:48,hf_ctgan_syn_300000,1000,0.001,8,9.0,4,0.9994611706068566,0.9901908447884692,0.4285714285714285,0.9948044112224717,0.6514349583107618,0.4482008079462108,0.073170731707317,0.375,0.9974653148345785,0.1224489795918367,0.611595857624107,0.3507662095166515,0.0089285714285714,0.2,0.9925975325108368,0.017094017094017,0.4455552788399745,0.1827848994012787,0.0,0.0,1.0,0.0,0.0,0.0,0.9985703407616768,0.9895333333333334,0.4291009425835106,0.9939469312334775,0.6513016552333513,0.4480304908036703,,
2024-07-13 19:49:00,hf_ctgan_syn_300000,1000,0.001,10,1.0,4,0.9994611706068566,0.9901908447884692,0.4285714285714285,0.9948044112224717,0.6514349583107618,0.4482008079462108,0.073170731707317,0.375,0.9974653148345785,0.1224489795918367,0.611595857624107,0.3507662095166515,0.0089285714285714,0.2,0.9925975325108368,0.017094017094017,0.4455552788399745,0.1827848994012787,0.0,0.0,1.0,0.0,0.0,0.0,0.9985703407616768,0.9895333333333334,0.4291009425835106,0.9939469312334775,0.6513016552333513,0.4480304908036703,,
2024-07-13 19:50:09,hf_ctgan_syn_300000,1000,0.001,10,5.0,4,0.9994611706068566,0.9901908447884692,0.4285714285714285,0.9948044112224717,0.6514349583107618,0.4482008079462108,0.073170731707317,0.375,0.9974653148345785,0.1224489795918367,0.611595857624107,0.3507662095166515,0.0089285714285714,0.2,0.9925975325108368,0.017094017094017,0.4455552788399745,0.1827848994012787,0.0,0.0,1.0,0.0,0.0,0.0,0.9985703407616768,0.9895333333333334,0.4291009425835106,0.9939469312334775,0.6513016552333513,0.4480304908036703,,
2024-07-13 19:51:24,hf_ctgan_syn_300000,1000,0.001,10,9.0,4,0.9994610617084344,0.9899906579474176,0.4285714285714285,0.9947033188065704,0.6513691046932555,0.4481017016463618,0.0697674418604651,0.375,0.9973319103521878,0.1176470588235294,0.6115549577773616,0.3507242861436452,0.0088495575221238,0.2,0.992530843614538,0.0169491525423728,0.4455403109965558,0.182773942586842,0.0,0.0,1.0,0.0,0.0,0.0,0.9985683905390064,0.9893333333333332,0.4291008492048213,0.9938433238579044,0.6512358362766885,0.4479314509916308,,
2024-07-13 19:51:32,hf_ctgan_syn_300000,100,0.0001,4,1.0,4,0.999327414581652,0.9914586947817964,0.2857142857142857,0.99537750385208,0.5322348286187206,0.3032658108137596,0.0222222222222222,0.125,0.9970651013874068,0.0377358490566037,0.3530341876836092,0.1137643166892851,0.0114942528735632,0.2,0.994264754918306,0.0217391304347826,0.4459293116444143,0.1830587619458792,0.0,0.0,1.0,0.0,0.0,0.0,0.9984103922641852,0.9906666666666668,0.2863774753533317,0.99447585701146,0.5320750041159892,0.3031044566132163,,
2024-07-13 19:51:40,hf_ctgan_syn_300000,100,0.0001,4,5.0,4,0.999327414581652,0.9914586947817964,0.2857142857142857,0.99537750385208,0.5322348286187206,0.3032658108137596,0.0222222222222222,0.125,0.9970651013874068,0.0377358490566037,0.3530341876836092,0.1137643166892851,0.0114942528735632,0.2,0.994264754918306,0.0217391304347826,0.4459293116444143,0.1830587619458792,0.0,0.0,1.0,0.0,0.0,0.0,0.9984103922641852,0.9906666666666668,0.2863774753533317,0.99447585701146,0.5320750041159892,0.3031044566132163,,
2024-07-13 19:51:48,hf_ctgan_syn_300000,100,0.0001,4,9.0,4,0.999327414581652,0.9914586947817964,0.2857142857142857,0.99537750385208,0.5322348286187206,0.3032658108137596,0.0222222222222222,0.125,0.9970651013874068,0.0377358490566037,0.3530341876836092,0.1137643166892851,0.0114942528735632,0.2,0.994264754918306,0.0217391304347826,0.4459293116444143,0.1830587619458792,0.0,0.0,1.0,0.0,0.0,0.0,0.9984103922641852,0.9906666666666668,0.2863774753533317,0.99447585701146,0.5320750041159892,0.3031044566132163,,
2024-07-13 19:51:58,hf_ctgan_syn_300000,100,0.0001,8,1.0,4,0.9994610617084344,0.9899906579474176,0.4285714285714285,0.9947033188065704,0.6513691046932555,0.4481017016463618,0.0422535211267605,0.375,0.9954642475987192,0.0759493670886076,0.6109820724452721,0.3501372187721036,0.0117647058823529,0.2,0.9943981327109036,0.0222222222222222,0.4459592207166264,0.1830806661462456,0.0,0.0,1.0,0.0,0.0,0.0,0.9985546881640684,0.9893333333333332,0.4291004755477182,0.9938228427788725,0.6512356703744181,0.4479312401302192,,
2024-07-13 19:52:08,hf_ctgan_syn_300000,100,0.0001,8,5.0,4,0.9994610617084344,0.9899906579474176,0.4285714285714285,0.9947033188065704,0.6513691046932555,0.4481017016463618,0.0422535211267605,0.375,0.9954642475987192,0.0759493670886076,0.6109820724452721,0.3501372187721036,0.0117647058823529,0.2,0.9943981327109036,0.0222222222222222,0.4459592207166264,0.1830806661462456,0.0,0.0,1.0,0.0,0.0,0.0,0.9985546881640684,0.9893333333333332,0.4291004755477182,0.9938228427788725,0.6512356703744181,0.4479312401302192,,
2024-07-13 19:52:18,hf_ctgan_syn_300000,100,0.0001,8,9.0,4,0.999461025399178,0.9899239290004004,0.4285714285714285,0.9946696168158504,0.6513471520078544,0.4480686669764078,0.0422535211267605,0.375,0.9954642475987192,0.0759493670886076,0.6109820724452721,0.3501372187721036,0.0116279069767441,0.2,0.9943314438146048,0.0219780219780219,0.4459442664312671,0.1830697141350107,0.0,0.0,1.0,0.0,0.0,0.0,0.9985546062890652,0.9892666666666666,0.4291004533180861,0.9937890908432624,0.6512137331934283,0.4478982326419533,,
2024-07-13 19:52:31,hf_ctgan_syn_300000,100,0.0001,10,1.0,4,0.9994612794612796,0.9903910316295208,0.4285714285714285,0.9949054833087544,0.6515008052717929,0.4482999176810399,0.0535714285714285,0.375,0.9964647812166488,0.09375,0.6112890420711329,0.3504517516844095,0.0106382978723404,0.2,0.9937979326442148,0.0202020202020202,0.4458246140903875,0.1829820916408615,0.0,0.0,1.0,0.0,0.0,0.0,0.9985605664616444,0.9897333333333334,0.4291008090989588,0.9940336388644004,0.651367366880674,0.4481294060559829,,
2024-07-13 19:52:44,hf_ctgan_syn_300000,100,0.0001,10,5.0,4,0.9994611706068566,0.9901908447884692,0.4285714285714285,0.9948044112224717,0.6514349583107618,0.4482008079462108,0.0508474576271186,0.375,0.996264674493063,0.0895522388059701,0.6112276604792183,0.3503888511083534,0.0106382978723404,0.2,0.9937979326442148,0.0202020202020202,0.4458246140903875,0.1829820916408615,0.0,0.0,1.0,0.0,0.0,0.0,0.9985590049243154,0.9895333333333334,0.4291007023753729,0.9939304223060944,0.6513015486399575,0.4480303552765992,,
2024-07-13 19:52:58,hf_ctgan_syn_300000,100,0.0001,10,9.0,4,0.9994610617084344,0.9899906579474176,0.4285714285714285,0.9947033188065704,0.6513691046932555,0.4481017016463618,0.0483870967741935,0.375,0.996064567769477,0.0857142857142857,0.6111662727225332,0.3503259475290948,0.0106382978723404,0.2,0.9937979326442148,0.0202020202020202,0.4458246140903875,0.1829820916408615,0.0,0.0,1.0,0.0,0.0,0.0,0.9985575839350768,0.9893333333333332,0.429100595651787,0.9938273773347992,0.6512357237456906,0.4479313079273878,,
2024-07-13 19:53:15,hf_ctgan_syn_300000,500,0.0001,4,1.0,4,0.999327414581652,0.9914586947817964,0.2857142857142857,0.99537750385208,0.5322348286187206,0.3032658108137596,0.0222222222222222,0.125,0.9970651013874068,0.0377358490566037,0.3530341876836092,0.1137643166892851,0.0114942528735632,0.2,0.994264754918306,0.0217391304347826,0.4459293116444143,0.1830587619458792,0.0,0.0,1.0,0.0,0.0,0.0,0.9984103922641852,0.9906666666666668,0.2863774753533317,0.99447585701146,0.5320750041159892,0.3031044566132163,,
2024-07-13 19:53:29,hf_ctgan_syn_300000,500,0.0001,4,5.0,4,0.999327414581652,0.9914586947817964,0.2857142857142857,0.99537750385208,0.5322348286187206,0.3032658108137596,0.0222222222222222,0.125,0.9970651013874068,0.0377358490566037,0.3530341876836092,0.1137643166892851,0.0114942528735632,0.2,0.994264754918306,0.0217391304347826,0.4459293116444143,0.1830587619458792,0.0,0.0,1.0,0.0,0.0,0.0,0.9984103922641852,0.9906666666666668,0.2863774753533317,0.99447585701146,0.5320750041159892,0.3031044566132163,,
2024-07-13 19:53:43,hf_ctgan_syn_300000,500,0.0001,4,9.0,4,0.999327414581652,0.9914586947817964,0.2857142857142857,0.99537750385208,0.5322348286187206,0.3032658108137596,0.0222222222222222,0.125,0.9970651013874068,0.0377358490566037,0.3530341876836092,0.1137643166892851,0.0114942528735632,0.2,0.994264754918306,0.0217391304347826,0.4459293116444143,0.1830587619458792,0.0,0.0,1.0,0.0,0.0,0.0,0.9984103922641852,0.9906666666666668,0.2863774753533317,0.99447585701146,0.5320750041159892,0.3031044566132163,,
2024-07-13 19:54:06,hf_ctgan_syn_300000,500,0.0001,8,1.0,4,0.9994610617084344,0.9899906579474176,0.4285714285714285,0.9947033188065704,0.6513691046932555,0.4481017016463618,0.0422535211267605,0.375,0.9954642475987192,0.0759493670886076,0.6109820724452721,0.3501372187721036,0.0117647058823529,0.2,0.9943981327109036,0.0222222222222222,0.4459592207166264,0.1830806661462456,0.0,0.0,1.0,0.0,0.0,0.0,0.9985546881640684,0.9893333333333332,0.4291004755477182,0.9938228427788725,0.6512356703744181,0.4479312401302192,,
2024-07-13 19:54:30,hf_ctgan_syn_300000,500,0.0001,8,5.0,4,0.9994610617084344,0.9899906579474176,0.4285714285714285,0.9947033188065704,0.6513691046932555,0.4481017016463618,0.0422535211267605,0.375,0.9954642475987192,0.0759493670886076,0.6109820724452721,0.3501372187721036,0.0117647058823529,0.2,0.9943981327109036,0.0222222222222222,0.4459592207166264,0.1830806661462456,0.0,0.0,1.0,0.0,0.0,0.0,0.9985546881640684,0.9893333333333332,0.4291004755477182,0.9938228427788725,0.6512356703744181,0.4479312401302192,,
2024-07-13 19:54:53,hf_ctgan_syn_300000,500,0.0001,8,9.0,4,0.9994610617084344,0.9899906579474176,0.4285714285714285,0.9947033188065704,0.6513691046932555,0.4481017016463618,0.0422535211267605,0.375,0.9954642475987192,0.0759493670886076,0.6109820724452721,0.3501372187721036,0.0117647058823529,0.2,0.9943981327109036,0.0222222222222222,0.4459592207166264,0.1830806661462456,0.0,0.0,1.0,0.0,0.0,0.0,0.9985546881640684,0.9893333333333332,0.4291004755477182,0.9938228427788725,0.6512356703744181,0.4479312401302192,,
2024-07-13 19:55:37,hf_ctgan_syn_300000,500,0.0001,10,1.0,4,0.9994610617084344,0.9899906579474176,0.4285714285714285,0.9947033188065704,0.6513691046932555,0.4481017016463618,0.0535714285714285,0.375,0.9964647812166488,0.09375,0.6112890420711329,0.3504517516844095,0.01,0.2,0.993397799266422,0.019047619047619,0.4457348537564506,0.1829163672986027,0.0,0.0,1.0,0.0,0.0,0.0,0.998560136146078,0.9893333333333332,0.4291006757211663,0.9938312782487002,0.6512357593025652,0.4479313531148232,,
2024-07-13 19:56:17,hf_ctgan_syn_300000,500,0.0001,10,5.0,4,0.9994610617084344,0.9899906579474176,0.4285714285714285,0.9947033188065704,0.6513691046932555,0.4481017016463618,0.0535714285714285,0.375,0.9964647812166488,0.09375,0.6112890420711329,0.3504517516844095,0.01,0.2,0.993397799266422,0.019047619047619,0.4457348537564506,0.1829163672986027,0.0,0.0,1.0,0.0,0.0,0.0,0.998560136146078,0.9893333333333332,0.4291006757211663,0.9938312782487002,0.6512357593025652,0.4479313531148232,,
2024-07-13 19:56:55,hf_ctgan_syn_300000,500,0.0001,10,9.0,4,0.9994612794612796,0.9903910316295208,0.4285714285714285,0.9949054833087544,0.6515008052717929,0.4482999176810399,0.0535714285714285,0.375,0.9964647812166488,0.09375,0.6112890420711329,0.3504517516844095,0.0106382978723404,0.2,0.9937979326442148,0.0202020202020202,0.4458246140903875,0.1829820916408615,0.0,0.0,1.0,0.0,0.0,0.0,0.9985605664616444,0.9897333333333334,0.4291008090989588,0.9940336388644004,0.651367366880674,0.4481294060559829,,
2024-07-13 19:57:20,hf_ctgan_syn_300000,1000,0.0001,4,1.0,4,0.999327414581652,0.9914586947817964,0.2857142857142857,0.99537750385208,0.5322348286187206,0.3032658108137596,0.0222222222222222,0.125,0.9970651013874068,0.0377358490566037,0.3530341876836092,0.1137643166892851,0.0114942528735632,0.2,0.994264754918306,0.0217391304347826,0.4459293116444143,0.1830587619458792,0.0,0.0,1.0,0.0,0.0,0.0,0.9984103922641852,0.9906666666666668,0.2863774753533317,0.99447585701146,0.5320750041159892,0.3031044566132163,,
2024-07-13 19:57:41,hf_ctgan_syn_300000,1000,0.0001,4,5.0,4,0.999327414581652,0.9914586947817964,0.2857142857142857,0.99537750385208,0.5322348286187206,0.3032658108137596,0.0222222222222222,0.125,0.9970651013874068,0.0377358490566037,0.3530341876836092,0.1137643166892851,0.0114942528735632,0.2,0.994264754918306,0.0217391304347826,0.4459293116444143,0.1830587619458792,0.0,0.0,1.0,0.0,0.0,0.0,0.9984103922641852,0.9906666666666668,0.2863774753533317,0.99447585701146,0.5320750041159892,0.3031044566132163,,
2024-07-13 19:58:03,hf_ctgan_syn_300000,1000,0.0001,4,9.0,4,0.999327414581652,0.9914586947817964,0.2857142857142857,0.99537750385208,0.5322348286187206,0.3032658108137596,0.0222222222222222,0.125,0.9970651013874068,0.0377358490566037,0.3530341876836092,0.1137643166892851,0.0114942528735632,0.2,0.994264754918306,0.0217391304347826,0.4459293116444143,0.1830587619458792,0.0,0.0,1.0,0.0,0.0,0.0,0.9984103922641852,0.9906666666666668,0.2863774753533317,0.99447585701146,0.5320750041159892,0.3031044566132163,,
2024-07-13 19:58:46,hf_ctgan_syn_300000,1000,0.0001,8,1.0,4,0.9994610617084344,0.9899906579474176,0.4285714285714285,0.9947033188065704,0.6513691046932555,0.4481017016463618,0.0422535211267605,0.375,0.9954642475987192,0.0759493670886076,0.6109820724452721,0.3501372187721036,0.0117647058823529,0.2,0.9943981327109036,0.0222222222222222,0.4459592207166264,0.1830806661462456,0.0,0.0,1.0,0.0,0.0,0.0,0.9985546881640684,0.9893333333333332,0.4291004755477182,0.9938228427788725,0.6512356703744181,0.4479312401302192,,
2024-07-13 19:59:26,hf_ctgan_syn_300000,1000,0.0001,8,5.0,4,0.9994610617084344,0.9899906579474176,0.4285714285714285,0.9947033188065704,0.6513691046932555,0.4481017016463618,0.0422535211267605,0.375,0.9954642475987192,0.0759493670886076,0.6109820724452721,0.3501372187721036,0.0117647058823529,0.2,0.9943981327109036,0.0222222222222222,0.4459592207166264,0.1830806661462456,0.0,0.0,1.0,0.0,0.0,0.0,0.9985546881640684,0.9893333333333332,0.4291004755477182,0.9938228427788725,0.6512356703744181,0.4479312401302192,,
2024-07-13 20:00:07,hf_ctgan_syn_300000,1000,0.0001,8,9.0,4,0.9994610617084344,0.9899906579474176,0.4285714285714285,0.9947033188065704,0.6513691046932555,0.4481017016463618,0.0422535211267605,0.375,0.9954642475987192,0.0759493670886076,0.6109820724452721,0.3501372187721036,0.0117647058823529,0.2,0.9943981327109036,0.0222222222222222,0.4459592207166264,0.1830806661462456,0.0,0.0,1.0,0.0,0.0,0.0,0.9985546881640684,0.9893333333333332,0.4291004755477182,0.9938228427788725,0.6512356703744181,0.4479312401302192,,
2024-07-13 20:01:23,hf_ctgan_syn_300000,1000,0.0001,10,1.0,4,0.9994610617084344,0.9899906579474176,0.4285714285714285,0.9947033188065704,0.6513691046932555,0.4481017016463618,0.0535714285714285,0.375,0.9964647812166488,0.09375,0.6112890420711329,0.3504517516844095,0.01,0.2,0.993397799266422,0.019047619047619,0.4457348537564506,0.1829163672986027,0.0,0.0,1.0,0.0,0.0,0.0,0.998560136146078,0.9893333333333332,0.4291006757211663,0.9938312782487002,0.6512357593025652,0.4479313531148232,,
2024-07-13 20:02:39,hf_ctgan_syn_300000,1000,0.0001,10,5.0,4,0.9994610617084344,0.9899906579474176,0.4285714285714285,0.9947033188065704,0.6513691046932555,0.4481017016463618,0.0535714285714285,0.375,0.9964647812166488,0.09375,0.6112890420711329,0.3504517516844095,0.01,0.2,0.993397799266422,0.019047619047619,0.4457348537564506,0.1829163672986027,0.0,0.0,1.0,0.0,0.0,0.0,0.998560136146078,0.9893333333333332,0.4291006757211663,0.9938312782487002,0.6512357593025652,0.4479313531148232,,
2024-07-13 20:03:52,hf_ctgan_syn_300000,1000,0.0001,10,9.0,4,0.9994612794612796,0.9903910316295208,0.4285714285714285,0.9949054833087544,0.6515008052717929,0.4482999176810399,0.0535714285714285,0.375,0.9964647812166488,0.09375,0.6112890420711329,0.3504517516844095,0.0106382978723404,0.2,0.9937979326442148,0.0202020202020202,0.4458246140903875,0.1829820916408615,0.0,0.0,1.0,0.0,0.0,0.0,0.9985605664616444,0.9897333333333334,0.4291008090989588,0.9940336388644004,0.651367366880674,0.4481294060559829,,
2024-07-13 23:51:01,hf_copula_base_100000,100,0.001,4,1.0,4,0.9993880881153114,0.980848792206059,0.3571428571428571,0.9900316562268472,0.5918641229822876,0.37215175482711,0.0133333333333333,0.25,0.990128068303095,0.0253164556962025,0.4975258958845999,0.2292114777116276,0.0,0.0,0.9905301767255752,0.0,0.0,0.0,0.0,0.0,1.0,0.0,0.0,0.0,0.9984624370108482,0.9800666666666666,0.3577344355048606,0.98912112879074,0.5915770636119759,0.3719266593107175,,
2024-07-13 23:51:05,hf_copula_base_100000,100,0.001,4,5.0,4,0.9993880881153114,0.980848792206059,0.3571428571428571,0.9900316562268472,0.5918641229822876,0.37215175482711,0.0133333333333333,0.25,0.990128068303095,0.0253164556962025,0.4975258958845999,0.2292114777116276,0.0,0.0,0.9905301767255752,0.0,0.0,0.0,0.0,0.0,1.0,0.0,0.0,0.0,0.9984624370108482,0.9800666666666666,0.3577344355048606,0.98912112879074,0.5915770636119759,0.3719266593107175,,
2024-07-13 23:51:09,hf_copula_base_100000,100,0.001,4,9.0,4,0.9993880881153114,0.980848792206059,0.3571428571428571,0.9900316562268472,0.5918641229822876,0.37215175482711,0.0133333333333333,0.25,0.990128068303095,0.0253164556962025,0.4975258958845999,0.2292114777116276,0.0,0.0,0.9905301767255752,0.0,0.0,0.0,0.0,0.0,1.0,0.0,0.0,0.0,0.9984624370108482,0.9800666666666666,0.3577344355048606,0.98912112879074,0.5915770636119759,0.3719266593107175,,
2024-07-13 23:51:15,hf_copula_base_100000,100,0.001,8,1.0,4,0.9995174743227409,0.967569731749633,0.5,0.9832841691248771,0.6955464512703782,0.5064051818709786,0.036697247706422,0.5,0.9929962646744932,0.0683760683760683,0.7046262359132298,0.4720209598712341,0.0,0.0,0.9884628209403136,0.0,0.0,0.0,0.0,0.0,0.9859323954930328,0.0,0.0,0.0,0.9986041632121496,0.9669333333333332,0.500458147774506,0.9824029044701612,0.6952730752416796,0.506184281546497,,
2024-07-13 23:51:21,hf_copula_base_100000,100,0.001,8,5.0,4,0.9995175075820236,0.9676364606966502,0.5,0.9833186410795416,0.6955704352172576,0.5064433348343859,0.0377358490566037,0.5,0.9931963713980788,0.0701754385964912,0.7046972298079789,0.4721061433760758,0.0057142857142857,0.2,0.9883961320440148,0.0111111111111111,0.4446113206035165,0.1820942726601876,0.0,0.0,0.9859323954930328,0.0,0.0,0.0,0.9986066551230154,0.9670666666666666,0.5004582322684599,0.9824420076188224,0.6954452784404869,0.506283142422561,,
2024-07-13 23:51:26,hf_copula_base_100000,100,0.001,8,9.0,4,0.9995186025720376,0.9698385159482183,0.5,0.9844549056795476,0.6963614420501103,0.5077026324262357,0.037037037037037,0.5,0.9930629669156884,0.0689655172413793,0.7046499013395547,0.4720493548177669,0.0057471264367816,0.2,0.9884628209403136,0.0111731843575419,0.4446263197203497,0.1821052405041983,0.0,0.0,0.9881992132808854,0.0,0.0,0.0,0.9986073873382024,0.9692666666666668,0.5004583344702205,0.9835765871048946,0.6962355267581513,0.5075412380387088,,
2024-07-13 23:51:34,hf_copula_base_100000,100,0.001,10,1.0,4,0.999514091350826,0.9608301081008942,0.5,0.9797904191616768,0.6931197977625853,0.5025540261795836,0.0194174757281553,0.5,0.9865261472785486,0.0373831775700934,0.7023268994131396,0.4692645353580252,0.0060975609756097,0.2,0.9891297099033012,0.0118343195266272,0.4447762830689831,0.1822149091600056,0.0,0.0,0.9850656710447364,0.0,0.0,0.0,0.9985936000396122,0.9602666666666668,0.5004548615599194,0.9788998305716722,0.6929957190587167,0.5023959884770602,,
2024-07-13 23:51:42,hf_copula_base_100000,100,0.001,10,5.0,4,0.9995146640782084,0.9619645002001868,0.5,0.9803801557346392,0.6935288386938884,0.5032019225773585,0.0201005025125628,0.5,0.9869930629669156,0.038647342995169,0.7024930828723212,0.46946359274039,0.0062893081761006,0.2,0.9894631543847948,0.0121951219512195,0.4448512457855536,0.182269736816796,0.0,0.0,0.9853990266017736,0.0,0.0,0.0,0.9985946004291344,0.9614,0.5004552439534841,0.979489811212868,0.6934044918372345,0.5030434046113534,,
2024-07-13 23:51:51,hf_copula_base_100000,100,0.001,10,9.0,4,0.9995159059474412,0.9644334712398238,0.5,0.9816613461930314,0.6944182713753375,0.5046124948613011,0.0219780219780219,0.5,0.9881270010672358,0.0421052631578947,0.7028965076976965,0.4699469270483923,0.0064935064935064,0.2,0.9897965988662888,0.0125786163522012,0.4449261958721443,0.1823245600261774,0.0,0.0,0.9863990932728848,0.0,0.0,0.0,0.9985969105491096,0.9638666666666666,0.5004560265397427,0.9807717779490528,0.6942933345247834,0.504452936413865,,
2024-07-13 23:52:03,hf_copula_base_100000,500,0.001,4,1.0,4,0.999525648844616,0.984251968503937,0.5,0.9918300104226204,0.7015169165828922,0.5159572819145638,0.0380952380952381,0.5,0.9932630736392742,0.0707964601769911,0.7047208928502383,0.472134536987852,0.0,0.0,0.9915305101700568,0.0,0.0,0.0,0.0,0.0,0.9992666177745184,0.0,0.0,0.0,0.9986130756993452,0.9836,0.5004602015838492,0.9909420605249872,0.7012380186036016,0.5157275268711704,,
2024-07-13 23:52:13,hf_copula_base_100000,500,0.001,4,5.0,4,0.9995258095109064,0.984585613239023,0.5,0.9919994621487158,0.7016358076805314,0.5161486077783992,0.0380952380952381,0.5,0.9932630736392742,0.0707964601769911,0.7047208928502383,0.472134536987852,0.0,0.0,0.9918639546515504,0.0,0.0,0.0,0.0,0.0,0.9992666177745184,0.0,0.0,0.0,0.9986132362156804,0.9839333333333332,0.5004603127320097,0.991111354096138,0.7013567987362163,0.5159186741641996,,
2024-07-13 23:52:31,hf_copula_base_100000,500,0.001,4,9.0,4,0.9995258095109064,0.984585613239023,0.5,0.9919994621487158,0.7016358076805314,0.5161486077783992,0.0380952380952381,0.5,0.9932630736392742,0.0707964601769911,0.7047208928502383,0.472134536987852,0.0,0.0,0.9918639546515504,0.0,0.0,0.0,0.0,0.0,0.9992666177745184,0.0,0.0,0.0,0.9986132362156804,0.9839333333333332,0.5004603127320097,0.991111354096138,0.7013567987362163,0.5159186741641996,,
2024-07-13 23:53:11,hf_copula_base_100000,500,0.001,8,1.0,4,0.999518701870187,0.97003870278927,0.5,0.9845580765323398,0.6964333072122807,0.5078171380703577,0.0314960629921259,0.5,0.9917956243329776,0.0592592592592592,0.7042001222425972,0.4715097747525112,0.0065359477124183,0.2,0.9898632877625876,0.0126582278481012,0.4449411843744266,0.1823355241343646,0.0,0.0,0.9882658843922928,0.0,0.0,0.0,0.9986047942979414,0.9694666666666668,0.5004581298211913,0.983674980008464,0.6963071899188701,0.5076554257960714,,
2024-07-13 23:53:52,hf_copula_base_100000,500,0.001,8,5.0,4,0.999519197747098,0.9710396369945282,0.5,0.9850736165171772,0.696792521843672,0.5083897264031242,0.0330578512396694,0.5,0.9921958377801494,0.0620155038759689,0.7043421887762189,0.4716801858091659,0.0067567567567567,0.2,0.9901967322440812,0.0130718954248366,0.4450161193134652,0.1823903420068554,0.0,0.0,0.9885325688379224,0.0,0.0,0.0,0.9986061962687808,0.9704666666666668,0.5004584721954867,0.98419164670897,0.6966661700304031,0.5082275888715818,,
2024-07-13 23:54:33,hf_copula_base_100000,500,0.001,8,9.0,4,0.9995194947830862,0.9716401975176832,0.5,0.9853826893144751,0.6970079617614433,0.5087333274925097,0.0330578512396694,0.5,0.9921958377801494,0.0620155038759689,0.7043421887762189,0.4716801858091659,0.0070921985815602,0.2,0.9906635545181728,0.0136986301369863,0.4451210070347551,0.1824670795566956,0.0,0.0,0.9886659110607374,0.0,0.0,0.0,0.9986066048414768,0.9710666666666666,0.5004586366923929,0.9845006399498948,0.6968814438334916,0.5085708948458004,,
2024-07-13 23:55:41,hf_copula_base_100000,500,0.001,10,1.0,4,0.999515570934256,0.9637661817696516,0.5,0.9813153961136024,0.6941779965432683,0.5042311989967272,0.0220994475138121,0.5,0.9881937033084311,0.0423280423280423,0.7029202313593027,0.4699753544740048,0.0068027210884353,0.2,0.99026342114038,0.0131578947368421,0.4450311047871553,0.1824013050476645,0.0,0.0,0.9851990132675512,0.0,0.0,0.0,0.9985967436804208,0.9632,0.5004561377163624,0.980426462664717,0.694053331571482,0.504072037168399,,
2024-07-13 23:56:56,hf_copula_base_100000,500,0.001,10,5.0,4,0.999517208083316,0.9670359001734952,0.5,0.9830083093098186,0.6953545499144645,0.5060999741936283,0.025,0.5,0.9895944503735326,0.0476190476190476,0.7034182434275971,0.4705722276355998,0.0076335877862595,0.2,0.9913304434811604,0.0147058823529411,0.4452708037770184,0.1825766895067056,0.0,0.0,0.9859990666044404,0.0,0.0,0.0,0.9986002032183672,0.9664666666666668,0.5004572937924665,0.9821211336739772,0.6952291323322981,0.5059394449689554,,
2024-07-13 23:58:07,hf_copula_base_100000,500,0.001,10,9.0,4,0.9995178731317584,0.9683704791138396,0.5,0.9836976783596,0.6958342040722918,0.5068630468200322,0.0283687943262411,0.5,0.9908617929562432,0.0536912751677852,0.7038685221531942,0.4711120866650046,0.0075757575757575,0.2,0.9912637545848616,0.0145985401459854,0.4452558263706072,0.1825657293122382,0.0,0.0,0.9861324088272552,0.0,0.0,0.0,0.998602645059668,0.9678,0.5004579563683601,0.9828130620532692,0.6957085739690964,0.506702089665659,,
2024-07-13 23:58:39,hf_copula_base_100000,1000,0.001,4,1.0,4,0.9995254880694144,0.9839183237688508,0.5,0.9916605017149774,0.7013980053325113,0.5157659671826095,0.037037037037037,0.5,0.9930629669156884,0.0689655172413793,0.7046499013395547,0.4720493548177669,0.0,0.0,0.9908636212070692,0.0,0.0,0.0,0.0,0.0,0.9997999866657776,0.0,0.0,0.0,0.9986123507003026,0.9832666666666666,0.5004599081218684,0.9907717335225722,0.7011191804749154,0.5155363452691418,,
2024-07-13 23:59:16,hf_copula_base_100000,1000,0.001,4,5.0,4,0.9995253915519696,0.9837181369277992,0.5,0.9915587691272912,0.7013266489047023,0.5156511836867397,0.036036036036036,0.5,0.9928628601921023,0.0672268907563025,0.7045789026759538,0.4719641686434116,0.0,0.0,0.9908636212070692,0.0,0.0,0.0,0.0,0.0,0.9997999866657776,0.0,0.0,0.0,0.9986117204057404,0.9830666666666666,0.5004598013982825,0.9906691686178424,0.701047852780485,0.5154216234719086,,
2024-07-13 23:59:53,hf_copula_base_100000,1000,0.001,4,9.0,4,0.9995254237288136,0.9837848658748164,0.5,0.9915926822706485,0.7013504351872951,0.5156894444067543,0.0357142857142857,0.5,0.9927961579509073,0.0666666666666666,0.7045552348648426,0.471935772362122,0.0,0.0,0.9909969989996664,0.0,0.0,0.0,0.0,0.0,0.9997999866657776,0.0,0.0,0.0,0.998611580952381,0.9831333333333332,0.5004598102830181,0.9907027513227512,0.7010716042397148,0.5154598333372346,,
2024-07-14 00:01:14,hf_copula_base_100000,1000,0.001,8,1.0,4,0.9995185694635488,0.9697717870012011,0.5,0.9844205107363002,0.696337485347874,0.5076644647687457,0.032,0.5,0.9919290288153682,0.0601503759398496,0.7042474809381174,0.4715665802177383,0.0068965517241379,0.2,0.9903967989329776,0.0133333333333333,0.4450610742208259,0.1824232305955936,0.0,0.0,0.9873324888325888,0.0,0.0,0.0,0.998605050982624,0.9692,0.5004583165809346,0.9835382429045588,0.6962115227094566,0.5075029545212763,,
2024-07-14 00:02:33,hf_copula_base_100000,1000,0.001,8,5.0,4,0.9995193298084186,0.9713065527825973,0.5,0.985211005448577,0.6968882811407425,0.5085424335456543,0.0338983050847457,0.5,0.9923959445037354,0.0634920634920634,0.7044132112985018,0.471765385331088,0.0075187969924812,0.2,0.9911970656885628,0.0144927536231884,0.4452408484603727,0.1825547689398745,0.0,0.0,0.9875991732782186,0.0,0.0,0.0,0.9986070304623068,0.9707333333333332,0.5004588501371834,0.9843301685285616,0.6967619527405238,0.5083802537361682,,
2024-07-14 00:03:48,hf_copula_base_100000,1000,0.001,8,9.0,4,0.9995199561102728,0.9725744027759242,0.5,0.9858630952380952,0.6973429582264111,0.5092678897653113,0.0344827586206896,0.5,0.992529348986126,0.064516129032258,0.7044605556687067,0.471822182787775,0.008130081300813,0.2,0.9918639546515504,0.015625,0.4453906048967694,0.1826643646581761,0.0,0.0,0.9880658710580704,0.0,0.0,0.0,0.9986081716496014,0.972,0.500459174695747,0.9849825732846904,0.6972162806300554,0.5091050996872365,,
2024-07-14 00:06:14,hf_copula_base_100000,1000,0.001,10,1.0,4,0.9995171081677704,0.9668357133324436,0.5,0.9829048232820026,0.6952825732507768,0.5059855286616635,0.0263157894736842,0.5,0.990128068303095,0.05,0.7036078695918256,0.470799556277044,0.0068965517241379,0.2,0.9903967989329776,0.0133333333333333,0.4450610742208259,0.1824232305955936,0.0,0.0,0.9861990799386626,0.0,0.0,0.0,0.9986005594717746,0.9662666666666668,0.5004572805080686,0.9820185565580504,0.6951572540709321,0.5058251763417922,,
2024-07-14 00:08:35,hf_copula_base_100000,1000,0.001,10,5.0,4,0.9995179395358448,0.968503937007874,0.5,0.9837665638662012,0.6958821513043261,0.5069393638787277,0.0263157894736842,0.5,0.990128068303095,0.05,0.7036078695918256,0.470799556277044,0.0077519379844961,0.2,0.991463821273758,0.0149253731343283,0.4453007570785744,0.1825986093619513,0.0,0.0,0.9867991199413294,0.0,0.0,0.0,0.9986016751926586,0.9679333333333332,0.500457676184849,0.9828800235309708,0.6957563524125838,0.5067781797722426,,
2024-07-14 00:10:52,hf_copula_base_100000,1000,0.001,10,9.0,4,0.9994495286589142,0.9692379554250634,0.4285714285714285,0.9841119279108372,0.6445057759106353,0.4378463174273581,0.0273972602739726,0.5,0.9905282817502667,0.0519480519480519,0.7037500556839292,0.4709700340715333,0.0082644628099173,0.2,0.991997332444148,0.0158730158730158,0.4454205501420311,0.1826862816670801,0.0,0.0,0.9866657777185146,0.0,0.0,0.0,0.9985340757919154,0.9686666666666668,0.4290961538176913,0.9832264200777836,0.6444280440661975,0.4377497403098198,,
2024-07-14 00:11:01,hf_copula_base_100000,100,0.0001,4,1.0,4,0.9993880881153114,0.980848792206059,0.3571428571428571,0.9900316562268472,0.5918641229822876,0.37215175482711,0.0133333333333333,0.25,0.990128068303095,0.0253164556962025,0.4975258958845999,0.2292114777116276,0.0,0.0,0.9905301767255752,0.0,0.0,0.0,0.0,0.0,1.0,0.0,0.0,0.0,0.9984624370108482,0.9800666666666666,0.3577344355048606,0.98912112879074,0.5915770636119759,0.3719266593107175,,
2024-07-14 00:11:10,hf_copula_base_100000,100,0.0001,4,5.0,4,0.9993880881153114,0.980848792206059,0.3571428571428571,0.9900316562268472,0.5918641229822876,0.37215175482711,0.0133333333333333,0.25,0.990128068303095,0.0253164556962025,0.4975258958845999,0.2292114777116276,0.0,0.0,0.9905301767255752,0.0,0.0,0.0,0.0,0.0,1.0,0.0,0.0,0.0,0.9984624370108482,0.9800666666666666,0.3577344355048606,0.98912112879074,0.5915770636119759,0.3719266593107175,,
2024-07-14 00:11:18,hf_copula_base_100000,100,0.0001,4,9.0,4,0.9993880881153114,0.980848792206059,0.3571428571428571,0.9900316562268472,0.5918641229822876,0.37215175482711,0.0133333333333333,0.25,0.990128068303095,0.0253164556962025,0.4975258958845999,0.2292114777116276,0.0,0.0,0.9905301767255752,0.0,0.0,0.0,0.0,0.0,1.0,0.0,0.0,0.0,0.9984624370108482,0.9800666666666666,0.3577344355048606,0.98912112879074,0.5915770636119759,0.3719266593107175,,
2024-07-14 00:11:31,hf_copula_base_100000,100,0.0001,8,1.0,4,0.9995172746707124,0.9671693580675296,0.5,0.9830772882965376,0.6954025302181212,0.5061762734413146,0.0344827586206896,0.5,0.992529348986126,0.064516129032258,0.7044605556687067,0.471822182787775,0.0,0.0,0.9889296432144048,0.0,0.0,0.0,0.0,0.0,0.9855323688245884,0.0,0.0,0.0,0.9986027826856174,0.9665333333333334,0.5004580276917857,0.982194158096278,0.6951292001529409,0.5059554807502561,,
2024-07-14 00:11:42,hf_copula_base_100000,100,0.0001,8,5.0,4,0.9995173412397436,0.967302815961564,0.5,0.9831462579266844,0.6954505072115356,0.5062525744701015,0.0357142857142857,0.5,0.9927961579509073,0.0666666666666666,0.7045552348648426,0.471935772362122,0.0,0.0,0.9887962654218072,0.0,0.0,0.0,0.0,0.0,0.9855323688245884,0.0,0.0,0.0,0.9986035060069672,0.9666666666666668,0.5004581255306361,0.9822642103081752,0.6951771828633994,0.506031771145856,,
2024-07-14 00:11:54,hf_copula_base_100000,100,0.0001,8,9.0,4,0.9995175075820236,0.9676364606966502,0.5,0.9833186410795416,0.6955704352172576,0.5064433348343859,0.0357142857142857,0.5,0.9927961579509073,0.0666666666666666,0.7045552348648426,0.471935772362122,0.0,0.0,0.9887295765255084,0.0,0.0,0.0,0.0,0.0,0.9859323954930328,0.0,0.0,0.0,0.9986036721939948,0.967,0.5004581299694485,0.9824364325700896,0.695296998936316,0.5062223534671336,,
2024-07-14 00:12:13,hf_copula_base_100000,100,0.0001,10,1.0,4,0.999513415820937,0.9594955291605498,0.5,0.979095737437015,0.692638263872474,0.5017919598752153,0.0186915887850467,0.5,0.9859925293489862,0.036036036036036,0.7021369272972994,0.4690370145116171,0.00625,0.2,0.989396465488496,0.0121212121212121,0.4448362542528422,0.1822587716412306,0.0,0.0,0.9839989332622174,0.0,0.0,0.0,0.9985925888135228,0.9589333333333332,0.5004545947663664,0.978205174372,0.6925145532721692,0.5016345267109517,,
2024-07-14 00:12:31,hf_copula_base_100000,100,0.0001,10,5.0,4,0.999513449642038,0.959562258107567,0.5,0.9791304939910802,0.6926623485175035,0.501830058960319,0.018348623853211,0.5,0.9857257203842048,0.0353982300884955,0.7020419219620025,0.4689232434103596,0.0064516129032258,0.2,0.98972990996999,0.0125,0.4449112068649182,0.1823135957400939,0.0,0.0,0.9839989332622174,0.0,0.0,0.0,0.9985925068927282,0.959,0.5004545636164124,0.978239684586069,0.6925385897528887,0.5016725478336882,,
2024-07-14 00:12:52,hf_copula_base_100000,100,0.0001,10,9.0,4,0.9995146304257384,0.9618977712531696,0.5,0.9803454842219804,0.6935047841410936,0.5031638074623463,0.0204081632653061,0.5,0.9871931696905016,0.0392156862745097,0.702564292321529,0.4695488963733343,0.0064102564102564,0.2,0.9896632210736912,0.0124223602484472,0.444896217352697,0.1823026312761139,0.0,0.0,0.9849323288219216,0.0,0.0,0.0,0.998594771209886,0.9613333333333334,0.500455386252781,0.9794555509228025,0.6933805127042509,0.5030053815305393,,
2024-07-14 00:13:12,hf_copula_base_100000,500,0.0001,4,1.0,4,0.9993880881153114,0.980848792206059,0.3571428571428571,0.9900316562268472,0.5918641229822876,0.37215175482711,0.0133333333333333,0.25,0.990128068303095,0.0253164556962025,0.4975258958845999,0.2292114777116276,0.0,0.0,0.9905301767255752,0.0,0.0,0.0,0.0,0.0,1.0,0.0,0.0,0.0,0.9984624370108482,0.9800666666666666,0.3577344355048606,0.98912112879074,0.5915770636119759,0.3719266593107175,,
2024-07-14 00:13:34,hf_copula_base_100000,500,0.0001,4,5.0,4,0.9993880881153114,0.980848792206059,0.3571428571428571,0.9900316562268472,0.5918641229822876,0.37215175482711,0.0133333333333333,0.25,0.990128068303095,0.0253164556962025,0.4975258958845999,0.2292114777116276,0.0,0.0,0.9905301767255752,0.0,0.0,0.0,0.0,0.0,1.0,0.0,0.0,0.0,0.9984624370108482,0.9800666666666666,0.3577344355048606,0.98912112879074,0.5915770636119759,0.3719266593107175,,
2024-07-14 00:13:55,hf_copula_base_100000,500,0.0001,4,9.0,4,0.9993880881153114,0.980848792206059,0.3571428571428571,0.9900316562268472,0.5918641229822876,0.37215175482711,0.0133333333333333,0.25,0.990128068303095,0.0253164556962025,0.4975258958845999,0.2292114777116276,0.0,0.0,0.9905301767255752,0.0,0.0,0.0,0.0,0.0,1.0,0.0,0.0,0.0,0.9984624370108482,0.9800666666666666,0.3577344355048606,0.98912112879074,0.5915770636119759,0.3719266593107175,,
2024-07-14 00:14:38,hf_copula_base_100000,500,0.0001,8,1.0,4,0.9995172746707124,0.9671693580675296,0.5,0.9830772882965376,0.6954025302181212,0.5061762734413146,0.0347826086956521,0.5,0.9925960512273212,0.065040650406504,0.7044842266606546,0.47185058084874,0.0,0.0,0.988862954318106,0.0,0.0,0.0,0.0,0.0,0.9855323688245884,0.0,0.0,0.0,0.9986029426056574,0.9665333333333334,0.5004580410366822,0.9821944378410108,0.69512921277747,0.5059554958958886,,
2024-07-14 00:15:21,hf_copula_base_100000,500,0.0001,8,5.0,4,0.9995172746707124,0.9671693580675296,0.5,0.9830772882965376,0.6954025302181212,0.5061762734413146,0.0353982300884955,0.5,0.9927294557097118,0.0661157024793388,0.7045315662586424,0.4719073756359136,0.0,0.0,0.9887295765255084,0.0,0.0,0.0,0.0,0.0,0.9855323688245884,0.0,0.0,0.0,0.9986032709370668,0.9665333333333334,0.5004580677264753,0.9821950112021164,0.6951292380252555,0.5059555261864418,,
2024-07-14 00:16:02,hf_copula_base_100000,500,0.0001,8,9.0,4,0.9995174743227409,0.967569731749633,0.5,0.9832841691248771,0.6955464512703782,0.5064051818709786,0.0350877192982456,0.5,0.9926627534685164,0.0655737704918032,0.7045078968572732,0.4718789784647864,0.0,0.0,0.9887962654218072,0.0,0.0,0.0,0.0,0.0,0.9859323954930328,0.0,0.0,0.0,0.9986033047969984,0.9669333333333332,0.5004580810500233,0.9824014099112895,0.6952730121275162,0.5061842058230802,,
2024-07-14 00:17:11,hf_copula_base_100000,500,0.0001,10,1.0,4,0.9995137538205056,0.960162818630722,0.5,0.9794431965148732,0.6928790726493051,0.5021729707636378,0.0192307692307692,0.5,0.986392742796158,0.037037037037037,0.7022794112018941,0.4692076578159366,0.006060606060606,0.2,0.9890630210070024,0.0117647058823529,0.4447612890095095,0.1822039430949585,0.0,0.0,0.9845989732648844,0.0,0.0,0.0,0.9985931509292164,0.9596,0.5004547370680446,0.9785527241865064,0.6927551882971433,0.5020152547227918,,
2024-07-14 00:18:18,hf_copula_base_100000,500,0.0001,10,5.0,4,0.9995139901409428,0.9606299212598424,0.5,0.979686277178536,0.6930475890080863,0.5024397048794098,0.0193236714975845,0.5,0.9864594450373532,0.0372093023255813,0.702303155708898,0.4692360968094403,0.00625,0.2,0.989396465488496,0.0121212121212121,0.4448362542528422,0.1822587716412306,0.0,0.0,0.9846656443762918,0.0,0.0,0.0,0.9985934997082768,0.9600666666666666,0.5004548882354745,0.9787957886851169,0.692923585026141,0.5022817733303678,,
2024-07-14 00:19:29,hf_copula_base_100000,500,0.0001,10,9.0,4,0.999515470339863,0.9635659949286,0.5,0.9812115652498896,0.6941058978745966,0.5041168189202222,0.0211640211640211,0.5,0.9876600853788688,0.0406091370558375,0.70273041964144,0.4697479226113763,0.0062893081761006,0.2,0.9894631543847948,0.0121951219512195,0.4448512457855536,0.182269736816796,0.0,0.0,0.9863324221614774,0.0,0.0,0.0,0.9985959731482252,0.963,0.500455661925141,0.9803214910360698,0.6939811390089844,0.5039575986935617,,
2024-07-14 00:20:09,hf_copula_base_100000,1000,0.0001,4,1.0,4,0.9993880881153114,0.980848792206059,0.3571428571428571,0.9900316562268472,0.5918641229822876,0.37215175482711,0.0133333333333333,0.25,0.990128068303095,0.0253164556962025,0.4975258958845999,0.2292114777116276,0.0,0.0,0.9905301767255752,0.0,0.0,0.0,0.0,0.0,1.0,0.0,0.0,0.0,0.9984624370108482,0.9800666666666666,0.3577344355048606,0.98912112879074,0.5915770636119759,0.3719266593107175,,
2024-07-14 00:20:48,hf_copula_base_100000,1000,0.0001,4,5.0,4,0.9993880881153114,0.980848792206059,0.3571428571428571,0.9900316562268472,0.5918641229822876,0.37215175482711,0.0133333333333333,0.25,0.990128068303095,0.0253164556962025,0.4975258958845999,0.2292114777116276,0.0,0.0,0.9905301767255752,0.0,0.0,0.0,0.0,0.0,1.0,0.0,0.0,0.0,0.9984624370108482,0.9800666666666666,0.3577344355048606,0.98912112879074,0.5915770636119759,0.3719266593107175,,
2024-07-14 00:21:25,hf_copula_base_100000,1000,0.0001,4,9.0,4,0.9993880881153114,0.980848792206059,0.3571428571428571,0.9900316562268472,0.5918641229822876,0.37215175482711,0.0133333333333333,0.25,0.990128068303095,0.0253164556962025,0.4975258958845999,0.2292114777116276,0.0,0.0,0.9905301767255752,0.0,0.0,0.0,0.0,0.0,1.0,0.0,0.0,0.0,0.9984624370108482,0.9800666666666666,0.3577344355048606,0.98912112879074,0.5915770636119759,0.3719266593107175,,
2024-07-14 00:22:46,hf_copula_base_100000,1000,0.0001,8,1.0,4,0.9995173745173744,0.9673695449085812,0.5,0.9831807392336384,0.6954744944671161,0.5062907256524078,0.0353982300884955,0.5,0.9927294557097118,0.0661157024793388,0.7045315662586424,0.4719073756359136,0.0,0.0,0.9887295765255084,0.0,0.0,0.0,0.0,0.0,0.9857323821588104,0.0,0.0,0.0,0.9986033706905388,0.9667333333333332,0.5004580810606977,0.9822983655850094,0.695201135107618,0.5060698715754715,,
2024-07-14 00:24:05,hf_copula_base_100000,1000,0.0001,8,5.0,4,0.9995173745173744,0.9673695449085812,0.5,0.9831807392336384,0.6954744944671161,0.5062907256524078,0.0353982300884955,0.5,0.9927294557097118,0.0661157024793388,0.7045315662586424,0.4719073756359136,0.0,0.0,0.9887295765255084,0.0,0.0,0.0,0.0,0.0,0.9857323821588104,0.0,0.0,0.0,0.9986033706905388,0.9667333333333332,0.5004580810606977,0.9822983655850094,0.695201135107618,0.5060698715754715,,
2024-07-14 00:25:29,hf_copula_base_100000,1000,0.0001,8,9.0,4,0.9995174743227409,0.967569731749633,0.5,0.9832841691248771,0.6955464512703782,0.5064051818709786,0.0357142857142857,0.5,0.9927961579509073,0.0666666666666666,0.7045552348648426,0.471935772362122,0.0058823529411764,0.2,0.9887295765255084,0.0114285714285714,0.4446863111285322,0.1821491101012775,0.0,0.0,0.9859323954930328,0.0,0.0,0.0,0.9986055997500676,0.967,0.5004581299694485,0.982405802313059,0.6954212661448299,0.5062449524831926,,
2024-07-14 00:27:50,hf_copula_base_100000,1000,0.0001,10,1.0,4,0.9995140576188823,0.960763379153877,0.5,0.9797557075295158,0.6930957290136324,0.5025159186342504,0.0193236714975845,0.5,0.9864594450373532,0.0372093023255813,0.702303155708898,0.4692360968094403,0.0060975609756097,0.2,0.9891297099033012,0.0118343195266272,0.4447762830689831,0.1822149091600056,0.0,0.0,0.9850656710447364,0.0,0.0,0.0,0.9985935163102286,0.9602,0.5004548259853907,0.9788650586035708,0.6929716601106207,0.5023579013315435,,
2024-07-14 00:30:06,hf_copula_base_100000,1000,0.0001,10,5.0,4,0.9995142599403234,0.9611637528359802,0.5,0.9799639418988332,0.693240128972631,0.5027445705853778,0.0198019801980198,0.5,0.9867929562433296,0.038095238095238,0.7024218662041102,0.4693782851031756,0.00625,0.2,0.989396465488496,0.0121212121212121,0.4448362542528422,0.1822587716412306,0.0,0.0,0.984865657710514,0.0,0.0,0.0,0.998594024353818,0.9606,0.5004550794423399,0.979073666750752,0.6931160085989829,0.5025864303287669,,
2024-07-14 00:32:18,hf_copula_base_100000,1000,0.0001,10,9.0,4,0.9995157049951572,0.9640330975577204,0.5,0.981453804347826,0.6942741164546322,0.5043837119992539,0.0219780219780219,0.5,0.9881270010672358,0.0421052631578947,0.7028965076976965,0.4699469270483923,0.0064516129032258,0.2,0.98972990996999,0.0125,0.4449112068649182,0.1823135957400939,0.0,0.0,0.9860657377158476,0.0,0.0,0.0,0.998596695819851,0.9634666666666668,0.5004559820864068,0.9805644036041188,0.694149309152335,0.504224363427727,,
2024-07-14 00:32:29,hf_copula_base_150000,100,0.001,4,1.0,4,0.9993915218714085,0.986387294808488,0.3571428571428571,0.9928468280887932,0.5935327932956335,0.3744482738116846,0.0219780219780219,0.25,0.994063500533618,0.0404040404040404,0.4985136659444799,0.2300247159344108,0.0,0.0,0.9921307102367456,0.0,0.0,0.0,0.0,0.0,1.0,0.0,0.0,0.0,0.9984704780627166,0.9856,0.3577370679132206,0.9919417198707926,0.5932447033103946,0.3742214686046254,,
2024-07-14 00:32:39,hf_copula_base_150000,100,0.001,4,5.0,4,0.9993915218714085,0.986387294808488,0.3571428571428571,0.9928468280887932,0.5935327932956335,0.3744482738116846,0.0219780219780219,0.25,0.994063500533618,0.0404040404040404,0.4985136659444799,0.2300247159344108,0.0,0.0,0.9921307102367456,0.0,0.0,0.0,0.0,0.0,1.0,0.0,0.0,0.0,0.9984704780627166,0.9856,0.3577370679132206,0.9919417198707926,0.5932447033103946,0.3742214686046254,,
2024-07-14 00:32:50,hf_copula_base_150000,100,0.001,4,9.0,4,0.9993915218714085,0.986387294808488,0.3571428571428571,0.9928468280887932,0.5935327932956335,0.3744482738116846,0.0219780219780219,0.25,0.994063500533618,0.0404040404040404,0.4985136659444799,0.2300247159344108,0.0,0.0,0.9921307102367456,0.0,0.0,0.0,0.0,0.0,1.0,0.0,0.0,0.0,0.9984704780627166,0.9856,0.3577370679132206,0.9919417198707926,0.5932447033103946,0.3742214686046254,,
2024-07-14 00:33:04,hf_copula_base_150000,100,0.001,8,1.0,4,0.9995189995189996,0.9706392633124248,0.5,0.9848674633535326,0.6966488582178345,0.5081606790475862,0.0314960629921259,0.5,0.9917956243329776,0.0592592592592592,0.7042001222425972,0.4715097747525112,0.0074074074074074,0.2,0.9910636878959652,0.0142857142857142,0.4452108911282305,0.1825328476614579,0.0,0.0,0.987665844389626,0.0,0.0,0.0,0.9986053821555132,0.9700666666666666,0.5004584899519022,0.983984620564103,0.6965226296457366,0.5079987119095636,,
2024-07-14 00:33:16,hf_copula_base_150000,100,0.001,8,5.0,4,0.9995198573290348,0.9723742159348724,0.5,0.9857601894131574,0.6972711868186123,0.5091533333598123,0.0317460317460317,0.5,0.9918623265741728,0.0597014925373134,0.7042238019884633,0.4715381777075841,0.0072992700729927,0.2,0.9909303101033676,0.0140845070422535,0.4451809317801848,0.1825109256714559,0.0,0.0,0.9894659643976264,0.0,0.0,0.0,0.9986063364358168,0.9718,0.5004586010751673,0.9848766822014056,0.6971443800492355,0.5089904475853443,,
2024-07-14 00:33:31,hf_copula_base_150000,100,0.001,8,9.0,4,0.999520120655378,0.9729080475110102,0.5,0.9860345585500288,0.6974625608271064,0.5094588260133142,0.0307692307692307,0.5,0.9915955176093916,0.0579710144927536,0.7041290782269227,0.4714245632177788,0.0079365079365079,0.2,0.9916638879626544,0.015267175572519,0.4453456832535046,0.1826314878105973,0.0,0.0,0.989532635509034,0.0,0.0,0.0,0.9986062909684889,0.9723333333333334,0.5004587077477465,0.9851502665616356,0.6973355798398067,0.5092956347053548,,
2024-07-14 00:33:51,hf_copula_base_150000,100,0.001,10,1.0,4,0.9995858069860556,0.9662351528092886,0.5714285714285714,0.982627578718784,0.7430574493495635,0.5739330014619083,0.0218579234972677,0.5,0.9880602988260404,0.0418848167539267,0.7028727832353592,0.469918499177861,0.0068965517241379,0.2,0.9903967989329776,0.0133333333333333,0.4450610742208259,0.1824232305955936,0.0053763440860215,1.0,0.987665844389626,0.0106951871657754,0.9938137875827776,0.9888840468112012,0.9986671750655808,0.9657333333333332,0.5718181802438822,0.9817379556711708,0.7429534024918086,0.573774687206758,,
2024-07-14 00:34:10,hf_copula_base_150000,100,0.001,10,5.0,4,0.9995861498137674,0.9670359001734952,0.5714285714285714,0.9830416497083164,0.7433652823183788,0.5744528852001735,0.0228571428571428,0.5,0.988593916755603,0.0437158469945355,0.7030625565181249,0.4701459096843824,0.0072992700729927,0.2,0.9909303101033676,0.0140845070422535,0.4451809317801848,0.1825109256714559,0.0052631578947368,1.0,0.9873991599439964,0.0104712041884816,0.9936796062836332,0.9886433658325848,0.9986681771840156,0.9665333333333334,0.5718186248982051,0.9821528522029456,0.7432610803693701,0.5742942201920975,,
2024-07-14 00:34:29,hf_copula_base_150000,100,0.001,10,9.0,4,0.9995864920744314,0.9678366475377018,0.5714285714285714,0.9834553837808516,0.7436729878640791,0.57497284221802,0.0232558139534883,0.5,0.9887940234791888,0.0444444444444444,0.7031337082942294,0.470231181283166,0.0076335877862595,0.2,0.9913304434811604,0.0147058823529411,0.4452708037770184,0.1825766895067056,0.0053475935828877,1.0,0.9875991732782186,0.0106382978723404,0.9937802439564888,0.9888238779000584,0.9986688488181048,0.9673333333333334,0.571818878333806,0.982566806973669,0.7435685733373523,0.5748137713503298,,
2024-07-14 00:34:52,hf_copula_base_150000,500,0.001,4,1.0,4,0.9995251017639076,0.9831175764046444,0.5,0.99125344815986,0.7011125360470473,0.515306857243993,0.0317460317460317,0.5,0.9918623265741728,0.0597014925373134,0.7042238019884633,0.4715381777075841,0.0,0.0,0.9918639546515504,0.0,0.0,0.0,0.0,0.0,0.9991999466631108,0.0,0.0,0.0,0.9986091428858592,0.9824666666666668,0.5004595612221676,0.9903601190709308,0.7008337503744638,0.5150773912053427,,
2024-07-14 00:35:14,hf_copula_base_150000,500,0.001,4,5.0,4,0.9995251017639076,0.9831175764046444,0.5,0.99125344815986,0.7011125360470473,0.515306857243993,0.0317460317460317,0.5,0.9918623265741728,0.0597014925373134,0.7042238019884633,0.4715381777075841,0.0,0.0,0.9918639546515504,0.0,0.0,0.0,0.0,0.0,0.9991999466631108,0.0,0.0,0.0,0.9986091428858592,0.9824666666666668,0.5004595612221676,0.9903601190709308,0.7008337503744638,0.5150773912053427,,
2024-07-14 00:35:34,hf_copula_base_150000,500,0.001,4,9.0,4,0.9995251339800556,0.9831843053516616,0.5,0.9912873818414236,0.7011363295934898,0.5153451139565308,0.0317460317460317,0.5,0.9918623265741728,0.0597014925373134,0.7042238019884633,0.4715381777075841,0.0,0.0,0.9918639546515504,0.0,0.0,0.0,0.0,0.0,0.9992666177745184,0.0,0.0,0.0,0.9986091750719388,0.9825333333333334,0.5004595656669083,0.9903940210810582,0.7008575217135965,0.5151156122116154,,
2024-07-14 00:36:17,hf_copula_base_150000,500,0.001,8,1.0,4,0.999519758507135,0.9721740290938208,0.5,0.9856572627021176,0.6971994080224899,0.5090387809617906,0.0333333333333333,0.5,0.9922625400213448,0.0625,0.7043658637460168,0.4717085860947255,0.0076335877862595,0.2,0.9913304434811604,0.0147058823529411,0.4452708037770184,0.1825766895067056,0.0,0.0,0.988465897726515,0.0,0.0,0.0,0.9986071957062348,0.9716,0.5004588812290202,0.9847755512177132,0.6970727739702591,0.5088761149086456,,
2024-07-14 00:36:56,hf_copula_base_150000,500,0.001,8,5.0,4,0.99951992318771,0.972507673828907,0.5,0.9858287956167348,0.6973190352445956,0.5092297038515365,0.0338983050847457,0.5,0.9923959445037354,0.0634920634920634,0.7044132112985018,0.471765385331088,0.0085470085470085,0.2,0.9922640880293432,0.0163934426229508,0.4454804345937862,0.1827301135501319,0.0,0.0,0.9877325155010334,0.0,0.0,0.0,0.9986079660249624,0.9719333333333332,0.5004592147007785,0.9849480156555628,0.6971923846692577,0.5090669410379685,,
2024-07-14 00:37:38,hf_copula_base_150000,500,0.001,8,9.0,4,0.999520120655378,0.9729080475110102,0.5,0.9860345585500288,0.6974625608271064,0.5094588260133142,0.0333333333333333,0.5,0.9922625400213448,0.0625,0.7043658637460168,0.4717085860947255,0.008695652173913,0.2,0.9923974658219408,0.0166666666666666,0.4455103738010914,0.1827520284242797,0.0,0.0,0.988132542169478,0.0,0.0,0.0,0.9986079115379356,0.9723333333333334,0.50045921467943,0.9851531485176044,0.697335761022266,0.509295826364427,,
2024-07-14 00:38:49,hf_copula_base_150000,500,0.001,10,1.0,4,0.999449073755251,0.9684372080608568,0.4285714285714285,0.9836987833395464,0.64423948787727,0.4374513509496389,0.0238095238095238,0.5,0.98906083244397,0.0454545454545454,0.7032285661305185,0.4703448705193463,0.0081967213114754,0.2,0.9919306435478492,0.0157480314960629,0.4454055777710579,0.1826753232515763,0.0,0.0,0.9873991599439964,0.0,0.0,0.0,0.9985316852728818,0.9678666666666668,0.4290953978405776,0.9828101562431708,0.6441617214497779,0.4373548053941134,,
2024-07-14 00:40:01,hf_copula_base_150000,500,0.001,10,5.0,4,0.9994494528938132,0.969104497531029,0.4285714285714285,0.9840430938103466,0.6444614022126303,0.4377804858644267,0.0253164556962025,0.5,0.9897278548559232,0.0481927710843373,0.7034656547607435,0.4706290624654742,0.009090909090909,0.2,0.9927309103034344,0.017391304347826,0.4455852130184382,0.1828068124964629,0.0,0.0,0.9865991066071071,0.0,0.0,0.0,0.9985331658171808,0.9685333333333334,0.42909596700456,0.9831561535021512,0.644383614990777,0.4376838285151003,,
2024-07-14 00:41:14,hf_copula_base_150000,500,0.001,10,9.0,4,0.9994498693439692,0.9698385159482183,0.4285714285714285,0.9844215659712814,0.644705419756591,0.4381425783529416,0.0266666666666666,0.5,0.9902614727854856,0.050632911392405,0.7036552681482195,0.4708563839882159,0.009090909090909,0.2,0.9927309103034344,0.017391304347826,0.4455852130184382,0.1828068124964629,0.0,0.0,0.9867991199413294,0.0,0.0,0.0,0.9985343019911672,0.9692666666666668,0.4290962649350114,0.9835355738305668,0.64462750591217,0.4380457042887715,,
2024-07-14 00:41:48,hf_copula_base_150000,1000,0.001,4,1.0,4,0.9995238095238096,0.9804484185239556,0.5,0.9898942262345888,0.7001601311571359,0.5137769538681852,0.0317460317460317,0.5,0.9918623265741728,0.0597014925373134,0.7042238019884633,0.4715381777075841,0.0,0.0,0.9916638879626544,0.0,0.0,0.0,0.0,0.0,0.996733115541036,0.0,0.0,0.0,0.998607851851852,0.9798,0.5004593300778631,0.9890021657527897,0.6998822343957831,0.5135489157393522,,
2024-07-14 00:42:27,hf_copula_base_150000,1000,0.001,4,5.0,4,0.999523841915516,0.9805151474709728,0.5,0.989928251423182,0.7001839570680597,0.5138151927697133,0.0310077519379844,0.5,0.991662219850587,0.0583941605839416,0.7041527603619072,0.4714529675076085,0.0,0.0,0.9919306435478492,0.0,0.0,0.0,0.0,0.0,0.996733115541036,0.0,0.0,0.0,0.998607490464095,0.9798666666666668,0.5004593122728057,0.9890354619408316,0.6999060001803225,0.513587073505799,,
2024-07-14 00:43:06,hf_copula_base_150000,1000,0.001,4,9.0,4,0.9995239066857105,0.9806486053650072,0.5,0.9899962949240458,0.7002316064578231,0.5138916719085952,0.03125,0.5,0.9917289220917824,0.0588235294117647,0.7041764417004386,0.4714813713525193,0.0,0.0,0.9919306435478492,0.0,0.0,0.0,0.0,0.0,0.9967997866524436,0.0,0.0,0.0,0.9986076843728038,0.98,0.500459352292075,0.9891036709311364,0.6999536177273693,0.5136634964128686,,
2024-07-14 00:44:26,hf_copula_base_150000,1000,0.001,8,1.0,4,0.999519692603266,0.9720405711997864,0.5,0.9855886332882274,0.6971515513859904,0.5089624149228188,0.0317460317460317,0.5,0.9918623265741728,0.0597014925373134,0.7042238019884633,0.4715381777075841,0.0088495575221238,0.2,0.992530843614538,0.0169491525423728,0.4455403109965558,0.182773942586842,0.0,0.0,0.9875325021668112,0.0,0.0,0.0,0.998606688626275,0.9714666666666668,0.5004590056888556,0.984706241077359,0.6970249760694228,0.5087997950111971,,
2024-07-14 00:45:48,hf_copula_base_150000,1000,0.001,8,5.0,4,0.9995884773662552,0.972507673828907,0.5714285714285714,0.9858621389433808,0.745465405474577,0.5780073853249031,0.032520325203252,0.5,0.9920624332977588,0.0610687022900763,0.7042948364491105,0.4716233839032898,0.0092592592592592,0.2,0.992864288096032,0.0176991150442477,0.4456151451860746,0.1828287248800617,0.0,0.0,0.9873991599439964,0.0,0.0,0.0,0.998675958713908,0.9719333333333332,0.5718211194330252,0.9849804706266032,0.7452938000573023,0.577780387144975,,
2024-07-14 00:47:11,hf_copula_base_150000,1000,0.001,8,9.0,4,0.9995886466474702,0.9729080475110102,0.5714285714285714,0.9860679020695252,0.7456188407762891,0.5782676050457835,0.0333333333333333,0.5,0.9922625400213448,0.0625,0.7043658637460168,0.4717085860947255,0.0093457943925233,0.2,0.9929309769923308,0.0178571428571428,0.4456301105159593,0.1828396808050165,0.0,0.0,0.9875325021668112,0.0,0.0,0.0,0.9986765902865078,0.9723333333333334,0.5718212572757246,0.9851868577418792,0.7454471350224012,0.5780404130872596,,
2024-07-14 00:49:28,hf_copula_base_150000,1000,0.001,10,1.0,4,0.999448237809504,0.966969171226478,0.4285714285714285,0.9829404782092588,0.6437510070648915,0.436727388483006,0.0242424242424242,0.5,0.989260939167556,0.0462427745664739,0.7032997011116797,0.4704301327748332,0.0093457943925233,0.2,0.9929309769923308,0.0178571428571428,0.4456301105159593,0.1828396808050165,0.0,0.0,0.9847323154876992,0.0,0.0,0.0,0.998531464011942,0.9664,0.4290956602190146,0.982053682290318,0.6436738093357293,0.4366316188848368,,
2024-07-14 00:51:51,hf_copula_base_150000,1000,0.001,10,5.0,4,0.9994494150034412,0.9690377685840116,0.4285714285714285,0.9840086732619596,0.6444392142178494,0.4377475706554575,0.0264900662251655,0.5,0.9901947705442904,0.050314465408805,0.7036315692691347,0.4708279703550894,0.0091743119266055,0.2,0.9927975991997332,0.0175438596491228,0.4456001793535845,0.1828177687772105,0.0,0.0,0.9859990666044404,0.0,0.0,0.0,0.9985337816887336,0.9684666666666668,0.4290961982532257,0.9831229475016828,0.6443615411813076,0.4376510537632942,,
2024-07-14 00:54:20,hf_copula_base_150000,1000,0.001,10,9.0,4,0.9994494528938132,0.969104497531029,0.4285714285714285,0.9840430938103466,0.6444614022126303,0.4377804858644267,0.0272108843537414,0.5,0.9904615795090717,0.0516129032258064,0.703726359996935,0.4709416222180823,0.0088495575221238,0.2,0.992530843614538,0.0169491525423728,0.4455403109965558,0.182773942586842,0.0,0.0,0.9860657377158476,0.0,0.0,0.0,0.9985340957286084,0.9685333333333334,0.4290962560775526,0.9831578301886914,0.644383739066229,0.4376839842569984,,
2024-07-14 00:54:29,hf_copula_base_150000,100,0.0001,4,1.0,4,0.9993904503894344,0.9846523421860404,0.3571428571428571,0.991966656582972,0.5930105823513849,0.3737286466447189,0.0219780219780219,0.25,0.994063500533618,0.0404040404040404,0.4985136659444799,0.2300247159344108,0.0,0.0,0.9903967989329776,0.0,0.0,0.0,0.0,0.0,1.0,0.0,0.0,0.0,0.9984694075807926,0.9838666666666668,0.357736489942786,0.9910623698583768,0.5927229797630273,0.3735025130896822,,
2024-07-14 00:54:39,hf_copula_base_150000,100,0.0001,4,5.0,4,0.9993915218714085,0.986387294808488,0.3571428571428571,0.9928468280887932,0.5935327932956335,0.3744482738116846,0.0219780219780219,0.25,0.994063500533618,0.0404040404040404,0.4985136659444799,0.2300247159344108,0.0,0.0,0.9921307102367456,0.0,0.0,0.0,0.0,0.0,1.0,0.0,0.0,0.0,0.9984704780627166,0.9856,0.3577370679132206,0.9919417198707926,0.5932447033103946,0.3742214686046254,,
2024-07-14 00:54:50,hf_copula_base_150000,100,0.0001,4,9.0,4,0.9993915218714085,0.986387294808488,0.3571428571428571,0.9928468280887932,0.5935327932956335,0.3744482738116846,0.0219780219780219,0.25,0.994063500533618,0.0404040404040404,0.4985136659444799,0.2300247159344108,0.0,0.0,0.9921307102367456,0.0,0.0,0.0,0.0,0.0,1.0,0.0,0.0,0.0,0.9984704780627166,0.9856,0.3577370679132206,0.9919417198707926,0.5932447033103946,0.3742214686046254,,
2024-07-14 00:55:04,hf_copula_base_150000,100,0.0001,8,1.0,4,0.9995875438234688,0.9703056185773388,0.5714285714285714,0.9847289472793146,0.744620946168428,0.5765765043281927,0.0300751879699248,0.5,0.9913954108858056,0.0567375886524822,0.7040580270424469,0.4713393476787763,0.0073529411764705,0.2,0.9909969989996664,0.0141843971631205,0.4451959117062209,0.182521886755405,0.0,0.0,0.9877325155010334,0.0,0.0,0.0,0.9986730865298764,0.9697333333333332,0.5718201634817438,0.9838448551081898,0.7444498628703288,0.5763505878718336,,
2024-07-14 00:55:18,hf_copula_base_150000,100,0.0001,8,5.0,4,0.9995187349604676,0.9701054317362872,0.5,0.9845924621584098,0.6964572606184414,0.5078553075089488,0.0303030303030303,0.5,0.991462113127001,0.0571428571428571,0.704081711567273,0.4713677533033626,0.0071942446043165,0.2,0.9907969323107704,0.0138888888888888,0.4451509704158287,0.1824890029698684,0.0,0.0,0.9877325155010334,0.0,0.0,0.0,0.9986044105055342,0.9695333333333334,0.5004582276054714,0.9837086150138346,0.6963311277448387,0.5076935350246922,,
2024-07-14 00:55:32,hf_copula_base_150000,100,0.0001,8,9.0,4,0.9995199890283206,0.9726411317229414,0.5,0.9858973925394838,0.6973668803875552,0.5093060761243615,0.0300751879699248,0.5,0.9913954108858056,0.0567375886524822,0.7040580270424469,0.4713393476787763,0.0072463768115942,0.2,0.9908636212070692,0.0139860139860139,0.445165951350071,0.1824999644096103,0.0,0.0,0.9902660177345156,0.0,0.0,0.0,0.9986055592644152,0.9720666666666666,0.5004583831607238,0.9850121436917236,0.6972398908973996,0.5091429380935439,,
2024-07-14 00:55:54,hf_copula_base_150000,100,0.0001,10,1.0,4,0.9995168748705916,0.9663686107033232,0.5,0.982663273960984,0.6951145987185577,0.505718504671712,0.0219780219780219,0.5,0.9881270010672358,0.0421052631578947,0.7028965076976965,0.4699469270483923,0.0067114093959731,0.2,0.9901300433477824,0.0129870129870129,0.4450011333351372,0.18237937878815,0.0,0.0,0.9879991999466632,0.0,0.0,0.0,0.9985979512022324,0.9658,0.5004562443616816,0.9817729067166336,0.6949890369416376,0.5055579322213736,,
2024-07-14 00:56:14,hf_copula_base_150000,100,0.0001,10,5.0,4,0.9995170748533976,0.9667689843854264,0.5,0.9828703232590482,0.695258579373684,0.5059473810415589,0.0222222222222222,0.5,0.9882604055496264,0.0425531914893617,0.7029439542202588,0.4700037814546983,0.0068965517241379,0.2,0.9903967989329776,0.0133333333333333,0.4450610742208259,0.1824232305955936,0.0,0.0,0.9879991999466632,0.0,0.0,0.0,0.9985983429526276,0.9662,0.5004564044292673,0.981980117103912,0.6951329284999263,0.5057866399128945,,
2024-07-14 00:56:33,hf_copula_base_150000,100,0.0001,10,9.0,4,0.9995862924912088,0.9673695449085812,0.5714285714285714,0.983214079826376,0.7434935084387878,0.5746695250521046,0.0224719101123595,0.5,0.9883938100320172,0.043010752688172,0.702991397540545,0.4700606340813286,0.0075757575757575,0.2,0.9912637545848616,0.0145985401459854,0.4452558263706072,0.1825657293122382,0.0053475935828877,1.0,0.9875991732782186,0.0106382978723404,0.9937802439564888,0.9888238779000584,0.9986682120623744,0.9668666666666668,0.5718186426570019,0.9823249278198783,0.7433891805346539,0.5745106426685301,,
2024-07-14 00:56:57,hf_copula_base_150000,500,0.0001,4,1.0,4,0.9993915218714085,0.986387294808488,0.3571428571428571,0.9928468280887932,0.5935327932956335,0.3744482738116846,0.0219780219780219,0.25,0.994063500533618,0.0404040404040404,0.4985136659444799,0.2300247159344108,0.0,0.0,0.9921307102367456,0.0,0.0,0.0,0.0,0.0,1.0,0.0,0.0,0.0,0.9984704780627166,0.9856,0.3577370679132206,0.9919417198707926,0.5932447033103946,0.3742214686046254,,
2024-07-14 00:57:21,hf_copula_base_150000,500,0.0001,4,5.0,4,0.9993915218714085,0.986387294808488,0.3571428571428571,0.9928468280887932,0.5935327932956335,0.3744482738116846,0.0219780219780219,0.25,0.994063500533618,0.0404040404040404,0.4985136659444799,0.2300247159344108,0.0,0.0,0.9921307102367456,0.0,0.0,0.0,0.0,0.0,1.0,0.0,0.0,0.0,0.9984704780627166,0.9856,0.3577370679132206,0.9919417198707926,0.5932447033103946,0.3742214686046254,,
2024-07-14 00:57:46,hf_copula_base_150000,500,0.0001,4,9.0,4,0.9993915218714085,0.986387294808488,0.3571428571428571,0.9928468280887932,0.5935327932956335,0.3744482738116846,0.0219780219780219,0.25,0.994063500533618,0.0404040404040404,0.4985136659444799,0.2300247159344108,0.0,0.0,0.9921307102367456,0.0,0.0,0.0,0.0,0.0,1.0,0.0,0.0,0.0,0.9984704780627166,0.9856,0.3577370679132206,0.9919417198707926,0.5932447033103946,0.3742214686046254,,
2024-07-14 00:58:32,hf_copula_base_150000,500,0.0001,8,1.0,4,0.9995875438234688,0.9703056185773388,0.5714285714285714,0.9847289472793146,0.744620946168428,0.5765765043281927,0.0300751879699248,0.5,0.9913954108858056,0.0567375886524822,0.7040580270424469,0.4713393476787763,0.0074626865671641,0.2,0.991130376792264,0.014388489208633,0.445225870046264,0.1825438083896143,0.0,0.0,0.9875991732782186,0.0,0.0,0.0,0.9986731231116732,0.9697333333333332,0.5718201990515265,0.9838449231388716,0.7444498728564422,0.576350595179045,,
2024-07-14 00:59:17,hf_copula_base_150000,500,0.0001,8,5.0,4,0.9995188011273802,0.9702388896303216,0.5,0.9846612264246776,0.6965051649594286,0.5079316477219568,0.0305343511450381,0.5,0.9915288153681964,0.0575539568345323,0.7041053952954047,0.4713961584830301,0.0072463768115942,0.2,0.9908636212070692,0.0139860139860139,0.445165951350071,0.1824999644096103,0.0,0.0,0.9877325155010334,0.0,0.0,0.0,0.9986046173592092,0.9696666666666668,0.5004582854096321,0.9837775667283216,0.6963790050000739,0.507769822790077,,
2024-07-14 00:59:59,hf_copula_base_150000,500,0.0001,8,9.0,4,0.999520120655378,0.9729080475110102,0.5,0.9860345585500288,0.6974625608271064,0.5094588260133142,0.0310077519379844,0.5,0.991662219850587,0.0583941605839416,0.7041527603619072,0.4714529675076085,0.0078740157480314,0.2,0.9915971990663556,0.0151515151515151,0.4453307083654473,0.1826205285056117,0.0,0.0,0.989532635509034,0.0,0.0,0.0,0.9986063973490494,0.9723333333333334,0.500458721092643,0.9851504536860776,0.6973355874786493,0.5092956462012077,,
2024-07-14 01:01:11,hf_copula_base_150000,500,0.0001,10,1.0,4,0.9995859213250518,0.9665020685973577,0.5714285714285714,0.9827656398425838,0.7431600745070654,0.5741062878991541,0.0220994475138121,0.5,0.9881937033084311,0.0423280423280423,0.7029202313593027,0.4699753544740048,0.0069930069930069,0.2,0.9905301767255752,0.0135135135135135,0.4450910416365567,0.1824451554319373,0.0053763440860215,1.0,0.987665844389626,0.0106951871657754,0.9938137875827776,0.9888840468112012,0.998667450262426,0.966,0.5718182958522038,0.9818761843849548,0.7430559671606349,0.573947849541099,,
2024-07-14 01:02:26,hf_copula_base_150000,500,0.0001,10,5.0,4,0.999586178357128,0.9671026291205124,0.5714285714285714,0.9830761404103782,0.7433909293118595,0.5744962121527876,0.0228571428571428,0.5,0.988593916755603,0.0437158469945355,0.7030625565181249,0.4701459096843824,0.0074626865671641,0.2,0.991130376792264,0.014388489208633,0.445225870046264,0.1825438083896143,0.0052083333333333,1.0,0.9872658177211814,0.0103626943005181,0.9936125088389244,0.9885230200092324,0.99866825651793,0.9666,0.5718186826976199,0.982187404807082,0.7432867139319159,0.5743375096440737,,
2024-07-14 01:03:42,hf_copula_base_150000,500,0.0001,10,9.0,4,0.9995864065623492,0.9676364606966502,0.5714285714285714,0.983351981826196,0.7435960734149191,0.5748428460935974,0.0229885057471264,0.5,0.9886606189967982,0.0439560439560439,0.7030862745768823,0.4701743339955625,0.0075757575757575,0.2,0.9912637545848616,0.0145985401459854,0.4452558263706072,0.1825657293122382,0.0053475935828877,1.0,0.9875991732782186,0.0106382978723404,0.9937802439564888,0.9888238779000584,0.9986686015447204,0.9671333333333332,0.5718187849551165,0.9824632052665084,0.7434917003845603,0.5746838625836719,,
2024-07-14 01:04:21,hf_copula_base_150000,1000,0.0001,4,1.0,4,0.9993915218714085,0.986387294808488,0.3571428571428571,0.9928468280887932,0.5935327932956335,0.3744482738116846,0.0219780219780219,0.25,0.994063500533618,0.0404040404040404,0.4985136659444799,0.2300247159344108,0.0,0.0,0.9921307102367456,0.0,0.0,0.0,0.0,0.0,1.0,0.0,0.0,0.0,0.9984704780627166,0.9856,0.3577370679132206,0.9919417198707926,0.5932447033103946,0.3742214686046254,,
2024-07-14 01:05:00,hf_copula_base_150000,1000,0.0001,4,5.0,4,0.9993915218714085,0.986387294808488,0.3571428571428571,0.9928468280887932,0.5935327932956335,0.3744482738116846,0.0219780219780219,0.25,0.994063500533618,0.0404040404040404,0.4985136659444799,0.2300247159344108,0.0,0.0,0.9921307102367456,0.0,0.0,0.0,0.0,0.0,1.0,0.0,0.0,0.0,0.9984704780627166,0.9856,0.3577370679132206,0.9919417198707926,0.5932447033103946,0.3742214686046254,,
2024-07-14 01:05:38,hf_copula_base_150000,1000,0.0001,4,9.0,4,0.9993915218714085,0.986387294808488,0.3571428571428571,0.9928468280887932,0.5935327932956335,0.3744482738116846,0.0219780219780219,0.25,0.994063500533618,0.0404040404040404,0.4985136659444799,0.2300247159344108,0.0,0.0,0.9921307102367456,0.0,0.0,0.0,0.0,0.0,1.0,0.0,0.0,0.0,0.9984704780627166,0.9856,0.3577370679132206,0.9919417198707926,0.5932447033103946,0.3742214686046254,,
2024-07-14 01:07:03,hf_copula_base_150000,1000,0.0001,8,1.0,4,0.999519032568366,0.970705992259442,0.5,0.98490182802979,0.6966728042127962,0.5081988524936544,0.0317460317460317,0.5,0.9918623265741728,0.0597014925373134,0.7042238019884633,0.4715381777075841,0.0074074074074074,0.2,0.9910636878959652,0.0142857142857142,0.4452108911282305,0.1825328476614579,0.0,0.0,0.987665844389626,0.0,0.0,0.0,0.9986055484907024,0.9701333333333332,0.5004585255264309,0.9840191890244108,0.696546565920301,0.5080368648753248,,
2024-07-14 01:08:26,hf_copula_base_150000,1000,0.0001,8,5.0,4,0.9995198573290348,0.9723742159348724,0.5,0.9857601894131574,0.6972711868186123,0.5091533333598123,0.032,0.5,0.9919290288153682,0.0601503759398496,0.7042474809381174,0.4715665802177383,0.0072463768115942,0.2,0.9908636212070692,0.0139860139860139,0.445165951350071,0.1824999644096103,0.0,0.0,0.9894659643976264,0.0,0.0,0.0,0.998606454254465,0.9718,0.5004586144200637,0.9848768887748685,0.6971443876845319,0.5089904590795957,,
2024-07-14 01:09:51,hf_copula_base_150000,1000,0.0001,8,9.0,4,0.9995201864418396,0.9730415054050447,0.5,0.9861031276415892,0.6975103961250487,0.509535203629442,0.0314960629921259,0.5,0.9917956243329776,0.0592592592592592,0.7042001222425972,0.4715097747525112,0.0078740157480314,0.2,0.9915971990663556,0.0151515151515151,0.4453307083654473,0.1826205285056117,0.0,0.0,0.989532635509034,0.0,0.0,0.0,0.9986067235066726,0.9724666666666668,0.5004587922417003,0.9852194201657792,0.6973834033899833,0.5093719828287578,,
2024-07-14 01:12:13,hf_copula_base_150000,1000,0.0001,10,1.0,4,0.9995858641634456,0.9663686107033232,0.5714285714285714,0.9826966139648504,0.7431087636999131,0.5740196436627594,0.0222222222222222,0.5,0.9882604055496264,0.0425531914893617,0.7029439542202588,0.4700037814546983,0.0070921985815602,0.2,0.9906635545181728,0.0136986301369863,0.4451210070347551,0.1824670795566956,0.0052356020942408,1.0,0.9873324888325888,0.0104166666666666,0.9936460581276356,0.9885831933654122,0.9986674823150784,0.9658666666666668,0.5718183536622928,0.9818073861484344,0.7430047157022641,0.57386128858486,,
2024-07-14 01:14:26,hf_copula_base_150000,1000,0.0001,10,5.0,4,0.999586178357128,0.9671026291205124,0.5714285714285714,0.9830761404103782,0.7433909293118595,0.5744962121527876,0.0231213872832369,0.5,0.9887273212379936,0.0441988950276243,0.7031099918355568,0.4702027578618236,0.0074626865671641,0.2,0.991130376792264,0.014388489208633,0.445225870046264,0.1825438083896143,0.0051546391752577,1.0,0.9871324754983666,0.0102564102564102,0.9935454068629004,0.98840267062985,0.99866839386868,0.9666,0.5718187449571956,0.9821876553470966,0.7432867347572869,0.5743375319398099,,
2024-07-14 01:16:48,hf_copula_base_150000,1000,0.0001,10,9.0,4,0.9995865205706016,0.967903376484719,0.5714285714285714,0.98348984642506,0.743698624246108,0.5750161752772661,0.0235294117647058,0.5,0.9889274279615796,0.0449438202247191,0.7031811388118923,0.4702880267910939,0.0075757575757575,0.2,0.9912637545848616,0.0145985401459854,0.4452558263706072,0.1825657293122382,0.0053475935828877,1.0,0.9875991732782186,0.0106382978723404,0.9937802439564888,0.9888238779000584,0.9986690039297744,0.9674,0.571818927253231,0.9826014680057568,0.7435942060958987,0.5748570906295934,,
2024-07-14 01:17:01,hf_copula_base_300000,100,0.001,4,1.0,4,0.999390243902439,0.9843186974509542,0.3571428571428571,0.9917972164324615,0.5929101044397619,0.3735902814540827,0.0208333333333333,0.25,0.9937299893276414,0.0384615384615384,0.4984300325340662,0.2299558274729802,0.0,0.0,0.9903967989329776,0.0,0.0,0.0,0.0,0.0,1.0,0.0,0.0,0.0,0.998468590785908,0.9835333333333334,0.3577363120701429,0.9908920518509706,0.592622551026303,0.3733642402993777,,
2024-07-14 01:17:14,hf_copula_base_300000,100,0.001,4,5.0,4,0.999390243902439,0.9843186974509542,0.3571428571428571,0.9917972164324615,0.5929101044397619,0.3735902814540827,0.0208333333333333,0.25,0.9937299893276414,0.0384615384615384,0.4984300325340662,0.2299558274729802,0.0,0.0,0.9903967989329776,0.0,0.0,0.0,0.0,0.0,1.0,0.0,0.0,0.0,0.998468590785908,0.9835333333333334,0.3577363120701429,0.9908920518509706,0.592622551026303,0.3733642402993777,,
2024-07-14 01:17:26,hf_copula_base_300000,100,0.001,4,9.0,4,0.999390243902439,0.9843186974509542,0.3571428571428571,0.9917972164324615,0.5929101044397619,0.3735902814540827,0.0208333333333333,0.25,0.9937299893276414,0.0384615384615384,0.4984300325340662,0.2299558274729802,0.0,0.0,0.9903967989329776,0.0,0.0,0.0,0.0,0.0,1.0,0.0,0.0,0.0,0.998468590785908,0.9835333333333334,0.3577363120701429,0.9908920518509706,0.592622551026303,0.3733642402993777,,
2024-07-14 01:17:43,hf_copula_base_300000,100,0.001,8,1.0,4,0.9997244230106788,0.9683037501668224,0.7142857142857143,0.9837632622622962,0.8316522926280216,0.7092145798872793,0.0238095238095238,0.5,0.98906083244397,0.0454545454545454,0.7032285661305185,0.4703448705193463,0.0,0.0,0.9921307102367456,0.0,0.0,0.0,0.0050251256281407,1.0,0.9867991199413294,0.01,0.9933776320923124,0.988101781623764,0.9988043803036092,0.9677333333333332,0.714543043574426,0.9828699923084272,0.8313173642323113,0.708869370329103,,
2024-07-14 01:18:01,hf_copula_base_300000,100,0.001,8,5.0,4,0.9997244609767858,0.9684372080608568,0.7142857142857143,0.9838321526624412,0.8317096025059539,0.7093215602617616,0.0238095238095238,0.5,0.98906083244397,0.0454545454545454,0.7032285661305185,0.4703448705193463,0.0,0.0,0.9922640880293432,0.0,0.0,0.0,0.0050251256281407,1.0,0.9867991199413294,0.01,0.9933776320923124,0.988101781623764,0.9988044182342812,0.9678666666666668,0.7145430880336903,0.9829388184108652,0.8313746206210241,0.7089762508552359,,
2024-07-14 01:18:18,hf_copula_base_300000,100,0.001,8,9.0,4,0.9997244799559168,0.968503937007874,0.7142857142857143,0.9838665943600868,0.8317382559640958,0.709375051403164,0.0238095238095238,0.5,0.98906083244397,0.0454545454545454,0.7032285661305185,0.4703448705193463,0.0,0.0,0.992330776925642,0.0,0.0,0.0,0.0050251256281407,1.0,0.9867991199413294,0.01,0.9933776320923124,0.988101781623764,0.9988044371956984,0.9679333333333332,0.7145431102633223,0.9829732279629264,0.8314032473359384,0.709029692071573,,
2024-07-14 01:18:41,hf_copula_base_300000,100,0.001,10,1.0,4,0.9996539792387544,0.963899639663686,0.6428571428571429,0.981451284141867,0.7871783586679875,0.6395431592330625,0.0227272727272727,0.5,0.9885272145144076,0.0434782608695652,0.7030388376592035,0.4701174849282833,0.0066666666666666,0.2,0.990063354451484,0.0129032258064516,0.4449861468521203,0.1823684153915482,0.0044642857142857,1.0,0.9851323421561438,0.0088888888888888,0.992538332839666,0.9865970032155532,0.9987356099115224,0.9634,0.6431800539791781,0.9805633450169932,0.7870331108511223,0.6393235442150849,,
2024-07-14 01:19:05,hf_copula_base_300000,100,0.001,10,5.0,4,0.9996540510620632,0.9640998265047378,0.6428571428571429,0.9815550799959238,0.7872600967252836,0.6396883894682963,0.0229885057471264,0.5,0.9886606189967982,0.0439560439560439,0.7030862745768823,0.4701743339955625,0.0066666666666666,0.2,0.990063354451484,0.0129032258064516,0.4449861468521203,0.1823684153915482,0.0044843049327354,1.0,0.9851990132675512,0.0089285714285714,0.9925719184359144,0.9866572050199708,0.9987358223266882,0.9636,0.6431801295729763,0.9806673014580684,0.7871148001582942,0.6394686732350554,,
2024-07-14 01:19:27,hf_copula_base_300000,100,0.001,10,9.0,4,0.9996541228555617,0.9643000133457894,0.6428571428571429,0.9816588546973712,0.7873418262969261,0.6398336248560004,0.0229885057471264,0.5,0.9886606189967982,0.0439560439560439,0.7030862745768823,0.4701743339955625,0.0068493150684931,0.2,0.9903301100366788,0.0132450331125827,0.4450460897562586,0.1824122679105773,0.0044642857142857,1.0,0.9851323421561438,0.0088888888888888,0.992538332839666,0.9865970032155532,0.9987359536013654,0.9638,0.6431802140467637,0.9807710905933936,0.7871964711909313,0.6396137836737837,,
2024-07-14 01:19:55,hf_copula_base_300000,500,0.001,4,1.0,4,0.9995249406175772,0.9827839316695582,0.5,0.9910837454998148,0.700993556200611,0.515115580360434,0.0314960629921259,0.5,0.9917956243329776,0.0592592592592592,0.7042001222425972,0.4715097747525112,0.0,0.0,0.9915305101700568,0.0,0.0,0.0,0.0,0.0,0.9992666177745184,0.0,0.0,0.0,0.9986088485732634,0.9821333333333332,0.5004594189442192,0.9901903389422868,0.7007148689466864,0.5148862776986323,,
2024-07-14 01:20:22,hf_copula_base_300000,500,0.001,4,5.0,4,0.9995249406175772,0.9827839316695582,0.5,0.9910837454998148,0.700993556200611,0.515115580360434,0.0314960629921259,0.5,0.9917956243329776,0.0592592592592592,0.7042001222425972,0.4715097747525112,0.0,0.0,0.9915305101700568,0.0,0.0,0.0,0.0,0.0,0.9992666177745184,0.0,0.0,0.0,0.9986088485732634,0.9821333333333332,0.5004594189442192,0.9901903389422868,0.7007148689466864,0.5148862776986323,,
2024-07-14 01:20:50,hf_copula_base_300000,500,0.001,4,9.0,4,0.9995249406175772,0.9827839316695582,0.5,0.9910837454998148,0.700993556200611,0.515115580360434,0.0314960629921259,0.5,0.9917956243329776,0.0592592592592592,0.7042001222425972,0.4715097747525112,0.0,0.0,0.9915305101700568,0.0,0.0,0.0,0.0,0.0,0.9992666177745184,0.0,0.0,0.0,0.9986088485732634,0.9821333333333332,0.5004594189442192,0.9901903389422868,0.7007148689466864,0.5148862776986323,,
2024-07-14 01:21:39,hf_copula_base_300000,500,0.001,8,1.0,4,0.999655599944896,0.9684372080608568,0.6428571428571429,0.9837988069414316,0.7890290087256303,0.6428363097828038,0.027027027027027,0.5,0.9903948772678762,0.0512820512820512,0.7037026635120391,0.4709132099197124,0.0084033613445378,0.2,0.9921307102367456,0.0161290322580645,0.4454504933742347,0.1827081979643987,0.0046511627906976,1.0,0.9857323821588104,0.0092592592592592,0.9928405623053536,0.9871387874510434,0.998740113663996,0.9679333333333332,0.6431817791872417,0.9829139387770066,0.7888825626066379,0.6426141949241153,,
2024-07-14 01:22:28,hf_copula_base_300000,500,0.001,8,5.0,4,0.9996556948078776,0.9687041238489256,0.6428571428571429,0.9839365595770638,0.7891377353361403,0.6430301069605533,0.0277777777777777,0.5,0.9906616862326574,0.0526315789473684,0.7037974446645346,0.4710268564436785,0.0084033613445378,0.2,0.9921307102367456,0.0161290322580645,0.4454504933742347,0.1827081979643987,0.0046511627906976,1.0,0.9857323821588104,0.0092592592592592,0.9928405623053536,0.9871387874510434,0.9987406088388396,0.9682,0.6431819214853564,0.9830522825916004,0.7889912382889261,0.6428078718359783,,
2024-07-14 01:23:17,hf_copula_base_300000,500,0.001,8,9.0,4,0.9996560264171712,0.9696383291071669,0.6428571428571429,0.9844183998374092,0.7895181605603555,0.6437084692172658,0.0285714285714285,0.5,0.9909284951974386,0.054054054054054,0.7038922130544699,0.4711404958489422,0.0088495575221238,0.2,0.992530843614538,0.0169491525423728,0.4455403109965558,0.182773942586842,0.0047393364928909,1.0,0.9859990666044404,0.0094339622641509,0.9929748569850296,0.9873795573304016,0.9987415180293602,0.9691333333333332,0.6431822149402266,0.9835347168080548,0.789371397884926,0.6434856995284668,,
2024-07-14 01:24:35,hf_copula_base_300000,500,0.001,10,1.0,4,0.9996538834279384,0.9636327238756172,0.6428571428571429,0.9813128567545528,0.7870693613871178,0.6393495269343723,0.0238095238095238,0.5,0.98906083244397,0.0454545454545454,0.7032285661305185,0.4703448705193463,0.0067114093959731,0.2,0.9901300433477824,0.0129870129870129,0.4450011333351372,0.18237937878815,0.0042194092827004,1.0,0.9842656177078472,0.0084033613445378,0.992101616623946,0.9858142988584508,0.998736089979855,0.9631333333333332,0.6431803030234094,0.9804260964075764,0.7869242923706462,0.6391301653863637,,
2024-07-14 01:25:51,hf_copula_base_300000,500,0.001,10,5.0,4,0.9996544336166978,0.9651674896570132,0.6428571428571429,0.9821083007978272,0.7876958897820329,0.6404630377423784,0.0248447204968944,0.5,0.9895277481323372,0.0473372781065088,0.7033945365626383,0.4705438095532844,0.0071428571428571,0.2,0.9907302434144716,0.0137931034482758,0.4451359889774071,0.1824780413522302,0.0043478260869565,1.0,0.9847323154876992,0.0086580086580086,0.9923367953914132,0.9862357737198928,0.9987373441370406,0.9646666666666668,0.6431807832249842,0.9812220878337992,0.7875503851537549,0.6402428040042794,,
2024-07-14 01:27:08,hf_copula_base_300000,500,0.001,10,9.0,4,0.9996547676586344,0.9661016949152542,0.6428571428571429,0.9825918762088977,0.788077011022821,0.6411409752065148,0.0253164556962025,0.5,0.9897278548559232,0.0481927710843373,0.7034656547607435,0.4706290624654742,0.0075757575757575,0.2,0.9912637545848616,0.0145985401459854,0.4452558263706072,0.1825657293122382,0.0044052863436123,1.0,0.9849323288219216,0.0087719298245614,0.9924375692313958,0.9864163924682564,0.998738077590139,0.9656,0.6431810811198491,0.9817059442443846,0.7879312352751445,0.6409201954655723,,
2024-07-14 01:27:52,hf_copula_base_300000,1000,0.001,4,1.0,4,0.9995243919010736,0.9816495395702656,0.5,0.990506329113924,0.700588873580742,0.514465322222802,0.0317460317460317,0.5,0.9918623265741728,0.0597014925373134,0.7042238019884633,0.4715381777075841,0.0,0.0,0.9913971323774592,0.0,0.0,0.0,0.0,0.0,0.9981998799919994,0.0,0.0,0.0,0.9986084336855638,0.981,0.5004593389436315,0.9896136973361042,0.7003105766597938,0.514236641616838,,
2024-07-14 01:28:35,hf_copula_base_300000,1000,0.001,4,5.0,4,0.9995243919010736,0.9816495395702656,0.5,0.990506329113924,0.700588873580742,0.514465322222802,0.0317460317460317,0.5,0.9918623265741728,0.0597014925373134,0.7042238019884633,0.4715381777075841,0.0,0.0,0.9913971323774592,0.0,0.0,0.0,0.0,0.0,0.9981998799919994,0.0,0.0,0.0,0.9986084336855638,0.981,0.5004593389436315,0.9896136973361042,0.7003105766597938,0.514236641616838,,
2024-07-14 01:29:21,hf_copula_base_300000,1000,0.001,4,9.0,4,0.9995243272628432,0.9815160816762312,0.5,0.9904383543195744,0.7005412484915614,0.5143888297256629,0.0310077519379844,0.5,0.991662219850587,0.0583941605839416,0.7041527603619072,0.4714529675076085,0.0,0.0,0.991463821273758,0.0,0.0,0.0,0.0,0.0,0.9981998799919994,0.0,0.0,0.0,0.9986079753584314,0.9808666666666668,0.5004592544496778,0.9895450887411876,0.700262958131829,0.5141601750672563,,
2024-07-14 01:30:48,hf_copula_base_300000,1000,0.001,8,1.0,4,0.9996556236655416,0.968503937007874,0.6428571428571429,0.983833248601932,0.7890561917828008,0.642884758218496,0.0275862068965517,0.5,0.990594983991462,0.0522875816993464,0.7037737505731022,0.4709984454800653,0.0087719298245614,0.2,0.9924641547182396,0.0168067226890756,0.4455253426502783,0.182762985594509,0.0045045045045045,1.0,0.9852656843789586,0.0089686098654708,0.992605502895767,0.9867174059353804,0.9987405486707072,0.968,0.6431819659458031,0.9829490910950304,0.7889097674851857,0.6426626337706753,,
2024-07-14 01:32:15,hf_copula_base_300000,1000,0.001,8,5.0,4,0.999656002751978,0.9695716001601494,0.6428571428571429,0.9843839978320518,0.7894909934092863,0.6436600110491286,0.0283687943262411,0.5,0.9908617929562432,0.0536912751677852,0.7038685221531942,0.4711120866650046,0.0092592592592592,0.2,0.992864288096032,0.0176991150442477,0.4456151451860746,0.1828287248800617,0.0046296296296296,1.0,0.9856657110474032,0.0092165898617511,0.9928069857970396,0.9870785927586854,0.998741515568112,0.9690666666666666,0.6431822682901547,0.9835003889251702,0.7893442572080346,0.643437269632848,,
2024-07-14 01:33:46,hf_copula_base_300000,1000,0.001,8,9.0,4,0.99972491575545,0.97003870278927,0.7142857142857143,0.9846581095268736,0.8323970132734868,0.7106055232210833,0.028169014084507,0.5,0.990795090715048,0.0533333333333333,0.7038448304545001,0.4710836770361481,0.0096153846153846,0.2,0.9931310436812272,0.018348623853211,0.4456750034904868,0.182872547512503,0.0046948356807511,1.0,0.9858657243816256,0.0093457943925233,0.9929077119156772,0.9872591741687372,0.9988103807588408,0.9695333333333334,0.7145442397302815,0.9837742789966702,0.8322102454859652,0.7103203108212784,,
2024-07-14 01:36:22,hf_copula_base_300000,1000,0.001,10,1.0,4,0.9996540031831708,0.9639663686107032,0.6428571428571429,0.9814858851105752,0.7872056056300998,0.639591568738977,0.0245398773006134,0.5,0.9893943436499466,0.0467836257309941,0.7033471204355451,0.4704869720538964,0.0074074074074074,0.2,0.9910636878959652,0.0142857142857142,0.4452108911282305,0.1825328476614579,0.0039840637450199,1.0,0.9833322221481432,0.0079365079365079,0.9916310917615196,0.9849712184514772,0.9987368154548124,0.9634666666666668,0.6431807298845313,0.9806000738901528,0.7870605112322375,0.6393720520237,,
2024-07-14 01:38:55,hf_copula_base_300000,1000,0.001,10,5.0,4,0.9996543619521636,0.9649673028159615,0.6428571428571429,0.9820046176830096,0.7876141969510405,0.6403177800273019,0.0256410256410256,0.5,0.9898612593383138,0.048780487804878,0.7035130628987332,0.4706858955156731,0.0073529411764705,0.2,0.9909969989996664,0.0141843971631205,0.4451959117062209,0.182521886755405,0.0041322314049586,1.0,0.98393226215081,0.0082304526748971,0.991933597651985,0.98551321871577,0.9987377528905028,0.9644666666666668,0.6431809966792665,0.9811193731292344,0.7874688248778443,0.6400977240870509,,
2024-07-14 01:41:28,hf_copula_base_300000,1000,0.001,10,9.0,4,0.9996543619521636,0.9649673028159615,0.6428571428571429,0.9820046176830096,0.7876141969510405,0.6403177800273019,0.0254777070063694,0.5,0.9897945570971184,0.0484848484848484,0.7034893592290926,0.4706574792130332,0.0079365079365079,0.2,0.9916638879626544,0.015267175572519,0.4453456832535046,0.1826314878105973,0.0039840637450199,1.0,0.9833322221481432,0.0079365079365079,0.9916310917615196,0.9849712184514772,0.9987378504316402,0.9644666666666668,0.643181143398392,0.9811195567847508,0.787468841992677,0.6400977093320236,,
2024-07-14 01:41:40,hf_copula_base_300000,100,0.0001,4,1.0,4,0.9993893751272136,0.9829173895635926,0.3571428571428571,0.991084945332212,0.5924879111375525,0.373009234482082,0.0161290322580645,0.25,0.9918623265741728,0.0303030303030303,0.4979614258590149,0.2295699493127035,0.0,0.0,0.9908636212070692,0.0,0.0,0.0,0.0,0.0,1.0,0.0,0.0,0.0,0.9984652138609658,0.9821333333333332,0.3577354715907657,0.99017609433273,0.5922005018476156,0.3727835298361988,,
2024-07-14 01:41:53,hf_copula_base_300000,100,0.0001,4,5.0,4,0.9993893751272136,0.9829173895635926,0.3571428571428571,0.991084945332212,0.5924879111375525,0.373009234482082,0.0161290322580645,0.25,0.9918623265741728,0.0303030303030303,0.4979614258590149,0.2295699493127035,0.0,0.0,0.9908636212070692,0.0,0.0,0.0,0.0,0.0,1.0,0.0,0.0,0.0,0.9984652138609658,0.9821333333333332,0.3577354715907657,0.99017609433273,0.5922005018476156,0.3727835298361988,,
2024-07-14 01:42:05,hf_copula_base_300000,100,0.0001,4,9.0,4,0.999390243902439,0.9843186974509542,0.3571428571428571,0.9917972164324615,0.5929101044397619,0.3735902814540827,0.0194174757281553,0.25,0.9932630736392742,0.036036036036036,0.4983129221782419,0.2298593742836805,0.0,0.0,0.9908636212070692,0.0,0.0,0.0,0.0,0.0,1.0,0.0,0.0,0.0,0.9984678356618518,0.9835333333333334,0.3577362186558671,0.9908907582496772,0.5926224885674465,0.3733641888576768,,
2024-07-14 01:42:21,hf_copula_base_300000,100,0.0001,8,1.0,4,0.9997238522609596,0.966301881756306,0.7142857142857143,0.9827287842285636,0.8307921700557444,0.7076101796016362,0.0201005025125628,0.5,0.9869930629669156,0.038647342995169,0.7024930828723212,0.46946359274039,0.0,0.0,0.9924641547182396,0.0,0.0,0.0,0.0049261083743842,1.0,0.9865324354956996,0.0098039215686274,0.9932433918711464,0.987861054416762,0.9988018253407478,0.9657333333333332,0.7145420341332357,0.9818328362076524,0.8304576432340156,0.7072659814204306,,
2024-07-14 01:42:38,hf_copula_base_300000,100,0.0001,8,5.0,4,0.9997238903844826,0.9664353396503405,0.7142857142857143,0.9827978149492756,0.8308495392627357,0.7077171218096695,0.0201005025125628,0.5,0.9869930629669156,0.038647342995169,0.7024930828723212,0.46946359274039,0.0,0.0,0.9925975325108368,0.0,0.0,0.0,0.0049261083743842,1.0,0.9865324354956996,0.0098039215686274,0.9932433918711464,0.987861054416762,0.9988018634286888,0.9658666666666668,0.7145420785925,0.9819018024996916,0.8305149588964139,0.7073728238157364,,
2024-07-14 01:42:53,hf_copula_base_300000,100,0.0001,8,9.0,4,0.9997237569060774,0.9659682370212198,0.7142857142857143,0.9825561664291048,0.8306487297034856,0.7073428352134336,0.0194174757281553,0.5,0.9865261472785486,0.0373831775700934,0.7023268994131396,0.4692645353580252,0.0,0.0,0.9925975325108368,0.0,0.0,0.0,0.0049261083743842,1.0,0.9865324354956996,0.0098039215686274,0.9932433918711464,0.987861054416762,0.998801365793912,0.9654,0.7145418295707995,0.9816597052965794,0.8303142481282407,0.7069987803897197,,
2024-07-14 01:43:16,hf_copula_base_300000,100,0.0001,10,1.0,4,0.999654529123195,0.965434405445082,0.6428571428571429,0.9822465121015648,0.7878048003791358,0.6406567227107687,0.0210526315789473,0.5,0.9875933831376734,0.0404040404040404,0.7027066895717137,0.4697194916264128,0.0069930069930069,0.2,0.9905301767255752,0.0135135135135135,0.4450910416365567,0.1824451554319373,0.0051546391752577,1.0,0.9871324754983666,0.0102564102564102,0.9935454068629004,0.98840267062985,0.9987354209444648,0.9649333333333332,0.6431798448854247,0.9813564857770072,0.7876588928408899,0.6404360020616253,,
2024-07-14 01:43:40,hf_copula_base_300000,100,0.0001,10,5.0,4,0.9996545768566494,0.9655678633391164,0.6428571428571429,0.9823156036794406,0.7878592500319208,0.6407535686299439,0.0211640211640211,0.5,0.9876600853788688,0.0406091370558375,0.70273041964144,0.4697479226113763,0.0069444444444444,0.2,0.9904634878292764,0.0134228187919463,0.4450760581809083,0.1824341931027137,0.0052083333333333,1.0,0.9872658177211814,0.0103626943005181,0.9936125088389244,0.9885230200092324,0.998735515433241,0.9650666666666666,0.6431798671198028,0.9814255991083202,0.7877133038090162,0.6405327771236502,,
2024-07-14 01:44:04,hf_copula_base_300000,100,0.0001,10,9.0,4,0.9996546961325968,0.9659015080742026,0.6428571428571429,0.9824882915903076,0.7879953577033226,0.6409956934465751,0.0213903743315508,0.5,0.9877934898612594,0.041025641025641,0.7027778773770769,0.4698047832465469,0.0070422535211267,0.2,0.990596865621874,0.0136054421768707,0.445106024587822,0.1824561175832646,0.0052356020942408,1.0,0.9873324888325888,0.0104166666666666,0.9936460581276356,0.9885831933654122,0.9987357897404966,0.9654,0.643179987172865,0.9815984124518736,0.7878493219828051,0.6407747176025086,,
2024-07-14 01:44:31,hf_copula_base_300000,500,0.0001,4,1.0,4,0.999390243902439,0.9843186974509542,0.3571428571428571,0.9917972164324615,0.5929101044397619,0.3735902814540827,0.0194174757281553,0.25,0.9932630736392742,0.036036036036036,0.4983129221782419,0.2298593742836805,0.0,0.0,0.9908636212070692,0.0,0.0,0.0,0.0,0.0,1.0,0.0,0.0,0.0,0.9984678356618518,0.9835333333333334,0.3577362186558671,0.9908907582496772,0.5926224885674465,0.3733641888576768,,
2024-07-14 01:44:59,hf_copula_base_300000,500,0.0001,4,5.0,4,0.999390243902439,0.9843186974509542,0.3571428571428571,0.9917972164324615,0.5929101044397619,0.3735902814540827,0.0194174757281553,0.25,0.9932630736392742,0.036036036036036,0.4983129221782419,0.2298593742836805,0.0,0.0,0.9908636212070692,0.0,0.0,0.0,0.0,0.0,1.0,0.0,0.0,0.0,0.9984678356618518,0.9835333333333334,0.3577362186558671,0.9908907582496772,0.5926224885674465,0.3733641888576768,,
2024-07-14 01:45:25,hf_copula_base_300000,500,0.0001,4,9.0,4,0.999390243902439,0.9843186974509542,0.3571428571428571,0.9917972164324615,0.5929101044397619,0.3735902814540827,0.0194174757281553,0.25,0.9932630736392742,0.036036036036036,0.4983129221782419,0.2298593742836805,0.0,0.0,0.9908636212070692,0.0,0.0,0.0,0.0,0.0,1.0,0.0,0.0,0.0,0.9984678356618518,0.9835333333333334,0.3577362186558671,0.9908907582496772,0.5926224885674465,0.3733641888576768,,
2024-07-14 01:46:15,hf_copula_base_300000,500,0.0001,8,1.0,4,0.9997243470470676,0.9680368343787537,0.7142857142857143,0.9836254534359424,0.8315376610227042,0.7090006267716047,0.0238095238095238,0.5,0.98906083244397,0.0454545454545454,0.7032285661305185,0.4703448705193463,0.0,0.0,0.9921307102367456,0.0,0.0,0.0,0.0049261083743842,1.0,0.9865324354956996,0.0098039215686274,0.9932433918711464,0.987861054416762,0.9988042978097472,0.9674666666666668,0.714543025795463,0.9827322990317492,0.831202830667144,0.7086556008545226,,
2024-07-14 01:47:06,hf_copula_base_300000,500,0.0001,8,5.0,4,0.9997243850341072,0.968170292272788,0.7142857142857143,0.9836943625207634,0.831594978800544,0.7091076020572271,0.0238095238095238,0.5,0.98906083244397,0.0454545454545454,0.7032285661305185,0.4703448705193463,0.0,0.0,0.9922640880293432,0.0,0.0,0.0,0.0049261083743842,1.0,0.9865324354956996,0.0098039215686274,0.9932433918711464,0.987861054416762,0.9988043357613324,0.9676,0.7145430702547272,0.9828011438014242,0.8312600949483911,0.7087624762965451,,
2024-07-14 01:47:53,hf_copula_base_300000,500,0.0001,8,9.0,4,0.9997244040237012,0.9682370212198051,0.7142857142857143,0.983728813559322,0.8316236362080269,0.7091610906541993,0.0238095238095238,0.5,0.98906083244397,0.0454545454545454,0.7032285661305185,0.4703448705193463,0.0,0.0,0.992330776925642,0.0,0.0,0.0,0.0049261083743842,1.0,0.9865324354956996,0.0098039215686274,0.9932433918711464,0.987861054416762,0.9988043547332026,0.9676666666666668,0.7145430924843593,0.9828355626856802,0.8312887256089604,0.7088159149708267,,
2024-07-14 01:49:16,hf_copula_base_300000,500,0.0001,10,1.0,4,0.9996546722839976,0.9658347791271854,0.6428571428571429,0.9824537586967588,0.7879681380498593,0.6409472673382556,0.0217391304347826,0.5,0.9879935965848452,0.0416666666666666,0.7028490579722098,0.4698900708624109,0.0069444444444444,0.2,0.9904634878292764,0.0134228187919463,0.4450760581809083,0.1824341931027137,0.005181347150259,1.0,0.987199146609774,0.0103092783505154,0.9935789584173842,0.9884628457640448,0.9987359156973892,0.9653333333333334,0.6431800405477053,0.9815641856356848,0.7878221512352195,0.6407263668472851,,
2024-07-14 01:50:39,hf_copula_base_300000,500,0.0001,10,5.0,4,0.9996549106218512,0.9665020685973577,0.6428571428571429,0.9827989821882952,0.7882402922865689,0.6414315541838055,0.0227272727272727,0.5,0.9885272145144076,0.0434782608695652,0.7030388376592035,0.4701174849282833,0.0069930069930069,0.2,0.9905301767255752,0.0135135135135135,0.4450910416365567,0.1824451554319373,0.0052083333333333,1.0,0.9872658177211814,0.0103626943005181,0.9936125088389244,0.9885230200092324,0.9987366988086118,0.966,0.6431803518183071,0.981910086894841,0.7880941599083212,0.641210330645007,,
2024-07-14 01:52:04,hf_copula_base_300000,500,0.0001,10,9.0,4,0.9996550296674486,0.9668357133324436,0.6428571428571429,0.9829715061058346,0.7883763341736879,0.6416737190752083,0.0235294117647058,0.5,0.9889274279615796,0.0449438202247191,0.7031811388118923,0.4702880267910939,0.0068493150684931,0.2,0.9903301100366788,0.0132450331125827,0.4450460897562586,0.1824122679105773,0.0052631578947368,1.0,0.9873991599439964,0.0104712041884816,0.9936796062836332,0.9886433658325848,0.9987372013082492,0.9663333333333334,0.6431805074660641,0.9820831491622392,0.7882301402061631,0.6414523575320524,,
2024-07-14 01:52:49,hf_copula_base_300000,1000,0.0001,4,1.0,4,0.999390243902439,0.9843186974509542,0.3571428571428571,0.9917972164324615,0.5929101044397619,0.3735902814540827,0.0208333333333333,0.25,0.9937299893276414,0.0384615384615384,0.4984300325340662,0.2299558274729802,0.0,0.0,0.9903967989329776,0.0,0.0,0.0,0.0,0.0,1.0,0.0,0.0,0.0,0.998468590785908,0.9835333333333334,0.3577363120701429,0.9908920518509706,0.592622551026303,0.3733642402993777,,
2024-07-14 01:53:37,hf_copula_base_300000,1000,0.0001,4,5.0,4,0.999390243902439,0.9843186974509542,0.3571428571428571,0.9917972164324615,0.5929101044397619,0.3735902814540827,0.0208333333333333,0.25,0.9937299893276414,0.0384615384615384,0.4984300325340662,0.2299558274729802,0.0,0.0,0.9903967989329776,0.0,0.0,0.0,0.0,0.0,1.0,0.0,0.0,0.0,0.998468590785908,0.9835333333333334,0.3577363120701429,0.9908920518509706,0.592622551026303,0.3733642402993777,,
2024-07-14 01:54:23,hf_copula_base_300000,1000,0.0001,4,9.0,4,0.999390243902439,0.9843186974509542,0.3571428571428571,0.9917972164324615,0.5929101044397619,0.3735902814540827,0.0208333333333333,0.25,0.9937299893276414,0.0384615384615384,0.4984300325340662,0.2299558274729802,0.0,0.0,0.9903967989329776,0.0,0.0,0.0,0.0,0.0,1.0,0.0,0.0,0.0,0.998468590785908,0.9835333333333334,0.3577363120701429,0.9908920518509706,0.592622551026303,0.3733642402993777,,
2024-07-14 01:56:01,hf_copula_base_300000,1000,0.0001,8,1.0,4,0.9997243470470676,0.9680368343787537,0.7142857142857143,0.9836254534359424,0.8315376610227042,0.7090006267716047,0.0238095238095238,0.5,0.98906083244397,0.0454545454545454,0.7032285661305185,0.4703448705193463,0.0,0.0,0.9921307102367456,0.0,0.0,0.0,0.0049261083743842,1.0,0.9865324354956996,0.0098039215686274,0.9932433918711464,0.987861054416762,0.9988042978097472,0.9674666666666668,0.714543025795463,0.9827322990317492,0.831202830667144,0.7086556008545226,,
2024-07-14 01:57:36,hf_copula_base_300000,1000,0.0001,8,5.0,4,0.9997244040237012,0.9682370212198051,0.7142857142857143,0.983728813559322,0.8316236362080269,0.7091610906541993,0.0238095238095238,0.5,0.98906083244397,0.0454545454545454,0.7032285661305185,0.4703448705193463,0.0,0.0,0.992330776925642,0.0,0.0,0.0,0.0049261083743842,1.0,0.9865324354956996,0.0098039215686274,0.9932433918711464,0.987861054416762,0.9988043547332026,0.9676666666666668,0.7145430924843593,0.9828355626856802,0.8312887256089604,0.7088159149708267,,
2024-07-14 01:59:08,hf_copula_base_300000,1000,0.0001,8,9.0,4,0.9997244040237012,0.9682370212198051,0.7142857142857143,0.983728813559322,0.8316236362080269,0.7091610906541993,0.0238095238095238,0.5,0.98906083244397,0.0454545454545454,0.7032285661305185,0.4703448705193463,0.0,0.0,0.992330776925642,0.0,0.0,0.0,0.0049261083743842,1.0,0.9865324354956996,0.0098039215686274,0.9932433918711464,0.987861054416762,0.9988043547332026,0.9676666666666668,0.7145430924843593,0.9828355626856802,0.8312887256089604,0.7088159149708267,,
2024-07-14 02:01:35,hf_copula_base_300000,1000,0.0001,10,1.0,4,0.9996548868028712,0.9664353396503405,0.6428571428571429,0.9827644703806744,0.788213081091522,0.6413831229230152,0.0228571428571428,0.5,0.988593916755603,0.0437158469945355,0.7030625565181249,0.4701459096843824,0.0069444444444444,0.2,0.9904634878292764,0.0134228187919463,0.4450760581809083,0.1824341931027137,0.005181347150259,1.0,0.987199146609774,0.0103092783505154,0.9935789584173842,0.9884628457640448,0.9987367262893372,0.9659333333333332,0.6431803607184631,0.9818757002182036,0.7880669795292677,0.6411619520808706,,
2024-07-14 02:04:12,hf_copula_base_300000,1000,0.0001,10,5.0,4,0.9996548629806034,0.9663686107033232,0.6428571428571429,0.9827299562311268,0.7881858689570405,0.6413346922347218,0.0231213872832369,0.5,0.9887273212379936,0.0441988950276243,0.7031099918355568,0.4702027578618236,0.0067567567567567,0.2,0.9901967322440812,0.0130718954248366,0.4450161193134652,0.1823903420068554,0.0052083333333333,1.0,0.9872658177211814,0.0103626943005181,0.9936125088389244,0.9885230200092324,0.9987367826561804,0.9658666666666668,0.6431803473937325,0.9818413624940874,0.7880398003486866,0.6411135863081653,,
2024-07-14 02:06:47,hf_copula_base_300000,1000,0.0001,10,9.0,4,0.9996549820590672,0.9667022554384092,0.6428571428571429,0.9829025035619784,0.7883219202360744,0.641576851401157,0.0239520958083832,0.5,0.9891275346851656,0.0457142857142857,0.7032522785903952,0.4703732917160942,0.0067114093959731,0.2,0.9901300433477824,0.0129870129870129,0.4450011333351372,0.18237937878815,0.0052083333333333,1.0,0.9872658177211814,0.0103626943005181,0.9936125088389244,0.9885230200092324,0.998737329552264,0.9662,0.6431805386112722,0.9820145286949836,0.78817579553747,0.641355606756361,,
2024-07-14 02:06:57,hf_copula_syn_100000,100,0.001,4,1.0,4,0.999578710855217,0.949953289737088,0.5714285714285714,0.9741343916792116,0.7367702839273147,0.5633779256442777,0.0059642147117296,0.375,0.966648879402348,0.0117416829745596,0.6020741895945054,0.3410464525406079,0.0117647058823529,0.6,0.9831943981327108,0.023076923076923,0.7680603094026058,0.5673113637412316,0.0,0.0,1.0,0.0,0.0,0.0,0.9986528732082258,0.9494666666666668,0.5718051822969635,0.9732391541189233,0.7366597579999005,0.5632231014762784,,
2024-07-14 02:07:06,hf_copula_syn_100000,100,0.001,4,5.0,4,0.999578710855217,0.949953289737088,0.5714285714285714,0.9741343916792116,0.7367702839273147,0.5633779256442777,0.0059642147117296,0.375,0.966648879402348,0.0117416829745596,0.6020741895945054,0.3410464525406079,0.0117647058823529,0.6,0.9831943981327108,0.023076923076923,0.7680603094026058,0.5673113637412316,0.0,0.0,1.0,0.0,0.0,0.0,0.9986528732082258,0.9494666666666668,0.5718051822969635,0.9732391541189233,0.7366597579999005,0.5632231014762784,,
2024-07-14 02:07:15,hf_copula_syn_100000,100,0.001,4,9.0,4,0.999578710855217,0.949953289737088,0.5714285714285714,0.9741343916792116,0.7367702839273147,0.5633779256442777,0.0059642147117296,0.375,0.966648879402348,0.0117416829745596,0.6020741895945054,0.3410464525406079,0.0117647058823529,0.6,0.9831943981327108,0.023076923076923,0.7680603094026058,0.5673113637412316,0.0,0.0,1.0,0.0,0.0,0.0,0.9986528732082258,0.9494666666666668,0.5718051822969635,0.9732391541189233,0.7366597579999005,0.5632231014762784,,
2024-07-14 02:07:28,hf_copula_syn_100000,100,0.001,8,1.0,4,0.9995083233827352,0.9495529160549846,0.5,0.9738904287718576,0.6890402441276505,0.4961201721455439,0.0114503816793893,0.375,0.9827241195304164,0.0222222222222222,0.607059753915466,0.3461256016882963,0.0076530612244897,0.6,0.97405801933978,0.0151133501259445,0.7644833625422256,0.5625735587976919,0.0,0.0,0.9927328488565904,0.0,0.0,0.0,0.9985841068382152,0.9490666666666666,0.5004483210601199,0.9729983540068976,0.6889757328894004,0.4960292514920411,,
2024-07-14 02:07:40,hf_copula_syn_100000,100,0.001,8,5.0,4,0.9995083233827352,0.9495529160549846,0.5,0.9738904287718576,0.6890402441276505,0.4961201721455439,0.0114503816793893,0.375,0.9827241195304164,0.0222222222222222,0.607059753915466,0.3461256016882963,0.0076530612244897,0.6,0.97405801933978,0.0151133501259445,0.7644833625422256,0.5625735587976919,0.0,0.0,0.9927328488565904,0.0,0.0,0.0,0.9985841068382152,0.9490666666666666,0.5004483210601199,0.9729983540068976,0.6889757328894004,0.4960292514920411,,
2024-07-14 02:07:52,hf_copula_syn_100000,100,0.001,8,9.0,4,0.9995083233827352,0.9495529160549846,0.5,0.9738904287718576,0.6890402441276505,0.4961201721455439,0.0114503816793893,0.375,0.9827241195304164,0.0222222222222222,0.607059753915466,0.3461256016882963,0.0076530612244897,0.6,0.97405801933978,0.0151133501259445,0.7644833625422256,0.5625735587976919,0.0,0.0,0.9927328488565904,0.0,0.0,0.0,0.9985841068382152,0.9490666666666666,0.5004483210601199,0.9729983540068976,0.6889757328894004,0.4960292514920411,,
2024-07-14 02:08:10,hf_copula_syn_100000,100,0.001,10,1.0,4,0.9995786516853932,0.9498198318430536,0.5714285714285714,0.9740641894203792,0.7367185280855926,0.5632915338153315,0.015,0.375,0.9868596584845252,0.0288461538461538,0.6083357394824809,0.3474291364212282,0.0091743119266055,0.8,0.9711903967989328,0.0181405895691609,0.8814489874287373,0.7636516398875206,0.0,0.0,0.991732782185479,0.0,0.0,0.0,0.9986567697144624,0.9494,0.5718114088975085,0.973176494322161,0.7366491861829129,0.5632056411364909,,
2024-07-14 02:08:29,hf_copula_syn_100000,100,0.001,10,5.0,4,0.9995786516853932,0.9498198318430536,0.5714285714285714,0.9740641894203792,0.7367185280855926,0.5632915338153315,0.015,0.375,0.9868596584845252,0.0288461538461538,0.6083357394824809,0.3474291364212282,0.0091743119266055,0.8,0.9711903967989328,0.0181405895691609,0.8814489874287373,0.7636516398875206,0.0,0.0,0.991732782185479,0.0,0.0,0.0,0.9986567697144624,0.9494,0.5718114088975085,0.973176494322161,0.7366491861829129,0.5632056411364909,,
2024-07-14 02:08:47,hf_copula_syn_100000,100,0.001,10,9.0,4,0.9995785924989464,0.9496863739490192,0.5714285714285714,0.9739939775526965,0.7366667686076711,0.563205144021929,0.0125523012552301,0.375,0.9842582710779082,0.0242914979757085,0.6075334160803137,0.3466093206843009,0.0100250626566416,0.8,0.9736578859619872,0.0198019801980198,0.8825680193444525,0.7653996391594797,0.0,0.0,0.991732782185479,0.0,0.0,0.0,0.9986556887275024,0.9492666666666668,0.5718108439872793,0.9731044726326336,0.7365974201186616,0.5631194774049267,,
2024-07-14 02:09:09,hf_copula_syn_100000,500,0.001,4,1.0,4,0.999580243458794,0.9534231949819832,0.5714285714285714,0.9759562841530054,0.7381146620108687,0.5656248276728038,0.0074074074074074,0.375,0.9731856990394876,0.0145278450363196,0.6041064783130602,0.343114170851989,0.0132890365448504,0.8,0.9801933977992664,0.0261437908496732,0.8855251087571787,0.7700247679314246,0.0,0.0,1.0,0.0,0.0,0.0,0.9986556821943646,0.953,0.5718076682673255,0.9750618544020984,0.7380431201510111,0.5655365803140739,,
2024-07-14 02:09:30,hf_copula_syn_100000,500,0.001,4,5.0,4,0.999580243458794,0.9534231949819832,0.5714285714285714,0.9759562841530054,0.7381146620108687,0.5656248276728038,0.0074074074074074,0.375,0.9731856990394876,0.0145278450363196,0.6041064783130602,0.343114170851989,0.0132890365448504,0.8,0.9801933977992664,0.0261437908496732,0.8855251087571787,0.7700247679314246,0.0,0.0,1.0,0.0,0.0,0.0,0.9986556821943646,0.953,0.5718076682673255,0.9750618544020984,0.7380431201510111,0.5655365803140739,,
2024-07-14 02:09:52,hf_copula_syn_100000,500,0.001,4,9.0,4,0.999580243458794,0.9534231949819832,0.5714285714285714,0.9759562841530054,0.7381146620108687,0.5656248276728038,0.0074074074074074,0.375,0.9731856990394876,0.0145278450363196,0.6041064783130602,0.343114170851989,0.0132890365448504,0.8,0.9801933977992664,0.0261437908496732,0.8855251087571787,0.7700247679314246,0.0,0.0,1.0,0.0,0.0,0.0,0.9986556821943646,0.953,0.5718076682673255,0.9750618544020984,0.7380431201510111,0.5655365803140739,,
2024-07-14 02:10:33,hf_copula_syn_100000,500,0.001,8,1.0,4,0.9995787404338974,0.9500200186841052,0.5714285714285714,0.9741694892059256,0.7367961604848405,0.5634211223220796,0.0104166666666666,0.375,0.9809898612593384,0.0202702702702702,0.6065238643056445,0.3455785763502008,0.0115273775216138,0.8,0.9771257085695232,0.0227272727272727,0.8841383188481419,0.7678546401762687,0.0,0.0,0.991866124408294,0.0,0.0,0.0,0.9986551982908886,0.9496,0.5718102656657268,0.9732786509177198,0.7367266762356338,0.5633355227286911,,
2024-07-14 02:11:13,hf_copula_syn_100000,500,0.001,8,5.0,4,0.9995790359924226,0.9506873081542774,0.5714285714285714,0.9745203324327096,0.7370548760939533,0.5638531170888301,0.0105263157894736,0.375,0.9811899679829242,0.0204778156996587,0.6065857218840521,0.3456417061707191,0.0117647058823529,0.8,0.9775925308436144,0.0231884057971014,0.8843494923812031,0.7681849741399851,0.0,0.0,0.991866124408294,0.0,0.0,0.0,0.9986556311625449,0.9502666666666668,0.5718105279967375,0.9736294310927448,0.7369852537587308,0.5637672580808849,,
2024-07-14 02:11:53,hf_copula_syn_100000,500,0.001,8,9.0,4,0.9995090475522512,0.9509542239423462,0.5,0.974627273970729,0.6895484841337649,0.4969189531743038,0.0105263157894736,0.375,0.9811899679829242,0.0204778156996587,0.6065857218840521,0.3456417061707191,0.0086206896551724,0.6,0.9769923307769256,0.0169971671388102,0.7656339846598734,0.5640962815103089,0.0,0.0,0.9927328488565904,0.0,0.0,0.0,0.9985846600395086,0.9504666666666668,0.5004484809497737,0.9737342090724423,0.6894836292617982,0.4968275364884689,,
2024-07-14 02:13:02,hf_copula_syn_100000,500,0.001,10,1.0,4,0.9995786516853932,0.9498198318430536,0.5714285714285714,0.9740641894203792,0.7367185280855926,0.5632915338153315,0.015,0.375,0.9868596584845252,0.0288461538461538,0.6083357394824809,0.3474291364212282,0.0091743119266055,0.8,0.9711903967989328,0.0181405895691609,0.8814489874287373,0.7636516398875206,0.0,0.0,0.991732782185479,0.0,0.0,0.0,0.9986567697144624,0.9494,0.5718114088975085,0.973176494322161,0.7366491861829129,0.5632056411364909,,
2024-07-14 02:14:08,hf_copula_syn_100000,500,0.001,10,5.0,4,0.9995786516853932,0.9498198318430536,0.5714285714285714,0.9740641894203792,0.7367185280855926,0.5632915338153315,0.0122950819672131,0.375,0.9839247598719316,0.0238095238095238,0.6074304774638613,0.3465041793968346,0.010204081632653,0.8,0.9741247082360788,0.0201511335012594,0.8827795685157552,0.76573023214029,0.0,0.0,0.991732782185479,0.0,0.0,0.0,0.9986556703480804,0.9494,0.5718108217220609,0.9731744783007856,0.7366491469035319,0.5632058406901622,,
2024-07-14 02:15:19,hf_copula_syn_100000,500,0.001,10,9.0,4,0.9995786516853932,0.9498198318430536,0.5714285714285714,0.9740641894203792,0.7367185280855926,0.5632915338153315,0.0122950819672131,0.375,0.9839247598719316,0.0238095238095238,0.6074304774638613,0.3465041793968346,0.0101522842639593,0.8,0.9739913304434812,0.0200501253132832,0.882719131068759,0.7656357805608426,0.0,0.0,0.991866124408294,0.0,0.0,0.0,0.9986556530822908,0.9494,0.5718107861522782,0.9731744446313896,0.7366491267577163,0.5632058092063024,,
2024-07-14 02:15:54,hf_copula_syn_100000,1000,0.001,4,1.0,4,0.999587118084228,0.9693046843720806,0.5714285714285714,0.9842130225625042,0.7442367842761874,0.5759262870740974,0.0179640718562874,0.375,0.98906083244397,0.0342857142857142,0.6090138029359341,0.3481224302374286,0.0132890365448504,0.8,0.9801933977992664,0.0261437908496732,0.8855251087571787,0.7700247679314246,0.0,0.0,1.0,0.0,0.0,0.0,0.9986681806245212,0.9688666666666668,0.5718161350051413,0.9833214240526814,0.744162145675348,0.5758310960915988,,
2024-07-14 02:16:30,hf_copula_syn_100000,1000,0.001,4,5.0,4,0.999587118084228,0.9693046843720806,0.5714285714285714,0.9842130225625042,0.7442367842761874,0.5759262870740974,0.0179640718562874,0.375,0.98906083244397,0.0342857142857142,0.6090138029359341,0.3481224302374286,0.0132890365448504,0.8,0.9801933977992664,0.0261437908496732,0.8855251087571787,0.7700247679314246,0.0,0.0,1.0,0.0,0.0,0.0,0.9986681806245212,0.9688666666666668,0.5718161350051413,0.9833214240526814,0.744162145675348,0.5758310960915988,,
2024-07-14 02:17:07,hf_copula_syn_100000,1000,0.001,4,9.0,4,0.999587118084228,0.9693046843720806,0.5714285714285714,0.9842130225625042,0.7442367842761874,0.5759262870740974,0.0179640718562874,0.375,0.98906083244397,0.0342857142857142,0.6090138029359341,0.3481224302374286,0.0132890365448504,0.8,0.9801933977992664,0.0261437908496732,0.8855251087571787,0.7700247679314246,0.0,0.0,1.0,0.0,0.0,0.0,0.9986681806245212,0.9688666666666668,0.5718161350051413,0.9833214240526814,0.744162145675348,0.5758310960915988,,
2024-07-14 02:18:18,hf_copula_syn_100000,1000,0.001,8,1.0,4,0.9995787995787996,0.9501534765781396,0.5714285714285714,0.9742396770551812,0.7368479108737005,0.563507517204342,0.0103092783505154,0.375,0.9807897545357523,0.020066889632107,0.6064620004179216,0.3455154435264799,0.0116959064327485,0.8,0.977459153051017,0.0230547550432276,0.8842891622319102,0.7680905965654218,0.0,0.0,0.991866124408294,0.0,0.0,0.0,0.9986552562831238,0.9497333333333332,0.5718102700903014,0.9733487739494144,0.7367783956111853,0.5634218819570205,,
2024-07-14 02:19:36,hf_copula_syn_100000,1000,0.001,8,5.0,4,0.999581356405247,0.9559588949686374,0.5714285714285714,0.9772835800532096,0.739095545715413,0.5672676647348381,0.0147058823529411,0.375,0.986592849519744,0.0283018867924528,0.6082534986088481,0.3473450761141446,0.0116959064327485,0.8,0.977459153051017,0.0230547550432276,0.8842891622319102,0.7680905965654218,0.0,0.0,0.991866124408294,0.0,0.0,0.0,0.9986601555786678,0.9555333333333332,0.5718133650742927,0.9763942279697968,0.7390248881260806,0.5671794958205351,,
2024-07-14 02:20:49,hf_copula_syn_100000,1000,0.001,8,9.0,4,0.999582027168234,0.9574936607500334,0.5714285714285714,0.9780852731672404,0.7396886065867885,0.5682623704664301,0.0144230769230769,0.375,0.9863260405549626,0.0277777777777777,0.6081712466140692,0.347261010468034,0.0116959064327485,0.8,0.977459153051017,0.0230547550432276,0.8842891622319102,0.7680905965654218,0.0,0.0,0.9936662444162944,0.0,0.0,0.0,0.9986606748860468,0.9570666666666666,0.5718133427841787,0.9771948933121136,0.7396173516062456,0.5681732283250995,,
2024-07-14 02:23:03,hf_copula_syn_100000,1000,0.001,10,1.0,4,0.9995784444600576,0.949352729213933,0.5714285714285714,0.9738184058318216,0.7365373539994648,0.5629891784439278,0.0119047619047619,0.375,0.9833911419423692,0.023076923076923,0.6072657393830057,0.3463359359850512,0.0103896103896103,0.8,0.97459153051017,0.0205128205128205,0.8829910670035888,0.7660607902534146,0.0,0.0,0.9913327555170344,0.0,0.0,0.0,0.998655316988374,0.9489333333333332,0.5718106660648118,0.9729286539521904,0.7364681245524041,0.5629037879733233,,
2024-07-14 02:25:21,hf_copula_syn_100000,1000,0.001,10,5.0,4,0.9995799201848352,0.9526891765647938,0.5714285714285714,0.975571423690594,0.7378304786195011,0.565149406720672,0.0120481927710843,0.375,0.9835912486659552,0.0233463035019455,0.6073275213998894,0.3463990297671386,0.0101522842639593,0.8,0.9739913304434812,0.0200501253132832,0.882719131068759,0.7656357805608426,0.0,0.0,0.9950663377558504,0.0,0.0,0.0,0.998656788723562,0.9522666666666668,0.5718108216271915,0.9746800250987884,0.7377599845612258,0.5650618920171288,,
2024-07-14 02:27:38,hf_copula_syn_100000,1000,0.001,10,9.0,4,0.9995810348439356,0.955224876551448,0.5714285714285714,0.9768997167912103,0.7388117396203362,0.5667920310683646,0.0142180094786729,0.375,0.9861259338313768,0.0273972602739726,0.6081095503170183,0.3471979577297148,0.0101522842639593,0.8,0.9739913304434812,0.0200501253132832,0.882719131068759,0.7656357805608426,0.0,0.0,0.9950663377558504,0.0,0.0,0.0,0.9986590595778913,0.9548,0.5718121734592797,0.9760092389694558,0.7387407468005492,0.566703409343677,,
2024-07-14 02:27:48,hf_copula_syn_100000,100,0.0001,4,1.0,4,0.999578710855217,0.949953289737088,0.5714285714285714,0.9741343916792116,0.7367702839273147,0.5633779256442777,0.0059642147117296,0.375,0.966648879402348,0.0117416829745596,0.6020741895945054,0.3410464525406079,0.0117647058823529,0.6,0.9831943981327108,0.023076923076923,0.7680603094026058,0.5673113637412316,0.0,0.0,1.0,0.0,0.0,0.0,0.9986528732082258,0.9494666666666668,0.5718051822969635,0.9732391541189233,0.7366597579999005,0.5632231014762784,,
2024-07-14 02:27:58,hf_copula_syn_100000,100,0.0001,4,5.0,4,0.999578710855217,0.949953289737088,0.5714285714285714,0.9741343916792116,0.7367702839273147,0.5633779256442777,0.0059642147117296,0.375,0.966648879402348,0.0117416829745596,0.6020741895945054,0.3410464525406079,0.0117647058823529,0.6,0.9831943981327108,0.023076923076923,0.7680603094026058,0.5673113637412316,0.0,0.0,1.0,0.0,0.0,0.0,0.9986528732082258,0.9494666666666668,0.5718051822969635,0.9732391541189233,0.7366597579999005,0.5632231014762784,,
2024-07-14 02:28:07,hf_copula_syn_100000,100,0.0001,4,9.0,4,0.999578710855217,0.949953289737088,0.5714285714285714,0.9741343916792116,0.7367702839273147,0.5633779256442777,0.0059642147117296,0.375,0.966648879402348,0.0117416829745596,0.6020741895945054,0.3410464525406079,0.0117647058823529,0.6,0.9831943981327108,0.023076923076923,0.7680603094026058,0.5673113637412316,0.0,0.0,1.0,0.0,0.0,0.0,0.9986528732082258,0.9494666666666668,0.5718051822969635,0.9732391541189233,0.7366597579999005,0.5632231014762784,,
2024-07-14 02:28:21,hf_copula_syn_100000,100,0.0001,8,1.0,4,0.9995083233827352,0.9495529160549846,0.5,0.9738904287718576,0.6890402441276505,0.4961201721455439,0.0114503816793893,0.375,0.9827241195304164,0.0222222222222222,0.607059753915466,0.3461256016882963,0.0076530612244897,0.6,0.97405801933978,0.0151133501259445,0.7644833625422256,0.5625735587976919,0.0,0.0,0.9927328488565904,0.0,0.0,0.0,0.9985841068382152,0.9490666666666666,0.5004483210601199,0.9729983540068976,0.6889757328894004,0.4960292514920411,,
2024-07-14 02:28:35,hf_copula_syn_100000,100,0.0001,8,5.0,4,0.9995083233827352,0.9495529160549846,0.5,0.9738904287718576,0.6890402441276505,0.4961201721455439,0.0114503816793893,0.375,0.9827241195304164,0.0222222222222222,0.607059753915466,0.3461256016882963,0.0076530612244897,0.6,0.97405801933978,0.0151133501259445,0.7644833625422256,0.5625735587976919,0.0,0.0,0.9927328488565904,0.0,0.0,0.0,0.9985841068382152,0.9490666666666666,0.5004483210601199,0.9729983540068976,0.6889757328894004,0.4960292514920411,,
2024-07-14 02:28:49,hf_copula_syn_100000,100,0.0001,8,9.0,4,0.9995083233827352,0.9495529160549846,0.5,0.9738904287718576,0.6890402441276505,0.4961201721455439,0.0114503816793893,0.375,0.9827241195304164,0.0222222222222222,0.607059753915466,0.3461256016882963,0.0076530612244897,0.6,0.97405801933978,0.0151133501259445,0.7644833625422256,0.5625735587976919,0.0,0.0,0.9927328488565904,0.0,0.0,0.0,0.9985841068382152,0.9490666666666666,0.5004483210601199,0.9729983540068976,0.6889757328894004,0.4960292514920411,,
2024-07-14 02:29:09,hf_copula_syn_100000,100,0.0001,10,1.0,4,0.9995786516853932,0.9498198318430536,0.5714285714285714,0.9740641894203792,0.7367185280855926,0.5632915338153315,0.015,0.375,0.9868596584845252,0.0288461538461538,0.6083357394824809,0.3474291364212282,0.0091743119266055,0.8,0.9711903967989328,0.0181405895691609,0.8814489874287373,0.7636516398875206,0.0,0.0,0.991732782185479,0.0,0.0,0.0,0.9986567697144624,0.9494,0.5718114088975085,0.973176494322161,0.7366491861829129,0.5632056411364909,,
2024-07-14 02:29:29,hf_copula_syn_100000,100,0.0001,10,5.0,4,0.9995786516853932,0.9498198318430536,0.5714285714285714,0.9740641894203792,0.7367185280855926,0.5632915338153315,0.015,0.375,0.9868596584845252,0.0288461538461538,0.6083357394824809,0.3474291364212282,0.0091743119266055,0.8,0.9711903967989328,0.0181405895691609,0.8814489874287373,0.7636516398875206,0.0,0.0,0.991732782185479,0.0,0.0,0.0,0.9986567697144624,0.9494,0.5718114088975085,0.973176494322161,0.7366491861829129,0.5632056411364909,,
2024-07-14 02:29:48,hf_copula_syn_100000,100,0.0001,10,9.0,4,0.9995785924989464,0.9496863739490192,0.5714285714285714,0.9739939775526965,0.7366667686076711,0.563205144021929,0.015,0.375,0.9868596584845252,0.0288461538461538,0.6083357394824809,0.3474291364212282,0.0091324200913242,0.8,0.9710570190063356,0.0180586907449209,0.881388458742834,0.7635571256885563,0.0,0.0,0.991732782185479,0.0,0.0,0.0,0.9986566966193112,0.9492666666666668,0.5718113644382442,0.9731063206859468,0.7365974548376089,0.5631193004688293,,
2024-07-14 02:30:09,hf_copula_syn_100000,500,0.0001,4,1.0,4,0.999578710855217,0.949953289737088,0.5714285714285714,0.9741343916792116,0.7367702839273147,0.5633779256442777,0.0059642147117296,0.375,0.966648879402348,0.0117416829745596,0.6020741895945054,0.3410464525406079,0.0117647058823529,0.6,0.9831943981327108,0.023076923076923,0.7680603094026058,0.5673113637412316,0.0,0.0,1.0,0.0,0.0,0.0,0.9986528732082258,0.9494666666666668,0.5718051822969635,0.9732391541189233,0.7366597579999005,0.5632231014762784,,
2024-07-14 02:30:33,hf_copula_syn_100000,500,0.0001,4,5.0,4,0.999578710855217,0.949953289737088,0.5714285714285714,0.9741343916792116,0.7367702839273147,0.5633779256442777,0.0059642147117296,0.375,0.966648879402348,0.0117416829745596,0.6020741895945054,0.3410464525406079,0.0117647058823529,0.6,0.9831943981327108,0.023076923076923,0.7680603094026058,0.5673113637412316,0.0,0.0,1.0,0.0,0.0,0.0,0.9986528732082258,0.9494666666666668,0.5718051822969635,0.9732391541189233,0.7366597579999005,0.5632231014762784,,
2024-07-14 02:30:56,hf_copula_syn_100000,500,0.0001,4,9.0,4,0.999578710855217,0.949953289737088,0.5714285714285714,0.9741343916792116,0.7367702839273147,0.5633779256442777,0.0059642147117296,0.375,0.966648879402348,0.0117416829745596,0.6020741895945054,0.3410464525406079,0.0117647058823529,0.6,0.9831943981327108,0.023076923076923,0.7680603094026058,0.5673113637412316,0.0,0.0,1.0,0.0,0.0,0.0,0.9986528732082258,0.9494666666666668,0.5718051822969635,0.9732391541189233,0.7366597579999005,0.5632231014762784,,
2024-07-14 02:31:40,hf_copula_syn_100000,500,0.0001,8,1.0,4,0.9995083233827352,0.9495529160549846,0.5,0.9738904287718576,0.6890402441276505,0.4961201721455439,0.0114503816793893,0.375,0.9827241195304164,0.0222222222222222,0.607059753915466,0.3461256016882963,0.0076530612244897,0.6,0.97405801933978,0.0151133501259445,0.7644833625422256,0.5625735587976919,0.0,0.0,0.9927328488565904,0.0,0.0,0.0,0.9985841068382152,0.9490666666666666,0.5004483210601199,0.9729983540068976,0.6889757328894004,0.4960292514920411,,
2024-07-14 02:32:25,hf_copula_syn_100000,500,0.0001,8,5.0,4,0.9995083233827352,0.9495529160549846,0.5,0.9738904287718576,0.6890402441276505,0.4961201721455439,0.0114503816793893,0.375,0.9827241195304164,0.0222222222222222,0.607059753915466,0.3461256016882963,0.0076530612244897,0.6,0.97405801933978,0.0151133501259445,0.7644833625422256,0.5625735587976919,0.0,0.0,0.9927328488565904,0.0,0.0,0.0,0.9985841068382152,0.9490666666666666,0.5004483210601199,0.9729983540068976,0.6889757328894004,0.4960292514920411,,
2024-07-14 02:33:06,hf_copula_syn_100000,500,0.0001,8,9.0,4,0.9995083233827352,0.9495529160549846,0.5,0.9738904287718576,0.6890402441276505,0.4961201721455439,0.0114503816793893,0.375,0.9827241195304164,0.0222222222222222,0.607059753915466,0.3461256016882963,0.0076530612244897,0.6,0.97405801933978,0.0151133501259445,0.7644833625422256,0.5625735587976919,0.0,0.0,0.9927328488565904,0.0,0.0,0.0,0.9985841068382152,0.9490666666666666,0.5004483210601199,0.9729983540068976,0.6889757328894004,0.4960292514920411,,
2024-07-14 02:34:17,hf_copula_syn_100000,500,0.0001,10,1.0,4,0.9995786516853932,0.9498198318430536,0.5714285714285714,0.9740641894203792,0.7367185280855926,0.5632915338153315,0.015,0.375,0.9868596584845252,0.0288461538461538,0.6083357394824809,0.3474291364212282,0.0091743119266055,0.8,0.9711903967989328,0.0181405895691609,0.8814489874287373,0.7636516398875206,0.0,0.0,0.991732782185479,0.0,0.0,0.0,0.9986567697144624,0.9494,0.5718114088975085,0.973176494322161,0.7366491861829129,0.5632056411364909,,
2024-07-14 02:35:29,hf_copula_syn_100000,500,0.0001,10,5.0,4,0.9995786516853932,0.9498198318430536,0.5714285714285714,0.9740641894203792,0.7367185280855926,0.5632915338153315,0.015,0.375,0.9868596584845252,0.0288461538461538,0.6083357394824809,0.3474291364212282,0.0091743119266055,0.8,0.9711903967989328,0.0181405895691609,0.8814489874287373,0.7636516398875206,0.0,0.0,0.991732782185479,0.0,0.0,0.0,0.9986567697144624,0.9494,0.5718114088975085,0.973176494322161,0.7366491861829129,0.5632056411364909,,
2024-07-14 02:36:41,hf_copula_syn_100000,500,0.0001,10,9.0,4,0.9995785924989464,0.9496863739490192,0.5714285714285714,0.9739939775526965,0.7366667686076711,0.563205144021929,0.0125523012552301,0.375,0.9842582710779082,0.0242914979757085,0.6075334160803137,0.3466093206843009,0.0100250626566416,0.8,0.9736578859619872,0.0198019801980198,0.8825680193444525,0.7653996391594797,0.0,0.0,0.991732782185479,0.0,0.0,0.0,0.9986556887275024,0.9492666666666668,0.5718108439872793,0.9731044726326336,0.7365974201186616,0.5631194774049267,,
2024-07-14 02:37:17,hf_copula_syn_100000,1000,0.0001,4,1.0,4,0.999578710855217,0.949953289737088,0.5714285714285714,0.9741343916792116,0.7367702839273147,0.5633779256442777,0.0059642147117296,0.375,0.966648879402348,0.0117416829745596,0.6020741895945054,0.3410464525406079,0.0117647058823529,0.6,0.9831943981327108,0.023076923076923,0.7680603094026058,0.5673113637412316,0.0,0.0,1.0,0.0,0.0,0.0,0.9986528732082258,0.9494666666666668,0.5718051822969635,0.9732391541189233,0.7366597579999005,0.5632231014762784,,
2024-07-14 02:37:54,hf_copula_syn_100000,1000,0.0001,4,5.0,4,0.999578710855217,0.949953289737088,0.5714285714285714,0.9741343916792116,0.7367702839273147,0.5633779256442777,0.0059642147117296,0.375,0.966648879402348,0.0117416829745596,0.6020741895945054,0.3410464525406079,0.0117647058823529,0.6,0.9831943981327108,0.023076923076923,0.7680603094026058,0.5673113637412316,0.0,0.0,1.0,0.0,0.0,0.0,0.9986528732082258,0.9494666666666668,0.5718051822969635,0.9732391541189233,0.7366597579999005,0.5632231014762784,,
2024-07-14 02:38:30,hf_copula_syn_100000,1000,0.0001,4,9.0,4,0.999578710855217,0.949953289737088,0.5714285714285714,0.9741343916792116,0.7367702839273147,0.5633779256442777,0.0059642147117296,0.375,0.966648879402348,0.0117416829745596,0.6020741895945054,0.3410464525406079,0.0117647058823529,0.6,0.9831943981327108,0.023076923076923,0.7680603094026058,0.5673113637412316,0.0,0.0,1.0,0.0,0.0,0.0,0.9986528732082258,0.9494666666666668,0.5718051822969635,0.9732391541189233,0.7366597579999005,0.5632231014762784,,
2024-07-14 02:39:45,hf_copula_syn_100000,1000,0.0001,8,1.0,4,0.9995083233827352,0.9495529160549846,0.5,0.9738904287718576,0.6890402441276505,0.4961201721455439,0.0114503816793893,0.375,0.9827241195304164,0.0222222222222222,0.607059753915466,0.3461256016882963,0.0076530612244897,0.6,0.97405801933978,0.0151133501259445,0.7644833625422256,0.5625735587976919,0.0,0.0,0.9927328488565904,0.0,0.0,0.0,0.9985841068382152,0.9490666666666666,0.5004483210601199,0.9729983540068976,0.6889757328894004,0.4960292514920411,,
2024-07-14 02:41:02,hf_copula_syn_100000,1000,0.0001,8,5.0,4,0.9995083233827352,0.9495529160549846,0.5,0.9738904287718576,0.6890402441276505,0.4961201721455439,0.0114503816793893,0.375,0.9827241195304164,0.0222222222222222,0.607059753915466,0.3461256016882963,0.0076530612244897,0.6,0.97405801933978,0.0151133501259445,0.7644833625422256,0.5625735587976919,0.0,0.0,0.9927328488565904,0.0,0.0,0.0,0.9985841068382152,0.9490666666666666,0.5004483210601199,0.9729983540068976,0.6889757328894004,0.4960292514920411,,
2024-07-14 02:42:21,hf_copula_syn_100000,1000,0.0001,8,9.0,4,0.9995083233827352,0.9495529160549846,0.5,0.9738904287718576,0.6890402441276505,0.4961201721455439,0.0114503816793893,0.375,0.9827241195304164,0.0222222222222222,0.607059753915466,0.3461256016882963,0.0076530612244897,0.6,0.97405801933978,0.0151133501259445,0.7644833625422256,0.5625735587976919,0.0,0.0,0.9927328488565904,0.0,0.0,0.0,0.9985841068382152,0.9490666666666666,0.5004483210601199,0.9729983540068976,0.6889757328894004,0.4960292514920411,,
2024-07-14 02:44:43,hf_copula_syn_100000,1000,0.0001,10,1.0,4,0.9995786516853932,0.9498198318430536,0.5714285714285714,0.9740641894203792,0.7367185280855926,0.5632915338153315,0.015,0.375,0.9868596584845252,0.0288461538461538,0.6083357394824809,0.3474291364212282,0.0091743119266055,0.8,0.9711903967989328,0.0181405895691609,0.8814489874287373,0.7636516398875206,0.0,0.0,0.991732782185479,0.0,0.0,0.0,0.9986567697144624,0.9494,0.5718114088975085,0.973176494322161,0.7366491861829129,0.5632056411364909,,
2024-07-14 02:46:59,hf_copula_syn_100000,1000,0.0001,10,5.0,4,0.9995786516853932,0.9498198318430536,0.5714285714285714,0.9740641894203792,0.7367185280855926,0.5632915338153315,0.015,0.375,0.9868596584845252,0.0288461538461538,0.6083357394824809,0.3474291364212282,0.0091743119266055,0.8,0.9711903967989328,0.0181405895691609,0.8814489874287373,0.7636516398875206,0.0,0.0,0.991732782185479,0.0,0.0,0.0,0.9986567697144624,0.9494,0.5718114088975085,0.973176494322161,0.7366491861829129,0.5632056411364909,,
2024-07-14 02:49:00,hf_copula_syn_100000,1000,0.0001,10,9.0,4,0.9995785924989464,0.9496863739490192,0.5714285714285714,0.9739939775526965,0.7366667686076711,0.563205144021929,0.0122950819672131,0.375,0.9839247598719316,0.0238095238095238,0.6074304774638613,0.3465041793968346,0.0101522842639593,0.8,0.9739913304434812,0.0200501253132832,0.882719131068759,0.7656357805608426,0.0,0.0,0.991732782185479,0.0,0.0,0.0,0.9986555939510848,0.9492666666666668,0.5718107772627967,0.9731042982947834,0.7365974155886409,0.5631195000433737,,
2024-07-14 02:49:09,hf_copula_syn_150000,100,0.001,4,1.0,4,0.999257007767646,0.9871880421726944,0.2142857142857142,0.9931858615017958,0.4599350984120386,0.2278902933768087,0.0172413793103448,0.125,0.9961979722518676,0.0303030303030303,0.3528806406300627,0.1136761758641428,0.0,0.0,1.0,0.0,0.0,0.0,0.0,0.0,0.9908660577371824,0.0,0.0,0.0,0.9983335632960284,0.9863333333333332,0.2150164109414311,0.9922750496472224,0.4596940286618567,0.2277382230634513,,
2024-07-14 02:49:18,hf_copula_syn_150000,100,0.001,4,5.0,4,0.9992534781133356,0.9825170158814894,0.2142857142857142,0.9908145755526396,0.4588456827148245,0.2267136532449755,0.0172413793103448,0.125,0.9961979722518676,0.0303030303030303,0.3528806406300627,0.1136761758641428,0.0,0.0,1.0,0.0,0.0,0.0,0.0,0.0,0.9861990799386626,0.0,0.0,0.0,0.998330036936062,0.9816666666666668,0.2150160998095778,0.9899059768982854,0.4586056297526267,0.2265626811290745,,
2024-07-14 02:49:27,hf_copula_syn_150000,100,0.001,4,9.0,4,0.9992534781133356,0.9825170158814894,0.2142857142857142,0.9908145755526396,0.4588456827148245,0.2267136532449755,0.0172413793103448,0.125,0.9961979722518676,0.0303030303030303,0.3528806406300627,0.1136761758641428,0.0,0.0,1.0,0.0,0.0,0.0,0.0,0.0,0.9861990799386626,0.0,0.0,0.0,0.998330036936062,0.9816666666666668,0.2150160998095778,0.9899059768982854,0.4586056297526267,0.2265626811290745,,
2024-07-14 02:49:39,hf_copula_syn_150000,100,0.001,8,1.0,4,0.9995877138734282,0.970705992259442,0.5714285714285714,0.984935170452622,0.7447745554420927,0.576836623289648,0.036036036036036,0.5,0.9928628601921023,0.0672268907563025,0.7045789026759538,0.4719641686434116,0.0175438596491228,0.2,0.9962654218072692,0.032258064516129,0.4463777373049129,0.1833872502349066,0.0,0.0,0.9813987599173278,0.0,0.0,0.0,0.9986798325129153,0.9701333333333332,0.5718222800119375,0.9840625046567748,0.7446040005175423,0.5766110857479324,,
2024-07-14 02:49:52,hf_copula_syn_150000,100,0.001,8,5.0,4,0.999587912087912,0.9711730948885626,0.5714285714285714,0.9851756582955392,0.7449537262287073,0.5771401185656582,0.0384615384615384,0.5,0.9933297758804696,0.0714285714285714,0.7047445550979694,0.4721629301547093,0.0175438596491228,0.2,0.9962654218072692,0.032258064516129,0.4463777373049129,0.1833872502349066,0.0,0.0,0.9813987599173278,0.0,0.0,0.0,0.9986813241436926,0.9706,0.571822529033638,0.9843050089407308,0.7447830924260478,0.5769144037678244,,
2024-07-14 02:50:05,hf_copula_syn_150000,100,0.001,8,9.0,4,0.999587912087912,0.9711730948885626,0.5714285714285714,0.9851756582955392,0.7449537262287073,0.5771401185656582,0.0384615384615384,0.5,0.9933297758804696,0.0714285714285714,0.7047445550979694,0.4721629301547093,0.0175438596491228,0.2,0.9962654218072692,0.032258064516129,0.4463777373049129,0.1833872502349066,0.0,0.0,0.9813987599173278,0.0,0.0,0.0,0.9986813241436926,0.9706,0.571822529033638,0.9843050089407308,0.7447830924260478,0.5769144037678244,,
2024-07-14 02:50:23,hf_copula_syn_150000,100,0.001,10,1.0,4,0.9995875438234688,0.9703056185773388,0.5714285714285714,0.9847289472793146,0.744620946168428,0.5765765043281927,0.0363636363636363,0.5,0.9929295624332978,0.0677966101694915,0.7046025696920561,0.4719925644797823,0.015625,0.2,0.9957985995331776,0.0289855072463768,0.4462731449534416,0.1833106172881235,0.0,0.0,0.9813987599173278,0.0,0.0,0.0,0.9986791977219608,0.9697333333333332,0.5718221599790413,0.9838556869563598,0.7444505123708243,0.576351199164305,,
2024-07-14 02:50:40,hf_copula_syn_150000,100,0.001,10,5.0,4,0.9995875438234688,0.9703056185773388,0.5714285714285714,0.9847289472793146,0.744620946168428,0.5765765043281927,0.0363636363636363,0.5,0.9929295624332978,0.0677966101694915,0.7046025696920561,0.4719925644797823,0.015625,0.2,0.9957985995331776,0.0289855072463768,0.4462731449534416,0.1833106172881235,0.0,0.0,0.9813987599173278,0.0,0.0,0.0,0.9986791977219608,0.9697333333333332,0.5718221599790413,0.9838556869563598,0.7444505123708243,0.576351199164305,,
2024-07-14 02:51:00,hf_copula_syn_150000,100,0.001,10,9.0,4,0.9995875438234688,0.9703056185773388,0.5714285714285714,0.9847289472793146,0.744620946168428,0.5765765043281927,0.0363636363636363,0.5,0.9929295624332978,0.0677966101694915,0.7046025696920561,0.4719925644797823,0.015625,0.2,0.9957985995331776,0.0289855072463768,0.4462731449534416,0.1833106172881235,0.0,0.0,0.9813987599173278,0.0,0.0,0.0,0.9986791977219608,0.9697333333333332,0.5718221599790413,0.9838556869563598,0.7444505123708243,0.576351199164305,,
2024-07-14 02:51:21,hf_copula_syn_150000,500,0.001,4,1.0,4,0.9992558013666192,0.9855865474442812,0.2142857142857142,0.9923741055531292,0.4595618753872963,0.2274867685636385,0.0172413793103448,0.125,0.9961979722518676,0.0303030303030303,0.3528806406300627,0.1136761758641428,0.0,0.0,1.0,0.0,0.0,0.0,0.0,0.0,0.9892659510634042,0.0,0.0,0.0,0.998332358020976,0.9847333333333332,0.2150163042676528,0.9914640513374412,0.4593211539786042,0.22733507487344,,
2024-07-14 02:51:44,hf_copula_syn_150000,500,0.001,4,5.0,4,0.9992558013666192,0.9855865474442812,0.2142857142857142,0.9923741055531292,0.4595618753872963,0.2274867685636385,0.0172413793103448,0.125,0.9961979722518676,0.0303030303030303,0.3528806406300627,0.1136761758641428,0.0,0.0,1.0,0.0,0.0,0.0,0.0,0.0,0.9892659510634042,0.0,0.0,0.0,0.998332358020976,0.9847333333333332,0.2150163042676528,0.9914640513374412,0.4593211539786042,0.22733507487344,,
2024-07-14 02:52:05,hf_copula_syn_150000,500,0.001,4,9.0,4,0.9992558013666192,0.9855865474442812,0.2142857142857142,0.9923741055531292,0.4595618753872963,0.2274867685636385,0.0172413793103448,0.125,0.9961979722518676,0.0303030303030303,0.3528806406300627,0.1136761758641428,0.0,0.0,1.0,0.0,0.0,0.0,0.0,0.0,0.9892659510634042,0.0,0.0,0.0,0.998332358020976,0.9847333333333332,0.2150163042676528,0.9914640513374412,0.4593211539786042,0.22733507487344,,
2024-07-14 02:52:47,hf_copula_syn_150000,500,0.001,8,1.0,4,0.9995877422014566,0.9707727212064594,0.5714285714285714,0.9849695328368316,0.7448001539076331,0.5768799782309916,0.0363636363636363,0.5,0.9929295624332978,0.0677966101694915,0.7046025696920561,0.4719925644797823,0.0175438596491228,0.2,0.9962654218072692,0.032258064516129,0.4463777373049129,0.1833872502349066,0.0,0.0,0.9813987599173278,0.0,0.0,0.0,0.998680035534679,0.9702,0.5718223155864661,0.9840971388197798,0.7446295877135901,0.5766544153691101,,
2024-07-14 02:53:29,hf_copula_syn_150000,500,0.001,8,5.0,4,0.9995877422014566,0.9707727212064594,0.5714285714285714,0.9849695328368316,0.7448001539076331,0.5768799782309916,0.0363636363636363,0.5,0.9929295624332978,0.0677966101694915,0.7046025696920561,0.4719925644797823,0.0175438596491228,0.2,0.9962654218072692,0.032258064516129,0.4463777373049129,0.1833872502349066,0.0,0.0,0.9813987599173278,0.0,0.0,0.0,0.998680035534679,0.9702,0.5718223155864661,0.9840971388197798,0.7446295877135901,0.5766544153691101,,
2024-07-14 02:54:13,hf_copula_syn_150000,500,0.001,8,9.0,4,0.9995877422014566,0.9707727212064594,0.5714285714285714,0.9849695328368316,0.7448001539076331,0.5768799782309916,0.0363636363636363,0.5,0.9929295624332978,0.0677966101694915,0.7046025696920561,0.4719925644797823,0.0175438596491228,0.2,0.9962654218072692,0.032258064516129,0.4463777373049129,0.1833872502349066,0.0,0.0,0.9813987599173278,0.0,0.0,0.0,0.998680035534679,0.9702,0.5718223155864661,0.9840971388197798,0.7446295877135901,0.5766544153691101,,
2024-07-14 02:55:20,hf_copula_syn_150000,500,0.001,10,1.0,4,0.9995872884853488,0.969705058054184,0.5714285714285714,0.9844194553583524,0.7443904728238817,0.576186360235814,0.036697247706422,0.5,0.9929962646744932,0.0683760683760683,0.7046262359132298,0.4720209598712341,0.0151515151515151,0.2,0.99566522174058,0.028169014084507,0.4462432569217333,0.1832887205594039,0.0,0.0,0.9808653910260684,0.0,0.0,0.0,0.998678962719923,0.9691333333333332,0.5718221155363797,0.9835465207745134,0.7442202567940405,0.5759614270517117,,
2024-07-14 02:56:30,hf_copula_syn_150000,500,0.001,10,5.0,4,0.9995872600949302,0.9696383291071669,0.5714285714285714,0.9843850557192696,0.7443648602695423,0.5761430134366463,0.0341880341880341,0.5,0.9924626467449308,0.064,0.7044368838813491,0.4717937842818909,0.0169491525423728,0.2,0.9961320440146716,0.03125,0.4463478562768441,0.183365355996736,0.0,0.0,0.9808653910260684,0.0,0.0,0.0,0.998678195321256,0.9690666666666666,0.5718219865475753,0.9835108463339316,0.744194602023453,0.575918025094388,,
2024-07-14 02:57:39,hf_copula_syn_150000,500,0.001,10,9.0,4,0.999587316871862,0.9697717870012011,0.5714285714285714,0.9844538526672312,0.7444160844969896,0.5762297075438676,0.0341880341880341,0.5,0.9924626467449308,0.064,0.7044368838813491,0.4717937842818909,0.0175438596491228,0.2,0.9962654218072692,0.032258064516129,0.4463777373049129,0.1833872502349066,0.0,0.0,0.9808653910260684,0.0,0.0,0.0,0.998678450280898,0.9692,0.5718220310068396,0.983579915092914,0.7442457884019641,0.5760046455851887,,
2024-07-14 02:58:17,hf_copula_syn_150000,1000,0.001,4,1.0,4,0.9992558013666192,0.9855865474442812,0.2142857142857142,0.9923741055531292,0.4595618753872963,0.2274867685636385,0.0172413793103448,0.125,0.9961979722518676,0.0303030303030303,0.3528806406300627,0.1136761758641428,0.0,0.0,1.0,0.0,0.0,0.0,0.0,0.0,0.9892659510634042,0.0,0.0,0.0,0.998332358020976,0.9847333333333332,0.2150163042676528,0.9914640513374412,0.4593211539786042,0.22733507487344,,
2024-07-14 02:58:48,hf_copula_syn_150000,1000,0.001,4,5.0,4,0.9992558013666192,0.9855865474442812,0.2142857142857142,0.9923741055531292,0.4595618753872963,0.2274867685636385,0.0172413793103448,0.125,0.9961979722518676,0.0303030303030303,0.3528806406300627,0.1136761758641428,0.0,0.0,1.0,0.0,0.0,0.0,0.0,0.0,0.9892659510634042,0.0,0.0,0.0,0.998332358020976,0.9847333333333332,0.2150163042676528,0.9914640513374412,0.4593211539786042,0.22733507487344,,
2024-07-14 02:59:21,hf_copula_syn_150000,1000,0.001,4,9.0,4,0.9992558013666192,0.9855865474442812,0.2142857142857142,0.9923741055531292,0.4595618753872963,0.2274867685636385,0.0172413793103448,0.125,0.9961979722518676,0.0303030303030303,0.3528806406300627,0.1136761758641428,0.0,0.0,1.0,0.0,0.0,0.0,0.0,0.0,0.9892659510634042,0.0,0.0,0.0,0.998332358020976,0.9847333333333332,0.2150163042676528,0.9914640513374412,0.4593211539786042,0.22733507487344,,
2024-07-14 03:00:34,hf_copula_syn_150000,1000,0.001,8,1.0,4,0.9995877705255926,0.9708394501534766,0.5714285714285714,0.9850038928946212,0.7448257514933952,0.5769233336812212,0.0363636363636363,0.5,0.9929295624332978,0.0677966101694915,0.7046025696920561,0.4719925644797823,0.0169491525423728,0.2,0.9961320440146716,0.03125,0.4463478562768441,0.183365355996736,0.0,0.0,0.98159877325155,0.0,0.0,0.0,0.9986798655966768,0.9702666666666668,0.5718222844614241,0.9841311307866766,0.7446551514479294,0.5766977230561735,,
2024-07-14 03:01:46,hf_copula_syn_150000,1000,0.001,8,5.0,4,0.9995877705255926,0.9708394501534766,0.5714285714285714,0.9850038928946212,0.7448257514933952,0.5769233336812212,0.0363636363636363,0.5,0.9929295624332978,0.0677966101694915,0.7046025696920561,0.4719925644797823,0.0169491525423728,0.2,0.9961320440146716,0.03125,0.4463478562768441,0.183365355996736,0.0,0.0,0.98159877325155,0.0,0.0,0.0,0.9986798655966768,0.9702666666666668,0.5718222844614241,0.9841311307866766,0.7446551514479294,0.5766977230561735,,
2024-07-14 03:03:02,hf_copula_syn_150000,1000,0.001,8,9.0,4,0.9995877138734282,0.970705992259442,0.5714285714285714,0.984935170452622,0.7447745554420927,0.576836623289648,0.0363636363636363,0.5,0.9929295624332978,0.0677966101694915,0.7046025696920561,0.4719925644797823,0.0169491525423728,0.2,0.9961320440146716,0.03125,0.4463478562768441,0.183365355996736,0.0,0.0,0.9814654310287352,0.0,0.0,0.0,0.9986798089973876,0.9701333333333332,0.5718222755719427,0.9840624724856232,0.7446040031796081,0.5766110935942991,,
2024-07-14 03:05:03,hf_copula_syn_150000,1000,0.001,10,1.0,4,0.9995874871089722,0.9701721606833044,0.5714285714285714,0.9846601875994716,0.7445697360348666,0.5764898020787956,0.0377358490566037,0.5,0.9931963713980788,0.0701754385964912,0.7046972298079789,0.4721061433760758,0.0149253731343283,0.2,0.9955985328442816,0.0277777777777777,0.446228312155175,0.1832777719281997,0.0,0.0,0.9811987465831056,0.0,0.0,0.0,0.9986796396982122,0.9696,0.5718222222540373,0.9837878575842228,0.7443993855745168,0.5762646274639653,,
2024-07-14 03:07:04,hf_copula_syn_150000,1000,0.001,10,5.0,4,0.9995875438234688,0.9703056185773388,0.5714285714285714,0.9847289472793146,0.744620946168428,0.5765765043281927,0.0363636363636363,0.5,0.9929295624332978,0.0677966101694915,0.7046025696920561,0.4719925644797823,0.0166666666666666,0.2,0.9960653551183728,0.0307692307692307,0.4463329150126333,0.1833544086108062,0.0,0.0,0.981132075471698,0.0,0.0,0.0,0.998679544944183,0.9697333333333332,0.5718222311186069,0.9838562815308672,0.7444505322941775,0.5763512137614125,,
2024-07-14 03:09:08,hf_copula_syn_150000,1000,0.001,10,9.0,4,0.9995875438234688,0.9703056185773388,0.5714285714285714,0.9847289472793146,0.744620946168428,0.5765765043281927,0.0363636363636363,0.5,0.9929295624332978,0.0677966101694915,0.7046025696920561,0.4719925644797823,0.0166666666666666,0.2,0.9960653551183728,0.0307692307692307,0.4463329150126333,0.1833544086108062,0.0,0.0,0.981132075471698,0.0,0.0,0.0,0.998679544944183,0.9697333333333332,0.5718222311186069,0.9838562815308672,0.7444505322941775,0.5763512137614125,,
2024-07-14 03:09:17,hf_copula_syn_150000,100,0.0001,4,1.0,4,0.999318011321012,0.977779260643267,0.2857142857142857,0.9884313130291073,0.5285503789052974,0.2986994110267381,0.0172413793103448,0.125,0.9961979722518676,0.0303030303030303,0.3528806406300627,0.1136761758641428,0.0,0.0,1.0,0.0,0.0,0.0,0.0,0.0,0.9813987599173278,0.0,0.0,0.0,0.9983945099127446,0.9769333333333332,0.2863776845501478,0.9875249387531084,0.5282452682266552,0.298481252203574,,
2024-07-14 03:09:27,hf_copula_syn_150000,100,0.0001,4,5.0,4,0.999318011321012,0.977779260643267,0.2857142857142857,0.9884313130291073,0.5285503789052974,0.2986994110267381,0.0172413793103448,0.125,0.9961979722518676,0.0303030303030303,0.3528806406300627,0.1136761758641428,0.0,0.0,1.0,0.0,0.0,0.0,0.0,0.0,0.9813987599173278,0.0,0.0,0.0,0.9983945099127446,0.9769333333333332,0.2863776845501478,0.9875249387531084,0.5282452682266552,0.298481252203574,,
2024-07-14 03:09:35,hf_copula_syn_150000,100,0.0001,4,9.0,4,0.999318011321012,0.977779260643267,0.2857142857142857,0.9884313130291073,0.5285503789052974,0.2986994110267381,0.0172413793103448,0.125,0.9961979722518676,0.0303030303030303,0.3528806406300627,0.1136761758641428,0.0,0.0,1.0,0.0,0.0,0.0,0.0,0.0,0.9813987599173278,0.0,0.0,0.0,0.9983945099127446,0.9769333333333332,0.2863776845501478,0.9875249387531084,0.5282452682266552,0.298481252203574,,
2024-07-14 03:09:48,hf_copula_syn_150000,100,0.0001,8,1.0,4,0.9995879403887096,0.9712398238355798,0.5714285714285714,0.9852100043997698,0.7449793185377046,0.5771834770692036,0.0388349514563106,0.5,0.9933964781216648,0.072072072072072,0.704768216551252,0.4721913228766476,0.0175438596491228,0.2,0.9962654218072692,0.032258064516129,0.4463777373049129,0.1833872502349066,0.0,0.0,0.9813987599173278,0.0,0.0,0.0,0.9986815515716732,0.9706666666666668,0.5718225646081666,0.9843396661889404,0.7448086734683317,0.5769577369462182,,
2024-07-14 03:10:02,hf_copula_syn_150000,100,0.0001,8,5.0,4,0.9995879403887096,0.9712398238355798,0.5714285714285714,0.9852100043997698,0.7449793185377046,0.5771834770692036,0.0388349514563106,0.5,0.9933964781216648,0.072072072072072,0.704768216551252,0.4721913228766476,0.0175438596491228,0.2,0.9962654218072692,0.032258064516129,0.4463777373049129,0.1833872502349066,0.0,0.0,0.9813987599173278,0.0,0.0,0.0,0.9986815515716732,0.9706666666666668,0.5718225646081666,0.9843396661889404,0.7448086734683317,0.5769577369462182,,
2024-07-14 03:10:14,hf_copula_syn_150000,100,0.0001,8,9.0,4,0.9995879403887096,0.9712398238355798,0.5714285714285714,0.9852100043997698,0.7449793185377046,0.5771834770692036,0.0388349514563106,0.5,0.9933964781216648,0.072072072072072,0.704768216551252,0.4721913228766476,0.0175438596491228,0.2,0.9962654218072692,0.032258064516129,0.4463777373049129,0.1833872502349066,0.0,0.0,0.9813987599173278,0.0,0.0,0.0,0.9986815515716732,0.9706666666666668,0.5718225646081666,0.9843396661889404,0.7448086734683317,0.5769577369462182,,
2024-07-14 03:10:31,hf_copula_syn_150000,100,0.0001,10,1.0,4,0.9995875438234688,0.9703056185773388,0.5714285714285714,0.9847289472793146,0.744620946168428,0.5765765043281927,0.0363636363636363,0.5,0.9929295624332978,0.0677966101694915,0.7046025696920561,0.4719925644797823,0.015625,0.2,0.9957985995331776,0.0289855072463768,0.4462731449534416,0.1833106172881235,0.0,0.0,0.9813987599173278,0.0,0.0,0.0,0.9986791977219608,0.9697333333333332,0.5718221599790413,0.9838556869563598,0.7444505123708243,0.576351199164305,,
2024-07-14 03:10:50,hf_copula_syn_150000,100,0.0001,10,5.0,4,0.9995875438234688,0.9703056185773388,0.5714285714285714,0.9847289472793146,0.744620946168428,0.5765765043281927,0.0363636363636363,0.5,0.9929295624332978,0.0677966101694915,0.7046025696920561,0.4719925644797823,0.015625,0.2,0.9957985995331776,0.0289855072463768,0.4462731449534416,0.1833106172881235,0.0,0.0,0.9813987599173278,0.0,0.0,0.0,0.9986791977219608,0.9697333333333332,0.5718221599790413,0.9838556869563598,0.7444505123708243,0.576351199164305,,
2024-07-14 03:11:07,hf_copula_syn_150000,100,0.0001,10,9.0,4,0.9995875438234688,0.9703056185773388,0.5714285714285714,0.9847289472793146,0.744620946168428,0.5765765043281927,0.0363636363636363,0.5,0.9929295624332978,0.0677966101694915,0.7046025696920561,0.4719925644797823,0.015625,0.2,0.9957985995331776,0.0289855072463768,0.4462731449534416,0.1833106172881235,0.0,0.0,0.9813987599173278,0.0,0.0,0.0,0.9986791977219608,0.9697333333333332,0.5718221599790413,0.9838556869563598,0.7444505123708243,0.576351199164305,,
2024-07-14 03:11:28,hf_copula_syn_150000,500,0.0001,4,1.0,4,0.999318011321012,0.977779260643267,0.2857142857142857,0.9884313130291073,0.5285503789052974,0.2986994110267381,0.0172413793103448,0.125,0.9961979722518676,0.0303030303030303,0.3528806406300627,0.1136761758641428,0.0,0.0,1.0,0.0,0.0,0.0,0.0,0.0,0.9813987599173278,0.0,0.0,0.0,0.9983945099127446,0.9769333333333332,0.2863776845501478,0.9875249387531084,0.5282452682266552,0.298481252203574,,
2024-07-14 03:11:47,hf_copula_syn_150000,500,0.0001,4,5.0,4,0.999318011321012,0.977779260643267,0.2857142857142857,0.9884313130291073,0.5285503789052974,0.2986994110267381,0.0172413793103448,0.125,0.9961979722518676,0.0303030303030303,0.3528806406300627,0.1136761758641428,0.0,0.0,1.0,0.0,0.0,0.0,0.0,0.0,0.9813987599173278,0.0,0.0,0.0,0.9983945099127446,0.9769333333333332,0.2863776845501478,0.9875249387531084,0.5282452682266552,0.298481252203574,,
2024-07-14 03:12:08,hf_copula_syn_150000,500,0.0001,4,9.0,4,0.999318011321012,0.977779260643267,0.2857142857142857,0.9884313130291073,0.5285503789052974,0.2986994110267381,0.0172413793103448,0.125,0.9961979722518676,0.0303030303030303,0.3528806406300627,0.1136761758641428,0.0,0.0,1.0,0.0,0.0,0.0,0.0,0.0,0.9813987599173278,0.0,0.0,0.0,0.9983945099127446,0.9769333333333332,0.2863776845501478,0.9875249387531084,0.5282452682266552,0.298481252203574,,
2024-07-14 03:12:46,hf_copula_syn_150000,500,0.0001,8,1.0,4,0.999587912087912,0.9711730948885626,0.5714285714285714,0.9851756582955392,0.7449537262287073,0.5771401185656582,0.0384615384615384,0.5,0.9933297758804696,0.0714285714285714,0.7047445550979694,0.4721629301547093,0.0175438596491228,0.2,0.9962654218072692,0.032258064516129,0.4463777373049129,0.1833872502349066,0.0,0.0,0.9813987599173278,0.0,0.0,0.0,0.9986813241436926,0.9706,0.571822529033638,0.9843050089407308,0.7447830924260478,0.5769144037678244,,
2024-07-14 03:13:25,hf_copula_syn_150000,500,0.0001,8,5.0,4,0.9995879403887096,0.9712398238355798,0.5714285714285714,0.9852100043997698,0.7449793185377046,0.5771834770692036,0.0388349514563106,0.5,0.9933964781216648,0.072072072072072,0.704768216551252,0.4721913228766476,0.0175438596491228,0.2,0.9962654218072692,0.032258064516129,0.4463777373049129,0.1833872502349066,0.0,0.0,0.9813987599173278,0.0,0.0,0.0,0.9986815515716732,0.9706666666666668,0.5718225646081666,0.9843396661889404,0.7448086734683317,0.5769577369462182,,
2024-07-14 03:14:04,hf_copula_syn_150000,500,0.0001,8,9.0,4,0.9995879403887096,0.9712398238355798,0.5714285714285714,0.9852100043997698,0.7449793185377046,0.5771834770692036,0.0388349514563106,0.5,0.9933964781216648,0.072072072072072,0.704768216551252,0.4721913228766476,0.0175438596491228,0.2,0.9962654218072692,0.032258064516129,0.4463777373049129,0.1833872502349066,0.0,0.0,0.9813987599173278,0.0,0.0,0.0,0.9986815515716732,0.9706666666666668,0.5718225646081666,0.9843396661889404,0.7448086734683317,0.5769577369462182,,
2024-07-14 03:15:11,hf_copula_syn_150000,500,0.0001,10,1.0,4,0.9995875438234688,0.9703056185773388,0.5714285714285714,0.9847289472793146,0.744620946168428,0.5765765043281927,0.0363636363636363,0.5,0.9929295624332978,0.0677966101694915,0.7046025696920561,0.4719925644797823,0.015625,0.2,0.9957985995331776,0.0289855072463768,0.4462731449534416,0.1833106172881235,0.0,0.0,0.9813987599173278,0.0,0.0,0.0,0.9986791977219608,0.9697333333333332,0.5718221599790413,0.9838556869563598,0.7444505123708243,0.576351199164305,,
2024-07-14 03:16:17,hf_copula_syn_150000,500,0.0001,10,5.0,4,0.9995875438234688,0.9703056185773388,0.5714285714285714,0.9847289472793146,0.744620946168428,0.5765765043281927,0.0363636363636363,0.5,0.9929295624332978,0.0677966101694915,0.7046025696920561,0.4719925644797823,0.015625,0.2,0.9957985995331776,0.0289855072463768,0.4462731449534416,0.1833106172881235,0.0,0.0,0.9813987599173278,0.0,0.0,0.0,0.9986791977219608,0.9697333333333332,0.5718221599790413,0.9838556869563598,0.7444505123708243,0.576351199164305,,
2024-07-14 03:17:24,hf_copula_syn_150000,500,0.0001,10,9.0,4,0.9995875438234688,0.9703056185773388,0.5714285714285714,0.9847289472793146,0.744620946168428,0.5765765043281927,0.0363636363636363,0.5,0.9929295624332978,0.0677966101694915,0.7046025696920561,0.4719925644797823,0.015625,0.2,0.9957985995331776,0.0289855072463768,0.4462731449534416,0.1833106172881235,0.0,0.0,0.9813987599173278,0.0,0.0,0.0,0.9986791977219608,0.9697333333333332,0.5718221599790413,0.9838556869563598,0.7444505123708243,0.576351199164305,,
2024-07-14 03:18:01,hf_copula_syn_150000,1000,0.0001,4,1.0,4,0.9992534781133356,0.9825170158814894,0.2142857142857142,0.9908145755526396,0.4588456827148245,0.2267136532449755,0.0172413793103448,0.125,0.9961979722518676,0.0303030303030303,0.3528806406300627,0.1136761758641428,0.0,0.0,1.0,0.0,0.0,0.0,0.0,0.0,0.9861990799386626,0.0,0.0,0.0,0.998330036936062,0.9816666666666668,0.2150160998095778,0.9899059768982854,0.4586056297526267,0.2265626811290745,,
2024-07-14 03:18:38,hf_copula_syn_150000,1000,0.0001,4,5.0,4,0.9992534781133356,0.9825170158814894,0.2142857142857142,0.9908145755526396,0.4588456827148245,0.2267136532449755,0.0172413793103448,0.125,0.9961979722518676,0.0303030303030303,0.3528806406300627,0.1136761758641428,0.0,0.0,1.0,0.0,0.0,0.0,0.0,0.0,0.9861990799386626,0.0,0.0,0.0,0.998330036936062,0.9816666666666668,0.2150160998095778,0.9899059768982854,0.4586056297526267,0.2265626811290745,,
2024-07-14 03:19:16,hf_copula_syn_150000,1000,0.0001,4,9.0,4,0.9992534781133356,0.9825170158814894,0.2142857142857142,0.9908145755526396,0.4588456827148245,0.2267136532449755,0.0172413793103448,0.125,0.9961979722518676,0.0303030303030303,0.3528806406300627,0.1136761758641428,0.0,0.0,1.0,0.0,0.0,0.0,0.0,0.0,0.9861990799386626,0.0,0.0,0.0,0.998330036936062,0.9816666666666668,0.2150160998095778,0.9899059768982854,0.4586056297526267,0.2265626811290745,,
2024-07-14 03:20:33,hf_copula_syn_150000,1000,0.0001,8,1.0,4,0.999587912087912,0.9711730948885626,0.5714285714285714,0.9851756582955392,0.7449537262287073,0.5771401185656582,0.0384615384615384,0.5,0.9933297758804696,0.0714285714285714,0.7047445550979694,0.4721629301547093,0.0175438596491228,0.2,0.9962654218072692,0.032258064516129,0.4463777373049129,0.1833872502349066,0.0,0.0,0.9813987599173278,0.0,0.0,0.0,0.9986813241436926,0.9706,0.571822529033638,0.9843050089407308,0.7447830924260478,0.5769144037678244,,
2024-07-14 03:21:53,hf_copula_syn_150000,1000,0.0001,8,5.0,4,0.999587912087912,0.9711730948885626,0.5714285714285714,0.9851756582955392,0.7449537262287073,0.5771401185656582,0.0384615384615384,0.5,0.9933297758804696,0.0714285714285714,0.7047445550979694,0.4721629301547093,0.0175438596491228,0.2,0.9962654218072692,0.032258064516129,0.4463777373049129,0.1833872502349066,0.0,0.0,0.9813987599173278,0.0,0.0,0.0,0.9986813241436926,0.9706,0.571822529033638,0.9843050089407308,0.7447830924260478,0.5769144037678244,,
2024-07-14 03:23:10,hf_copula_syn_150000,1000,0.0001,8,9.0,4,0.999587912087912,0.9711730948885626,0.5714285714285714,0.9851756582955392,0.7449537262287073,0.5771401185656582,0.0384615384615384,0.5,0.9933297758804696,0.0714285714285714,0.7047445550979694,0.4721629301547093,0.0175438596491228,0.2,0.9962654218072692,0.032258064516129,0.4463777373049129,0.1833872502349066,0.0,0.0,0.9813987599173278,0.0,0.0,0.0,0.9986813241436926,0.9706,0.571822529033638,0.9843050089407308,0.7447830924260478,0.5769144037678244,,
2024-07-14 03:25:25,hf_copula_syn_150000,1000,0.0001,10,1.0,4,0.9995875438234688,0.9703056185773388,0.5714285714285714,0.9847289472793146,0.744620946168428,0.5765765043281927,0.0363636363636363,0.5,0.9929295624332978,0.0677966101694915,0.7046025696920561,0.4719925644797823,0.015625,0.2,0.9957985995331776,0.0289855072463768,0.4462731449534416,0.1833106172881235,0.0,0.0,0.9813987599173278,0.0,0.0,0.0,0.9986791977219608,0.9697333333333332,0.5718221599790413,0.9838556869563598,0.7444505123708243,0.576351199164305,,
2024-07-14 03:27:42,hf_copula_syn_150000,1000,0.0001,10,5.0,4,0.9995875438234688,0.9703056185773388,0.5714285714285714,0.9847289472793146,0.744620946168428,0.5765765043281927,0.0363636363636363,0.5,0.9929295624332978,0.0677966101694915,0.7046025696920561,0.4719925644797823,0.015625,0.2,0.9957985995331776,0.0289855072463768,0.4462731449534416,0.1833106172881235,0.0,0.0,0.9813987599173278,0.0,0.0,0.0,0.9986791977219608,0.9697333333333332,0.5718221599790413,0.9838556869563598,0.7444505123708243,0.576351199164305,,
2024-07-14 03:29:57,hf_copula_syn_150000,1000,0.0001,10,9.0,4,0.9995875438234688,0.9703056185773388,0.5714285714285714,0.9847289472793146,0.744620946168428,0.5765765043281927,0.0363636363636363,0.5,0.9929295624332978,0.0677966101694915,0.7046025696920561,0.4719925644797823,0.015625,0.2,0.9957985995331776,0.0289855072463768,0.4462731449534416,0.1833106172881235,0.0,0.0,0.9813987599173278,0.0,0.0,0.0,0.9986791977219608,0.9697333333333332,0.5718221599790413,0.9838556869563598,0.7444505123708243,0.576351199164305,,
2024-07-14 03:30:09,hf_copula_syn_300000,100,0.001,4,1.0,4,0.9990644837955228,0.9976644868543976,0.0,0.9983639945243898,0.0,0.0,0.0,0.0,0.9976654215581644,0.0,0.0,0.0,0.0,0.0,1.0,0.0,0.0,0.0,0.0,0.0,1.0,0.0,0.0,0.0,0.9981320236106472,0.9967333333333334,0.000932088224831,0.9974321881295004,0.0,0.0,,
2024-07-14 03:30:21,hf_copula_syn_300000,100,0.001,4,5.0,4,0.9990644837955228,0.9976644868543976,0.0,0.9983639945243898,0.0,0.0,0.0,0.0,0.9976654215581644,0.0,0.0,0.0,0.0,0.0,1.0,0.0,0.0,0.0,0.0,0.0,1.0,0.0,0.0,0.0,0.9981320236106472,0.9967333333333334,0.000932088224831,0.9974321881295004,0.0,0.0,,
2024-07-14 03:30:34,hf_copula_syn_300000,100,0.001,4,9.0,4,0.9990644837955228,0.9976644868543976,0.0,0.9983639945243898,0.0,0.0,0.0,0.0,0.9976654215581644,0.0,0.0,0.0,0.0,0.0,1.0,0.0,0.0,0.0,0.0,0.0,1.0,0.0,0.0,0.0,0.9981320236106472,0.9967333333333334,0.000932088224831,0.9974321881295004,0.0,0.0,,
2024-07-14 03:30:50,hf_copula_syn_300000,100,0.001,8,1.0,4,0.9992608023654324,0.9922594421460028,0.2142857142857142,0.9957478153145612,0.4611149784131942,0.2291688471143769,0.0,0.0,0.9947972251867664,0.0,0.0,0.0,0.048780487804878,0.4,0.997399133044348,0.0869565217391304,0.6316325302086169,0.3751258381225442,0.0,0.0,1.0,0.0,0.0,0.0,0.998344419112493,0.9914666666666668,0.215015405850162,0.9948474361941808,0.4608951486100782,0.2290799981364444,,
2024-07-14 03:31:06,hf_copula_syn_300000,100,0.001,8,5.0,4,0.9992608023654324,0.9922594421460028,0.2142857142857142,0.9957478153145612,0.4611149784131942,0.2291688471143769,0.0,0.0,0.9947972251867664,0.0,0.0,0.0,0.048780487804878,0.4,0.997399133044348,0.0869565217391304,0.6316325302086169,0.3751258381225442,0.0,0.0,1.0,0.0,0.0,0.0,0.998344419112493,0.9914666666666668,0.215015405850162,0.9948474361941808,0.4608951486100782,0.2290799981364444,,
2024-07-14 03:31:23,hf_copula_syn_300000,100,0.001,8,9.0,4,0.9992608023654324,0.9922594421460028,0.2142857142857142,0.9957478153145612,0.4611149784131942,0.2291688471143769,0.0,0.0,0.9947972251867664,0.0,0.0,0.0,0.048780487804878,0.4,0.997399133044348,0.0869565217391304,0.6316325302086169,0.3751258381225442,0.0,0.0,1.0,0.0,0.0,0.0,0.998344419112493,0.9914666666666668,0.215015405850162,0.9948474361941808,0.4608951486100782,0.2290799981364444,,
2024-07-14 03:31:45,hf_copula_syn_300000,100,0.001,10,1.0,4,0.9992573087570048,0.9875884158547978,0.2142857142857142,0.9933885961673994,0.4600283568561207,0.2279911917550033,0.0,0.0,0.9947972251867664,0.0,0.0,0.0,0.0232558139534883,0.4,0.9943981327109036,0.0439560439560439,0.6306815782027896,0.3741165173541785,0.0,0.0,0.9983332222148144,0.0,0.0,0.0,0.9983324205401496,0.9868,0.2150142943981985,0.9924760854922952,0.4598092242491226,0.2279031054818167,,
2024-07-14 03:32:09,hf_copula_syn_300000,100,0.001,10,5.0,4,0.9992573087570048,0.9875884158547978,0.2142857142857142,0.9933885961673994,0.4600283568561207,0.2279911917550033,0.0,0.0,0.9947972251867664,0.0,0.0,0.0,0.0232558139534883,0.4,0.9943981327109036,0.0439560439560439,0.6306815782027896,0.3741165173541785,0.0,0.0,0.9983332222148144,0.0,0.0,0.0,0.9983324205401496,0.9868,0.2150142943981985,0.9924760854922952,0.4598092242491226,0.2279031054818167,,
2024-07-14 03:32:32,hf_copula_syn_300000,100,0.001,10,9.0,4,0.9992573087570048,0.9875884158547978,0.2142857142857142,0.9933885961673994,0.4600283568561207,0.2279911917550033,0.0,0.0,0.9947972251867664,0.0,0.0,0.0,0.0232558139534883,0.4,0.9943981327109036,0.0439560439560439,0.6306815782027896,0.3741165173541785,0.0,0.0,0.9983332222148144,0.0,0.0,0.0,0.9983324205401496,0.9868,0.2150142943981985,0.9924760854922952,0.4598092242491226,0.2279031054818167,,
2024-07-14 03:32:59,hf_copula_syn_300000,500,0.001,4,1.0,4,0.9990644837955228,0.9976644868543976,0.0,0.9983639945243898,0.0,0.0,0.0,0.0,0.9976654215581644,0.0,0.0,0.0,0.0,0.0,1.0,0.0,0.0,0.0,0.0,0.0,1.0,0.0,0.0,0.0,0.9981320236106472,0.9967333333333334,0.000932088224831,0.9974321881295004,0.0,0.0,,
2024-07-14 03:33:27,hf_copula_syn_300000,500,0.001,4,5.0,4,0.9990644837955228,0.9976644868543976,0.0,0.9983639945243898,0.0,0.0,0.0,0.0,0.9976654215581644,0.0,0.0,0.0,0.0,0.0,1.0,0.0,0.0,0.0,0.0,0.0,1.0,0.0,0.0,0.0,0.9981320236106472,0.9967333333333334,0.000932088224831,0.9974321881295004,0.0,0.0,,
2024-07-14 03:33:56,hf_copula_syn_300000,500,0.001,4,9.0,4,0.9990644837955228,0.9976644868543976,0.0,0.9983639945243898,0.0,0.0,0.0,0.0,0.9976654215581644,0.0,0.0,0.0,0.0,0.0,1.0,0.0,0.0,0.0,0.0,0.0,1.0,0.0,0.0,0.0,0.9981320236106472,0.9967333333333334,0.000932088224831,0.9974321881295004,0.0,0.0,,
2024-07-14 03:34:43,hf_copula_syn_300000,500,0.001,8,1.0,4,0.9992595584275712,0.9905912184705724,0.2142857142857142,0.9949065076067288,0.4607271934834351,0.2287481485714631,0.0,0.0,0.9947972251867664,0.0,0.0,0.0,0.048780487804878,0.4,0.997399133044348,0.0869565217391304,0.6316325302086169,0.3751258381225442,0.0,0.0,0.9983332222148144,0.0,0.0,0.0,0.9983431763356404,0.9898,0.215015294731643,0.9940069137068756,0.4605077256129201,0.2286596922455039,,
2024-07-14 03:35:29,hf_copula_syn_300000,500,0.001,8,5.0,4,0.9992595584275712,0.9905912184705724,0.2142857142857142,0.9949065076067288,0.4607271934834351,0.2287481485714631,0.0,0.0,0.9947972251867664,0.0,0.0,0.0,0.048780487804878,0.4,0.997399133044348,0.0869565217391304,0.6316325302086169,0.3751258381225442,0.0,0.0,0.9983332222148144,0.0,0.0,0.0,0.9983431763356404,0.9898,0.215015294731643,0.9940069137068756,0.4605077256129201,0.2286596922455039,,
2024-07-14 03:36:15,hf_copula_syn_300000,500,0.001,8,9.0,4,0.9992595584275712,0.9905912184705724,0.2142857142857142,0.9949065076067288,0.4607271934834351,0.2287481485714631,0.0,0.0,0.9947972251867664,0.0,0.0,0.0,0.048780487804878,0.4,0.997399133044348,0.0869565217391304,0.6316325302086169,0.3751258381225442,0.0,0.0,0.9983332222148144,0.0,0.0,0.0,0.9983431763356404,0.9898,0.215015294731643,0.9940069137068756,0.4605077256129201,0.2286596922455039,,
2024-07-14 03:37:35,hf_copula_syn_300000,500,0.001,10,1.0,4,0.9992573087570048,0.9875884158547978,0.2142857142857142,0.9933885961673994,0.4600283568561207,0.2279911917550033,0.0,0.0,0.9947972251867664,0.0,0.0,0.0,0.0232558139534883,0.4,0.9943981327109036,0.0439560439560439,0.6306815782027896,0.3741165173541785,0.0,0.0,0.9983332222148144,0.0,0.0,0.0,0.9983324205401496,0.9868,0.2150142943981985,0.9924760854922952,0.4598092242491226,0.2279031054818167,,
2024-07-14 03:38:57,hf_copula_syn_300000,500,0.001,10,5.0,4,0.9992573087570048,0.9875884158547978,0.2142857142857142,0.9933885961673994,0.4600283568561207,0.2279911917550033,0.0,0.0,0.9947972251867664,0.0,0.0,0.0,0.0232558139534883,0.4,0.9943981327109036,0.0439560439560439,0.6306815782027896,0.3741165173541785,0.0,0.0,0.9983332222148144,0.0,0.0,0.0,0.9983324205401496,0.9868,0.2150142943981985,0.9924760854922952,0.4598092242491226,0.2279031054818167,,
2024-07-14 03:40:17,hf_copula_syn_300000,500,0.001,10,9.0,4,0.9992573087570048,0.9875884158547978,0.2142857142857142,0.9933885961673994,0.4600283568561207,0.2279911917550033,0.0,0.0,0.9947972251867664,0.0,0.0,0.0,0.0232558139534883,0.4,0.9943981327109036,0.0439560439560439,0.6306815782027896,0.3741165173541785,0.0,0.0,0.9983332222148144,0.0,0.0,0.0,0.9983324205401496,0.9868,0.2150142943981985,0.9924760854922952,0.4598092242491226,0.2279031054818167,,
2024-07-14 03:41:04,hf_copula_syn_300000,1000,0.001,4,1.0,4,0.9990644837955228,0.9976644868543976,0.0,0.9983639945243898,0.0,0.0,0.0,0.0,0.9976654215581644,0.0,0.0,0.0,0.0,0.0,1.0,0.0,0.0,0.0,0.0,0.0,1.0,0.0,0.0,0.0,0.9981320236106472,0.9967333333333334,0.000932088224831,0.9974321881295004,0.0,0.0,,
2024-07-14 03:41:51,hf_copula_syn_300000,1000,0.001,4,5.0,4,0.9990644837955228,0.9976644868543976,0.0,0.9983639945243898,0.0,0.0,0.0,0.0,0.9976654215581644,0.0,0.0,0.0,0.0,0.0,1.0,0.0,0.0,0.0,0.0,0.0,1.0,0.0,0.0,0.0,0.9981320236106472,0.9967333333333334,0.000932088224831,0.9974321881295004,0.0,0.0,,
2024-07-14 03:42:38,hf_copula_syn_300000,1000,0.001,4,9.0,4,0.9990644837955228,0.9976644868543976,0.0,0.9983639945243898,0.0,0.0,0.0,0.0,0.9976654215581644,0.0,0.0,0.0,0.0,0.0,1.0,0.0,0.0,0.0,0.0,0.0,1.0,0.0,0.0,0.0,0.9981320236106472,0.9967333333333334,0.000932088224831,0.9974321881295004,0.0,0.0,,
2024-07-14 03:44:13,hf_copula_syn_300000,1000,0.001,8,1.0,4,0.999260056504776,0.9912585079407448,0.2142857142857142,0.9952431997856088,0.4608823466090601,0.2289164136762103,0.0,0.0,0.9967982924226254,0.0,0.0,0.0,0.0327868852459016,0.4,0.9960653551183728,0.0606060606060606,0.6312100617443841,0.3746773400625595,0.0,0.0,0.9983332222148144,0.0,0.0,0.0,0.9983383427471202,0.9904666666666668,0.2150159173748601,0.9943345081526778,0.4606625931061398,0.2288276508034668,,
2024-07-14 03:45:41,hf_copula_syn_300000,1000,0.001,8,5.0,4,0.9992590596793748,0.9899239290004004,0.2142857142857142,0.994569589702333,0.4605719880912988,0.2285799025499404,0.0,0.0,0.9954642475987192,0.0,0.0,0.0,0.0327868852459016,0.4,0.9960653551183728,0.0606060606060606,0.6312100617443841,0.3746773400625595,0.0,0.0,0.9983332222148144,0.0,0.0,0.0,0.9983373468520894,0.9891333333333332,0.2150152058842873,0.993661526772146,0.4603525242563284,0.228491453754248,,
2024-07-14 03:47:12,hf_copula_syn_300000,1000,0.001,8,9.0,4,0.9992587101556708,0.98945682637128,0.2142857142857142,0.994333612740989,0.4604633131899279,0.2284621416893931,0.0,0.0,0.9949973319103522,0.0,0.0,0.0,0.0327868852459016,0.4,0.9960653551183728,0.0606060606060606,0.6312100617443841,0.3746773400625595,0.0,0.0,0.9983332222148144,0.0,0.0,0.0,0.9983369976546076,0.9886666666666668,0.2150149568625869,0.993425770055966,0.4602439507848654,0.2283738028038372,,
2024-07-14 03:49:42,hf_copula_syn_300000,1000,0.001,10,1.0,4,0.9992573588981908,0.987655144801815,0.2142857142857142,0.9934223773407612,0.4600438980921467,0.2280080088192819,0.0,0.0,0.9947972251867664,0.0,0.0,0.0,0.0235294117647058,0.4,0.9944648216072024,0.0444444444444444,0.6307027260468128,0.3741389545320264,0.0,0.0,0.9983332222148144,0.0,0.0,0.0,0.9983325618338073,0.9868666666666668,0.2150143166278306,0.9925099979367248,0.4598247580292763,0.2279199143292279,,
2024-07-14 03:52:08,hf_copula_syn_300000,1000,0.001,10,5.0,4,0.9992573087570048,0.9875884158547978,0.2142857142857142,0.9933885961673994,0.4600283568561207,0.2279911917550033,0.0,0.0,0.9947972251867664,0.0,0.0,0.0,0.0232558139534883,0.4,0.9943981327109036,0.0439560439560439,0.6306815782027896,0.3741165173541785,0.0,0.0,0.9983332222148144,0.0,0.0,0.0,0.9983324205401496,0.9868,0.2150142943981985,0.9924760854922952,0.4598092242491226,0.2279031054818167,,
2024-07-14 03:54:30,hf_copula_syn_300000,1000,0.001,10,9.0,4,0.9992573087570048,0.9875884158547978,0.2142857142857142,0.9933885961673994,0.4600283568561207,0.2279911917550033,0.0,0.0,0.9947972251867664,0.0,0.0,0.0,0.0232558139534883,0.4,0.9943981327109036,0.0439560439560439,0.6306815782027896,0.3741165173541785,0.0,0.0,0.9983332222148144,0.0,0.0,0.0,0.9983324205401496,0.9868,0.2150142943981985,0.9924760854922952,0.4598092242491226,0.2279031054818167,,
2024-07-14 03:54:41,hf_copula_syn_300000,100,0.0001,4,1.0,4,0.9990644837955228,0.9976644868543976,0.0,0.9983639945243898,0.0,0.0,0.0,0.0,0.9976654215581644,0.0,0.0,0.0,0.0,0.0,1.0,0.0,0.0,0.0,0.0,0.0,1.0,0.0,0.0,0.0,0.9981320236106472,0.9967333333333334,0.000932088224831,0.9974321881295004,0.0,0.0,,
2024-07-14 03:54:53,hf_copula_syn_300000,100,0.0001,4,5.0,4,0.9990644837955228,0.9976644868543976,0.0,0.9983639945243898,0.0,0.0,0.0,0.0,0.9976654215581644,0.0,0.0,0.0,0.0,0.0,1.0,0.0,0.0,0.0,0.0,0.0,1.0,0.0,0.0,0.0,0.9981320236106472,0.9967333333333334,0.000932088224831,0.9974321881295004,0.0,0.0,,
2024-07-14 03:55:05,hf_copula_syn_300000,100,0.0001,4,9.0,4,0.9990644837955228,0.9976644868543976,0.0,0.9983639945243898,0.0,0.0,0.0,0.0,0.9976654215581644,0.0,0.0,0.0,0.0,0.0,1.0,0.0,0.0,0.0,0.0,0.0,1.0,0.0,0.0,0.0,0.9981320236106472,0.9967333333333334,0.000932088224831,0.9974321881295004,0.0,0.0,,
2024-07-14 03:55:22,hf_copula_syn_300000,100,0.0001,8,1.0,4,0.9992608023654324,0.9922594421460028,0.2142857142857142,0.9957478153145612,0.4611149784131942,0.2291688471143769,0.0,0.0,0.9947972251867664,0.0,0.0,0.0,0.048780487804878,0.4,0.997399133044348,0.0869565217391304,0.6316325302086169,0.3751258381225442,0.0,0.0,1.0,0.0,0.0,0.0,0.998344419112493,0.9914666666666668,0.215015405850162,0.9948474361941808,0.4608951486100782,0.2290799981364444,,
2024-07-14 03:55:37,hf_copula_syn_300000,100,0.0001,8,5.0,4,0.9992608023654324,0.9922594421460028,0.2142857142857142,0.9957478153145612,0.4611149784131942,0.2291688471143769,0.0,0.0,0.9947972251867664,0.0,0.0,0.0,0.048780487804878,0.4,0.997399133044348,0.0869565217391304,0.6316325302086169,0.3751258381225442,0.0,0.0,1.0,0.0,0.0,0.0,0.998344419112493,0.9914666666666668,0.215015405850162,0.9948474361941808,0.4608951486100782,0.2290799981364444,,
2024-07-14 03:55:54,hf_copula_syn_300000,100,0.0001,8,9.0,4,0.9992608023654324,0.9922594421460028,0.2142857142857142,0.9957478153145612,0.4611149784131942,0.2291688471143769,0.0,0.0,0.9947972251867664,0.0,0.0,0.0,0.048780487804878,0.4,0.997399133044348,0.0869565217391304,0.6316325302086169,0.3751258381225442,0.0,0.0,1.0,0.0,0.0,0.0,0.998344419112493,0.9914666666666668,0.215015405850162,0.9948474361941808,0.4608951486100782,0.2290799981364444,,
2024-07-14 03:56:15,hf_copula_syn_300000,100,0.0001,10,1.0,4,0.9992573087570048,0.9875884158547978,0.2142857142857142,0.9933885961673994,0.4600283568561207,0.2279911917550033,0.0,0.0,0.9947972251867664,0.0,0.0,0.0,0.0232558139534883,0.4,0.9943981327109036,0.0439560439560439,0.6306815782027896,0.3741165173541785,0.0,0.0,0.9983332222148144,0.0,0.0,0.0,0.9983324205401496,0.9868,0.2150142943981985,0.9924760854922952,0.4598092242491226,0.2279031054818167,,
2024-07-14 03:56:37,hf_copula_syn_300000,100,0.0001,10,5.0,4,0.9992573087570048,0.9875884158547978,0.2142857142857142,0.9933885961673994,0.4600283568561207,0.2279911917550033,0.0,0.0,0.9947972251867664,0.0,0.0,0.0,0.0232558139534883,0.4,0.9943981327109036,0.0439560439560439,0.6306815782027896,0.3741165173541785,0.0,0.0,0.9983332222148144,0.0,0.0,0.0,0.9983324205401496,0.9868,0.2150142943981985,0.9924760854922952,0.4598092242491226,0.2279031054818167,,
2024-07-14 03:56:57,hf_copula_syn_300000,100,0.0001,10,9.0,4,0.9992573087570048,0.9875884158547978,0.2142857142857142,0.9933885961673994,0.4600283568561207,0.2279911917550033,0.0,0.0,0.9947972251867664,0.0,0.0,0.0,0.0232558139534883,0.4,0.9943981327109036,0.0439560439560439,0.6306815782027896,0.3741165173541785,0.0,0.0,0.9983332222148144,0.0,0.0,0.0,0.9983324205401496,0.9868,0.2150142943981985,0.9924760854922952,0.4598092242491226,0.2279031054818167,,
2024-07-14 03:57:20,hf_copula_syn_300000,500,0.0001,4,1.0,4,0.9990644837955228,0.9976644868543976,0.0,0.9983639945243898,0.0,0.0,0.0,0.0,0.9976654215581644,0.0,0.0,0.0,0.0,0.0,1.0,0.0,0.0,0.0,0.0,0.0,1.0,0.0,0.0,0.0,0.9981320236106472,0.9967333333333334,0.000932088224831,0.9974321881295004,0.0,0.0,,
2024-07-14 03:57:47,hf_copula_syn_300000,500,0.0001,4,5.0,4,0.9990644837955228,0.9976644868543976,0.0,0.9983639945243898,0.0,0.0,0.0,0.0,0.9976654215581644,0.0,0.0,0.0,0.0,0.0,1.0,0.0,0.0,0.0,0.0,0.0,1.0,0.0,0.0,0.0,0.9981320236106472,0.9967333333333334,0.000932088224831,0.9974321881295004,0.0,0.0,,
2024-07-14 03:58:15,hf_copula_syn_300000,500,0.0001,4,9.0,4,0.9990644837955228,0.9976644868543976,0.0,0.9983639945243898,0.0,0.0,0.0,0.0,0.9976654215581644,0.0,0.0,0.0,0.0,0.0,1.0,0.0,0.0,0.0,0.0,0.0,1.0,0.0,0.0,0.0,0.9981320236106472,0.9967333333333334,0.000932088224831,0.9974321881295004,0.0,0.0,,
2024-07-14 03:59:05,hf_copula_syn_300000,500,0.0001,8,1.0,4,0.9992608023654324,0.9922594421460028,0.2142857142857142,0.9957478153145612,0.4611149784131942,0.2291688471143769,0.0,0.0,0.9947972251867664,0.0,0.0,0.0,0.048780487804878,0.4,0.997399133044348,0.0869565217391304,0.6316325302086169,0.3751258381225442,0.0,0.0,1.0,0.0,0.0,0.0,0.998344419112493,0.9914666666666668,0.215015405850162,0.9948474361941808,0.4608951486100782,0.2290799981364444,,
2024-07-14 03:59:54,hf_copula_syn_300000,500,0.0001,8,5.0,4,0.9992608023654324,0.9922594421460028,0.2142857142857142,0.9957478153145612,0.4611149784131942,0.2291688471143769,0.0,0.0,0.9947972251867664,0.0,0.0,0.0,0.048780487804878,0.4,0.997399133044348,0.0869565217391304,0.6316325302086169,0.3751258381225442,0.0,0.0,1.0,0.0,0.0,0.0,0.998344419112493,0.9914666666666668,0.215015405850162,0.9948474361941808,0.4608951486100782,0.2290799981364444,,
2024-07-14 04:00:44,hf_copula_syn_300000,500,0.0001,8,9.0,4,0.9992608023654324,0.9922594421460028,0.2142857142857142,0.9957478153145612,0.4611149784131942,0.2291688471143769,0.0,0.0,0.9976654215581644,0.0,0.0,0.0,0.0238095238095238,0.4,0.9945315105035012,0.0449438202247191,0.6307238731817597,0.3741613913540815,0.0,0.0,1.0,0.0,0.0,0.0,0.998336095457828,0.9914666666666668,0.2150159796807131,0.9948334319603426,0.4608948457244025,0.2290796766541882,,
2024-07-14 04:01:57,hf_copula_syn_300000,500,0.0001,10,1.0,4,0.9992573087570048,0.9875884158547978,0.2142857142857142,0.9933885961673994,0.4600283568561207,0.2279911917550033,0.0,0.0,0.9947972251867664,0.0,0.0,0.0,0.0232558139534883,0.4,0.9943981327109036,0.0439560439560439,0.6306815782027896,0.3741165173541785,0.0,0.0,0.9983332222148144,0.0,0.0,0.0,0.9983324205401496,0.9868,0.2150142943981985,0.9924760854922952,0.4598092242491226,0.2279031054818167,,
2024-07-14 04:03:14,hf_copula_syn_300000,500,0.0001,10,5.0,4,0.9992573087570048,0.9875884158547978,0.2142857142857142,0.9933885961673994,0.4600283568561207,0.2279911917550033,0.0,0.0,0.9947972251867664,0.0,0.0,0.0,0.0232558139534883,0.4,0.9943981327109036,0.0439560439560439,0.6306815782027896,0.3741165173541785,0.0,0.0,0.9983332222148144,0.0,0.0,0.0,0.9983324205401496,0.9868,0.2150142943981985,0.9924760854922952,0.4598092242491226,0.2279031054818167,,
2024-07-14 04:04:32,hf_copula_syn_300000,500,0.0001,10,9.0,4,0.9992573087570048,0.9875884158547978,0.2142857142857142,0.9933885961673994,0.4600283568561207,0.2279911917550033,0.0,0.0,0.9947972251867664,0.0,0.0,0.0,0.0232558139534883,0.4,0.9943981327109036,0.0439560439560439,0.6306815782027896,0.3741165173541785,0.0,0.0,0.9983332222148144,0.0,0.0,0.0,0.9983324205401496,0.9868,0.2150142943981985,0.9924760854922952,0.4598092242491226,0.2279031054818167,,
2024-07-14 04:05:14,hf_copula_syn_300000,1000,0.0001,4,1.0,4,0.9990644837955228,0.9976644868543976,0.0,0.9983639945243898,0.0,0.0,0.0,0.0,0.9976654215581644,0.0,0.0,0.0,0.0,0.0,1.0,0.0,0.0,0.0,0.0,0.0,1.0,0.0,0.0,0.0,0.9981320236106472,0.9967333333333334,0.000932088224831,0.9974321881295004,0.0,0.0,,
2024-07-14 04:05:56,hf_copula_syn_300000,1000,0.0001,4,5.0,4,0.9990644837955228,0.9976644868543976,0.0,0.9983639945243898,0.0,0.0,0.0,0.0,0.9976654215581644,0.0,0.0,0.0,0.0,0.0,1.0,0.0,0.0,0.0,0.0,0.0,1.0,0.0,0.0,0.0,0.9981320236106472,0.9967333333333334,0.000932088224831,0.9974321881295004,0.0,0.0,,
2024-07-14 04:06:37,hf_copula_syn_300000,1000,0.0001,4,9.0,4,0.9990644837955228,0.9976644868543976,0.0,0.9983639945243898,0.0,0.0,0.0,0.0,0.9976654215581644,0.0,0.0,0.0,0.0,0.0,1.0,0.0,0.0,0.0,0.0,0.0,1.0,0.0,0.0,0.0,0.9981320236106472,0.9967333333333334,0.000932088224831,0.9974321881295004,0.0,0.0,,
2024-07-14 04:07:59,hf_copula_syn_300000,1000,0.0001,8,1.0,4,0.9992608023654324,0.9922594421460028,0.2142857142857142,0.9957478153145612,0.4611149784131942,0.2291688471143769,0.0,0.0,0.9947972251867664,0.0,0.0,0.0,0.048780487804878,0.4,0.997399133044348,0.0869565217391304,0.6316325302086169,0.3751258381225442,0.0,0.0,1.0,0.0,0.0,0.0,0.998344419112493,0.9914666666666668,0.215015405850162,0.9948474361941808,0.4608951486100782,0.2290799981364444,,
2024-07-14 04:09:18,hf_copula_syn_300000,1000,0.0001,8,5.0,4,0.9992608023654324,0.9922594421460028,0.2142857142857142,0.9957478153145612,0.4611149784131942,0.2291688471143769,0.0,0.0,0.9947972251867664,0.0,0.0,0.0,0.048780487804878,0.4,0.997399133044348,0.0869565217391304,0.6316325302086169,0.3751258381225442,0.0,0.0,1.0,0.0,0.0,0.0,0.998344419112493,0.9914666666666668,0.215015405850162,0.9948474361941808,0.4608951486100782,0.2290799981364444,,
2024-07-14 04:10:38,hf_copula_syn_300000,1000,0.0001,8,9.0,4,0.9992608023654324,0.9922594421460028,0.2142857142857142,0.9957478153145612,0.4611149784131942,0.2291688471143769,0.0,0.0,0.9976654215581644,0.0,0.0,0.0,0.0238095238095238,0.4,0.9945315105035012,0.0449438202247191,0.6307238731817597,0.3741613913540815,0.0,0.0,1.0,0.0,0.0,0.0,0.998336095457828,0.9914666666666668,0.2150159796807131,0.9948334319603426,0.4608948457244025,0.2290796766541882,,
2024-07-14 04:12:52,hf_copula_syn_300000,1000,0.0001,10,1.0,4,0.9992573087570048,0.9875884158547978,0.2142857142857142,0.9933885961673994,0.4600283568561207,0.2279911917550033,0.0,0.0,0.9947972251867664,0.0,0.0,0.0,0.0232558139534883,0.4,0.9943981327109036,0.0439560439560439,0.6306815782027896,0.3741165173541785,0.0,0.0,0.9983332222148144,0.0,0.0,0.0,0.9983324205401496,0.9868,0.2150142943981985,0.9924760854922952,0.4598092242491226,0.2279031054818167,,
2024-07-14 04:15:06,hf_copula_syn_300000,1000,0.0001,10,5.0,4,0.9992573087570048,0.9875884158547978,0.2142857142857142,0.9933885961673994,0.4600283568561207,0.2279911917550033,0.0,0.0,0.9947972251867664,0.0,0.0,0.0,0.0232558139534883,0.4,0.9943981327109036,0.0439560439560439,0.6306815782027896,0.3741165173541785,0.0,0.0,0.9983332222148144,0.0,0.0,0.0,0.9983324205401496,0.9868,0.2150142943981985,0.9924760854922952,0.4598092242491226,0.2279031054818167,,
2024-07-14 04:17:20,hf_copula_syn_300000,1000,0.0001,10,9.0,4,0.9992573087570048,0.9875884158547978,0.2142857142857142,0.9933885961673994,0.4600283568561207,0.2279911917550033,0.0,0.0,0.9947972251867664,0.0,0.0,0.0,0.0232558139534883,0.4,0.9943981327109036,0.0439560439560439,0.6306815782027896,0.3741165173541785,0.0,0.0,0.9983332222148144,0.0,0.0,0.0,0.9983324205401496,0.9868,0.2150142943981985,0.9924760854922952,0.4598092242491226,0.2279031054818167,,
2024-07-15 10:49:18,hf_ctgan_syn_100000,100,0.1,2,1.0,4,0.9995926956757858,0.9825837448285066,0.5714285714285714,0.9910152437998452,0.7493173063637925,0.5845618193297137,0.0,0.0,1.0,0.0,0.0,0.0,0.0148698884758364,0.8,0.9823274424808268,0.0291970802919708,0.8864885526529159,0.7715335339633609,0.0,0.0,1.0,0.0,0.0,0.0,0.9986646991226468,0.9819333333333332,0.571822680576065,0.9901000285990624,0.7489134397287371,0.5842734061429938,,
2024-07-15 10:49:24,hf_ctgan_syn_100000,100,0.1,2,3.0,4,0.9995247793618466,0.9824502869344722,0.5,0.9909139857315924,0.7008745561562612,0.5149243146087557,0.0,0.0,1.0,0.0,0.0,0.0,0.0111111111111111,0.6,0.9821940646882296,0.0218181818181818,0.7676694853991121,0.5667931142991867,0.0,0.0,1.0,0.0,0.0,0.0,0.9985955932714792,0.9817333333333332,0.5004607313548961,0.9899964054055156,0.7004762963989818,0.5146326496198872,,
2024-07-15 10:49:29,hf_ctgan_syn_100000,100,0.1,2,5.0,4,0.9995927509672164,0.982717202722541,0.5714285714285714,0.9910831454624988,0.7493681920591662,0.5846487108846972,0.0,0.0,1.0,0.0,0.0,0.0,0.0149812734082397,0.8,0.9824608202734244,0.0294117647058823,0.886548733132443,0.7716278076464523,0.0,0.0,1.0,0.0,0.0,0.0,0.998664791490783,0.9820666666666666,0.5718227250353292,0.9901679384483024,0.7489642979909551,0.5843602480237536,,
2024-07-15 10:49:34,hf_ctgan_syn_100000,100,0.1,2,7.0,4,0.9995927786073028,0.9827839316695582,0.5714285714285714,0.9911170928667564,0.7493936336111285,0.584692157425518,0.0,0.0,1.0,0.0,0.0,0.0,0.0150375939849624,0.8,0.9825275091697232,0.029520295202952,0.886578821840325,0.7716749434206202,0.0,0.0,1.0,0.0,0.0,0.0,0.9986648378785976,0.9821333333333332,0.5718227472649613,0.9902018903451484,0.7489897258270382,0.5844036697263945,,
2024-07-15 10:49:40,hf_ctgan_syn_100000,100,0.1,2,9.0,4,0.9995925850478712,0.9823168290404376,0.5714285714285714,0.9908794130515264,0.7492155246047839,0.5843880423263781,0.0,0.0,1.0,0.0,0.0,0.0,0.0146520146520146,0.8,0.982060686895632,0.0287769784172661,0.8863681794358964,0.7713449780581523,0.0,0.0,1.0,0.0,0.0,0.0,0.9986645159733774,0.9816666666666668,0.5718225916575367,0.9899641845921504,0.7488117128416314,0.5840997284795595,,
2024-07-15 10:49:45,hf_ctgan_syn_100000,100,0.1,4,1.0,4,0.9995902199153122,0.9766448685439744,0.5714285714285714,0.9879843391386528,0.7470493839266105,0.5806972058667368,0.0227272727272727,0.125,0.997131803628602,0.0384615384615384,0.3530459962293514,0.1137710959741495,0.0140845070422535,0.8,0.9813271090363456,0.0276816608996539,0.8860370687669205,0.7708263906130322,0.0,0.0,0.9979998666577772,0.0,0.0,0.0,0.9986740850911932,0.9760666666666666,0.5718206840846294,0.987091960462936,0.7468357747225235,0.5804728418559851,,
2024-07-15 10:49:51,hf_ctgan_syn_100000,100,0.1,4,3.0,4,0.999590415728036,0.9771119711730948,0.5714285714285714,0.9882233845115572,0.7472280092536663,0.5810010181787157,0.0263157894736842,0.125,0.9975320170757738,0.0434782608695652,0.3531168392111479,0.1138117693475118,0.0142348754448398,0.8,0.9815271757252416,0.0279720279720279,0.8861273839466838,0.7709678320916356,0.0,0.0,0.9978665244349624,0.0,0.0,0.0,0.9986762447195576,0.9765333333333334,0.5718209553312159,0.987333555101134,0.747014301220591,0.5807764394494315,,
2024-07-15 10:49:57,hf_ctgan_syn_100000,100,0.1,4,5.0,4,0.9995904436860068,0.977178700120112,0.5714285714285714,0.988257524632204,0.7472535236718955,0.5810444219731136,0.025,0.125,0.9973986125933832,0.0416666666666666,0.353093226463172,0.1137982120013099,0.0141843971631205,0.8,0.9814604868289428,0.0278745644599303,0.8860972799095788,0.7709206856436863,0.0,0.0,0.998133208880592,0.0,0.0,0.0,0.9986755540709544,0.9766,0.5718208797314895,0.987366664686256,0.7470397691972186,0.580819779787554,,
2024-07-15 10:50:03,hf_ctgan_syn_100000,100,0.1,4,7.0,4,0.9995907509719664,0.9779127185373014,0.5714285714285714,0.9886329139541944,0.7475341247967218,0.5815218972979673,0.0285714285714285,0.125,0.9977321237993596,0.0465116279069767,0.3531522553728348,0.1138321045325916,0.0141843971631205,0.8,0.9814604868289428,0.0278745644599303,0.8860972799095788,0.7709206856436863,0.0,0.0,0.9985332355490366,0.0,0.0,0.0,0.9986777658320184,0.9773333333333334,0.5718210842725773,0.9877442876242074,0.7473201399097469,0.5812968275447878,,
2024-07-15 10:50:09,hf_ctgan_syn_100000,100,0.1,4,9.0,4,0.999590303857972,0.976845055385026,0.5714285714285714,0.9880868009854544,0.7471259428675524,0.5808274080899832,0.0212765957446808,0.125,0.996931696905016,0.0363636363636363,0.3530105694071029,0.1137507577858671,0.0138888888888888,0.8,0.9810603534511504,0.0273037542662116,0.8859166342048896,0.7706377920126982,0.0,0.0,0.9986665777718514,0.0,0.0,0.0,0.9986733300550646,0.9762666666666666,0.5718205328899226,0.9871930818286838,0.7469122031692947,0.5806028488439227,,
2024-07-15 10:50:16,hf_ctgan_syn_100000,100,0.1,8,1.0,4,0.999589209913734,0.9742426264513546,0.5714285714285714,0.9867531765341984,0.7461300639016746,0.5791351364257408,0.0,0.0,0.995197438633938,0.0,0.0,0.0,0.0139860139860139,0.8,0.981193731243748,0.0274914089347079,0.8859768535323022,0.770732092736036,0.0,0.0,0.9975998399893328,0.0,0.0,0.0,0.9986609219891434,0.9736,0.5718195812955902,0.9858413707057448,0.7457290014598771,0.5788515209959888,,
2024-07-15 10:50:24,hf_ctgan_syn_100000,100,0.1,8,3.0,4,0.999588590235875,0.9727745896169758,0.5714285714285714,0.985999323638823,0.7455676991842144,0.5781808631032793,0.0,0.0,0.994730522945571,0.0,0.0,0.0,0.0132890365448504,0.8,0.9801933977992664,0.0261437908496732,0.8855251087571787,0.7700247679314246,0.0,0.0,0.9975998399893328,0.0,0.0,0.0,0.9986600705638364,0.9721333333333332,0.571818998829408,0.9850877722003768,0.7451670110345614,0.5778979025536933,,
2024-07-15 10:50:31,hf_ctgan_syn_100000,100,0.1,8,5.0,4,0.9995888439662852,0.9733751501401308,0.5714285714285714,0.9863078535447448,0.7457978087314592,0.5785712178744562,0.0,0.0,0.9953308431163288,0.0,0.0,0.0,0.0132890365448504,0.8,0.9801933977992664,0.0261437908496732,0.8855251087571787,0.7700247679314246,0.0,0.0,0.9975998399893328,0.0,0.0,0.0,0.9986603240574318,0.9727333333333332,0.5718193190001658,0.9853960141450528,0.7453969058128955,0.5782878929937505,,
2024-07-15 10:50:39,hf_ctgan_syn_100000,100,0.1,8,7.0,4,0.999588956634925,0.9736420659281996,0.5714285714285714,0.9864449176892136,0.7459000568548806,0.5787447221149038,0.0,0.0,0.9951307363927429,0.0,0.0,0.0,0.0135135135135135,0.8,0.9805268422807604,0.0265780730897009,0.8856757159506002,0.7702605606559307,0.0,0.0,0.9977331822121476,0.0,0.0,0.0,0.9986605114465704,0.973,0.5718193323142218,0.9855330951237334,0.7454991087071329,0.5784613138944819,,
2024-07-15 10:50:46,hf_ctgan_syn_100000,100,0.1,8,9.0,4,0.9995888439662852,0.9733751501401308,0.5714285714285714,0.9863078535447448,0.7457978087314592,0.5785712178744562,0.0,0.0,0.995197438633938,0.0,0.0,0.0,0.0132890365448504,0.8,0.9801933977992664,0.0261437908496732,0.8855251087571787,0.7700247679314246,0.0,0.0,0.9977331822121476,0.0,0.0,0.0,0.9986603240574318,0.9727333333333332,0.5718192567405901,0.9853960141450528,0.7453969058128955,0.5782878929937505,,
2024-07-15 10:50:57,hf_ctgan_syn_100000,100,0.1,10,1.0,4,0.9995889284735544,0.9735753369811824,0.5714285714285714,0.9864106551281184,0.7458744961380883,0.5787013452914629,0.0,0.0,0.995197438633938,0.0,0.0,0.0,0.0134228187919463,0.8,0.9803934644881628,0.0264026402640264,0.885615476146691,0.7701662457008844,0.0,0.0,0.9977331822121476,0.0,0.0,0.0,0.9986604530799096,0.9729333333333332,0.5718193234294864,0.9854988060634202,0.745473551767075,0.5784179461177578,,
2024-07-15 10:51:08,hf_ctgan_syn_100000,100,0.1,10,3.0,4,0.99958909738392,0.9739757106632856,0.5714285714285714,0.9866161957550358,0.7460278473022632,0.5789616138653978,0.0,0.0,0.995397545357524,0.0,0.0,0.0,0.0136518771331058,0.8,0.9807269089696564,0.0268456375838926,0.8857660679749056,0.770402027751609,0.0,0.0,0.9975998399893328,0.0,0.0,0.0,0.998660698185406,0.9733333333333334,0.5718195324117512,0.9857043025181924,0.7456268100007728,0.578678050368374,,
2024-07-15 10:51:19,hf_ctgan_syn_100000,100,0.1,10,5.0,4,0.999589209913734,0.9742426264513546,0.5714285714285714,0.9867531765341984,0.7461300639016746,0.5791351364257408,0.0,0.0,0.9954642475987192,0.0,0.0,0.0,0.0136518771331058,0.8,0.9807269089696564,0.0268456375838926,0.8857660679749056,0.770402027751609,0.0,0.0,0.9977998533235548,0.0,0.0,0.0,0.9986608106101924,0.9736,0.571819581320502,0.9858411554486276,0.7457289311980246,0.5788514109743272,,
2024-07-15 10:51:29,hf_ctgan_syn_100000,100,0.1,10,7.0,4,0.999589462880602,0.9748431869745096,0.5714285714285714,0.9870612479308132,0.746360000066804,0.5795255919563425,0.0,0.0,0.9957977588046958,0.0,0.0,0.0,0.0136054421768707,0.8,0.9806602200733576,0.0267558528428093,0.8857359516575389,0.770354872764635,0.0,0.0,0.998133208880592,0.0,0.0,0.0,0.9986610478626392,0.9742,0.5718197591872171,0.986148909383692,0.7459586427172942,0.5792414863614381,,
2024-07-15 10:51:40,hf_ctgan_syn_100000,100,0.1,10,9.0,4,0.9995891536565324,0.9741091685573202,0.5714285714285714,0.98668469077391,0.7460789573524929,0.5790483741277971,0.0,0.0,0.9957310565635006,0.0,0.0,0.0,0.0132890365448504,0.8,0.9801933977992664,0.0261437908496732,0.8855251087571787,0.7700247679314246,0.0,0.0,0.9979331955463696,0.0,0.0,0.0,0.9986606334586348,0.9734666666666668,0.5718195546710414,0.985772499659471,0.7456777920285496,0.578764603901255,,
2024-07-15 10:51:49,hf_ctgan_syn_100000,500,0.1,2,1.0,4,0.9995900239152716,0.9761777659148538,0.5714285714285714,0.9877451807839032,0.7468707158786313,0.5803934184901709,0.0277777777777777,0.125,0.9976654215581644,0.0454545454545454,0.3531404503802567,0.1138253262487948,0.0135593220338983,0.8,0.980593531177059,0.0266666666666666,0.8857058343161387,0.7703077170660756,0.0,0.0,0.9977331822121476,0.0,0.0,0.0,0.9986764078151102,0.9756,0.5718207063759423,0.9868564165949696,0.7466572133954529,0.5801691940459348,,
2024-07-15 10:51:58,hf_ctgan_syn_100000,500,0.1,2,3.0,4,0.999589995899959,0.9761110369678366,0.5714285714285714,0.987711006076975,0.7468451883825673,0.580350022329063,0.0277777777777777,0.125,0.9976654215581644,0.0454545454545454,0.3531404503802567,0.1138253262487948,0.0134228187919463,0.8,0.9803934644881628,0.0264026402640264,0.885615476146691,0.7701662457008844,0.0,0.0,0.9978665244349624,0.0,0.0,0.0,0.9986763343248644,0.9755333333333334,0.5718206485765275,0.9868221857756336,0.7466316796056619,0.5801257912307889,,
2024-07-15 10:52:08,hf_ctgan_syn_100000,500,0.1,2,5.0,4,0.9995900239152716,0.9761777659148538,0.5714285714285714,0.9877451807839032,0.7468707158786313,0.5803934184901709,0.0277777777777777,0.125,0.9976654215581644,0.0454545454545454,0.3531404503802567,0.1138253262487948,0.0135593220338983,0.8,0.980593531177059,0.0266666666666666,0.8857058343161387,0.7703077170660756,0.0,0.0,0.9977331822121476,0.0,0.0,0.0,0.9986764078151102,0.9756,0.5718207063759423,0.9868564165949696,0.7466572133954529,0.5801691940459348,,
2024-07-15 10:52:17,hf_ctgan_syn_100000,500,0.1,2,7.0,4,0.9995901359382472,0.9764446817029228,0.5714285714285714,0.9878818565400844,0.7469728171389687,0.580567008223464,0.0277777777777777,0.125,0.9976654215581644,0.0454545454545454,0.3531404503802567,0.1138253262487948,0.0136986301369863,0.8,0.9807935978659552,0.0269360269360269,0.8857961832683433,0.770449182026998,0.0,0.0,0.9977998533235548,0.0,0.0,0.0,0.9986765661695656,0.9758666666666668,0.5718207775095793,0.986993054573868,0.746759249477598,0.5803426689171305,,
2024-07-15 10:52:27,hf_ctgan_syn_100000,500,0.1,2,9.0,4,0.9995899398578458,0.9759775790738022,0.5714285714285714,0.9876426497400228,0.746794130772637,0.5802632315335043,0.0303030303030303,0.125,0.9978655282817502,0.048780487804878,0.3531758641742365,0.1138456607664963,0.0133779264214046,0.8,0.980326775591864,0.0263157894736842,0.8855853547081113,0.7701190871559833,0.0,0.0,0.9975998399893328,0.0,0.0,0.0,0.9986776101722806,0.9754,0.5718207152915183,0.986755638123586,0.7465806784963782,0.5800390765655339,,
2024-07-15 10:52:37,hf_ctgan_syn_100000,500,0.1,4,1.0,4,0.9995890692418328,0.9739089817162684,0.5714285714285714,0.9865819447730424,0.7460022909640305,0.578918234497527,0.0,0.0,0.9957977588046958,0.0,0.0,0.0,0.0134680134680134,0.8,0.9804601533844616,0.0264900662251655,0.8856455965608191,0.7702134035342001,0.0,0.0,0.9973998266551104,0.0,0.0,0.0,0.9986606087816964,0.9732666666666666,0.5718196436061724,0.9856699649799958,0.7456012373579843,0.578634648613174,,
2024-07-15 10:52:47,hf_ctgan_syn_100000,500,0.1,4,3.0,4,0.999589012946092,0.973775523822234,0.5714285714285714,0.9865134358627682,0.7459511756608793,0.5788314772884433,0.0,0.0,0.9956643543223052,0.0,0.0,0.0,0.0134228187919463,0.8,0.9803934644881628,0.0264026402640264,0.885615476146691,0.7701662457008844,0.0,0.0,0.9974664977665176,0.0,0.0,0.0,0.9986605374736064,0.9731333333333332,0.5718195546722239,0.9856014908693844,0.7455501597223113,0.5785479566582077,,
2024-07-15 10:52:57,hf_ctgan_syn_100000,500,0.1,4,5.0,4,0.9995887594242632,0.9731749632990792,0.5714285714285714,0.9862050311063024,0.7457211134385597,0.5784410950374236,0.0,0.0,0.9952641408751334,0.0,0.0,0.0,0.0132890365448504,0.8,0.9801933977992664,0.0261437908496732,0.8855251087571787,0.7700247679314246,0.0,0.0,0.9974664977665176,0.0,0.0,0.0,0.9986602395943156,0.9725333333333334,0.5718192745361557,0.9852932876742198,0.7453202821022694,0.578157891604699,,
2024-07-15 10:53:07,hf_ctgan_syn_100000,500,0.1,4,7.0,4,0.9995891536565324,0.9741091685573202,0.5714285714285714,0.98668469077391,0.7460789573524929,0.5790483741277971,0.0,0.0,0.9956643543223052,0.0,0.0,0.0,0.0136986301369863,0.8,0.9807935978659552,0.0269360269360269,0.8857961832683433,0.770449182026998,0.0,0.0,0.9973998266551104,0.0,0.0,0.0,0.998660769989832,0.9734666666666668,0.5718196836052757,0.9857727637381664,0.7456778823867201,0.5787647453726201,,
2024-07-15 10:53:19,hf_ctgan_syn_100000,500,0.1,4,9.0,4,0.9995889003083248,0.9735086080341652,0.5714285714285714,0.9863763902504988,0.745848934545314,0.5786579689769079,0.0,0.0,0.99559765208111,0.0,0.0,0.0,0.0133333333333333,0.8,0.9802600866955652,0.0262295081967213,0.8855552322449753,0.7700719278994966,0.0,0.0,0.9973998266551104,0.0,0.0,0.0,0.9986603951124816,0.9728666666666668,0.5718194701936903,0.985464515455664,0.7454479939504867,0.5783745788484959,,
2024-07-15 10:53:28,hf_ctgan_syn_100000,500,0.1,8,1.0,4,0.9995890410958904,0.9738422527692512,0.5714285714285714,0.986547691475698,0.7459767337502659,0.5788748556385422,0.0,0.0,0.9949306296691568,0.0,0.0,0.0,0.0139372822299651,0.8,0.9811270423474492,0.0273972602739726,0.8859467443802473,0.7706849427301599,0.0,0.0,0.9975331688779252,0.0,0.0,0.0,0.9986607370849444,0.9732,0.5718194123231026,0.985636046050412,0.7455758043802257,0.5785914674208562,,
2024-07-15 10:53:37,hf_ctgan_syn_100000,500,0.1,8,3.0,4,0.9995887876088,0.9732416922460964,0.5714285714285714,0.9862393075700714,0.7457466794125953,0.5784844688075483,0.0,0.0,0.9946638207043756,0.0,0.0,0.0,0.0136986301369863,0.8,0.9807935978659552,0.0269360269360269,0.8857961832683433,0.770449182026998,0.0,0.0,0.9975331688779252,0.0,0.0,0.0,0.998660404283744,0.9726,0.5718191588768275,0.985327796225318,0.7453459145728997,0.5782013663640037,,
2024-07-15 10:53:47,hf_ctgan_syn_100000,500,0.1,8,5.0,4,0.9995885620242748,0.9727078606699586,0.5714285714285714,0.9859650309445702,0.7455421270726265,0.5781374928953563,0.0,0.0,0.9949306296691568,0.0,0.0,0.0,0.0132013201320132,0.8,0.9800600200066688,0.0259740259740259,0.885464858707185,0.7699304458605243,0.0,0.0,0.9974664977665176,0.0,0.0,0.0,0.9986600131397628,0.9720666666666666,0.5718190522042482,0.9850534549243466,0.7451414427069277,0.5778545413839409,,
2024-07-15 10:53:57,hf_ctgan_syn_100000,500,0.1,8,7.0,4,0.9995888157894736,0.9733084211931136,0.5714285714285714,0.9862735817161404,0.7457722445101984,0.5785278430865592,0.0,0.0,0.995197438633938,0.0,0.0,0.0,0.0132450331125827,0.8,0.9801267089029676,0.0260586319218241,0.8854949842446168,0.7699776072517671,0.0,0.0,0.9977331822121476,0.0,0.0,0.0,0.9986602812391076,0.9726666666666668,0.5718192345109581,0.9853617459171794,0.7453713554100705,0.5782445429687624,,
2024-07-15 10:54:08,hf_ctgan_syn_100000,500,0.1,8,9.0,4,0.9995885620242748,0.9727078606699586,0.5714285714285714,0.9859650309445702,0.7455421270726265,0.5781374928953563,0.0,0.0,0.9952641408751334,0.0,0.0,0.0,0.0129870129870129,0.8,0.9797265755251752,0.0255591054313099,0.8853142156433161,0.7696946282305284,0.0,0.0,0.9974664977665176,0.0,0.0,0.0,0.9986599417040478,0.9720666666666666,0.571819118928731,0.9850533166174992,0.7451413924925732,0.5778544627780642,,
2024-07-15 10:54:19,hf_ctgan_syn_100000,500,0.1,10,1.0,4,0.9995889284735544,0.9735753369811824,0.5714285714285714,0.9864106551281184,0.7458744961380883,0.5787013452914629,0.0,0.0,0.995197438633938,0.0,0.0,0.0,0.0134228187919463,0.8,0.9803934644881628,0.0264026402640264,0.885615476146691,0.7701662457008844,0.0,0.0,0.9977331822121476,0.0,0.0,0.0,0.9986604530799096,0.9729333333333332,0.5718193234294864,0.9854988060634202,0.745473551767075,0.5784179461177578,,
2024-07-15 10:54:31,hf_ctgan_syn_100000,500,0.1,10,3.0,4,0.99958909738392,0.9739757106632856,0.5714285714285714,0.9866161957550358,0.7460278473022632,0.5789616138653978,0.0,0.0,0.995397545357524,0.0,0.0,0.0,0.0136518771331058,0.8,0.9807269089696564,0.0268456375838926,0.8857660679749056,0.770402027751609,0.0,0.0,0.9975998399893328,0.0,0.0,0.0,0.998660698185406,0.9733333333333334,0.5718195324117512,0.9857043025181924,0.7456268100007728,0.578678050368374,,
2024-07-15 10:54:44,hf_ctgan_syn_100000,500,0.1,10,5.0,4,0.999589238036558,0.9743093553983718,0.5714285714285714,0.9867874159429596,0.7461556158635971,0.5791785183380415,0.0,0.0,0.9954642475987192,0.0,0.0,0.0,0.0136518771331058,0.8,0.9807269089696564,0.0268456375838926,0.8857660679749056,0.770402027751609,0.0,0.0,0.9978665244349624,0.0,0.0,0.0,0.998660838706768,0.9736666666666668,0.5718195857652428,0.9858753629006072,0.7457544593114495,0.5788947523968432,,
2024-07-15 10:54:57,hf_ctgan_syn_100000,500,0.1,10,7.0,4,0.9995894066926708,0.9747097290804752,0.5714285714285714,0.9869928038109396,0.7463089092634402,0.5794388204984514,0.0,0.0,0.9957310565635006,0.0,0.0,0.0,0.0136054421768707,0.8,0.9806602200733576,0.0267558528428093,0.8857359516575389,0.770354872764635,0.0,0.0,0.9980665377691846,0.0,0.0,0.0,0.99866099172715,0.9740666666666666,0.5718197191679477,0.9860805291449968,0.7459075995986802,0.5791547958902411,,
2024-07-15 10:55:10,hf_ctgan_syn_100000,500,0.1,10,9.0,4,0.9995891817870592,0.9741758975043374,0.5714285714285714,0.9867189348112602,0.7461045110646698,0.5790917550223259,0.0,0.0,0.9957977588046958,0.0,0.0,0.0,0.0132890365448504,0.8,0.9801933977992664,0.0261437908496732,0.8855251087571787,0.7700247679314246,0.0,0.0,0.9979331955463696,0.0,0.0,0.0,0.9986606615629064,0.9735333333333334,0.57181959024557,0.9858067117357194,0.7457033218905952,0.5788079443069489,,
2024-07-15 10:55:20,hf_ctgan_syn_100000,1500,0.1,2,1.0,4,0.999590051926756,0.976244494861871,0.5714285714285714,0.9877793531834448,0.7468962425022141,0.5804368151601653,0.0294117647058823,0.125,0.9977988260405548,0.0476190476190476,0.3531640599708149,0.1138388827051588,0.0135593220338983,0.8,0.980593531177059,0.0266666666666666,0.8857058343161387,0.7703077170660756,0.0,0.0,0.99766651110074,0.0,0.0,0.0,0.9986773072601456,0.9756666666666668,0.5718207730802587,0.986891711501426,0.7466827287859685,0.5802125574424805,,
2024-07-15 10:55:31,hf_ctgan_syn_100000,1500,0.1,2,3.0,4,0.9995896874786296,0.9753770185506472,0.5714285714285714,0.9873349319463676,0.7465643283164926,0.5798726981433469,0.0227272727272727,0.125,0.997131803628602,0.0384615384615384,0.3530459962293514,0.1137710959741495,0.0134680134680134,0.8,0.9804601533844616,0.0264900662251655,0.8856455965608191,0.7702134035342001,0.0,0.0,0.9975998399893328,0.0,0.0,0.0,0.9986733476535934,0.9748,0.5718203684309675,0.9864427621858056,0.7463510413402398,0.5796488993441108,,
2024-07-15 10:55:44,hf_ctgan_syn_100000,1500,0.1,2,5.0,4,0.9995897996855132,0.975643934338716,0.5714285714285714,0.9874717185020092,0.7466664714731226,0.5800462634501122,0.0238095238095238,0.125,0.9972652081109924,0.04,0.3530696121360122,0.1137846542101892,0.0136054421768707,0.8,0.9806602200733576,0.0267558528428093,0.8857359516575389,0.770354872764635,0.0,0.0,0.9975331688779252,0.0,0.0,0.0,0.9986740827658974,0.9750666666666666,0.5718205018241802,0.9865803301823548,0.7464531318767728,0.5798223570440592,,
2024-07-15 10:55:57,hf_ctgan_syn_100000,1500,0.1,2,7.0,4,0.999589771639546,0.9755772053916988,0.5714285714285714,0.98743752532757,0.7466409369939854,0.580002871360092,0.0222222222222222,0.125,0.9970651013874068,0.0377358490566037,0.3530341876836092,0.1137643166892851,0.0136518771331058,0.8,0.9807269089696564,0.0268456375838926,0.8857660679749056,0.770402027751609,0.0,0.0,0.9975998399893328,0.0,0.0,0.0,0.9986732236635786,0.975,0.5718204217749671,0.9865449913026224,0.7464276123755472,0.579779010324974,,
2024-07-15 10:56:06,hf_ctgan_syn_100000,1500,0.1,2,9.0,4,0.9995899398578458,0.9759775790738022,0.5714285714285714,0.9876426497400228,0.746794130772637,0.5802632315335043,0.0285714285714285,0.125,0.9977321237993596,0.0465116279069767,0.3531522553728348,0.1138321045325916,0.0134680134680134,0.8,0.9804601533844616,0.0264900662251655,0.8856455965608191,0.7702134035342001,0.0,0.0,0.9975998399893328,0.0,0.0,0.0,0.9986767166803728,0.9754,0.5718206886017251,0.9867544861572244,0.746580685985635,0.5800391007743352,,
2024-07-15 10:56:16,hf_ctgan_syn_100000,1500,0.1,4,1.0,4,0.9995890692418328,0.9739089817162684,0.5714285714285714,0.9865819447730424,0.7460022909640305,0.578918234497527,0.0,0.0,0.9957977588046958,0.0,0.0,0.0,0.0134680134680134,0.8,0.9804601533844616,0.0264900662251655,0.8856455965608191,0.7702134035342001,0.0,0.0,0.9973998266551104,0.0,0.0,0.0,0.9986606087816964,0.9732666666666666,0.5718196436061724,0.9856699649799958,0.7456012373579843,0.578634648613174,,
2024-07-15 10:56:25,hf_ctgan_syn_100000,1500,0.1,4,3.0,4,0.9995890410958904,0.9738422527692512,0.5714285714285714,0.986547691475698,0.7459767337502659,0.5788748556385422,0.0,0.0,0.9957310565635006,0.0,0.0,0.0,0.0134228187919463,0.8,0.9803934644881628,0.0264026402640264,0.885615476146691,0.7701662457008844,0.0,0.0,0.9974664977665176,0.0,0.0,0.0,0.9986605655971316,0.9732,0.5718195902467524,0.9856357145104088,0.7455756939574811,0.5785912945218465,,
2024-07-15 10:56:35,hf_ctgan_syn_100000,1500,0.1,4,5.0,4,0.9995887594242632,0.9731749632990792,0.5714285714285714,0.9862050311063024,0.7457211134385597,0.5784410950374236,0.0,0.0,0.9952641408751334,0.0,0.0,0.0,0.0132890365448504,0.8,0.9801933977992664,0.0261437908496732,0.8855251087571787,0.7700247679314246,0.0,0.0,0.9974664977665176,0.0,0.0,0.0,0.9986602395943156,0.9725333333333334,0.5718192745361557,0.9852932876742198,0.7453202821022694,0.578157891604699,,
2024-07-15 10:56:45,hf_ctgan_syn_100000,1500,0.1,4,7.0,4,0.9995891536565324,0.9741091685573202,0.5714285714285714,0.98668469077391,0.7460789573524929,0.5790483741277971,0.0,0.0,0.9956643543223052,0.0,0.0,0.0,0.0136986301369863,0.8,0.9807935978659552,0.0269360269360269,0.8857961832683433,0.770449182026998,0.0,0.0,0.9973998266551104,0.0,0.0,0.0,0.998660769989832,0.9734666666666668,0.5718196836052757,0.9857727637381664,0.7456778823867201,0.5787647453726201,,
2024-07-15 10:56:56,hf_ctgan_syn_100000,1500,0.1,4,9.0,4,0.9995888439662852,0.9733751501401308,0.5714285714285714,0.9863078535447448,0.7457978087314592,0.5785712178744562,0.0,0.0,0.99559765208111,0.0,0.0,0.0,0.0132450331125827,0.8,0.9801267089029676,0.0260586319218241,0.8854949842446168,0.7699776072517671,0.0,0.0,0.9973998266551104,0.0,0.0,0.0,0.9986603093896208,0.9727333333333332,0.5718194257344261,0.9853959857587437,0.7453968957713915,0.5782878772735239,,
2024-07-15 10:57:05,hf_ctgan_syn_100000,1500,0.1,8,1.0,4,0.9995890410958904,0.9738422527692512,0.5714285714285714,0.986547691475698,0.7459767337502659,0.5788748556385422,0.0,0.0,0.9949306296691568,0.0,0.0,0.0,0.0139372822299651,0.8,0.9811270423474492,0.0273972602739726,0.8859467443802473,0.7706849427301599,0.0,0.0,0.9975331688779252,0.0,0.0,0.0,0.9986607370849444,0.9732,0.5718194123231026,0.985636046050412,0.7455758043802257,0.5785914674208562,,
2024-07-15 10:57:14,hf_ctgan_syn_100000,1500,0.1,8,3.0,4,0.9995887876088,0.9732416922460964,0.5714285714285714,0.9862393075700714,0.7457466794125953,0.5784844688075483,0.0,0.0,0.9946638207043756,0.0,0.0,0.0,0.0136986301369863,0.8,0.9807935978659552,0.0269360269360269,0.8857961832683433,0.770449182026998,0.0,0.0,0.9975331688779252,0.0,0.0,0.0,0.998660404283744,0.9726,0.5718191588768275,0.985327796225318,0.7453459145728997,0.5782013663640037,,
2024-07-15 10:57:24,hf_ctgan_syn_100000,1500,0.1,8,5.0,4,0.9995885620242748,0.9727078606699586,0.5714285714285714,0.9859650309445702,0.7455421270726265,0.5781374928953563,0.0,0.0,0.9949306296691568,0.0,0.0,0.0,0.0132013201320132,0.8,0.9800600200066688,0.0259740259740259,0.885464858707185,0.7699304458605243,0.0,0.0,0.9974664977665176,0.0,0.0,0.0,0.9986600131397628,0.9720666666666666,0.5718190522042482,0.9850534549243466,0.7451414427069277,0.5778545413839409,,
2024-07-15 10:57:33,hf_ctgan_syn_100000,1500,0.1,8,7.0,4,0.9995888157894736,0.9733084211931136,0.5714285714285714,0.9862735817161404,0.7457722445101984,0.5785278430865592,0.0,0.0,0.995197438633938,0.0,0.0,0.0,0.0132450331125827,0.8,0.9801267089029676,0.0260586319218241,0.8854949842446168,0.7699776072517671,0.0,0.0,0.9977331822121476,0.0,0.0,0.0,0.9986602812391076,0.9726666666666668,0.5718192345109581,0.9853617459171794,0.7453713554100705,0.5782445429687624,,
2024-07-15 10:57:44,hf_ctgan_syn_100000,1500,0.1,8,9.0,4,0.9995885620242748,0.9727078606699586,0.5714285714285714,0.9859650309445702,0.7455421270726265,0.5781374928953563,0.0,0.0,0.9952641408751334,0.0,0.0,0.0,0.0129870129870129,0.8,0.9797265755251752,0.0255591054313099,0.8853142156433161,0.7696946282305284,0.0,0.0,0.9974664977665176,0.0,0.0,0.0,0.9986599417040478,0.9720666666666666,0.571819118928731,0.9850533166174992,0.7451413924925732,0.5778544627780642,,
2024-07-15 10:57:55,hf_ctgan_syn_100000,1500,0.1,10,1.0,4,0.9995889284735544,0.9735753369811824,0.5714285714285714,0.9864106551281184,0.7458744961380883,0.5787013452914629,0.0,0.0,0.9954642475987192,0.0,0.0,0.0,0.0134228187919463,0.8,0.9803934644881628,0.0264026402640264,0.885615476146691,0.7701662457008844,0.0,0.0,0.9974664977665176,0.0,0.0,0.0,0.9986604530799096,0.9729333333333332,0.5718194479486379,0.9854988060634202,0.745473551767075,0.5784179461177578,,
2024-07-15 10:58:06,hf_ctgan_syn_100000,1500,0.1,10,3.0,4,0.99958909738392,0.9739757106632856,0.5714285714285714,0.9866161957550358,0.7460278473022632,0.5789616138653978,0.0,0.0,0.995397545357524,0.0,0.0,0.0,0.0136518771331058,0.8,0.9807269089696564,0.0268456375838926,0.8857660679749056,0.770402027751609,0.0,0.0,0.9975998399893328,0.0,0.0,0.0,0.998660698185406,0.9733333333333334,0.5718195324117512,0.9857043025181924,0.7456268100007728,0.578678050368374,,
2024-07-15 10:58:19,hf_ctgan_syn_100000,1500,0.1,10,5.0,4,0.999589238036558,0.9743093553983718,0.5714285714285714,0.9867874159429596,0.7461556158635971,0.5791785183380415,0.0,0.0,0.9954642475987192,0.0,0.0,0.0,0.0136518771331058,0.8,0.9807269089696564,0.0268456375838926,0.8857660679749056,0.770402027751609,0.0,0.0,0.9978665244349624,0.0,0.0,0.0,0.998660838706768,0.9736666666666668,0.5718195857652428,0.9858753629006072,0.7457544593114495,0.5788947523968432,,
2024-07-15 10:58:32,hf_ctgan_syn_100000,1500,0.1,10,7.0,4,0.9995894066926708,0.9747097290804752,0.5714285714285714,0.9869928038109396,0.7463089092634402,0.5794388204984514,0.0,0.0,0.9957310565635006,0.0,0.0,0.0,0.0136054421768707,0.8,0.9806602200733576,0.0267558528428093,0.8857359516575389,0.770354872764635,0.0,0.0,0.9980665377691846,0.0,0.0,0.0,0.99866099172715,0.9740666666666666,0.5718197191679477,0.9860805291449968,0.7459075995986802,0.5791547958902411,,
2024-07-15 10:58:45,hf_ctgan_syn_100000,1500,0.1,10,9.0,4,0.9995891817870592,0.9741758975043374,0.5714285714285714,0.9867189348112602,0.7461045110646698,0.5790917550223259,0.0,0.0,0.9957977588046958,0.0,0.0,0.0,0.0132890365448504,0.8,0.9801933977992664,0.0261437908496732,0.8855251087571787,0.7700247679314246,0.0,0.0,0.9979331955463696,0.0,0.0,0.0,0.9986606615629064,0.9735333333333334,0.57181959024557,0.9858067117357194,0.7457033218905952,0.5788079443069489,,
2024-07-15 10:58:55,hf_ctgan_syn_100000,1000,0.1,2,1.0,4,0.999590051926756,0.976244494861871,0.5714285714285714,0.9877793531834448,0.7468962425022141,0.5804368151601653,0.0294117647058823,0.125,0.9977988260405548,0.0476190476190476,0.3531640599708149,0.1138388827051588,0.0135593220338983,0.8,0.980593531177059,0.0266666666666666,0.8857058343161387,0.7703077170660756,0.0,0.0,0.99766651110074,0.0,0.0,0.0,0.9986773072601456,0.9756666666666668,0.5718207730802587,0.986891711501426,0.7466827287859685,0.5802125574424805,,
2024-07-15 10:59:09,hf_ctgan_syn_100000,1000,0.1,2,3.0,4,0.9995896874786296,0.9753770185506472,0.5714285714285714,0.9873349319463676,0.7465643283164926,0.5798726981433469,0.0227272727272727,0.125,0.997131803628602,0.0384615384615384,0.3530459962293514,0.1137710959741495,0.0134680134680134,0.8,0.9804601533844616,0.0264900662251655,0.8856455965608191,0.7702134035342001,0.0,0.0,0.9975998399893328,0.0,0.0,0.0,0.9986733476535934,0.9748,0.5718203684309675,0.9864427621858056,0.7463510413402398,0.5796488993441108,,
2024-07-15 10:59:22,hf_ctgan_syn_100000,1000,0.1,2,5.0,4,0.9995897996855132,0.975643934338716,0.5714285714285714,0.9874717185020092,0.7466664714731226,0.5800462634501122,0.0238095238095238,0.125,0.9972652081109924,0.04,0.3530696121360122,0.1137846542101892,0.0136054421768707,0.8,0.9806602200733576,0.0267558528428093,0.8857359516575389,0.770354872764635,0.0,0.0,0.9975331688779252,0.0,0.0,0.0,0.9986740827658974,0.9750666666666666,0.5718205018241802,0.9865803301823548,0.7464531318767728,0.5798223570440592,,
2024-07-15 10:59:36,hf_ctgan_syn_100000,1000,0.1,2,7.0,4,0.999589771639546,0.9755772053916988,0.5714285714285714,0.98743752532757,0.7466409369939854,0.580002871360092,0.0222222222222222,0.125,0.9970651013874068,0.0377358490566037,0.3530341876836092,0.1137643166892851,0.0136518771331058,0.8,0.9807269089696564,0.0268456375838926,0.8857660679749056,0.770402027751609,0.0,0.0,0.9975998399893328,0.0,0.0,0.0,0.9986732236635786,0.975,0.5718204217749671,0.9865449913026224,0.7464276123755472,0.579779010324974,,
2024-07-15 10:59:45,hf_ctgan_syn_100000,1000,0.1,2,9.0,4,0.9995899398578458,0.9759775790738022,0.5714285714285714,0.9876426497400228,0.746794130772637,0.5802632315335043,0.0285714285714285,0.125,0.9977321237993596,0.0465116279069767,0.3531522553728348,0.1138321045325916,0.0134680134680134,0.8,0.9804601533844616,0.0264900662251655,0.8856455965608191,0.7702134035342001,0.0,0.0,0.9975998399893328,0.0,0.0,0.0,0.9986767166803728,0.9754,0.5718206886017251,0.9867544861572244,0.746580685985635,0.5800391007743352,,
2024-07-15 10:59:55,hf_ctgan_syn_100000,1000,0.1,4,1.0,4,0.9995890692418328,0.9739089817162684,0.5714285714285714,0.9865819447730424,0.7460022909640305,0.578918234497527,0.0,0.0,0.9957977588046958,0.0,0.0,0.0,0.0134680134680134,0.8,0.9804601533844616,0.0264900662251655,0.8856455965608191,0.7702134035342001,0.0,0.0,0.9973998266551104,0.0,0.0,0.0,0.9986606087816964,0.9732666666666666,0.5718196436061724,0.9856699649799958,0.7456012373579843,0.578634648613174,,
2024-07-15 11:00:06,hf_ctgan_syn_100000,1000,0.1,4,3.0,4,0.9995890410958904,0.9738422527692512,0.5714285714285714,0.986547691475698,0.7459767337502659,0.5788748556385422,0.0,0.0,0.9957310565635006,0.0,0.0,0.0,0.0134228187919463,0.8,0.9803934644881628,0.0264026402640264,0.885615476146691,0.7701662457008844,0.0,0.0,0.9974664977665176,0.0,0.0,0.0,0.9986605655971316,0.9732,0.5718195902467524,0.9856357145104088,0.7455756939574811,0.5785912945218465,,
2024-07-15 11:00:16,hf_ctgan_syn_100000,1000,0.1,4,5.0,4,0.9995887594242632,0.9731749632990792,0.5714285714285714,0.9862050311063024,0.7457211134385597,0.5784410950374236,0.0,0.0,0.9952641408751334,0.0,0.0,0.0,0.0132890365448504,0.8,0.9801933977992664,0.0261437908496732,0.8855251087571787,0.7700247679314246,0.0,0.0,0.9974664977665176,0.0,0.0,0.0,0.9986602395943156,0.9725333333333334,0.5718192745361557,0.9852932876742198,0.7453202821022694,0.578157891604699,,
2024-07-15 11:00:27,hf_ctgan_syn_100000,1000,0.1,4,7.0,4,0.9995891536565324,0.9741091685573202,0.5714285714285714,0.98668469077391,0.7460789573524929,0.5790483741277971,0.0,0.0,0.9956643543223052,0.0,0.0,0.0,0.0136986301369863,0.8,0.9807935978659552,0.0269360269360269,0.8857961832683433,0.770449182026998,0.0,0.0,0.9973998266551104,0.0,0.0,0.0,0.998660769989832,0.9734666666666668,0.5718196836052757,0.9857727637381664,0.7456778823867201,0.5787647453726201,,
2024-07-15 11:00:38,hf_ctgan_syn_100000,1000,0.1,4,9.0,4,0.9995888439662852,0.9733751501401308,0.5714285714285714,0.9863078535447448,0.7457978087314592,0.5785712178744562,0.0,0.0,0.99559765208111,0.0,0.0,0.0,0.0132450331125827,0.8,0.9801267089029676,0.0260586319218241,0.8854949842446168,0.7699776072517671,0.0,0.0,0.9973998266551104,0.0,0.0,0.0,0.9986603093896208,0.9727333333333332,0.5718194257344261,0.9853959857587437,0.7453968957713915,0.5782878772735239,,
2024-07-15 11:00:47,hf_ctgan_syn_100000,1000,0.1,8,1.0,4,0.9995890410958904,0.9738422527692512,0.5714285714285714,0.986547691475698,0.7459767337502659,0.5788748556385422,0.0,0.0,0.9949306296691568,0.0,0.0,0.0,0.0139372822299651,0.8,0.9811270423474492,0.0273972602739726,0.8859467443802473,0.7706849427301599,0.0,0.0,0.9975331688779252,0.0,0.0,0.0,0.9986607370849444,0.9732,0.5718194123231026,0.985636046050412,0.7455758043802257,0.5785914674208562,,
2024-07-15 11:00:56,hf_ctgan_syn_100000,1000,0.1,8,3.0,4,0.9995887876088,0.9732416922460964,0.5714285714285714,0.9862393075700714,0.7457466794125953,0.5784844688075483,0.0,0.0,0.9946638207043756,0.0,0.0,0.0,0.0136986301369863,0.8,0.9807935978659552,0.0269360269360269,0.8857961832683433,0.770449182026998,0.0,0.0,0.9975331688779252,0.0,0.0,0.0,0.998660404283744,0.9726,0.5718191588768275,0.985327796225318,0.7453459145728997,0.5782013663640037,,
2024-07-15 11:01:05,hf_ctgan_syn_100000,1000,0.1,8,5.0,4,0.9995885620242748,0.9727078606699586,0.5714285714285714,0.9859650309445702,0.7455421270726265,0.5781374928953563,0.0,0.0,0.9949306296691568,0.0,0.0,0.0,0.0132013201320132,0.8,0.9800600200066688,0.0259740259740259,0.885464858707185,0.7699304458605243,0.0,0.0,0.9974664977665176,0.0,0.0,0.0,0.9986600131397628,0.9720666666666666,0.5718190522042482,0.9850534549243466,0.7451414427069277,0.5778545413839409,,
2024-07-15 11:01:15,hf_ctgan_syn_100000,1000,0.1,8,7.0,4,0.9995888157894736,0.9733084211931136,0.5714285714285714,0.9862735817161404,0.7457722445101984,0.5785278430865592,0.0,0.0,0.995197438633938,0.0,0.0,0.0,0.0132450331125827,0.8,0.9801267089029676,0.0260586319218241,0.8854949842446168,0.7699776072517671,0.0,0.0,0.9977331822121476,0.0,0.0,0.0,0.9986602812391076,0.9726666666666668,0.5718192345109581,0.9853617459171794,0.7453713554100705,0.5782445429687624,,
2024-07-15 11:01:26,hf_ctgan_syn_100000,1000,0.1,8,9.0,4,0.9995885620242748,0.9727078606699586,0.5714285714285714,0.9859650309445702,0.7455421270726265,0.5781374928953563,0.0,0.0,0.9952641408751334,0.0,0.0,0.0,0.0129870129870129,0.8,0.9797265755251752,0.0255591054313099,0.8853142156433161,0.7696946282305284,0.0,0.0,0.9974664977665176,0.0,0.0,0.0,0.9986599417040478,0.9720666666666666,0.571819118928731,0.9850533166174992,0.7451413924925732,0.5778544627780642,,
2024-07-15 11:01:37,hf_ctgan_syn_100000,1000,0.1,10,1.0,4,0.9995889284735544,0.9735753369811824,0.5714285714285714,0.9864106551281184,0.7458744961380883,0.5787013452914629,0.0,0.0,0.9954642475987192,0.0,0.0,0.0,0.0134228187919463,0.8,0.9803934644881628,0.0264026402640264,0.885615476146691,0.7701662457008844,0.0,0.0,0.9974664977665176,0.0,0.0,0.0,0.9986604530799096,0.9729333333333332,0.5718194479486379,0.9854988060634202,0.745473551767075,0.5784179461177578,,
2024-07-15 11:01:48,hf_ctgan_syn_100000,1000,0.1,10,3.0,4,0.99958909738392,0.9739757106632856,0.5714285714285714,0.9866161957550358,0.7460278473022632,0.5789616138653978,0.0,0.0,0.995397545357524,0.0,0.0,0.0,0.0136518771331058,0.8,0.9807269089696564,0.0268456375838926,0.8857660679749056,0.770402027751609,0.0,0.0,0.9975998399893328,0.0,0.0,0.0,0.998660698185406,0.9733333333333334,0.5718195324117512,0.9857043025181924,0.7456268100007728,0.578678050368374,,
2024-07-15 11:02:00,hf_ctgan_syn_100000,1000,0.1,10,5.0,4,0.999589238036558,0.9743093553983718,0.5714285714285714,0.9867874159429596,0.7461556158635971,0.5791785183380415,0.0,0.0,0.9954642475987192,0.0,0.0,0.0,0.0136518771331058,0.8,0.9807269089696564,0.0268456375838926,0.8857660679749056,0.770402027751609,0.0,0.0,0.9978665244349624,0.0,0.0,0.0,0.998660838706768,0.9736666666666668,0.5718195857652428,0.9858753629006072,0.7457544593114495,0.5788947523968432,,
2024-07-15 11:02:13,hf_ctgan_syn_100000,1000,0.1,10,7.0,4,0.9995894066926708,0.9747097290804752,0.5714285714285714,0.9869928038109396,0.7463089092634402,0.5794388204984514,0.0,0.0,0.9957310565635006,0.0,0.0,0.0,0.0136054421768707,0.8,0.9806602200733576,0.0267558528428093,0.8857359516575389,0.770354872764635,0.0,0.0,0.9980665377691846,0.0,0.0,0.0,0.99866099172715,0.9740666666666666,0.5718197191679477,0.9860805291449968,0.7459075995986802,0.5791547958902411,,
2024-07-15 11:02:26,hf_ctgan_syn_100000,1000,0.1,10,9.0,4,0.9995891817870592,0.9741758975043374,0.5714285714285714,0.9867189348112602,0.7461045110646698,0.5790917550223259,0.0,0.0,0.9957977588046958,0.0,0.0,0.0,0.0132890365448504,0.8,0.9801933977992664,0.0261437908496732,0.8855251087571787,0.7700247679314246,0.0,0.0,0.9979331955463696,0.0,0.0,0.0,0.9986606615629064,0.9735333333333334,0.57181959024557,0.9858067117357194,0.7457033218905952,0.5788079443069489,,
2024-07-15 11:02:32,hf_ctgan_syn_100000,100,0.01,2,1.0,4,0.9992630309527,0.9952622447617776,0.2142857142857142,0.9972586253008826,0.4618121707148707,0.2299264050524067,0.0,0.0,1.0,0.0,0.0,0.0,0.027027027027027,0.4,0.9951983994664888,0.050632911392405,0.6309353055477206,0.3743857400060329,0.0,0.0,1.0,0.0,0.0,0.0,0.998339394466153,0.9944666666666668,0.2150174470855364,0.996344728221066,0.4615914577907194,0.2298366023210265,,
2024-07-15 11:02:37,hf_ctgan_syn_100000,100,0.01,2,3.0,4,0.9992630309527,0.9952622447617776,0.2142857142857142,0.9972586253008826,0.4618121707148707,0.2299264050524067,0.0,0.0,1.0,0.0,0.0,0.0,0.027027027027027,0.4,0.9951983994664888,0.050632911392405,0.6309353055477206,0.3743857400060329,0.0,0.0,1.0,0.0,0.0,0.0,0.998339394466153,0.9944666666666668,0.2150174470855364,0.996344728221066,0.4615914577907194,0.2298366023210265,,
2024-07-15 11:02:42,hf_ctgan_syn_100000,100,0.01,2,5.0,4,0.9992630309527,0.9952622447617776,0.2142857142857142,0.9972586253008826,0.4618121707148707,0.2299264050524067,0.0,0.0,1.0,0.0,0.0,0.0,0.027027027027027,0.4,0.9951983994664888,0.050632911392405,0.6309353055477206,0.3743857400060329,0.0,0.0,1.0,0.0,0.0,0.0,0.998339394466153,0.9944666666666668,0.2150174470855364,0.996344728221066,0.4615914577907194,0.2298366023210265,,
2024-07-15 11:02:47,hf_ctgan_syn_100000,100,0.01,2,7.0,4,0.9992630309527,0.9952622447617776,0.2142857142857142,0.9972586253008826,0.4618121707148707,0.2299264050524067,0.0,0.0,1.0,0.0,0.0,0.0,0.027027027027027,0.4,0.9951983994664888,0.050632911392405,0.6309353055477206,0.3743857400060329,0.0,0.0,1.0,0.0,0.0,0.0,0.998339394466153,0.9944666666666668,0.2150174470855364,0.996344728221066,0.4615914577907194,0.2298366023210265,,
2024-07-15 11:02:53,hf_ctgan_syn_100000,100,0.01,2,9.0,4,0.9992630309527,0.9952622447617776,0.2142857142857142,0.9972586253008826,0.4618121707148707,0.2299264050524067,0.0,0.0,1.0,0.0,0.0,0.0,0.027027027027027,0.4,0.9951983994664888,0.050632911392405,0.6309353055477206,0.3743857400060329,0.0,0.0,1.0,0.0,0.0,0.0,0.998339394466153,0.9944666666666668,0.2150174470855364,0.996344728221066,0.4615914577907194,0.2298366023210265,,
2024-07-15 11:02:59,hf_ctgan_syn_100000,100,0.01,4,1.0,4,0.9995257131241954,0.9843854263979714,0.5,0.9918977979492352,0.701564475439703,0.5160338109242721,0.0,0.0,1.0,0.0,0.0,0.0,0.0124481327800829,0.6,0.9841280426808936,0.024390243902439,0.7684248991336343,0.5677949548815927,0.0,0.0,1.0,0.0,0.0,0.0,0.9985969718362062,0.9836666666666668,0.5004613760142269,0.99098015675245,0.7011658235623371,0.51574144435237,,
2024-07-15 11:03:04,hf_ctgan_syn_100000,100,0.01,4,3.0,4,0.9995257131241954,0.9843854263979714,0.5,0.9918977979492352,0.701564475439703,0.5160338109242721,0.0,0.0,1.0,0.0,0.0,0.0,0.0124481327800829,0.6,0.9841280426808936,0.024390243902439,0.7684248991336343,0.5677949548815927,0.0,0.0,1.0,0.0,0.0,0.0,0.9985969718362062,0.9836666666666668,0.5004613760142269,0.99098015675245,0.7011658235623371,0.51574144435237,,
2024-07-15 11:03:10,hf_ctgan_syn_100000,100,0.01,4,5.0,4,0.9995257131241954,0.9843854263979714,0.5,0.9918977979492352,0.701564475439703,0.5160338109242721,0.0,0.0,1.0,0.0,0.0,0.0,0.0124481327800829,0.6,0.9841280426808936,0.024390243902439,0.7684248991336343,0.5677949548815927,0.0,0.0,1.0,0.0,0.0,0.0,0.9985969718362062,0.9836666666666668,0.5004613760142269,0.99098015675245,0.7011658235623371,0.51574144435237,,
2024-07-15 11:03:16,hf_ctgan_syn_100000,100,0.01,4,7.0,4,0.9995257131241954,0.9843854263979714,0.5,0.9918977979492352,0.701564475439703,0.5160338109242721,0.0,0.0,1.0,0.0,0.0,0.0,0.0124481327800829,0.6,0.9841280426808936,0.024390243902439,0.7684248991336343,0.5677949548815927,0.0,0.0,1.0,0.0,0.0,0.0,0.9985969718362062,0.9836666666666668,0.5004613760142269,0.99098015675245,0.7011658235623371,0.51574144435237,,
2024-07-15 11:03:22,hf_ctgan_syn_100000,100,0.01,4,9.0,4,0.9995257131241954,0.9843854263979714,0.5,0.9918977979492352,0.701564475439703,0.5160338109242721,0.0,0.0,1.0,0.0,0.0,0.0,0.0124481327800829,0.6,0.9841280426808936,0.024390243902439,0.7684248991336343,0.5677949548815927,0.0,0.0,1.0,0.0,0.0,0.0,0.9985969718362062,0.9836666666666668,0.5004613760142269,0.99098015675245,0.7011658235623371,0.51574144435237,,
2024-07-15 11:03:30,hf_ctgan_syn_100000,100,0.01,8,1.0,4,0.999592335915206,0.9817162685172828,0.5714285714285714,0.990573660113116,0.7489864650759843,0.5839970738387031,0.0,0.0,0.9991995731056564,0.0,0.0,0.0,0.0148148148148148,0.8,0.982260753584528,0.029090909090909,0.8864584608810627,0.7714863960544369,0.0,0.0,1.0,0.0,0.0,0.0,0.9986643213399568,0.9810666666666666,0.5718222314520893,0.9896588216667076,0.7485828971955405,0.5837091720351384,,
2024-07-15 11:03:37,hf_ctgan_syn_100000,100,0.01,8,3.0,4,0.9995924743598452,0.9820499132523688,0.5714285714285714,0.9907435457268842,0.7491137290167319,0.5842142734652183,0.0,0.0,0.9991995731056564,0.0,0.0,0.0,0.0153846153846153,0.8,0.982927642547516,0.030188679245283,0.8867593326478231,0.7719577431223323,0.0,0.0,0.9996666444429628,0.0,0.0,0.0,0.9986646495889042,0.9814,0.5718224315247065,0.989828914643954,0.7487101426471989,0.5839263260576916,,
2024-07-15 11:03:45,hf_ctgan_syn_100000,100,0.01,8,5.0,4,0.9995927509672164,0.982717202722541,0.5714285714285714,0.9910831454624988,0.7493681920591662,0.5846487108846972,0.0,0.0,0.9991995731056564,0.0,0.0,0.0,0.0156862745098039,0.8,0.9832610870290096,0.0307692307692307,0.8869097302562464,0.7721933899718267,0.0,0.0,1.0,0.0,0.0,0.0,0.9986650264911504,0.9820666666666666,0.5718225648965707,0.9901683909369902,0.7489644183233297,0.5843604365511954,,
2024-07-15 11:03:53,hf_ctgan_syn_100000,100,0.01,8,7.0,4,0.9995927509672164,0.982717202722541,0.5714285714285714,0.9910831454624988,0.7493681920591662,0.5846487108846972,0.0,0.0,0.9991995731056564,0.0,0.0,0.0,0.0156862745098039,0.8,0.9832610870290096,0.0307692307692307,0.8869097302562464,0.7721933899718267,0.0,0.0,1.0,0.0,0.0,0.0,0.9986650264911504,0.9820666666666666,0.5718225648965707,0.9901683909369902,0.7489644183233297,0.5843604365511954,,
2024-07-15 11:04:00,hf_ctgan_syn_100000,100,0.01,8,9.0,4,0.9995928615050552,0.98298411851061,0.5714285714285714,0.99121892137402,0.749469953085173,0.5848225001012964,0.0,0.0,0.999332977588047,0.0,0.0,0.0,0.0158102766798418,0.8,0.9833944648216072,0.0310077519379844,0.8869698821590764,0.7722876437305267,0.0,0.0,1.0,0.0,0.0,0.0,0.9986651782598772,0.9823333333333332,0.5718226805048922,0.9903041196313837,0.7490661044230131,0.5845340949824455,,
2024-07-15 11:04:10,hf_ctgan_syn_100000,100,0.01,10,1.0,4,0.9995914476372056,0.9795809422127318,0.5714285714285714,0.9894850363979508,0.7481714632403961,0.5826072974895101,0.0,0.0,0.9981990394877268,0.0,0.0,0.0,0.0151515151515151,0.8,0.9826608869623208,0.0297397769516728,0.8866389961928455,0.7717692128341993,0.0,0.0,0.9984665644376292,0.0,0.0,0.0,0.9986635461244612,0.9789333333333332,0.5718217289829146,0.98857143028963,0.7477687162067692,0.582320787082798,,
2024-07-15 11:04:21,hf_ctgan_syn_100000,100,0.01,10,3.0,4,0.999591503267974,0.9797144001067664,0.5714285714285714,0.9895531441666106,0.7482224268631683,0.582694143244755,0.0,0.0,0.9983324439701174,0.0,0.0,0.0,0.015267175572519,0.8,0.9827942647549184,0.0299625468164793,0.8866991664617344,0.7718634794014365,0.0,0.0,0.9983332222148144,0.0,0.0,0.0,0.9986636402567812,0.9790666666666666,0.5718218357017547,0.9886395487476604,0.7478196523202499,0.5824075832041937,,
2024-07-15 11:04:32,hf_ctgan_syn_100000,100,0.01,10,5.0,4,0.999591419816139,0.9795142132657146,0.5714285714285714,0.9894509790704727,0.7481459801271463,0.5825638753752166,0.0,0.0,0.9985992529348986,0.0,0.0,0.0,0.0147058823529411,0.8,0.9821273757919308,0.0288808664259927,0.886398274272657,0.7713921181018325,0.0,0.0,0.9985332355490366,0.0,0.0,0.0,0.9986633697850948,0.9788666666666668,0.5718217690377705,0.9885371184454824,0.7477431766371184,0.5822772797975669,,
2024-07-15 11:04:43,hf_ctgan_syn_100000,100,0.01,10,7.0,4,0.999591503267974,0.9797144001067664,0.5714285714285714,0.9895531441666106,0.7482224268631683,0.582694143244755,0.0,0.0,0.998465848452508,0.0,0.0,0.0,0.0150375939849624,0.8,0.9825275091697232,0.029520295202952,0.886578821840325,0.7716749434206202,0.0,0.0,0.9984665644376292,0.0,0.0,0.0,0.9986635637295854,0.9790666666666666,0.5718218268217651,0.988639401330456,0.7478196122053761,0.5824075203588668,,
2024-07-15 11:04:53,hf_ctgan_syn_100000,100,0.01,10,9.0,4,0.9995911413969336,0.9788469237955424,0.5714285714285714,0.9891102794915884,0.7478911012385016,0.5821296822210105,0.0,0.0,0.9976654215581644,0.0,0.0,0.0,0.0149253731343283,0.8,0.9823941313771256,0.0293040293040293,0.8865186434033413,0.7715806711606993,0.0,0.0,0.9985332355490366,0.0,0.0,0.0,0.9986631647893413,0.9782,0.571821359912898,0.9881968779071642,0.74748857575848,0.5818435547413244,,
2024-07-15 11:05:03,hf_ctgan_syn_100000,500,0.01,2,1.0,4,0.9995263229124374,0.9856532763912984,0.5,0.9925413250907136,0.7020161238858046,0.5167609253489119,0.0,0.0,1.0,0.0,0.0,0.0,0.0135135135135135,0.6,0.98539513171057,0.026431718061674,0.7689194229737873,0.5684510898319892,0.0,0.0,1.0,0.0,0.0,0.0,0.9985979361822236,0.9849333333333332,0.5004617983772368,0.9916237637599828,0.701617215311169,0.5164680988485303,,
2024-07-15 11:05:12,hf_ctgan_syn_100000,500,0.01,2,3.0,4,0.9995263229124374,0.9856532763912984,0.5,0.9925413250907136,0.7020161238858046,0.5167609253489119,0.0,0.0,1.0,0.0,0.0,0.0,0.0135135135135135,0.6,0.98539513171057,0.026431718061674,0.7689194229737873,0.5684510898319892,0.0,0.0,1.0,0.0,0.0,0.0,0.9985979361822236,0.9849333333333332,0.5004617983772368,0.9916237637599828,0.701617215311169,0.5164680988485303,,
2024-07-15 11:05:22,hf_ctgan_syn_100000,500,0.01,2,5.0,4,0.999526419051485,0.9858534632323502,0.5,0.9926428595424462,0.7020874102390493,0.5168757475837273,0.0,0.0,1.0,0.0,0.0,0.0,0.0136986301369863,0.6,0.9855951983994664,0.0267857142857142,0.7689974766146375,0.5685546724755757,0.0,0.0,1.0,0.0,0.0,0.0,0.9985980939370828,0.9851333333333332,0.5004618650661331,0.9917253214449686,0.7016884611483644,0.5165828484434744,,
2024-07-15 11:05:32,hf_ctgan_syn_100000,500,0.01,2,7.0,4,0.9995264510891624,0.9859201921793674,0.5,0.9926766998118784,0.7021111707483964,0.5169140225525496,0.0,0.0,1.0,0.0,0.0,0.0,0.0137614678899082,0.6,0.9856618872957652,0.0269058295964125,0.7690234927344282,0.5685891989560596,0.0,0.0,1.0,0.0,0.0,0.0,0.998598146890776,0.9852,0.5004618872957652,0.9917591701685862,0.7017122081532761,0.5166210991978193,,
2024-07-15 11:05:41,hf_ctgan_syn_100000,500,0.01,2,9.0,4,0.9995263549631234,0.9857200053383156,0.5,0.992575172182093,0.702039886807835,0.5167991989819083,0.0,0.0,1.0,0.0,0.0,0.0,0.0135746606334841,0.6,0.9854618206068688,0.0265486725663716,0.7689454417344064,0.5684856179135404,0.0,0.0,1.0,0.0,0.0,0.0,0.9985979885853687,0.985,0.500461820606869,0.9916576182455784,0.7016409647273926,0.5165063482688297,,
2024-07-15 11:05:52,hf_ctgan_syn_100000,500,0.01,4,1.0,4,0.9995927786073028,0.9827839316695582,0.5714285714285714,0.9911170928667564,0.7493936336111285,0.584692157425518,0.0,0.0,0.9996664887940236,0.0,0.0,0.0,0.0153256704980842,0.8,0.9828609536512172,0.0300751879699248,0.886729250065077,0.7719106116176773,0.0,0.0,1.0,0.0,0.0,0.0,0.998664933904102,0.9821333333333332,0.5718226805404786,0.990202075309404,0.7489897759697798,0.5844037482824601,,
2024-07-15 11:06:04,hf_ctgan_syn_100000,500,0.01,4,3.0,4,0.9995928338762216,0.9829173895635926,0.5714285714285714,0.9911849808222866,0.749444514124044,0.5847790520338177,0.0,0.0,0.999799893276414,0.0,0.0,0.0,0.0153256704980842,0.8,0.9828609536512172,0.0300751879699248,0.886729250065077,0.7719106116176773,0.0,0.0,1.0,0.0,0.0,0.0,0.9986649891214364,0.9822666666666666,0.5718227516895358,0.9902698999028424,0.7490406089942167,0.5844905617891254,,
2024-07-15 11:06:14,hf_ctgan_syn_100000,500,0.01,4,5.0,4,0.9995928062436376,0.9828506606165754,0.5714285714285714,0.9911510379866088,0.7494190742993918,0.5847356044752249,0.0,0.0,0.999799893276414,0.0,0.0,0.0,0.015267175572519,0.8,0.9827942647549184,0.0299625468164793,0.8866991664617344,0.7718634794014365,0.0,0.0,1.0,0.0,0.0,0.0,0.9986649420163344,0.9822,0.5718227294599038,0.9902359512000934,0.7490151828855329,0.5844471390708486,,
2024-07-15 11:06:24,hf_ctgan_syn_100000,500,0.01,4,7.0,4,0.9995926956757858,0.9825837448285066,0.5714285714285714,0.9910152437998452,0.7493173063637925,0.5845618193297137,0.0,0.0,0.999799893276414,0.0,0.0,0.0,0.0150375939849624,0.8,0.9825275091697232,0.029520295202952,0.886578821840325,0.7716749434206202,0.0,0.0,1.0,0.0,0.0,0.0,0.9986647550244834,0.9819333333333332,0.5718226405413753,0.9901001363373664,0.7489134698184663,0.5842734532794795,,
2024-07-15 11:06:35,hf_ctgan_syn_100000,500,0.01,4,9.0,4,0.9995927233233776,0.9826504737755238,0.5714285714285714,0.9910491957736052,0.7493427496434167,0.5846052648527622,0.0,0.0,0.999799893276414,0.0,0.0,0.0,0.0150943396226415,0.8,0.982594198066022,0.0296296296296296,0.8866089095270911,0.7717220784832024,0.0,0.0,1.0,0.0,0.0,0.0,0.9986648015614834,0.982,0.5718226627710074,0.9901340930674264,0.7489388993802586,0.5843168739650607,,
2024-07-15 11:06:56,hf_ctgan_syn_100000,500,0.01,8,1.0,4,0.9995906392849832,0.9776458027492326,0.5714285714285714,0.9884964409810072,0.747432100212543,0.5813482627827077,0.0,0.0,0.9965981856990396,0.0,0.0,0.0,0.0147058823529411,0.8,0.9821273757919308,0.0288808664259927,0.886398274272657,0.7713921181018325,0.0,0.0,0.9986665777718514,0.0,0.0,0.0,0.9986625899824348,0.977,0.571820710691393,0.9875834712582338,0.7470299630104354,0.5810628017768111,,
2024-07-15 11:07:14,hf_ctgan_syn_100000,500,0.01,8,3.0,4,0.9995906113537116,0.9775790738022154,0.5714285714285714,0.9884623169826596,0.7474065918904288,0.5813048554261078,0.0,0.0,0.9965981856990396,0.0,0.0,0.0,0.0145454545454545,0.8,0.9819273091030344,0.0285714285714285,0.8863079866967394,0.7712506958360358,0.0,0.0,0.9987999199946664,0.0,0.0,0.0,0.9986625086012968,0.9769333333333332,0.5718206528919781,0.9875492759629996,0.74700444840023,0.5810193877929887,,
2024-07-15 11:07:35,hf_ctgan_syn_100000,500,0.01,8,5.0,4,0.9995906113537116,0.9775790738022154,0.5714285714285714,0.9884623169826596,0.7474065918904288,0.5813048554261078,0.0,0.0,0.99673159018143,0.0,0.0,0.0,0.0145454545454545,0.8,0.9819273091030344,0.0285714285714285,0.8863079866967394,0.7712506958360358,0.0,0.0,0.9986665777718514,0.0,0.0,0.0,0.9986625086012968,0.9769333333333332,0.5718207151515541,0.9875492759629996,0.74700444840023,0.5810193877929887,,
2024-07-15 11:07:58,hf_ctgan_syn_100000,500,0.01,8,7.0,4,0.9995908067926071,0.978046176431336,0.5714285714285714,0.9887011366319268,0.7475851318674916,0.5816087176089131,0.0,0.0,0.9970651013874068,0.0,0.0,0.0,0.014388489208633,0.8,0.981727242414138,0.0282685512367491,0.8862176899223523,0.77110926716597,0.0,0.0,0.9989999333288886,0.0,0.0,0.0,0.9986626515360038,0.9774,0.5718208485590045,0.987787771754816,0.7471827916410562,0.5813229192282,,
2024-07-15 11:08:18,hf_ctgan_syn_100000,500,0.01,8,9.0,4,0.9995907509719664,0.9779127185373014,0.5714285714285714,0.9886329139541944,0.7475341247967218,0.5815218972979673,0.0,0.0,0.9969983991462114,0.0,0.0,0.0,0.014388489208633,0.8,0.981727242414138,0.0282685512367491,0.8862176899223523,0.77110926716597,0.0,0.0,0.9989332622174812,0.0,0.0,0.0,0.9986625957674622,0.9772666666666666,0.5718208085397352,0.9877196127515828,0.7471318321768856,0.5812361799495445,,
2024-07-15 11:08:54,hf_ctgan_syn_100000,500,0.01,10,1.0,4,0.9995903318312168,0.9769117843320432,0.5714285714285714,0.9881209503239742,0.7471514607712388,0.5808708098488372,0.0,0.0,0.996264674493063,0.0,0.0,0.0,0.0147058823529411,0.8,0.9821273757919308,0.0288808664259927,0.886398274272657,0.7713921181018325,0.0,0.0,0.9982665511034068,0.0,0.0,0.0,0.9986622828156252,0.9762666666666666,0.5718205061503052,0.9872083310591472,0.7467495854992765,0.5805857944656789,,
2024-07-15 11:09:32,hf_ctgan_syn_100000,500,0.01,10,3.0,4,0.9995902479000204,0.9767115974909916,0.5714285714285714,0.9880184953930272,0.7470749044453274,0.5807406060989327,0.0,0.0,0.9964647812166488,0.0,0.0,0.0,0.0142857142857142,0.8,0.9815938646215404,0.0280701754385964,0.8861574869611114,0.7710149778279988,0.0,0.0,0.9983998933262216,0.0,0.0,0.0,0.9986620589067424,0.9760666666666666,0.5718204439263158,0.9871057015224732,0.7466730203634988,0.5804555865258497,,
2024-07-15 11:10:08,hf_ctgan_syn_100000,500,0.01,10,5.0,4,0.9995903598006418,0.9769785132790604,0.5714285714285714,0.9881550973576756,0.7471769778034272,0.5809142121165775,0.0,0.0,0.9963980789754536,0.0,0.0,0.0,0.0142857142857142,0.8,0.9815938646215404,0.0280701754385964,0.8861574869611114,0.7710149778279988,0.0,0.0,0.9987332488832588,0.0,0.0,0.0,0.9986621707029232,0.9763333333333334,0.571820430575491,0.9872421759919549,0.7467749984531309,0.5806290305112113,,
2024-07-15 11:10:49,hf_ctgan_syn_100000,500,0.01,10,7.0,4,0.9995904436860068,0.977178700120112,0.5714285714285714,0.988257524632204,0.7472535236718955,0.5810444219731136,0.0,0.0,0.9966648879402348,0.0,0.0,0.0,0.0142348754448398,0.8,0.9815271757252416,0.0279720279720279,0.8861273839466838,0.7709678320916356,0.0,0.0,0.9987332488832588,0.0,0.0,0.0,0.9986622375637147,0.9765333333333334,0.5718205506439734,0.9873444749518712,0.7468514628444506,0.5807591031233026,,
2024-07-15 11:11:24,hf_ctgan_syn_100000,500,0.01,10,9.0,4,0.9995903598006418,0.9769785132790604,0.5714285714285714,0.9881550973576756,0.7471769778034272,0.5809142121165775,0.0,0.0,0.9966648879402348,0.0,0.0,0.0,0.0140845070422535,0.8,0.9813271090363456,0.0276816608996539,0.8860370687669205,0.7708263906130322,0.0,0.0,0.9987332488832588,0.0,0.0,0.0,0.998662103633842,0.9763333333333334,0.5718204839550771,0.9872420464871084,0.7467749583137329,0.5806289676488063,,
2024-07-15 11:11:41,hf_ctgan_syn_100000,1500,0.01,2,1.0,4,0.999591836734694,0.9805151474709728,0.5714285714285714,0.9899615980596914,0.7485281357326611,0.5832152605226479,0.0625,0.125,0.9989994663820704,0.0833333333333333,0.3533764753032646,0.113960870791085,0.0140845070422535,0.8,0.9813271090363456,0.0276816608996539,0.8860370687669205,0.7708263906130322,0.0,0.0,1.0,0.0,0.0,0.0,0.9986969125227556,0.9799333333333332,0.5718218135136539,0.9890913055662466,0.748313322615728,0.5829886475407864,,
2024-07-15 11:12:02,hf_ctgan_syn_100000,1500,0.01,2,3.0,4,0.9995919200163232,0.9807153343120244,0.5714285714285714,0.9900636599413924,0.7486045434433416,0.5833455512920558,0.0666666666666666,0.125,0.9990661686232656,0.0869565217391304,0.353388272411392,0.1139676468502874,0.0141843971631205,0.8,0.9814604868289428,0.0278745644599303,0.8860972799095788,0.7709206856436863,0.0,0.0,1.0,0.0,0.0,0.0,0.9986992512455848,0.9801333333333332,0.5718218935474468,0.989195268858528,0.7483896853747171,0.5831188517510514,,
2024-07-15 11:12:21,hf_ctgan_syn_100000,1500,0.01,2,5.0,4,0.9995919200163232,0.9807153343120244,0.5714285714285714,0.9900636599413924,0.7486045434433416,0.5833455512920558,0.0666666666666666,0.125,0.9990661686232656,0.0869565217391304,0.353388272411392,0.1139676468502874,0.0141843971631205,0.8,0.9814604868289428,0.0278745644599303,0.8860972799095788,0.7709206856436863,0.0,0.0,1.0,0.0,0.0,0.0,0.9986992512455848,0.9801333333333332,0.5718218935474468,0.989195268858528,0.7483896853747171,0.5831188517510514,,
2024-07-15 11:12:41,hf_ctgan_syn_100000,1500,0.01,2,7.0,4,0.9995919477693144,0.9807820632590418,0.5714285714285714,0.9900976759851804,0.7486300109472509,0.5833889825662972,0.0714285714285714,0.125,0.999132870864461,0.0909090909090909,0.3534000691257114,0.11397442279826,0.0141843971631205,0.8,0.9814604868289428,0.0278745644599303,0.8860972799095788,0.7709206856436863,0.0,0.0,1.0,0.0,0.0,0.0,0.9987018186552128,0.9802,0.5718219291219755,0.9892313611908988,0.748415135400537,0.5831622461032756,,
2024-07-15 11:12:59,hf_ctgan_syn_100000,1500,0.01,2,9.0,4,0.9995919755185312,0.980848792206059,0.5714285714285714,0.990131689737631,0.7486554775848154,0.5834324143494244,0.0714285714285714,0.125,0.999132870864461,0.0909090909090909,0.3534000691257114,0.11397442279826,0.0142348754448398,0.8,0.9815271757252416,0.0279720279720279,0.8861273839466838,0.7709678320916356,0.0,0.0,1.0,0.0,0.0,0.0,0.998701863204624,0.9802666666666666,0.5718219513516075,0.989265375685018,0.7484405883039188,0.5832056530655546,,
2024-07-15 11:13:21,hf_ctgan_syn_100000,1500,0.01,4,1.0,4,0.9995896594173164,0.97531028960363,0.5714285714285714,0.9873007295325588,0.746538790343669,0.5798293080888701,0.0185185185185185,0.125,0.9964647812166488,0.032258064516129,0.352927892992437,0.1137032981201678,0.0138888888888888,0.8,0.9810603534511504,0.0273037542662116,0.8859166342048896,0.7706377920126982,0.0,0.0,0.9975998399893328,0.0,0.0,0.0,0.9986712152413664,0.9747333333333332,0.5718202127523699,0.9864055544041592,0.7463255545603458,0.5796056550909887,,
2024-07-15 11:13:46,hf_ctgan_syn_100000,1500,0.01,4,3.0,4,0.999589715536105,0.9754437474976644,0.5714285714285714,0.9873691320499832,0.7465898654157599,0.579916088706709,0.0,0.0,0.9965981856990396,0.0,0.0,0.0,0.0137931034482758,0.8,0.9809269756585528,0.0271186440677966,0.8858564107838484,0.7705434884430189,0.0,0.0,0.99766651110074,0.0,0.0,0.0,0.9986613628360872,0.9748,0.5718202438869037,0.9864566270747592,0.7461883336782998,0.5796316815200636,,
2024-07-15 11:14:09,hf_ctgan_syn_100000,1500,0.01,4,5.0,4,0.9995897996855132,0.975643934338716,0.5714285714285714,0.9874717185020092,0.7466664714731226,0.5800462634501122,0.0,0.0,0.9967982924226254,0.0,0.0,0.0,0.0137457044673539,0.8,0.980860286762254,0.027027027027027,0.8858262975379559,0.7704963355908009,0.0,0.0,0.9977331822121476,0.0,0.0,0.0,0.998661431107296,0.975,0.5718203328255984,0.9865590872404164,0.746264858198927,0.5797617190494224,,
2024-07-15 11:14:32,hf_ctgan_syn_100000,1500,0.01,4,7.0,4,0.9995898557659444,0.9757773922327506,0.5714285714285714,0.9875400979233496,0.7467175378118941,0.5801330491568111,0.0,0.0,0.996931696905016,0.0,0.0,0.0,0.0136986301369863,0.8,0.9807935978659552,0.0269360269360269,0.8857961832683433,0.770449182026998,0.0,0.0,0.9977998533235548,0.0,0.0,0.0,0.998661471443942,0.9751333333333332,0.5718203861897643,0.9866273725076,0.7463158668376925,0.5798484080382736,,
2024-07-15 11:14:54,hf_ctgan_syn_100000,1500,0.01,4,9.0,4,0.99958988380041,0.9758441211797678,0.5714285714285714,0.9875742841707184,0.7467430696717073,0.5801764427734893,0.0,0.0,0.9970651013874068,0.0,0.0,0.0,0.0136054421768707,0.8,0.9806602200733576,0.0267558528428093,0.8857359516575389,0.770354872764635,0.0,0.0,0.9978665244349624,0.0,0.0,0.0,0.9986614683895888,0.9752,0.571820417324298,0.9866614667897734,0.7463413547905663,0.5798917297178223,,
2024-07-15 11:15:38,hf_ctgan_syn_100000,1500,0.01,8,1.0,4,0.999588956634925,0.9736420659281996,0.5714285714285714,0.9864449176892136,0.7459000568548806,0.5787447221149038,0.0,0.0,0.9951307363927429,0.0,0.0,0.0,0.0136054421768707,0.8,0.9806602200733576,0.0267558528428093,0.8857359516575389,0.770354872764635,0.0,0.0,0.9975998399893328,0.0,0.0,0.0,0.998660542089458,0.973,0.5718193678840046,0.9855331543836512,0.7454991287857019,0.5784613453318516,,
2024-07-15 11:16:24,hf_ctgan_syn_100000,1500,0.01,8,3.0,4,0.999589012946092,0.973775523822234,0.5714285714285714,0.9865134358627682,0.7459511756608793,0.5788314772884433,0.0,0.0,0.995197438633938,0.0,0.0,0.0,0.0136054421768707,0.8,0.9806602200733576,0.0267558528428093,0.8857359516575389,0.770354872764635,0.0,0.0,0.99766651110074,0.0,0.0,0.0,0.998660598348068,0.9731333333333332,0.571819407903274,0.9856016086069106,0.7455501998808151,0.5785480195338957,,
2024-07-15 11:17:09,hf_ctgan_syn_100000,1500,0.01,8,5.0,4,0.9995889847924372,0.9737087948752168,0.5714285714285714,0.9864791779340184,0.7459256166957808,0.5787880994472304,0.0,0.0,0.9951307363927429,0.0,0.0,0.0,0.0135135135135135,0.8,0.9805268422807604,0.0265780730897009,0.8856757159506002,0.7702605606559307,0.0,0.0,0.9977998533235548,0.0,0.0,0.0,0.9986605395778024,0.9730666666666666,0.5718193367589626,0.98556732339231,0.7455246446921816,0.5785046507412982,,
2024-07-15 11:17:52,hf_ctgan_syn_100000,1500,0.01,8,7.0,4,0.999588956634925,0.9736420659281996,0.5714285714285714,0.9864449176892136,0.7459000568548806,0.5787447221149038,0.0,0.0,0.9953308431163288,0.0,0.0,0.0,0.0133779264214046,0.8,0.980326775591864,0.0263157894736842,0.8855853547081113,0.7701190871559833,0.0,0.0,0.9977331822121476,0.0,0.0,0.0,0.9986604662508728,0.973,0.5718193723489116,0.9855330076958614,0.7454990785867187,0.5784612667366487,,
2024-07-15 11:18:40,hf_ctgan_syn_100000,1500,0.01,8,9.0,4,0.9995889003083248,0.9735086080341652,0.5714285714285714,0.9863763902504988,0.745848934545314,0.5786579689769079,0.0,0.0,0.995397545357524,0.0,0.0,0.0,0.0132450331125827,0.8,0.9801267089029676,0.0260586319218241,0.8854949842446168,0.7699776072517671,0.0,0.0,0.9977331822121476,0.0,0.0,0.0,0.9986603656790746,0.9728666666666668,0.5718193412345439,0.9854644584969056,0.7454479738678199,0.57837454740828,,
2024-07-15 11:19:39,hf_ctgan_syn_100000,1500,0.01,10,1.0,4,0.9995893785929372,0.974643000133458,0.5714285714285714,0.9869585782823164,0.7462833625501234,0.5793954355328348,0.0,0.0,0.9953308431163288,0.0,0.0,0.0,0.0140845070422535,0.8,0.9813271090363456,0.0276816608996539,0.8860370687669205,0.7708263906130322,0.0,0.0,0.9977331822121476,0.0,0.0,0.0,0.9986611233419314,0.974,0.571819705793393,0.986046644162886,0.7458821771013322,0.5791116085898752,,
2024-07-15 11:20:43,hf_ctgan_syn_100000,1500,0.01,10,3.0,4,0.9995894347885588,0.9747764580274924,0.5714285714285714,0.987027027027027,0.7463344551023038,0.579482205972954,0.0,0.0,0.9956643543223052,0.0,0.0,0.0,0.0137931034482758,0.8,0.9809269756585528,0.0271186440677966,0.8858564107838484,0.7705434884430189,0.0,0.0,0.9979331955463696,0.0,0.0,0.0,0.9986610823505724,0.9741333333333332,0.5718197636224658,0.9861148413498244,0.7459331617478029,0.5791982037435269,,
2024-07-15 11:21:52,hf_ctgan_syn_100000,1500,0.01,10,5.0,4,0.999589209913734,0.9742426264513546,0.5714285714285714,0.9867531765341984,0.7461300639016746,0.5791351364257408,0.0,0.0,0.995397545357524,0.0,0.0,0.0,0.0136518771331058,0.8,0.9807269089696564,0.0268456375838926,0.8857660679749056,0.770402027751609,0.0,0.0,0.9978665244349624,0.0,0.0,0.0,0.9986608106101924,0.9736,0.5718195501907142,0.9858411554486276,0.7457289311980246,0.5788514109743272,,
2024-07-15 11:23:15,hf_ctgan_syn_100000,1500,0.01,10,7.0,4,0.999589125522153,0.9740424396103028,0.5714285714285714,0.9866504444219136,0.746053402765054,0.5790049937421545,0.0,0.0,0.9955309498399146,0.0,0.0,0.0,0.0132890365448504,0.8,0.9801933977992664,0.0261437908496732,0.8855251087571787,0.7700247679314246,0.0,0.0,0.9980665377691846,0.0,0.0,0.0,0.998660605350514,0.9734,0.571819456836937,0.9857382852707364,0.745652261292059,0.5787212640039724,,
2024-07-15 11:24:42,hf_ctgan_syn_100000,1500,0.01,10,9.0,4,0.9995890692418328,0.9739089817162684,0.5714285714285714,0.9865819447730424,0.7460022909640305,0.578918234497527,0.0,0.0,0.9953308431163288,0.0,0.0,0.0,0.0133779264214046,0.8,0.980326775591864,0.0263157894736842,0.8855853547081113,0.7701190871559833,0.0,0.0,0.9979998666577772,0.0,0.0,0.0,0.9986605787526808,0.9732666666666666,0.5718193901278746,0.9856699068877454,0.7456012172773667,0.5786346171743814,,
2024-07-15 11:24:57,hf_ctgan_syn_100000,1000,0.01,2,1.0,4,0.9995251017639076,0.9831175764046444,0.5,0.99125344815986,0.7011125360470473,0.515306857243993,0.0,0.0,1.0,0.0,0.0,0.0,0.0115384615384615,0.6,0.9828609536512172,0.0226415094339622,0.7679300568350806,0.5671386272694432,0.0,0.0,1.0,0.0,0.0,0.0,0.9985960578227742,0.9824,0.5004609536512171,0.9903358254447222,0.7007141410323483,0.5150149503863217,,
2024-07-15 11:25:10,hf_ctgan_syn_100000,1000,0.01,2,3.0,4,0.9995251339800556,0.9831843053516616,0.5,0.9912873818414236,0.7011363295934898,0.5153451139565308,0.0,0.0,1.0,0.0,0.0,0.0,0.0115830115830115,0.6,0.982927642547516,0.0227272727272727,0.7679561091159504,0.567173175631179,0.0,0.0,1.0,0.0,0.0,0.0,0.9985961048588684,0.9824666666666668,0.5004609758808491,0.990369756042614,0.7007379210555746,0.5150531829087152,,
2024-07-15 11:25:24,hf_ctgan_syn_100000,1000,0.01,2,5.0,4,0.9995251339800556,0.9831843053516616,0.5,0.9912873818414236,0.7011363295934898,0.5153451139565308,0.0,0.0,1.0,0.0,0.0,0.0,0.0115830115830115,0.6,0.982927642547516,0.0227272727272727,0.7679561091159504,0.567173175631179,0.0,0.0,1.0,0.0,0.0,0.0,0.9985961048588684,0.9824666666666668,0.5004609758808491,0.990369756042614,0.7007379210555746,0.5150531829087152,,
2024-07-15 11:25:37,hf_ctgan_syn_100000,1000,0.01,2,7.0,4,0.9995251339800556,0.9831843053516616,0.5,0.9912873818414236,0.7011363295934898,0.5153451139565308,0.0,0.0,1.0,0.0,0.0,0.0,0.0115830115830115,0.6,0.982927642547516,0.0227272727272727,0.7679561091159504,0.567173175631179,0.0,0.0,1.0,0.0,0.0,0.0,0.9985961048588684,0.9824666666666668,0.5004609758808491,0.990369756042614,0.7007379210555746,0.5150531829087152,,
2024-07-15 11:25:50,hf_ctgan_syn_100000,1000,0.01,2,9.0,4,0.9995251661918328,0.9832510342986788,0.5,0.9913213132400432,0.7011601223325092,0.5153833711143435,0.0,0.0,1.0,0.0,0.0,0.0,0.0116279069767441,0.6,0.9829943314438148,0.0228136882129277,0.7679821605130478,0.5672077234592257,0.0,0.0,1.0,0.0,0.0,0.0,0.9985961520057128,0.9825333333333334,0.5004609981104813,0.99040368457709,0.7007617002718366,0.5150914158757899,,
2024-07-15 11:26:07,hf_ctgan_syn_100000,1000,0.01,4,1.0,4,0.9995906113537116,0.9775790738022154,0.5714285714285714,0.9884623169826596,0.7474065918904288,0.5813048554261078,0.027027027027027,0.125,0.9975987193169692,0.0444444444444444,0.3531286449930409,0.1138185478537681,0.0142348754448398,0.8,0.9815271757252416,0.0279720279720279,0.8861273839466838,0.7709678320916356,0.0,0.0,0.9982665511034068,0.0,0.0,0.0,0.9986768194893444,0.977,0.5718210175741891,0.9875727798665036,0.7471927234766429,0.581079996730596,,
2024-07-15 11:26:24,hf_ctgan_syn_100000,1000,0.01,4,3.0,4,0.9995905834186284,0.9775123448551982,0.5714285714285714,0.988428190681826,0.7473810826977084,0.5812614485783937,0.0277777777777777,0.125,0.9976654215581644,0.0454545454545454,0.3531404503802567,0.1138253262487948,0.0140350877192982,0.8,0.9812604201400468,0.0275862068965517,0.8860069616611583,0.7707792420303266,0.0,0.0,0.9983998933262216,0.0,0.0,0.0,0.9986771253848258,0.9769333333333332,0.5718209731196708,0.9875390955303976,0.747167204247947,0.58103657114773,,
2024-07-15 11:26:41,hf_ctgan_syn_100000,1000,0.01,4,5.0,4,0.9995906392849832,0.9776458027492326,0.5714285714285714,0.9884964409810072,0.747432100212543,0.5813482627827077,0.0,0.0,0.9978655282817502,0.0,0.0,0.0,0.0138888888888888,0.8,0.9810603534511504,0.0273037542662116,0.8859166342048896,0.7706377920126982,0.0,0.0,0.9984665644376292,0.0,0.0,0.0,0.9986623176512804,0.977,0.5718210175991012,0.9875829455541804,0.7470298024637462,0.5810625503347814,,
2024-07-15 11:26:59,hf_ctgan_syn_100000,1000,0.01,4,7.0,4,0.9995906392849832,0.9776458027492326,0.5714285714285714,0.9884964409810072,0.747432100212543,0.5813482627827077,0.0294117647058823,0.125,0.9977988260405548,0.0476190476190476,0.3531640599708149,0.1138388827051588,0.0139860139860139,0.8,0.981193731243748,0.0274914089347079,0.8859768535323022,0.770732092736036,0.0,0.0,0.9984665644376292,0.0,0.0,0.0,0.9986780363008224,0.9770666666666666,0.5718210264838367,0.9876084049311334,0.7472181767021732,0.5811232958391319,,
2024-07-15 11:27:15,hf_ctgan_syn_100000,1000,0.01,4,9.0,4,0.9995906672124436,0.9777125316962498,0.5714285714285714,0.9885305626771016,0.7474576076641403,0.5813916706481936,0.0,0.0,0.9979322305229456,0.0,0.0,0.0,0.0138408304498269,0.8,0.9809936645548516,0.0272108843537415,0.8858865230061248,0.7705906405836512,0.0,0.0,0.9985332355490366,0.0,0.0,0.0,0.9986623295331952,0.9770666666666666,0.5718210353887385,0.987617004446721,0.7470552760713225,0.5811059019691165,,
2024-07-15 11:27:48,hf_ctgan_syn_100000,1000,0.01,8,1.0,4,0.999588956634925,0.9736420659281996,0.5714285714285714,0.9864449176892136,0.7459000568548806,0.5787447221149038,0.0,0.0,0.9949973319103522,0.0,0.0,0.0,0.0137931034482758,0.8,0.9809269756585528,0.0271186440677966,0.8858564107838484,0.7705434884430189,0.0,0.0,0.9974664977665176,0.0,0.0,0.0,0.9986606046432152,0.973,0.5718193767639942,0.9855332753140594,0.745499168938744,0.5784614082037443,,
2024-07-15 11:28:23,hf_ctgan_syn_100000,1000,0.01,8,3.0,4,0.999588956634925,0.9736420659281996,0.5714285714285714,0.9864449176892136,0.7459000568548806,0.5787447221149038,0.0,0.0,0.9952641408751334,0.0,0.0,0.0,0.0136518771331058,0.8,0.9807269089696564,0.0268456375838926,0.8857660679749056,0.770402027751609,0.0,0.0,0.9973998266551104,0.0,0.0,0.0,0.9986605575677768,0.973,0.5718194479284717,0.985533184311898,0.7454991388244744,0.5784613610501805,,
2024-07-15 11:28:58,hf_ctgan_syn_100000,1000,0.01,8,5.0,4,0.999589012946092,0.973775523822234,0.5714285714285714,0.9865134358627682,0.7459511756608793,0.5788314772884433,0.0,0.0,0.9953308431163288,0.0,0.0,0.0,0.0135135135135135,0.8,0.9805268422807604,0.0265780730897009,0.8856757159506002,0.7702605606559307,0.0,0.0,0.99766651110074,0.0,0.0,0.0,0.9986605677051804,0.9731333333333332,0.571819434593067,0.9856015493469928,0.7455501798022459,0.5785479880965261,,
2024-07-15 11:29:33,hf_ctgan_syn_100000,1000,0.01,8,7.0,4,0.99958909738392,0.9739757106632856,0.5714285714285714,0.9866161957550358,0.7460278473022632,0.5789616138653978,0.0,0.0,0.995397545357524,0.0,0.0,0.0,0.0134680134680134,0.8,0.9804601533844616,0.0264900662251655,0.8856455965608191,0.7702134035342001,0.0,0.0,0.9978665244349624,0.0,0.0,0.0,0.9986606368975176,0.9733333333333334,0.5718194612721857,0.9857041839944062,0.7456267698436347,0.5786779874936349,,
2024-07-15 11:30:07,hf_ctgan_syn_100000,1000,0.01,8,9.0,4,0.9995891536565324,0.9741091685573202,0.5714285714285714,0.98668469077391,0.7460789573524929,0.5790483741277971,0.0,0.0,0.99559765208111,0.0,0.0,0.0,0.0134228187919463,0.8,0.9803934644881628,0.0264026402640264,0.885615476146691,0.7701662457008844,0.0,0.0,0.9978665244349624,0.0,0.0,0.0,0.998660678052717,0.9734666666666668,0.5718195457661397,0.9857725859426092,0.7456778221510127,0.5787646510605114,,
2024-07-15 11:31:04,hf_ctgan_syn_100000,1000,0.01,10,1.0,4,0.999589238036558,0.9743093553983718,0.5714285714285714,0.9867874159429596,0.7461556158635971,0.5791785183380415,0.0,0.0,0.9952641408751334,0.0,0.0,0.0,0.0138408304498269,0.8,0.9809936645548516,0.0272108843537415,0.8858865230061248,0.7705906405836512,0.0,0.0,0.9977998533235548,0.0,0.0,0.0,0.998660901691207,0.9736666666666668,0.5718195635154447,0.9858754846495308,0.7457544994631264,0.5788948152677872,,
2024-07-15 11:32:07,hf_ctgan_syn_100000,1000,0.01,10,3.0,4,0.9995894347885588,0.9747764580274924,0.5714285714285714,0.987027027027027,0.7463344551023038,0.579482205972954,0.0,0.0,0.9956643543223052,0.0,0.0,0.0,0.0137931034482758,0.8,0.9809269756585528,0.0271186440677966,0.8858564107838484,0.7705434884430189,0.0,0.0,0.9979331955463696,0.0,0.0,0.0,0.9986610823505724,0.9741333333333332,0.5718197636224658,0.9861148413498244,0.7459331617478029,0.5791982037435269,,
2024-07-15 11:33:17,hf_ctgan_syn_100000,1000,0.01,10,5.0,4,0.999589209913734,0.9742426264513546,0.5714285714285714,0.9867531765341984,0.7461300639016746,0.5791351364257408,0.0,0.0,0.995397545357524,0.0,0.0,0.0,0.0136518771331058,0.8,0.9807269089696564,0.0268456375838926,0.8857660679749056,0.770402027751609,0.0,0.0,0.9978665244349624,0.0,0.0,0.0,0.9986608106101924,0.9736,0.5718195501907142,0.9858411554486276,0.7457289311980246,0.5788514109743272,,
2024-07-15 11:34:26,hf_ctgan_syn_100000,1000,0.01,10,7.0,4,0.9995891536565324,0.9741091685573202,0.5714285714285714,0.98668469077391,0.7460789573524929,0.5790483741277971,0.0,0.0,0.9955309498399146,0.0,0.0,0.0,0.0133779264214046,0.8,0.980326775591864,0.0263157894736842,0.8855853547081113,0.7701190871559833,0.0,0.0,0.9979998666577772,0.0,0.0,0.0,0.9986606630885936,0.9734666666666668,0.5718194968514605,0.9857725569923456,0.7456778121105332,0.5787646353409965,,
2024-07-15 11:35:36,hf_ctgan_syn_100000,1000,0.01,10,9.0,4,0.9995892942706552,0.9744428132924062,0.5714285714285714,0.9868558878188884,0.7462067171625553,0.5792652836893007,0.0,0.0,0.995397545357524,0.0,0.0,0.0,0.0136986301369863,0.8,0.9807935978659552,0.0269360269360269,0.8857961832683433,0.770449182026998,0.0,0.0,0.9979998666577772,0.0,0.0,0.0,0.9986609104727148,0.9738,0.571819581309828,0.985943800999236,0.7458055229542929,0.5789814524851997,,
2024-07-15 11:35:41,hf_ctgan_syn_100000,100,0.001,2,1.0,4,0.9993246893571044,0.9874549579607632,0.2857142857142857,0.9933543666510036,0.5311590985653823,0.301928196732004,0.0,0.0,1.0,0.0,0.0,0.0,0.015625,0.6,0.9873957985995332,0.0304568527918781,0.7696996031957661,0.5694867001237824,0.0,0.0,1.0,0.0,0.0,0.0,0.9983971946470376,0.9867333333333334,0.2863767509804855,0.9924373881930598,0.5309199166077866,0.301836225981762,,
2024-07-15 11:35:47,hf_ctgan_syn_100000,100,0.001,2,3.0,4,0.9993218040013564,0.9832510342986788,0.2857142857142857,0.991221284181494,0.5300272322649844,0.3005246877855352,0.0,0.0,1.0,0.0,0.0,0.0,0.0117647058823529,0.6,0.9831943981327108,0.023076923076923,0.7680603094026058,0.5673113637412316,0.0,0.0,1.0,0.0,0.0,0.0,0.9983930252195826,0.9825333333333334,0.2863753505136632,0.9903038366239504,0.5297885602846713,0.3004333018648492,,
2024-07-15 11:35:52,hf_ctgan_syn_100000,100,0.001,2,5.0,4,0.9993218040013564,0.9832510342986788,0.2857142857142857,0.991221284181494,0.5300272322649844,0.3005246877855352,0.0,0.0,1.0,0.0,0.0,0.0,0.0117647058823529,0.6,0.9831943981327108,0.023076923076923,0.7680603094026058,0.5673113637412316,0.0,0.0,1.0,0.0,0.0,0.0,0.9983930252195826,0.9825333333333334,0.2863753505136632,0.9903038366239504,0.5297885602846713,0.3004333018648492,,
2024-07-15 11:35:57,hf_ctgan_syn_100000,100,0.001,2,7.0,4,0.9993218040013564,0.9832510342986788,0.2857142857142857,0.991221284181494,0.5300272322649844,0.3005246877855352,0.0,0.0,1.0,0.0,0.0,0.0,0.0117647058823529,0.6,0.9831943981327108,0.023076923076923,0.7680603094026058,0.5673113637412316,0.0,0.0,1.0,0.0,0.0,0.0,0.9983930252195826,0.9825333333333334,0.2863753505136632,0.9903038366239504,0.5297885602846713,0.3004333018648492,,
2024-07-15 11:36:03,hf_ctgan_syn_100000,100,0.001,2,9.0,4,0.9993218040013564,0.9832510342986788,0.2857142857142857,0.991221284181494,0.5300272322649844,0.3005246877855352,0.0,0.0,1.0,0.0,0.0,0.0,0.0117647058823529,0.6,0.9831943981327108,0.023076923076923,0.7680603094026058,0.5673113637412316,0.0,0.0,1.0,0.0,0.0,0.0,0.9983930252195826,0.9825333333333334,0.2863753505136632,0.9903038366239504,0.5297885602846713,0.3004333018648492,,
2024-07-15 11:36:10,hf_ctgan_syn_100000,100,0.001,4,3.0,4,0.9995241979336597,0.9812491658881622,0.5,0.9903023772644624,0.7004459885987506,0.5142358500746878,0.0,0.0,1.0,0.0,0.0,0.0,0.0104166666666666,0.6,0.9809936645548516,0.0204778156996587,0.7672002337935716,0.5661710564630802,0.0,0.0,1.0,0.0,0.0,0.0,0.9985947809044772,0.9805333333333334,0.5004603312215182,0.9893849209842488,0.7000479724206563,0.5139446203001058,,
2024-07-15 11:36:17,hf_ctgan_syn_100000,100,0.001,4,7.0,4,0.9995241979336597,0.9812491658881622,0.5,0.9903023772644624,0.7004459885987506,0.5142358500746878,0.0,0.0,1.0,0.0,0.0,0.0,0.0104166666666666,0.6,0.9809936645548516,0.0204778156996587,0.7672002337935716,0.5661710564630802,0.0,0.0,1.0,0.0,0.0,0.0,0.9985947809044772,0.9805333333333334,0.5004603312215182,0.9893849209842488,0.7000479724206563,0.5139446203001058,,
2024-07-15 11:36:28,hf_ctgan_syn_100000,100,0.001,8,3.0,4,0.9995919477693144,0.9807820632590418,0.5714285714285714,0.9900976759851804,0.7486300109472509,0.5833889825662972,0.0,0.0,0.9990661686232656,0.0,0.0,0.0,0.0141843971631205,0.8,0.9814604868289428,0.0278745644599303,0.8860972799095788,0.7709206856436863,0.0,0.0,1.0,0.0,0.0,0.0,0.9986637234171176,0.9801333333333332,0.5718218935474468,0.989182876342414,0.74822665536367,0.5831014597444499,,
2024-07-15 11:36:38,hf_ctgan_syn_100000,100,0.001,8,7.0,4,0.9995918922595564,0.9806486053650072,0.5714285714285714,0.990029641606036,0.7485790750729991,0.5833021205267003,0.0,0.0,0.9990661686232656,0.0,0.0,0.0,0.0140845070422535,0.8,0.9813271090363456,0.0276816608996539,0.8860370687669205,0.7708263906130322,0.0,0.0,1.0,0.0,0.0,0.0,0.9986636346624616,0.98,0.5718218490881826,0.9891148411608368,0.7481757469591866,0.583014647344413,,
2024-07-15 11:36:51,hf_ctgan_syn_100000,100,0.001,10,3.0,4,0.9995911413969336,0.9788469237955424,0.5714285714285714,0.9891102794915884,0.7478911012385016,0.5821296822210105,0.0,0.0,0.9990661686232656,0.0,0.0,0.0,0.014388489208633,0.8,0.981727242414138,0.0282685512367491,0.8862176899223523,0.77110926716597,0.0,0.0,0.9977998533235548,0.0,0.0,0.0,0.9986629858280328,0.9782,0.57182183578953,0.9881965327478084,0.7474884754406531,0.5818433976066595,,
2024-07-15 11:37:03,hf_ctgan_syn_100000,100,0.001,10,7.0,4,0.9995910577971646,0.9786467369544908,0.5714285714285714,0.9890080248162384,0.747814620632104,0.5819994341980254,0.0,0.0,0.9990661686232656,0.0,0.0,0.0,0.0142348754448398,0.8,0.9815271757252416,0.0279720279720279,0.8861273839466838,0.7709678320916356,0.0,0.0,0.9977998533235548,0.0,0.0,0.0,0.9986628511017024,0.978,0.5718217691006338,0.9880942746690672,0.7474120361141628,0.581713224003471,,
2024-07-15 11:37:13,hf_ctgan_syn_100000,500,0.001,2,1.0,4,0.9993246893571044,0.9874549579607632,0.2857142857142857,0.9933543666510036,0.5311590985653823,0.301928196732004,0.0,0.0,1.0,0.0,0.0,0.0,0.015625,0.6,0.9873957985995332,0.0304568527918781,0.7696996031957661,0.5694867001237824,0.0,0.0,1.0,0.0,0.0,0.0,0.9983971946470376,0.9867333333333334,0.2863767509804855,0.9924373881930598,0.5309199166077866,0.301836225981762,,
2024-07-15 11:37:22,hf_ctgan_syn_100000,500,0.001,2,3.0,4,0.9993246893571044,0.9874549579607632,0.2857142857142857,0.9933543666510036,0.5311590985653823,0.301928196732004,0.0,0.0,1.0,0.0,0.0,0.0,0.015625,0.6,0.9873957985995332,0.0304568527918781,0.7696996031957661,0.5694867001237824,0.0,0.0,1.0,0.0,0.0,0.0,0.9983971946470376,0.9867333333333334,0.2863767509804855,0.9924373881930598,0.5309199166077866,0.301836225981762,,
2024-07-15 11:37:30,hf_ctgan_syn_100000,500,0.001,2,5.0,4,0.9993246893571044,0.9874549579607632,0.2857142857142857,0.9933543666510036,0.5311590985653823,0.301928196732004,0.0,0.0,1.0,0.0,0.0,0.0,0.015625,0.6,0.9873957985995332,0.0304568527918781,0.7696996031957661,0.5694867001237824,0.0,0.0,1.0,0.0,0.0,0.0,0.9983971946470376,0.9867333333333334,0.2863767509804855,0.9924373881930598,0.5309199166077866,0.301836225981762,,
2024-07-15 11:37:39,hf_ctgan_syn_100000,500,0.001,2,7.0,4,0.9993246893571044,0.9874549579607632,0.2857142857142857,0.9933543666510036,0.5311590985653823,0.301928196732004,0.0,0.0,1.0,0.0,0.0,0.0,0.015625,0.6,0.9873957985995332,0.0304568527918781,0.7696996031957661,0.5694867001237824,0.0,0.0,1.0,0.0,0.0,0.0,0.9983971946470376,0.9867333333333334,0.2863767509804855,0.9924373881930598,0.5309199166077866,0.301836225981762,,
2024-07-15 11:37:47,hf_ctgan_syn_100000,500,0.001,2,9.0,4,0.9993246893571044,0.9874549579607632,0.2857142857142857,0.9933543666510036,0.5311590985653823,0.301928196732004,0.0,0.0,1.0,0.0,0.0,0.0,0.015625,0.6,0.9873957985995332,0.0304568527918781,0.7696996031957661,0.5694867001237824,0.0,0.0,1.0,0.0,0.0,0.0,0.9983971946470376,0.9867333333333334,0.2863767509804855,0.9924373881930598,0.5309199166077866,0.301836225981762,,
2024-07-15 11:37:58,hf_ctgan_syn_100000,500,0.001,4,3.0,4,0.9995254880694144,0.9839183237688508,0.5,0.9916605017149774,0.7013980053325113,0.5157659671826095,0.0,0.0,1.0,0.0,0.0,0.0,0.0120967741935483,0.6,0.9836612204068024,0.0237154150197628,0.7682426258963253,0.5675531723867941,0.0,0.0,1.0,0.0,0.0,0.0,0.9985966298719474,0.9832,0.5004612204068023,0.9907428570517166,0.7009994480694997,0.5154737700040346,,
2024-07-15 11:38:09,hf_ctgan_syn_100000,500,0.001,4,7.0,4,0.9995254880694144,0.9839183237688508,0.5,0.9916605017149774,0.7013980053325113,0.5157659671826095,0.0,0.0,1.0,0.0,0.0,0.0,0.0120967741935483,0.6,0.9836612204068024,0.0237154150197628,0.7682426258963253,0.5675531723867941,0.0,0.0,1.0,0.0,0.0,0.0,0.9985966298719474,0.9832,0.5004612204068023,0.9907428570517166,0.7009994480694997,0.5154737700040346,,
2024-07-15 11:38:33,hf_ctgan_syn_100000,500,0.001,8,3.0,4,0.9995920864776668,0.9811157079941278,0.5714285714285714,0.9902677218386934,0.7487573354733935,0.5836061465707933,0.0,0.0,0.9991995731056564,0.0,0.0,0.0,0.014336917562724,0.8,0.9816605535178392,0.028169014084507,0.8861875889529662,0.7710621228527771,0.0,0.0,1.0,0.0,0.0,0.0,0.998663912836142,0.9804666666666668,0.5718220313854003,0.9893528616363388,0.7483538911566027,0.5833184682082783,,
2024-07-15 11:38:50,hf_ctgan_syn_100000,500,0.001,8,7.0,4,0.9995921696574224,0.9813158948351794,0.5714285714285714,0.9903697218667924,0.7488337197975374,0.5837364510801227,0.0,0.0,0.9991995731056564,0.0,0.0,0.0,0.0144927536231884,0.8,0.9818606202067356,0.0284697508896797,0.8862778887941346,0.7712035536575991,0.0,0.0,1.0,0.0,0.0,0.0,0.9986640478836166,0.9806666666666668,0.5718220980742967,0.9894548667100134,0.7484302342886578,0.5834486982436671,,
2024-07-15 11:39:29,hf_ctgan_syn_100000,500,0.001,10,3.0,4,0.9995910856675526,0.978713465901508,0.5714285714285714,0.9890421120064736,0.7478401150366331,0.5820428496968011,0.0,0.0,0.9987326574172892,0.0,0.0,0.0,0.0145454545454545,0.8,0.9819273091030344,0.0285714285714285,0.8863079866967394,0.7712506958360358,0.0,0.0,0.9977998533235548,0.0,0.0,0.0,0.9986629824724448,0.9780666666666666,0.5718217246057832,0.9881285298447914,0.7474375669248311,0.5817566932690293,,
2024-07-15 11:40:06,hf_ctgan_syn_100000,500,0.001,10,7.0,4,0.999591224962529,0.979047110636594,0.5714285714285714,0.989212513484358,0.7479675740246629,0.5822599348239695,0.0,0.0,0.9990661686232656,0.0,0.0,0.0,0.0145454545454545,0.8,0.9819273091030344,0.0285714285714285,0.8863079866967394,0.7712506958360358,0.0,0.0,0.9977998533235548,0.0,0.0,0.0,0.9986631216374124,0.9784,0.5718219024784263,0.9882987722812964,0.7475649069511389,0.5819735757834126,,
2024-07-15 11:40:27,hf_ctgan_syn_100000,1500,0.001,2,1.0,4,0.9992630309527,0.9952622447617776,0.2142857142857142,0.9972586253008826,0.4618121707148707,0.2299264050524067,0.0,0.0,1.0,0.0,0.0,0.0,0.027027027027027,0.4,0.9951983994664888,0.050632911392405,0.6309353055477206,0.3743857400060329,0.0,0.0,1.0,0.0,0.0,0.0,0.998339394466153,0.9944666666666668,0.2150174470855364,0.996344728221066,0.4615914577907194,0.2298366023210265,,
2024-07-15 11:40:46,hf_ctgan_syn_100000,1500,0.001,2,3.0,4,0.9992630309527,0.9952622447617776,0.2142857142857142,0.9972586253008826,0.4618121707148707,0.2299264050524067,0.0,0.0,1.0,0.0,0.0,0.0,0.027027027027027,0.4,0.9951983994664888,0.050632911392405,0.6309353055477206,0.3743857400060329,0.0,0.0,1.0,0.0,0.0,0.0,0.998339394466153,0.9944666666666668,0.2150174470855364,0.996344728221066,0.4615914577907194,0.2298366023210265,,
2024-07-15 11:41:04,hf_ctgan_syn_100000,1500,0.001,2,5.0,4,0.9992630309527,0.9952622447617776,0.2142857142857142,0.9972586253008826,0.4618121707148707,0.2299264050524067,0.0,0.0,1.0,0.0,0.0,0.0,0.027027027027027,0.4,0.9951983994664888,0.050632911392405,0.6309353055477206,0.3743857400060329,0.0,0.0,1.0,0.0,0.0,0.0,0.998339394466153,0.9944666666666668,0.2150174470855364,0.996344728221066,0.4615914577907194,0.2298366023210265,,
2024-07-15 11:41:26,hf_ctgan_syn_100000,1500,0.001,2,7.0,4,0.9992630309527,0.9952622447617776,0.2142857142857142,0.9972586253008826,0.4618121707148707,0.2299264050524067,0.0,0.0,1.0,0.0,0.0,0.0,0.027027027027027,0.4,0.9951983994664888,0.050632911392405,0.6309353055477206,0.3743857400060329,0.0,0.0,1.0,0.0,0.0,0.0,0.998339394466153,0.9944666666666668,0.2150174470855364,0.996344728221066,0.4615914577907194,0.2298366023210265,,
2024-07-15 11:41:46,hf_ctgan_syn_100000,1500,0.001,2,9.0,4,0.9992630309527,0.9952622447617776,0.2142857142857142,0.9972586253008826,0.4618121707148707,0.2299264050524067,0.0,0.0,1.0,0.0,0.0,0.0,0.027027027027027,0.4,0.9951983994664888,0.050632911392405,0.6309353055477206,0.3743857400060329,0.0,0.0,1.0,0.0,0.0,0.0,0.998339394466153,0.9944666666666668,0.2150174470855364,0.996344728221066,0.4615914577907194,0.2298366023210265,,
2024-07-15 11:42:08,hf_ctgan_syn_100000,1500,0.001,4,1.0,4,0.9995260984361248,0.985186173762178,0.5,0.992304331753873,0.701849760904062,0.5164930223856427,0.0,0.0,1.0,0.0,0.0,0.0,0.0131004366812227,0.6,0.9849283094364788,0.0256410256410256,0.7687372669917124,0.5682093783178366,0.0,0.0,1.0,0.0,0.0,0.0,0.9985975742231448,0.9844666666666668,0.5004616427698122,0.991386728052783,0.7014509468828821,0.516200365357522,,
2024-07-15 11:42:31,hf_ctgan_syn_100000,1500,0.001,4,3.0,4,0.9995260984361248,0.985186173762178,0.5,0.992304331753873,0.701849760904062,0.5164930223856427,0.0,0.0,1.0,0.0,0.0,0.0,0.0131004366812227,0.6,0.9849283094364788,0.0256410256410256,0.7687372669917124,0.5682093783178366,0.0,0.0,1.0,0.0,0.0,0.0,0.9985975742231448,0.9844666666666668,0.5004616427698122,0.991386728052783,0.7014509468828821,0.516200365357522,,
2024-07-15 11:42:55,hf_ctgan_syn_100000,1500,0.001,4,5.0,4,0.9995259379655966,0.984852529027092,0.5,0.9921349825221836,0.701730906055552,0.5163016764844215,0.0,0.0,1.0,0.0,0.0,0.0,0.0128205128205128,0.6,0.984594864954985,0.0251046025104602,0.7686071291453073,0.568036711225627,0.0,0.0,1.0,0.0,0.0,0.0,0.9985973205944356,0.9841333333333332,0.5004615316216516,0.9912173580726662,0.7013321595862819,0.5160091404901113,,
2024-07-15 11:43:17,hf_ctgan_syn_100000,1500,0.001,4,7.0,4,0.999525873746952,0.9847190711330576,0.5,0.9920672268907562,0.701683358479114,0.5162251412408599,0.0,0.0,1.0,0.0,0.0,0.0,0.0127118644067796,0.6,0.9844614871623876,0.0248962655601659,0.7685550678366726,0.5679676406529196,0.0,0.0,1.0,0.0,0.0,0.0,0.9985972202195904,0.984,0.5004614871623875,0.9911495962341782,0.7012846390338123,0.5159326536559194,,
2024-07-15 11:43:38,hf_ctgan_syn_100000,1500,0.001,4,9.0,4,0.999525873746952,0.9847190711330576,0.5,0.9920672268907562,0.701683358479114,0.5162251412408599,0.0,0.0,1.0,0.0,0.0,0.0,0.0127118644067796,0.6,0.9844614871623876,0.0248962655601659,0.7685550678366726,0.5679676406529196,0.0,0.0,1.0,0.0,0.0,0.0,0.9985972202195904,0.984,0.5004614871623875,0.9911495962341782,0.7012846390338123,0.5159326536559194,,
2024-07-15 11:44:30,hf_ctgan_syn_100000,1500,0.001,8,1.0,4,0.9995922250917494,0.981449352729214,0.5714285714285714,0.9904377104377105,0.7488846383519633,0.5838233232974389,0.0,0.0,0.99886606189968,0.0,0.0,0.0,0.0150943396226415,0.8,0.982594198066022,0.0296296296296296,0.8866089095270911,0.7717220784832024,0.0,0.0,0.9997333155543704,0.0,0.0,0.0,0.9986643037948714,0.9808,0.5718221469486435,0.9895231784511784,0.7484812156593438,0.5835356622218557,,
2024-07-15 11:45:19,hf_ctgan_syn_100000,1500,0.001,8,3.0,4,0.9995924189932748,0.9819164553583344,0.5714285714285714,0.9906755983438248,0.7490628260350527,0.5841273920879543,0.0,0.0,0.9991995731056564,0.0,0.0,0.0,0.0152091254752851,0.8,0.9827275758586196,0.0298507462686567,0.886669081837692,0.7718163464736106,0.0,0.0,0.9997333155543704,0.0,0.0,0.0,0.9986645357773728,0.9812666666666666,0.571822369280551,0.9897609180341266,0.7486592570913658,0.5838394786374967,,
2024-07-15 11:46:11,hf_ctgan_syn_100000,1500,0.001,8,5.0,4,0.9995927509672164,0.982717202722541,0.5714285714285714,0.9910831454624988,0.7493681920591662,0.5846487108846972,0.0,0.0,0.9993996798292424,0.0,0.0,0.0,0.0155038759689922,0.8,0.9830610203401132,0.0304182509505703,0.8868194947519425,0.7720520039968863,0.0,0.0,1.0,0.0,0.0,0.0,0.9986649656916368,0.9820666666666666,0.5718226049312602,0.9901682739437172,0.7489643882448281,0.5843603894225371,,
2024-07-15 11:47:04,hf_ctgan_syn_100000,1500,0.001,8,7.0,4,0.9995927233233776,0.9826504737755238,0.5714285714285714,0.9910491957736052,0.7493427496434167,0.5846052648527622,0.0,0.0,0.9995997865528282,0.0,0.0,0.0,0.015267175572519,0.8,0.9827942647549184,0.0299625468164793,0.8866991664617344,0.7718634794014365,0.0,0.0,1.0,0.0,0.0,0.0,0.9986648591734668,0.982,0.5718226227363179,0.990134204039822,0.7489389294659035,0.5843169210987001,,
2024-07-15 11:47:56,hf_ctgan_syn_100000,1500,0.001,8,9.0,4,0.9995929167514755,0.9831175764046444,0.5714285714285714,0.9912867956265772,0.749520828417213,0.584909397762912,0.0,0.0,0.9996664887940236,0.0,0.0,0.0,0.015625,0.8,0.9831943981327108,0.0306513409961685,0.8868796527749234,0.7721462620250987,0.0,0.0,1.0,0.0,0.0,0.0,0.998665171695841,0.9824666666666668,0.5718227916886391,0.990371811730991,0.7491169021949486,0.5846208644123415,,
2024-07-15 11:49:37,hf_ctgan_syn_100000,1500,0.001,10,1.0,4,0.9995917811947204,0.9803816895769384,0.5714285714285714,0.9898935453442932,0.7484771929255287,0.5831284025541393,0.0,0.0,0.9977988260405548,0.0,0.0,0.0,0.0155642023346303,0.8,0.983127709236412,0.0305343511450381,0.8868495742735234,0.7720991333667853,0.0,0.0,0.9991999466631108,0.0,0.0,0.0,0.9986640169330502,0.9797333333333332,0.5718217200353161,0.9889798228190202,0.7480742307368894,0.582841515756211,,
2024-07-15 11:51:21,hf_ctgan_syn_100000,1500,0.001,10,3.0,4,0.999591836734694,0.9805151474709728,0.5714285714285714,0.9899615980596914,0.7485281357326611,0.5832152605226479,0.0,0.0,0.9981990394877268,0.0,0.0,0.0,0.0153256704980842,0.8,0.9828609536512172,0.0300751879699248,0.886729250065077,0.7719106116176773,0.0,0.0,0.9991999466631108,0.0,0.0,0.0,0.998663992910574,0.9798666666666668,0.5718218445639595,0.9890476589641588,0.7481250858893324,0.5829282298166993,,
2024-07-15 11:53:03,hf_ctgan_syn_100000,1500,0.001,10,5.0,4,0.9995918644990136,0.98058187641799,0.5714285714285714,0.9899956209788796,0.7485536058361352,0.5832586902702311,0.0,0.0,0.998265741728922,0.0,0.0,0.0,0.0153256704980842,0.8,0.9828609536512172,0.0300751879699248,0.886729250065077,0.7719106116176773,0.0,0.0,0.9991999466631108,0.0,0.0,0.0,0.9986640206489806,0.9799333333333332,0.5718218801384881,0.9890816501286226,0.7481505322207098,0.5829716190298515,,
2024-07-15 11:54:46,hf_ctgan_syn_100000,1500,0.001,10,7.0,4,0.9995917256396298,0.980248231682904,0.5714285714285714,0.9898254834579882,0.7484262466508942,0.5830415466211746,0.0,0.0,0.998265741728922,0.0,0.0,0.0,0.0150375939849624,0.8,0.9825275091697232,0.029520295202952,0.886578821840325,0.7716749434206202,0.0,0.0,0.9991999466631108,0.0,0.0,0.0,0.9986637858936944,0.9796,0.5718217689903277,0.988911486438495,0.7480232417613001,0.582754599492135,,
2024-07-15 11:56:27,hf_ctgan_syn_100000,1500,0.001,10,9.0,4,0.9995917811947204,0.9803816895769384,0.5714285714285714,0.9898935453442932,0.7484771929255287,0.5831284025541393,0.0,0.0,0.9983991462113126,0.0,0.0,0.0,0.0150375939849624,0.8,0.9825275091697232,0.029520295202952,0.886578821840325,0.7716749434206202,0.0,0.0,0.9991999466631108,0.0,0.0,0.0,0.9986638413969336,0.9797333333333332,0.571821840139385,0.9889794848003728,0.7480741404860782,0.5828413743595623,,
2024-07-15 11:56:40,hf_ctgan_syn_100000,1000,0.001,2,1.0,4,0.9992630309527,0.9952622447617776,0.2142857142857142,0.9972586253008826,0.4618121707148707,0.2299264050524067,0.0,0.0,1.0,0.0,0.0,0.0,0.027027027027027,0.4,0.9951983994664888,0.050632911392405,0.6309353055477206,0.3743857400060329,0.0,0.0,1.0,0.0,0.0,0.0,0.998339394466153,0.9944666666666668,0.2150174470855364,0.996344728221066,0.4615914577907194,0.2298366023210265,,
2024-07-15 11:56:52,hf_ctgan_syn_100000,1000,0.001,2,3.0,4,0.9992630309527,0.9952622447617776,0.2142857142857142,0.9972586253008826,0.4618121707148707,0.2299264050524067,0.0,0.0,1.0,0.0,0.0,0.0,0.027027027027027,0.4,0.9951983994664888,0.050632911392405,0.6309353055477206,0.3743857400060329,0.0,0.0,1.0,0.0,0.0,0.0,0.998339394466153,0.9944666666666668,0.2150174470855364,0.996344728221066,0.4615914577907194,0.2298366023210265,,
2024-07-15 11:57:05,hf_ctgan_syn_100000,1000,0.001,2,5.0,4,0.9992630309527,0.9952622447617776,0.2142857142857142,0.9972586253008826,0.4618121707148707,0.2299264050524067,0.0,0.0,1.0,0.0,0.0,0.0,0.027027027027027,0.4,0.9951983994664888,0.050632911392405,0.6309353055477206,0.3743857400060329,0.0,0.0,1.0,0.0,0.0,0.0,0.998339394466153,0.9944666666666668,0.2150174470855364,0.996344728221066,0.4615914577907194,0.2298366023210265,,
2024-07-15 11:57:19,hf_ctgan_syn_100000,1000,0.001,2,7.0,4,0.9992630309527,0.9952622447617776,0.2142857142857142,0.9972586253008826,0.4618121707148707,0.2299264050524067,0.0,0.0,1.0,0.0,0.0,0.0,0.027027027027027,0.4,0.9951983994664888,0.050632911392405,0.6309353055477206,0.3743857400060329,0.0,0.0,1.0,0.0,0.0,0.0,0.998339394466153,0.9944666666666668,0.2150174470855364,0.996344728221066,0.4615914577907194,0.2298366023210265,,
2024-07-15 11:57:34,hf_ctgan_syn_100000,1000,0.001,2,9.0,4,0.9992630309527,0.9952622447617776,0.2142857142857142,0.9972586253008826,0.4618121707148707,0.2299264050524067,0.0,0.0,1.0,0.0,0.0,0.0,0.027027027027027,0.4,0.9951983994664888,0.050632911392405,0.6309353055477206,0.3743857400060329,0.0,0.0,1.0,0.0,0.0,0.0,0.998339394466153,0.9944666666666668,0.2150174470855364,0.996344728221066,0.4615914577907194,0.2298366023210265,,
2024-07-15 11:57:54,hf_ctgan_syn_100000,1000,0.001,4,3.0,4,0.9995257131241954,0.9843854263979714,0.5,0.9918977979492352,0.701564475439703,0.5160338109242721,0.0,0.0,1.0,0.0,0.0,0.0,0.0124481327800829,0.6,0.9841280426808936,0.024390243902439,0.7684248991336343,0.5677949548815927,0.0,0.0,1.0,0.0,0.0,0.0,0.9985969718362062,0.9836666666666668,0.5004613760142269,0.99098015675245,0.7011658235623371,0.51574144435237,,
2024-07-15 11:58:10,hf_ctgan_syn_100000,1000,0.001,4,7.0,4,0.9995257131241954,0.9843854263979714,0.5,0.9918977979492352,0.701564475439703,0.5160338109242721,0.0,0.0,1.0,0.0,0.0,0.0,0.0124481327800829,0.6,0.9841280426808936,0.024390243902439,0.7684248991336343,0.5677949548815927,0.0,0.0,1.0,0.0,0.0,0.0,0.9985969718362062,0.9836666666666668,0.5004613760142269,0.99098015675245,0.7011658235623371,0.51574144435237,,
2024-07-15 11:58:48,hf_ctgan_syn_100000,1000,0.001,8,3.0,4,0.9995928062436376,0.9828506606165754,0.5714285714285714,0.9911510379866088,0.7494190742993918,0.5847356044752249,0.0,0.0,0.9991995731056564,0.0,0.0,0.0,0.0158102766798418,0.8,0.9833944648216072,0.0310077519379844,0.8869698821590764,0.7722876437305267,0.0,0.0,1.0,0.0,0.0,0.0,0.9986651230500369,0.9822,0.571822609355835,0.9902362996018008,0.7490152731240988,0.5844472804589582,,
2024-07-15 11:59:24,hf_ctgan_syn_100000,1000,0.001,8,7.0,4,0.9995928062436376,0.9828506606165754,0.5714285714285714,0.9911510379866088,0.7494190742993918,0.5847356044752249,0.0,0.0,0.9991995731056564,0.0,0.0,0.0,0.0158102766798418,0.8,0.9833944648216072,0.0310077519379844,0.8869698821590764,0.7722876437305267,0.0,0.0,1.0,0.0,0.0,0.0,0.9986651230500369,0.9822,0.571822609355835,0.9902362996018008,0.7490152731240988,0.5844472804589582,,
2024-07-15 12:00:36,hf_ctgan_syn_100000,1000,0.001,10,3.0,4,0.9995915310776772,0.9797811290537836,0.5714285714285714,0.9895871946082562,0.7482479073728682,0.5827375668857065,0.0,0.0,0.9983324439701174,0.0,0.0,0.0,0.0148698884758364,0.8,0.9823274424808268,0.0291970802919708,0.8864885526529159,0.7715335339633609,0.0,0.0,0.9988665911060738,0.0,0.0,0.0,0.9986635356114968,0.9791333333333332,0.5718217156522561,0.9886733122533858,0.7478450388435377,0.5824508563346011,,
2024-07-15 12:01:46,hf_ctgan_syn_100000,1000,0.001,10,7.0,4,0.9995918922595564,0.9806486053650072,0.5714285714285714,0.990029641606036,0.7485790750729991,0.5833021205267003,0.0,0.0,0.9980656350053362,0.0,0.0,0.0,0.0158102766798418,0.8,0.9833944648216072,0.0310077519379844,0.8869698821590764,0.7722876437305267,0.0,0.0,0.9989332622174812,0.0,0.0,0.0,0.9986642099190076,0.98,0.5718219334729959,0.9891159498578498,0.7481760578969842,0.5830151344287856,,
2024-07-15 12:01:53,hf_ctgan_syn_100000,100,0.0001,2,1.0,4,0.9993218040013564,0.9832510342986788,0.2857142857142857,0.991221284181494,0.5300272322649844,0.3005246877855352,0.0,0.0,1.0,0.0,0.0,0.0,0.0117647058823529,0.6,0.9831943981327108,0.023076923076923,0.7680603094026058,0.5673113637412316,0.0,0.0,1.0,0.0,0.0,0.0,0.9983930252195826,0.9825333333333334,0.2863753505136632,0.9903038366239504,0.5297885602846713,0.3004333018648492,,
2024-07-15 12:01:59,hf_ctgan_syn_100000,100,0.0001,2,3.0,4,0.9993218040013564,0.9832510342986788,0.2857142857142857,0.991221284181494,0.5300272322649844,0.3005246877855352,0.0,0.0,1.0,0.0,0.0,0.0,0.0117647058823529,0.6,0.9831943981327108,0.023076923076923,0.7680603094026058,0.5673113637412316,0.0,0.0,1.0,0.0,0.0,0.0,0.9983930252195826,0.9825333333333334,0.2863753505136632,0.9903038366239504,0.5297885602846713,0.3004333018648492,,
2024-07-15 12:02:04,hf_ctgan_syn_100000,100,0.0001,2,5.0,4,0.9993218040013564,0.9832510342986788,0.2857142857142857,0.991221284181494,0.5300272322649844,0.3005246877855352,0.0,0.0,1.0,0.0,0.0,0.0,0.0117647058823529,0.6,0.9831943981327108,0.023076923076923,0.7680603094026058,0.5673113637412316,0.0,0.0,1.0,0.0,0.0,0.0,0.9983930252195826,0.9825333333333334,0.2863753505136632,0.9903038366239504,0.5297885602846713,0.3004333018648492,,
2024-07-15 12:02:10,hf_ctgan_syn_100000,100,0.0001,2,7.0,4,0.9993218040013564,0.9832510342986788,0.2857142857142857,0.991221284181494,0.5300272322649844,0.3005246877855352,0.0,0.0,1.0,0.0,0.0,0.0,0.0117647058823529,0.6,0.9831943981327108,0.023076923076923,0.7680603094026058,0.5673113637412316,0.0,0.0,1.0,0.0,0.0,0.0,0.9983930252195826,0.9825333333333334,0.2863753505136632,0.9903038366239504,0.5297885602846713,0.3004333018648492,,
2024-07-15 12:02:16,hf_ctgan_syn_100000,100,0.0001,2,9.0,4,0.9993218040013564,0.9832510342986788,0.2857142857142857,0.991221284181494,0.5300272322649844,0.3005246877855352,0.0,0.0,1.0,0.0,0.0,0.0,0.0117647058823529,0.6,0.9831943981327108,0.023076923076923,0.7680603094026058,0.5673113637412316,0.0,0.0,1.0,0.0,0.0,0.0,0.9983930252195826,0.9825333333333334,0.2863753505136632,0.9903038366239504,0.5297885602846713,0.3004333018648492,,
2024-07-15 12:02:23,hf_ctgan_syn_100000,100,0.0001,4,3.0,4,0.9995908067926071,0.978046176431336,0.5714285714285714,0.9887011366319268,0.7475851318674916,0.5816087176089131,0.0,0.0,1.0,0.0,0.0,0.0,0.0118694362017804,0.8,0.9777925975325108,0.023391812865497,0.8844399798889739,0.7683265351649393,0.0,0.0,1.0,0.0,0.0,0.0,0.998661811851668,0.9774,0.5718211689610823,0.987786146175359,0.747182199071045,0.5813219916508664,,
2024-07-15 12:02:31,hf_ctgan_syn_100000,100,0.0001,4,7.0,4,0.9995908067926071,0.978046176431336,0.5714285714285714,0.9887011366319268,0.7475851318674916,0.5816087176089131,0.0,0.0,1.0,0.0,0.0,0.0,0.0118694362017804,0.8,0.9777925975325108,0.023391812865497,0.8844399798889739,0.7683265351649393,0.0,0.0,1.0,0.0,0.0,0.0,0.998661811851668,0.9774,0.5718211689610823,0.987786146175359,0.747182199071045,0.5813219916508664,,
2024-07-15 12:02:41,hf_ctgan_syn_100000,100,0.0001,8,3.0,4,0.9995918922595564,0.9806486053650072,0.5714285714285714,0.990029641606036,0.7485790750729991,0.5833021205267003,0.0,0.0,0.9989994663820704,0.0,0.0,0.0,0.0141342756183745,0.8,0.9813937979326444,0.0277777777777777,0.8860671748496924,0.7708735384841519,0.0,0.0,1.0,0.0,0.0,0.0,0.998663651251987,0.98,0.5718218357432859,0.9891148731997964,0.7481757569945476,0.58301466306037,,
2024-07-15 12:02:50,hf_ctgan_syn_100000,100,0.0001,8,7.0,4,0.9995918922595564,0.9806486053650072,0.5714285714285714,0.990029641606036,0.7485790750729991,0.5833021205267003,0.0,0.0,0.9990661686232656,0.0,0.0,0.0,0.0140845070422535,0.8,0.9813271090363456,0.0276816608996539,0.8860370687669205,0.7708263906130322,0.0,0.0,1.0,0.0,0.0,0.0,0.9986636346624616,0.98,0.5718218490881826,0.9891148411608368,0.7481757469591866,0.583014647344413,,
2024-07-15 12:03:04,hf_ctgan_syn_100000,100,0.0001,10,3.0,4,0.9995911413969336,0.9788469237955424,0.5714285714285714,0.9891102794915884,0.7478911012385016,0.5821296822210105,0.0,0.0,0.9990661686232656,0.0,0.0,0.0,0.014388489208633,0.8,0.981727242414138,0.0282685512367491,0.8862176899223523,0.77110926716597,0.0,0.0,0.9977998533235548,0.0,0.0,0.0,0.9986629858280328,0.9782,0.57182183578953,0.9881965327478084,0.7474884754406531,0.5818433976066595,,
2024-07-15 12:03:17,hf_ctgan_syn_100000,100,0.0001,10,7.0,4,0.9995911413969336,0.9788469237955424,0.5714285714285714,0.9891102794915884,0.7478911012385016,0.5821296822210105,0.0,0.0,0.9990661686232656,0.0,0.0,0.0,0.014388489208633,0.8,0.981727242414138,0.0282685512367491,0.8862176899223523,0.77110926716597,0.0,0.0,0.9977998533235548,0.0,0.0,0.0,0.9986629858280328,0.9782,0.57182183578953,0.9881965327478084,0.7474884754406531,0.5818433976066595,,
2024-07-15 12:03:27,hf_ctgan_syn_100000,500,0.0001,2,1.0,4,0.9993218040013564,0.9832510342986788,0.2857142857142857,0.991221284181494,0.5300272322649844,0.3005246877855352,0.0,0.0,1.0,0.0,0.0,0.0,0.0117647058823529,0.6,0.9831943981327108,0.023076923076923,0.7680603094026058,0.5673113637412316,0.0,0.0,1.0,0.0,0.0,0.0,0.9983930252195826,0.9825333333333334,0.2863753505136632,0.9903038366239504,0.5297885602846713,0.3004333018648492,,
2024-07-15 12:03:38,hf_ctgan_syn_100000,500,0.0001,2,3.0,4,0.9993218040013564,0.9832510342986788,0.2857142857142857,0.991221284181494,0.5300272322649844,0.3005246877855352,0.0,0.0,1.0,0.0,0.0,0.0,0.0117647058823529,0.6,0.9831943981327108,0.023076923076923,0.7680603094026058,0.5673113637412316,0.0,0.0,1.0,0.0,0.0,0.0,0.9983930252195826,0.9825333333333334,0.2863753505136632,0.9903038366239504,0.5297885602846713,0.3004333018648492,,
2024-07-15 12:03:48,hf_ctgan_syn_100000,500,0.0001,2,5.0,4,0.9993218040013564,0.9832510342986788,0.2857142857142857,0.991221284181494,0.5300272322649844,0.3005246877855352,0.0,0.0,1.0,0.0,0.0,0.0,0.0117647058823529,0.6,0.9831943981327108,0.023076923076923,0.7680603094026058,0.5673113637412316,0.0,0.0,1.0,0.0,0.0,0.0,0.9983930252195826,0.9825333333333334,0.2863753505136632,0.9903038366239504,0.5297885602846713,0.3004333018648492,,
2024-07-15 12:03:56,hf_ctgan_syn_100000,500,0.0001,2,7.0,4,0.9993218040013564,0.9832510342986788,0.2857142857142857,0.991221284181494,0.5300272322649844,0.3005246877855352,0.0,0.0,1.0,0.0,0.0,0.0,0.0117647058823529,0.6,0.9831943981327108,0.023076923076923,0.7680603094026058,0.5673113637412316,0.0,0.0,1.0,0.0,0.0,0.0,0.9983930252195826,0.9825333333333334,0.2863753505136632,0.9903038366239504,0.5297885602846713,0.3004333018648492,,
2024-07-15 12:04:06,hf_ctgan_syn_100000,500,0.0001,2,9.0,4,0.9993218040013564,0.9832510342986788,0.2857142857142857,0.991221284181494,0.5300272322649844,0.3005246877855352,0.0,0.0,1.0,0.0,0.0,0.0,0.0117647058823529,0.6,0.9831943981327108,0.023076923076923,0.7680603094026058,0.5673113637412316,0.0,0.0,1.0,0.0,0.0,0.0,0.9983930252195826,0.9825333333333334,0.2863753505136632,0.9903038366239504,0.5297885602846713,0.3004333018648492,,
2024-07-15 12:04:20,hf_ctgan_syn_100000,500,0.0001,4,3.0,4,0.9995241979336597,0.9812491658881622,0.5,0.9903023772644624,0.7004459885987506,0.5142358500746878,0.0,0.0,1.0,0.0,0.0,0.0,0.0104166666666666,0.6,0.9809936645548516,0.0204778156996587,0.7672002337935716,0.5661710564630802,0.0,0.0,1.0,0.0,0.0,0.0,0.9985947809044772,0.9805333333333334,0.5004603312215182,0.9893849209842488,0.7000479724206563,0.5139446203001058,,
2024-07-15 12:04:31,hf_ctgan_syn_100000,500,0.0001,4,7.0,4,0.9995241979336597,0.9812491658881622,0.5,0.9903023772644624,0.7004459885987506,0.5142358500746878,0.0,0.0,1.0,0.0,0.0,0.0,0.0104166666666666,0.6,0.9809936645548516,0.0204778156996587,0.7672002337935716,0.5661710564630802,0.0,0.0,1.0,0.0,0.0,0.0,0.9985947809044772,0.9805333333333334,0.5004603312215182,0.9893849209842488,0.7000479724206563,0.5139446203001058,,
2024-07-15 12:04:55,hf_ctgan_syn_100000,500,0.0001,8,3.0,4,0.9995919477693144,0.9807820632590418,0.5714285714285714,0.9900976759851804,0.7486300109472509,0.5833889825662972,0.0,0.0,0.9990661686232656,0.0,0.0,0.0,0.0141843971631205,0.8,0.9814604868289428,0.0278745644599303,0.8860972799095788,0.7709206856436863,0.0,0.0,1.0,0.0,0.0,0.0,0.9986637234171176,0.9801333333333332,0.5718218935474468,0.989182876342414,0.74822665536367,0.5831014597444499,,
2024-07-15 12:05:15,hf_ctgan_syn_100000,500,0.0001,8,7.0,4,0.9995918922595564,0.9806486053650072,0.5714285714285714,0.990029641606036,0.7485790750729991,0.5833021205267003,0.0,0.0,0.9990661686232656,0.0,0.0,0.0,0.0140845070422535,0.8,0.9813271090363456,0.0276816608996539,0.8860370687669205,0.7708263906130322,0.0,0.0,1.0,0.0,0.0,0.0,0.9986636346624616,0.98,0.5718218490881826,0.9891148411608368,0.7481757469591866,0.583014647344413,,
2024-07-15 12:05:54,hf_ctgan_syn_100000,500,0.0001,10,3.0,4,0.9995910577971646,0.9786467369544908,0.5714285714285714,0.9890080248162384,0.747814620632104,0.5819994341980254,0.0,0.0,0.9990661686232656,0.0,0.0,0.0,0.0142348754448398,0.8,0.9815271757252416,0.0279720279720279,0.8861273839466838,0.7709678320916356,0.0,0.0,0.9977998533235548,0.0,0.0,0.0,0.9986628511017024,0.978,0.5718217691006338,0.9880942746690672,0.7474120361141628,0.581713224003471,,
2024-07-15 12:06:31,hf_ctgan_syn_100000,500,0.0001,10,7.0,4,0.9995910577971646,0.9786467369544908,0.5714285714285714,0.9890080248162384,0.747814620632104,0.5819994341980254,0.0,0.0,0.9990661686232656,0.0,0.0,0.0,0.0142348754448398,0.8,0.9815271757252416,0.0279720279720279,0.8861273839466838,0.7709678320916356,0.0,0.0,0.9977998533235548,0.0,0.0,0.0,0.9986628511017024,0.978,0.5718217691006338,0.9880942746690672,0.7474120361141628,0.581713224003471,,
2024-07-15 12:06:54,hf_ctgan_syn_100000,1500,0.0001,2,1.0,4,0.9993246893571044,0.9874549579607632,0.2857142857142857,0.9933543666510036,0.5311590985653823,0.301928196732004,0.0,0.0,1.0,0.0,0.0,0.0,0.015625,0.6,0.9873957985995332,0.0304568527918781,0.7696996031957661,0.5694867001237824,0.0,0.0,1.0,0.0,0.0,0.0,0.9983971946470376,0.9867333333333334,0.2863767509804855,0.9924373881930598,0.5309199166077866,0.301836225981762,,
2024-07-15 12:07:13,hf_ctgan_syn_100000,1500,0.0001,2,3.0,4,0.9993246893571044,0.9874549579607632,0.2857142857142857,0.9933543666510036,0.5311590985653823,0.301928196732004,0.0,0.0,1.0,0.0,0.0,0.0,0.015625,0.6,0.9873957985995332,0.0304568527918781,0.7696996031957661,0.5694867001237824,0.0,0.0,1.0,0.0,0.0,0.0,0.9983971946470376,0.9867333333333334,0.2863767509804855,0.9924373881930598,0.5309199166077866,0.301836225981762,,
2024-07-15 12:07:32,hf_ctgan_syn_100000,1500,0.0001,2,5.0,4,0.9993246893571044,0.9874549579607632,0.2857142857142857,0.9933543666510036,0.5311590985653823,0.301928196732004,0.0,0.0,1.0,0.0,0.0,0.0,0.015625,0.6,0.9873957985995332,0.0304568527918781,0.7696996031957661,0.5694867001237824,0.0,0.0,1.0,0.0,0.0,0.0,0.9983971946470376,0.9867333333333334,0.2863767509804855,0.9924373881930598,0.5309199166077866,0.301836225981762,,
2024-07-15 12:07:49,hf_ctgan_syn_100000,1500,0.0001,2,7.0,4,0.9993246893571044,0.9874549579607632,0.2857142857142857,0.9933543666510036,0.5311590985653823,0.301928196732004,0.0,0.0,1.0,0.0,0.0,0.0,0.015625,0.6,0.9873957985995332,0.0304568527918781,0.7696996031957661,0.5694867001237824,0.0,0.0,1.0,0.0,0.0,0.0,0.9983971946470376,0.9867333333333334,0.2863767509804855,0.9924373881930598,0.5309199166077866,0.301836225981762,,
2024-07-15 12:08:08,hf_ctgan_syn_100000,1500,0.0001,2,9.0,4,0.9993246893571044,0.9874549579607632,0.2857142857142857,0.9933543666510036,0.5311590985653823,0.301928196732004,0.0,0.0,1.0,0.0,0.0,0.0,0.015625,0.6,0.9873957985995332,0.0304568527918781,0.7696996031957661,0.5694867001237824,0.0,0.0,1.0,0.0,0.0,0.0,0.9983971946470376,0.9867333333333334,0.2863767509804855,0.9924373881930598,0.5309199166077866,0.301836225981762,,
2024-07-15 12:08:32,hf_ctgan_syn_100000,1500,0.0001,4,1.0,4,0.9995241979336597,0.9812491658881622,0.5,0.9903023772644624,0.7004459885987506,0.5142358500746878,0.0,0.0,1.0,0.0,0.0,0.0,0.0104166666666666,0.6,0.9809936645548516,0.0204778156996587,0.7672002337935716,0.5661710564630802,0.0,0.0,1.0,0.0,0.0,0.0,0.9985947809044772,0.9805333333333334,0.5004603312215182,0.9893849209842488,0.7000479724206563,0.5139446203001058,,
2024-07-15 12:08:57,hf_ctgan_syn_100000,1500,0.0001,4,3.0,4,0.9995241979336597,0.9812491658881622,0.5,0.9903023772644624,0.7004459885987506,0.5142358500746878,0.0,0.0,1.0,0.0,0.0,0.0,0.0104166666666666,0.6,0.9809936645548516,0.0204778156996587,0.7672002337935716,0.5661710564630802,0.0,0.0,1.0,0.0,0.0,0.0,0.9985947809044772,0.9805333333333334,0.5004603312215182,0.9893849209842488,0.7000479724206563,0.5139446203001058,,
2024-07-15 12:09:21,hf_ctgan_syn_100000,1500,0.0001,4,5.0,4,0.9995241979336597,0.9812491658881622,0.5,0.9903023772644624,0.7004459885987506,0.5142358500746878,0.0,0.0,1.0,0.0,0.0,0.0,0.0104166666666666,0.6,0.9809936645548516,0.0204778156996587,0.7672002337935716,0.5661710564630802,0.0,0.0,1.0,0.0,0.0,0.0,0.9985947809044772,0.9805333333333334,0.5004603312215182,0.9893849209842488,0.7000479724206563,0.5139446203001058,,
2024-07-15 12:09:44,hf_ctgan_syn_100000,1500,0.0001,4,7.0,4,0.9995241979336597,0.9812491658881622,0.5,0.9903023772644624,0.7004459885987506,0.5142358500746878,0.0,0.0,1.0,0.0,0.0,0.0,0.0104166666666666,0.6,0.9809936645548516,0.0204778156996587,0.7672002337935716,0.5661710564630802,0.0,0.0,1.0,0.0,0.0,0.0,0.9985947809044772,0.9805333333333334,0.5004603312215182,0.9893849209842488,0.7000479724206563,0.5139446203001058,,
2024-07-15 12:10:09,hf_ctgan_syn_100000,1500,0.0001,4,9.0,4,0.9995241979336597,0.9812491658881622,0.5,0.9903023772644624,0.7004459885987506,0.5142358500746878,0.0,0.0,1.0,0.0,0.0,0.0,0.0104166666666666,0.6,0.9809936645548516,0.0204778156996587,0.7672002337935716,0.5661710564630802,0.0,0.0,1.0,0.0,0.0,0.0,0.9985947809044772,0.9805333333333334,0.5004603312215182,0.9893849209842488,0.7000479724206563,0.5139446203001058,,
2024-07-15 12:11:02,hf_ctgan_syn_100000,1500,0.0001,8,1.0,4,0.9995919477693144,0.9807820632590418,0.5714285714285714,0.9900976759851804,0.7486300109472509,0.5833889825662972,0.0,0.0,0.9990661686232656,0.0,0.0,0.0,0.0141843971631205,0.8,0.9814604868289428,0.0278745644599303,0.8860972799095788,0.7709206856436863,0.0,0.0,1.0,0.0,0.0,0.0,0.9986637234171176,0.9801333333333332,0.5718218935474468,0.989182876342414,0.74822665536367,0.5831014597444499,,
2024-07-15 12:11:53,hf_ctgan_syn_100000,1500,0.0001,8,3.0,4,0.9995919477693144,0.9807820632590418,0.5714285714285714,0.9900976759851804,0.7486300109472509,0.5833889825662972,0.0,0.0,0.9990661686232656,0.0,0.0,0.0,0.0141843971631205,0.8,0.9814604868289428,0.0278745644599303,0.8860972799095788,0.7709206856436863,0.0,0.0,1.0,0.0,0.0,0.0,0.9986637234171176,0.9801333333333332,0.5718218935474468,0.989182876342414,0.74822665536367,0.5831014597444499,,
2024-07-15 12:12:39,hf_ctgan_syn_100000,1500,0.0001,8,5.0,4,0.9995919200163232,0.9807153343120244,0.5714285714285714,0.9900636599413924,0.7486045434433416,0.5833455512920558,0.0,0.0,0.9990661686232656,0.0,0.0,0.0,0.0141342756183745,0.8,0.9813937979326444,0.0277777777777777,0.8860671748496924,0.7708735384841519,0.0,0.0,1.0,0.0,0.0,0.0,0.9986636789828476,0.9800666666666666,0.5718218713178147,0.9891488597847063,0.7482012015944111,0.5830580532903445,,
2024-07-15 12:13:30,hf_ctgan_syn_100000,1500,0.0001,8,7.0,4,0.9995919200163232,0.9807153343120244,0.5714285714285714,0.9900636599413924,0.7486045434433416,0.5833455512920558,0.0,0.0,0.9990661686232656,0.0,0.0,0.0,0.0141342756183745,0.8,0.9813937979326444,0.0277777777777777,0.8860671748496924,0.7708735384841519,0.0,0.0,1.0,0.0,0.0,0.0,0.9986636789828476,0.9800666666666666,0.5718218713178147,0.9891488597847063,0.7482012015944111,0.5830580532903445,,
2024-07-15 12:14:25,hf_ctgan_syn_100000,1500,0.0001,8,9.0,4,0.9995919200163232,0.9807153343120244,0.5714285714285714,0.9900636599413924,0.7486045434433416,0.5833455512920558,0.0,0.0,0.9990661686232656,0.0,0.0,0.0,0.0141342756183745,0.8,0.9813937979326444,0.0277777777777777,0.8860671748496924,0.7708735384841519,0.0,0.0,1.0,0.0,0.0,0.0,0.9986636789828476,0.9800666666666666,0.5718218713178147,0.9891488597847063,0.7482012015944111,0.5830580532903445,,
2024-07-15 12:16:06,hf_ctgan_syn_100000,1500,0.0001,10,1.0,4,0.999591113534142,0.9787801948485252,0.5714285714285714,0.9890761968981794,0.7478656085720693,0.5820862657044628,0.0,0.0,0.9990661686232656,0.0,0.0,0.0,0.014336917562724,0.8,0.9816605535178392,0.028169014084507,0.8861875889529662,0.7710621228527771,0.0,0.0,0.9977998533235548,0.0,0.0,0.0,0.9986629408006976,0.9781333333333332,0.571821813559898,0.9881624487857692,0.7474629965337196,0.5818000058974229,,
2024-07-15 12:17:44,hf_ctgan_syn_100000,1500,0.0001,10,3.0,4,0.9995911413969336,0.9788469237955424,0.5714285714285714,0.9891102794915884,0.7478911012385016,0.5821296822210105,0.0,0.0,0.9990661686232656,0.0,0.0,0.0,0.014388489208633,0.8,0.981727242414138,0.0282685512367491,0.8862176899223523,0.77110926716597,0.0,0.0,0.9977998533235548,0.0,0.0,0.0,0.9986629858280328,0.9782,0.57182183578953,0.9881965327478084,0.7474884754406531,0.5818433976066595,,
2024-07-15 12:19:23,hf_ctgan_syn_100000,1500,0.0001,10,5.0,4,0.9995910577971646,0.9786467369544908,0.5714285714285714,0.9890080248162384,0.747814620632104,0.5819994341980254,0.0,0.0,0.9990661686232656,0.0,0.0,0.0,0.0142348754448398,0.8,0.9815271757252416,0.0279720279720279,0.8861273839466838,0.7709678320916356,0.0,0.0,0.9977998533235548,0.0,0.0,0.0,0.9986628511017024,0.978,0.5718217691006338,0.9880942746690672,0.7474120361141628,0.581713224003471,,
2024-07-15 12:21:01,hf_ctgan_syn_100000,1500,0.0001,10,7.0,4,0.9995910577971646,0.9786467369544908,0.5714285714285714,0.9890080248162384,0.747814620632104,0.5819994341980254,0.0,0.0,0.9990661686232656,0.0,0.0,0.0,0.0142348754448398,0.8,0.9815271757252416,0.0279720279720279,0.8861273839466838,0.7709678320916356,0.0,0.0,0.9977998533235548,0.0,0.0,0.0,0.9986628511017024,0.978,0.5718217691006338,0.9880942746690672,0.7474120361141628,0.581713224003471,,
2024-07-15 12:22:38,hf_ctgan_syn_100000,1500,0.0001,10,9.0,4,0.9995910577971646,0.9786467369544908,0.5714285714285714,0.9890080248162384,0.747814620632104,0.5819994341980254,0.0,0.0,0.9990661686232656,0.0,0.0,0.0,0.0142348754448398,0.8,0.9815271757252416,0.0279720279720279,0.8861273839466838,0.7709678320916356,0.0,0.0,0.9977998533235548,0.0,0.0,0.0,0.9986628511017024,0.978,0.5718217691006338,0.9880942746690672,0.7474120361141628,0.581713224003471,,
2024-07-15 12:22:52,hf_ctgan_syn_100000,1000,0.0001,2,1.0,4,0.9993246893571044,0.9874549579607632,0.2857142857142857,0.9933543666510036,0.5311590985653823,0.301928196732004,0.0,0.0,1.0,0.0,0.0,0.0,0.015625,0.6,0.9873957985995332,0.0304568527918781,0.7696996031957661,0.5694867001237824,0.0,0.0,1.0,0.0,0.0,0.0,0.9983971946470376,0.9867333333333334,0.2863767509804855,0.9924373881930598,0.5309199166077866,0.301836225981762,,
2024-07-15 12:23:07,hf_ctgan_syn_100000,1000,0.0001,2,3.0,4,0.9993246893571044,0.9874549579607632,0.2857142857142857,0.9933543666510036,0.5311590985653823,0.301928196732004,0.0,0.0,1.0,0.0,0.0,0.0,0.015625,0.6,0.9873957985995332,0.0304568527918781,0.7696996031957661,0.5694867001237824,0.0,0.0,1.0,0.0,0.0,0.0,0.9983971946470376,0.9867333333333334,0.2863767509804855,0.9924373881930598,0.5309199166077866,0.301836225981762,,
2024-07-15 12:23:21,hf_ctgan_syn_100000,1000,0.0001,2,5.0,4,0.9993246893571044,0.9874549579607632,0.2857142857142857,0.9933543666510036,0.5311590985653823,0.301928196732004,0.0,0.0,1.0,0.0,0.0,0.0,0.015625,0.6,0.9873957985995332,0.0304568527918781,0.7696996031957661,0.5694867001237824,0.0,0.0,1.0,0.0,0.0,0.0,0.9983971946470376,0.9867333333333334,0.2863767509804855,0.9924373881930598,0.5309199166077866,0.301836225981762,,
2024-07-15 12:23:36,hf_ctgan_syn_100000,1000,0.0001,2,7.0,4,0.9993246893571044,0.9874549579607632,0.2857142857142857,0.9933543666510036,0.5311590985653823,0.301928196732004,0.0,0.0,1.0,0.0,0.0,0.0,0.015625,0.6,0.9873957985995332,0.0304568527918781,0.7696996031957661,0.5694867001237824,0.0,0.0,1.0,0.0,0.0,0.0,0.9983971946470376,0.9867333333333334,0.2863767509804855,0.9924373881930598,0.5309199166077866,0.301836225981762,,
2024-07-15 12:23:53,hf_ctgan_syn_100000,1000,0.0001,2,9.0,4,0.9993246893571044,0.9874549579607632,0.2857142857142857,0.9933543666510036,0.5311590985653823,0.301928196732004,0.0,0.0,1.0,0.0,0.0,0.0,0.015625,0.6,0.9873957985995332,0.0304568527918781,0.7696996031957661,0.5694867001237824,0.0,0.0,1.0,0.0,0.0,0.0,0.9983971946470376,0.9867333333333334,0.2863767509804855,0.9924373881930598,0.5309199166077866,0.301836225981762,,
2024-07-15 12:24:12,hf_ctgan_syn_100000,1000,0.0001,4,3.0,4,0.9995241979336597,0.9812491658881622,0.5,0.9903023772644624,0.7004459885987506,0.5142358500746878,0.0,0.0,1.0,0.0,0.0,0.0,0.0104166666666666,0.6,0.9809936645548516,0.0204778156996587,0.7672002337935716,0.5661710564630802,0.0,0.0,1.0,0.0,0.0,0.0,0.9985947809044772,0.9805333333333334,0.5004603312215182,0.9893849209842488,0.7000479724206563,0.5139446203001058,,
2024-07-15 12:24:31,hf_ctgan_syn_100000,1000,0.0001,4,7.0,4,0.9995241979336597,0.9812491658881622,0.5,0.9903023772644624,0.7004459885987506,0.5142358500746878,0.0,0.0,1.0,0.0,0.0,0.0,0.0104166666666666,0.6,0.9809936645548516,0.0204778156996587,0.7672002337935716,0.5661710564630802,0.0,0.0,1.0,0.0,0.0,0.0,0.9985947809044772,0.9805333333333334,0.5004603312215182,0.9893849209842488,0.7000479724206563,0.5139446203001058,,
2024-07-15 12:25:09,hf_ctgan_syn_100000,1000,0.0001,8,3.0,4,0.9995919477693144,0.9807820632590418,0.5714285714285714,0.9900976759851804,0.7486300109472509,0.5833889825662972,0.0,0.0,0.9990661686232656,0.0,0.0,0.0,0.0141843971631205,0.8,0.9814604868289428,0.0278745644599303,0.8860972799095788,0.7709206856436863,0.0,0.0,1.0,0.0,0.0,0.0,0.9986637234171176,0.9801333333333332,0.5718218935474468,0.989182876342414,0.74822665536367,0.5831014597444499,,
2024-07-15 12:25:45,hf_ctgan_syn_100000,1000,0.0001,8,7.0,4,0.9995918922595564,0.9806486053650072,0.5714285714285714,0.990029641606036,0.7485790750729991,0.5833021205267003,0.0,0.0,0.9990661686232656,0.0,0.0,0.0,0.0140845070422535,0.8,0.9813271090363456,0.0276816608996539,0.8860370687669205,0.7708263906130322,0.0,0.0,1.0,0.0,0.0,0.0,0.9986636346624616,0.98,0.5718218490881826,0.9891148411608368,0.7481757469591866,0.583014647344413,,
2024-07-15 12:26:57,hf_ctgan_syn_100000,1000,0.0001,10,3.0,4,0.9995911413969336,0.9788469237955424,0.5714285714285714,0.9891102794915884,0.7478911012385016,0.5821296822210105,0.0,0.0,0.9990661686232656,0.0,0.0,0.0,0.014388489208633,0.8,0.981727242414138,0.0282685512367491,0.8862176899223523,0.77110926716597,0.0,0.0,0.9977998533235548,0.0,0.0,0.0,0.9986629858280328,0.9782,0.57182183578953,0.9881965327478084,0.7474884754406531,0.5818433976066595,,
2024-07-15 12:28:04,hf_ctgan_syn_100000,1000,0.0001,10,7.0,4,0.9995910577971646,0.9786467369544908,0.5714285714285714,0.9890080248162384,0.747814620632104,0.5819994341980254,0.0,0.0,0.9990661686232656,0.0,0.0,0.0,0.0142348754448398,0.8,0.9815271757252416,0.0279720279720279,0.8861273839466838,0.7709678320916356,0.0,0.0,0.9977998533235548,0.0,0.0,0.0,0.9986628511017024,0.978,0.5718217691006338,0.9880942746690672,0.7474120361141628,0.581713224003471,,
2024-07-15 12:28:12,hf_ctgan_syn_150000,100,0.1,2,1.0,4,0.9996500559910414,0.9530895502468972,0.6428571428571429,0.9758147161303546,0.7827518285885505,0.6317083779492911,0.0036231884057971,0.125,0.9816568836712912,0.0070422535211267,0.3502957471322074,0.1121953213739074,0.0076530612244897,0.6,0.97405801933978,0.0151133501259445,0.7644833625422256,0.5625735587976919,0.0,0.0,0.9970664710980732,0.0,0.0,0.0,0.9987215326596742,0.9524666666666668,0.6431718502996207,0.9749127493805528,0.7824629124011858,0.6313661454875371,,
2024-07-15 12:28:18,hf_ctgan_syn_150000,100,0.1,2,3.0,4,0.9996506916305716,0.9548245028693448,0.6428571428571429,0.9767235494880548,0.7834639441892517,0.6329647998082647,0.0036231884057971,0.125,0.9816568836712912,0.0070422535211267,0.3502957471322074,0.1121953213739074,0.0076142131979695,0.6,0.9739246415471824,0.0150375939849624,0.7644310203859531,0.5625043195792396,0.0,0.0,0.9989332622174812,0.0,0.0,0.0,0.9987221547565986,0.9542,0.6431719302930978,0.9758207092417388,0.7831743459132743,0.6326213716063696,,
2024-07-15 12:28:24,hf_ctgan_syn_150000,100,0.1,2,5.0,4,0.9996506672255993,0.9547577739223276,0.6428571428571429,0.976688624185126,0.7834365670967584,0.6329164687344027,0.0036496350364963,0.125,0.981790288153682,0.0070921985815602,0.3503195484400068,0.1122089312205392,0.0076923076923076,0.6,0.9741913971323776,0.0151898734177215,0.7645357011150142,0.562642795881388,0.0,0.0,0.9984665644376292,0.0,0.0,0.0,0.998722170510772,0.9541333333333334,0.6431720592474981,0.975785893932936,0.7831470419603411,0.6325731390588619,,
2024-07-15 12:28:30,hf_ctgan_syn_150000,100,0.1,2,7.0,4,0.9996510085851888,0.9556919791805686,0.6428571428571429,0.9771773615801862,0.7838197593755266,0.6335931558656732,0.003584229390681,0.125,0.9814567769477054,0.0069686411149825,0.3502600421379281,0.1121749057697367,0.0080862533692722,0.6,0.975458486162054,0.0159574468085106,0.7650327389708446,0.5633004417055324,0.0,0.0,0.9984665644376292,0.0,0.0,0.0,0.9987226079839744,0.9550666666666666,0.6431723037378648,0.9762743651335756,0.7835300105355733,0.6332493956838442,,
2024-07-15 12:28:36,hf_ctgan_syn_150000,100,0.1,2,9.0,4,0.9996506184054224,0.9546243160282932,0.6428571428571429,0.9766187664265964,0.7833818100415038,0.6328198083041686,0.0035460992907801,0.125,0.9812566702241196,0.0068965517241379,0.350224333503563,0.1121544891644985,0.0074441687344913,0.6,0.9733244414804936,0.0147058823529411,0.7641954363173704,0.5621927166785949,0.0,0.0,0.9997333155543704,0.0,0.0,0.0,0.9987219838041106,0.954,0.6431715701161262,0.9757158356996356,0.7830921718087728,0.6324763897828655,,
2024-07-15 12:28:42,hf_ctgan_syn_150000,100,0.1,4,1.0,4,0.9997098084735926,0.9195248898972376,0.7142857142857143,0.9579423010079944,0.8104341384614429,0.6702836735235115,0.0017699115044247,0.125,0.9623799359658484,0.0034904013961605,0.3468392884258227,0.1102240213813073,0.0075949367088607,0.6,0.9738579526508836,0.0149999999999999,0.7644048479637804,0.5624696991694799,0.0,0.0,0.9829321954796988,0.0,0.0,0.0,0.998780221584056,0.9189333333333334,0.7145224650488117,0.9570550830744652,0.8101175158353605,0.6699043514726827,,
2024-07-15 12:28:48,hf_ctgan_syn_150000,100,0.1,4,3.0,4,0.9997103128621088,0.9211263846256508,0.7142857142857143,0.958810863374314,0.8111395795975872,0.6715564460800199,0.0018621973929236,0.125,0.964247598719317,0.0036697247706422,0.3471756757607229,0.1104154188174639,0.0076726342710997,0.6,0.9741247082360788,0.0151515151515151,0.7645095322765094,0.5626081776063845,0.0,0.0,0.9823988265884392,0.0,0.0,0.0,0.9987808006201376,0.9205333333333332,0.7145235144962159,0.9579229809267596,0.8108225128611273,0.6711760843462499,,
2024-07-15 12:28:55,hf_ctgan_syn_150000,100,0.1,4,5.0,4,0.9997105225068752,0.9217936740958228,0.7142857142857143,0.9591723371753924,0.8114333323974235,0.6720868761168369,0.0018382352941176,0.125,0.96378068303095,0.0036231884057971,0.3470916094907348,0.1103675776338095,0.0077922077922077,0.6,0.9745248416138712,0.0153846153846153,0.7646665318740731,0.5628158792510697,0.0,0.0,0.9831322088139208,0.0,0.0,0.0,0.9987810371472896,0.9212,0.7145234477444564,0.9582841702329732,0.811115998989539,0.6717060630336162,,
2024-07-15 12:29:01,hf_ctgan_syn_150000,100,0.1,4,7.0,4,0.9997105853411477,0.9219938609368744,0.7142857142857143,0.9592807303780332,0.8115214375026324,0.6722460175319779,0.0018484288354898,0.125,0.9639807897545356,0.0036429872495446,0.3471276403850851,0.1103880816656111,0.0078534031413612,0.6,0.9747249083027676,0.0155038759689922,0.7647450195860451,0.5629197228686098,0.0,0.0,0.9829321954796988,0.0,0.0,0.0,0.998781125757922,0.9214,0.7145236078227162,0.9583925125815363,0.8112040672423639,0.6718651014667926,,
2024-07-15 12:29:08,hf_ctgan_syn_150000,100,0.1,4,9.0,4,0.9997099347353154,0.9199252635793408,0.7142857142857143,0.9581595774256324,0.8106105563001529,0.6706018323128344,0.001763668430335,0.125,0.9622465314834578,0.0034782608695652,0.3468152482741095,0.1102103467989758,0.0076726342710997,0.6,0.9741247082360788,0.0151515151515151,0.7645095322765094,0.5626081776063845,0.0,0.0,0.9831988799253284,0.0,0.0,0.0,0.9987803702974823,0.9193333333333332,0.7145225005972459,0.9572722007308828,0.8102937910907778,0.6702222521801707,,
2024-07-15 12:29:16,hf_ctgan_syn_150000,100,0.1,8,1.0,4,0.9997071313515888,0.9111170425730682,0.7142857142857143,0.9533584694875016,0.8067204519238319,0.6636076288175419,0.0014409221902017,0.125,0.9537753468516542,0.0028490028490028,0.3452852709810495,0.1093410996826375,0.0079155672823219,0.6,0.974924974991664,0.015625,0.7648234992434518,0.5630235616829484,0.0,0.0,0.982065471031402,0.0,0.0,0.0,0.9987774783765896,0.9105333333333332,0.714518173827101,0.9524753960508328,0.8064066061463073,0.6632342514710372,,
2024-07-15 12:29:24,hf_ctgan_syn_150000,100,0.1,8,3.0,4,0.9995608899297423,0.9113839583611372,0.5714285714285714,0.953438045375218,0.7216583910336116,0.5384953982754379,0.0014619883040935,0.125,0.9544423692636071,0.0028901734104046,0.3454059874379002,0.1094096094068561,0.0053908355795148,0.4,0.9753917972657552,0.0106382978723404,0.6246252627826561,0.3677074213356214,0.0,0.0,0.9812654176945128,0.0,0.0,0.0,0.9986305431047632,0.9107333333333332,0.5717948223191136,0.9525532573913108,0.7213772681495414,0.5381737235025097,,
2024-07-15 12:29:32,hf_ctgan_syn_150000,100,0.1,8,5.0,4,0.9997070670084218,0.9109168557320164,0.7142857142857143,0.953248839076848,0.806631822426713,0.6634487984589591,0.0014326647564469,0.125,0.953508537886873,0.0028328611898017,0.345236972579501,0.1093136926785178,0.0079787234042553,0.6,0.97512504168056,0.0157480314960629,0.7649019708487723,0.5631273956940854,0.0,0.0,0.9819321288085872,0.0,0.0,0.0,0.998777430741552,0.9103333333333332,0.7145180893284013,0.9523659003635092,0.8063180597681069,0.6630755893483907,,
2024-07-15 12:29:40,hf_ctgan_syn_150000,100,0.1,8,7.0,4,0.9997071527930302,0.9111837715200856,0.7142857142857143,0.953395007854774,0.8067499929257982,0.6636605735426178,0.001477104874446,0.125,0.9549092849519744,0.002919708029197,0.345490463861156,0.1094575595956406,0.0078534031413612,0.6,0.9747249083027676,0.0155038759689922,0.7647450195860451,0.5629197228686098,0.0,0.0,0.9811987465831056,0.0,0.0,0.0,0.9987774983740704,0.9106,0.7145186541235617,0.9525118976503816,0.8064362028529888,0.6632871742800518,,
2024-07-15 12:29:49,hf_ctgan_syn_150000,100,0.1,8,9.0,4,0.9995607291895452,0.9110503136260508,0.5714285714285714,0.9532553674288706,0.7215262844934246,0.5382808932002143,0.0014025245441795,0.125,0.9525080042689434,0.0027739251040221,0.3450557933633602,0.109210900562833,0.0082872928176795,0.6,0.9760586862287428,0.0163487738419618,0.7652680652799029,0.5636118909037257,0.0,0.0,0.9822654843656244,0.0,0.0,0.0,0.9986313162863312,0.9104666666666666,0.5717940796252156,0.9523725914372732,0.7212919790727844,0.5380246141438288,,
2024-07-15 12:30:00,hf_ctgan_syn_150000,100,0.1,10,1.0,4,0.999632973647508,0.9087148004804484,0.6428571428571429,0.9520081093362228,0.7643126325718159,0.5997045081283615,0.0041152263374485,0.375,0.9515741728922092,0.0081411126187245,0.59736112598208,0.3362658238965442,0.0074441687344913,0.6,0.9733244414804936,0.0147058823529411,0.7641954363173704,0.5621927166785949,0.0,0.0,0.9836655777051804,0.0,0.0,0.0,0.9987046590490616,0.9082666666666668,0.6431546682683592,0.95112881232169,0.7641725985273785,0.5995115232657462,,
2024-07-15 12:30:12,hf_ctgan_syn_150000,100,0.1,10,3.0,4,0.9997067878610174,0.9100493794207928,0.7142857142857143,0.9527735084532624,0.8062476486879525,0.6627605997269462,0.004225352112676,0.375,0.95284151547492,0.0083565459610027,0.5977587877255298,0.3366683913539908,0.0077319587628865,0.6,0.974324774924975,0.015267175572519,0.7645880361050551,0.562712030830328,0.0,0.0,0.982665511034069,0.0,0.0,0.0,0.9987785590330616,0.9096,0.7145175157196783,0.9518937990617428,0.806068818247999,0.6625091503195333,,
2024-07-15 12:30:23,hf_ctgan_syn_150000,100,0.1,10,5.0,4,0.9996326230712712,0.9078473241692246,0.6428571428571429,0.9515316827528326,0.7639477318285134,0.599081391561056,0.0027397260273972,0.25,0.9514407684098186,0.005420054200542,0.4877091265318444,0.2211757085102093,0.0026455026455026,0.2,0.9748582860953652,0.0052219321148825,0.4415559502702608,0.1798641168040786,0.0,0.0,0.9811987465831056,0.0,0.0,0.0,0.998701975644501,0.9072,0.6431549439454322,0.9506482178552086,0.7636420107963805,0.5987001640124058,,
2024-07-15 12:30:34,hf_ctgan_syn_150000,100,0.1,10,7.0,4,0.9994862762366064,0.9087815294274656,0.5,0.9519781909688242,0.6740851316515836,0.4729654198894723,0.0028530670470756,0.25,0.9533751334044824,0.005641748942172,0.4882046531436592,0.2215792743100482,0.0051020408163265,0.4,0.9739913304434812,0.0100755667506297,0.6241766834618163,0.3672340289933256,0.0,0.0,0.9812654176945128,0.0,0.0,0.0,0.998556644694816,0.9082,0.5004318815424765,0.951096045445606,0.6739244202382059,0.4727645724535387,,
2024-07-15 12:30:45,hf_ctgan_syn_150000,100,0.1,10,9.0,4,0.9995608577911148,0.91131722941412,0.5714285714285714,0.9534015148870816,0.7216319716603153,0.5384524962426211,0.0014903129657228,0.125,0.9553094983991464,0.0029455081001472,0.3455628557873275,0.1094986554194966,0.0076726342710997,0.6,0.9741247082360788,0.0151515151515151,0.7645095322765094,0.5626081776063845,0.0,0.0,0.9816654443629576,0.0,0.0,0.0,0.9986312867021816,0.9107333333333332,0.5717948890934205,0.952518294915891,0.7213975851872778,0.5381958759215539,,
2024-07-15 12:30:55,hf_ctgan_syn_150000,500,0.1,2,1.0,4,0.9997817070508622,0.9168557320165488,0.7857142857142857,0.9565247659159736,0.8487559405296856,0.7298339012574232,0.0016891891891891,0.125,0.9605789754535752,0.0033333333333333,0.3465146056542161,0.1100393769798001,0.0071599045346062,0.6,0.9722574191397132,0.0141509433962264,0.7637764407755897,0.5616386492285247,0.0,0.0,0.9835989065937728,0.0,0.0,0.0,0.9988518649933604,0.9162666666666668,0.7858829202346804,0.955638504226695,0.848403168255132,0.7293986235003816,,
2024-07-15 12:31:05,hf_ctgan_syn_150000,500,0.1,2,3.0,4,0.9997816434966156,0.91658881622848,0.7857142857142857,0.956379460400348,0.8486323862760969,0.7296022087579703,0.0016583747927031,0.125,0.9598452508004268,0.0032733224222585,0.3463822402347634,0.1099641282358773,0.0072992700729927,0.6,0.9727909303101032,0.0144230769230769,0.7639859672703825,0.56191570003161,0.0,0.0,0.9835322354823656,0.0,0.0,0.0,0.9988518315192656,0.916,0.7858827023071815,0.9554933930349072,0.8482797285661213,0.729167199464866,,
2024-07-15 12:31:15,hf_ctgan_syn_150000,500,0.1,2,5.0,4,0.99978184991274,0.9174562925397036,0.7857142857142857,0.9568515554318324,0.8490338718607816,0.7303552503147077,0.0016891891891891,0.125,0.9605789754535752,0.0033333333333333,0.3465146056542161,0.1100393769798001,0.0073170731707317,0.6,0.972857619206402,0.0144578313253012,0.7640121540419637,0.5619503289803948,0.0,0.0,0.9835989065937728,0.0,0.0,0.0,0.9988520601114458,0.9168666666666668,0.7858831203013694,0.9559650910349822,0.848680918754741,0.7299195898584634,,
2024-07-15 12:31:25,hf_ctgan_syn_150000,500,0.1,2,7.0,4,0.9997819450501526,0.9178566662218072,0.7857142857142857,0.9570693014194268,0.8492191088809546,0.7307028478402178,0.0017064846416382,0.125,0.9609791889007472,0.0033670033670033,0.3465867836669387,0.1100804160764965,0.0073710073710073,0.6,0.9730576858952984,0.0145631067961165,0.7640907089718988,0.562054212624615,0.0,0.0,0.9833988932595508,0.0,0.0,0.0,0.9988521823623716,0.9172666666666668,0.7858833871032151,0.956182686842163,0.8488660475669454,0.7302669194750159,,
2024-07-15 12:31:35,hf_ctgan_syn_150000,500,0.1,2,9.0,4,0.9997092177958709,0.9176564793807552,0.7142857142857143,0.9569271449446802,0.8096103469221454,0.6687992352938313,0.0016806722689075,0.125,0.9603788687299892,0.0033167495854063,0.346478511009339,0.1100188559298506,0.0072992700729927,0.6,0.9727909303101032,0.0144230769230769,0.7639859672703825,0.56191570003161,0.0,0.0,0.9841322754850323,0.0,0.0,0.0,0.9987794853078292,0.9170666666666668,0.7145211221441726,0.9560405895681516,0.8092941611266465,0.6684210046307303,,
2024-07-15 12:31:46,hf_ctgan_syn_150000,500,0.1,4,1.0,4,0.9996329197562588,0.908581342586414,0.6428571428571429,0.951934841122802,0.764256505336009,0.5996086377436198,0.0027932960893854,0.25,0.9523745997865528,0.005524861878453,0.4879484091035016,0.2213705567373392,0.0078947368421052,0.6,0.9748582860953652,0.0155844155844155,0.7647973402524483,0.5629889492785247,0.0,0.0,0.981132075471698,0.0,0.0,0.0,0.9987040503680144,0.9080666666666668,0.6431554375440923,0.9510545100026176,0.7640583708626346,0.5993547302950786,,
2024-07-15 12:31:58,hf_ctgan_syn_150000,500,0.1,4,3.0,4,0.999706249541015,0.9083811557453624,0.7142857142857143,0.9518581966926546,0.8055083380544604,0.6614374427779747,0.0027739251040221,0.25,0.9520410885805763,0.0054869684499314,0.4878629645147744,0.2213009730901304,0.0077922077922077,0.6,0.9745248416138712,0.0153846153846153,0.7646665318740731,0.5628158792510697,0.0,0.0,0.9815321021401426,0.0,0.0,0.0,0.9987772672040964,0.9078666666666668,0.7145170799536378,0.9509778502973764,0.8052716126973088,0.6611257336434471,,
2024-07-15 12:32:10,hf_ctgan_syn_150000,500,0.1,4,5.0,4,0.9997067663661022,0.9099826504737756,0.7142857142857143,0.952736926677612,0.8062180892793638,0.6627076658156974,0.0027816411682892,0.25,0.9521744930629668,0.0055020632737276,0.487897144145917,0.2213288072163923,0.0079787234042553,0.6,0.97512504168056,0.0157480314960629,0.7649019708487723,0.5631273956940854,0.0,0.0,0.9823988265884392,0.0,0.0,0.0,0.9987778498339184,0.9094666666666666,0.7145174089510139,0.9518558893236242,0.8059807981965306,0.6623948898233495,,
2024-07-15 12:32:21,hf_ctgan_syn_150000,500,0.1,4,7.0,4,0.999632892804699,0.9085146136393968,0.6428571428571429,0.9518982031741592,0.7642284401722981,0.5995607034099941,0.0013986013986013,0.125,0.9523745997865528,0.0027662517289073,0.3450316289462737,0.1091971930565031,0.0078125,0.6,0.97459153051017,0.0154241645244215,0.7646926953398352,0.5628504943239389,0.0,0.0,0.9812654176945128,0.0,0.0,0.0,0.9987032521921606,0.9079333333333334,0.6431553575150454,0.9510163815736268,0.7639540747286886,0.5992469687545497,,
2024-07-15 12:32:33,hf_ctgan_syn_150000,500,0.1,4,9.0,4,0.9997063789180064,0.9087815294274656,0.7142857142857143,0.9520780174071096,0.805685834476914,0.6617549641876015,0.0014044943820224,0.125,0.9525747065101388,0.0027777777777777,0.3450678749373336,0.1092177541491534,0.0077120822622107,0.6,0.9742580860286764,0.015228426395939,0.7645618690578322,0.5626774136227025,0.0,0.0,0.98159877325155,0.0,0.0,0.0,0.998776639388774,0.9082,0.7145172800760793,0.9511959688811432,0.8053727511877213,0.6613831348277802,,
2024-07-15 12:32:42,hf_ctgan_syn_150000,500,0.1,8,1.0,4,0.9997070670084218,0.9109168557320164,0.7142857142857143,0.953248839076848,0.806631822426713,0.6634487984589591,0.0014144271570014,0.125,0.9529082177161152,0.0027972027972027,0.3451282764632802,0.1092520204123095,0.0078740157480314,0.6,0.9747915971990664,0.0155440414507772,0.7647711803666766,0.5629543363404117,0.0,0.0,0.9828655243682912,0.0,0.0,0.0,0.9987773861122804,0.9103333333333332,0.7145177202358539,0.9523658133490182,0.8063179582000175,0.6630754987700641,,
2024-07-15 12:32:53,hf_ctgan_syn_150000,500,0.1,8,3.0,4,0.9995598591549296,0.909248632056586,0.5714285714285714,0.952267803480327,0.7208124907973485,0.5371227856327518,0.0043227665706051,0.375,0.9539087513340448,0.0085470085470085,0.5980934556992468,0.337007302095714,0.0025,0.2,0.9733911303767924,0.0049382716049382,0.4412235556669186,0.1796219847429414,0.0,0.0,0.981732115474365,0.0,0.0,0.0,0.998630075428556,0.9086666666666666,0.5717939019471068,0.951385224692172,0.7206057901675329,0.5368610822555265,,
2024-07-15 12:33:04,hf_ctgan_syn_150000,500,0.1,8,5.0,4,0.9996336191104273,0.9103162952088616,0.6428571428571429,0.9528865295288652,0.7649858381919682,0.6008551313642444,0.002840909090909,0.25,0.9531750266808964,0.0056179775280898,0.4881534150963446,0.2215375347997765,0.0052493438320209,0.4,0.9747249083027676,0.0103626943005181,0.6244116937735127,0.3674820159793177,0.0,0.0,0.9821321421428096,0.0,0.0,0.0,0.9987038926653834,0.9097333333333332,0.643155886650283,0.9520036192540868,0.7647403371289649,0.6005349805988575,,
2024-07-15 12:33:16,hf_ctgan_syn_150000,500,0.1,8,7.0,4,0.9997067663661022,0.9099826504737756,0.7142857142857143,0.952736926677612,0.8062180892793638,0.6627076658156974,0.004341534008683,0.375,0.9541088580576308,0.0085836909871244,0.5981561850985171,0.3370708383496455,0.0049627791563275,0.4,0.9732577525841948,0.0098039215686274,0.6239415846324702,0.3669859989564155,0.0,0.0,0.9823321554770318,0.0,0.0,0.0,0.9987776764620172,0.9094666666666666,0.714517813737905,0.9518555514884288,0.8059926162229664,0.6623912384410414,,
2024-07-15 12:33:29,hf_ctgan_syn_150000,500,0.1,8,9.0,4,0.9996330813825494,0.9089817162685172,0.6428571428571429,0.952154615035124,0.7644248746801487,0.599896255767806,0.0041724617524339,0.375,0.9522411953041622,0.0082530949105914,0.597570454623604,0.3364777165217393,0.0025380710659898,0.2,0.9737912637545848,0.0050125313283208,0.441314233569366,0.1796880292986402,0.0,0.0,0.982665511034069,0.0,0.0,0.0,0.9987031618432156,0.9084,0.6431551129499589,0.9512720098888195,0.7641772204507695,0.5995757033876672,,
2024-07-15 12:33:44,hf_ctgan_syn_150000,500,0.1,10,1.0,4,0.9996325150668822,0.9075804083811556,0.6428571428571429,0.9513850027979854,0.7638354196062321,0.5988896828513892,0.0042134831460674,0.375,0.9527081109925294,0.0083333333333333,0.5977169410533706,0.3366260215048701,0.0070093457943925,0.6,0.9716572190730244,0.0138568129330254,0.7635406547419821,0.5613269262478401,0.0,0.0,0.9830655377025136,0.0,0.0,0.0,0.9987041083590958,0.9071333333333332,0.6431546772918767,0.9505061068441294,0.7636958024680756,0.5986973620009465,,
2024-07-15 12:33:56,hf_ctgan_syn_150000,500,0.1,10,3.0,4,0.9996334579576276,0.9099159215267584,0.6428571428571429,0.9526670625633143,0.7648175923401057,0.6005674446404502,0.0028449502133712,0.25,0.9532417289220918,0.0056258790436005,0.4881704950429951,0.2215514481923265,0.0075566750629722,0.6,0.973724574858286,0.0149253731343283,0.7643525004309017,0.5624004567488929,0.0,0.0,0.9827321821454764,0.0,0.0,0.0,0.9987045029286686,0.9094,0.6431556287829971,0.9517858822314564,0.7646189043514215,0.6003125426167379,,
2024-07-15 12:34:11,hf_ctgan_syn_150000,500,0.1,10,5.0,4,0.9996326230712712,0.9078473241692246,0.6428571428571429,0.9515316827528326,0.7639477318285134,0.599081391561056,0.0028089887640449,0.25,0.952641408751334,0.0055555555555555,0.488016754003214,0.2214262196508362,0.0024875621890547,0.2,0.9732577525841948,0.0049140049140049,0.4411933255578998,0.179599968467871,0.0,0.0,0.98159877325155,0.0,0.0,0.0,0.9987019599378084,0.9072,0.6431550774442217,0.9506481874801976,0.7636420539894611,0.5987002095689021,,
2024-07-15 12:34:27,hf_ctgan_syn_150000,500,0.1,10,7.0,4,0.9995596007046388,0.9087148004804484,0.5714285714285714,0.9519748339741348,0.7206008605840976,0.5367797138938379,0.0028169014084507,0.25,0.9527748132337248,0.0055710306406685,0.4880509228640298,0.2214540497728279,0.005050505050505,0.4,0.973724574858286,0.0099750623441396,0.6240912032253896,0.367143841233729,0.0,0.0,0.9819987999199946,0.0,0.0,0.0,0.9986298642597492,0.9081333333333332,0.5717934261072435,0.9510926203662152,0.7203966240074884,0.5365192096011604,,
2024-07-15 12:34:42,hf_ctgan_syn_150000,500,0.1,10,9.0,4,0.999560536145902,0.9106499399439476,0.5714285714285714,0.953036069695171,0.7213677247102787,0.5380235039031833,0.0014836795252225,0.125,0.9551093916755604,0.002932551319648,0.3455266617201125,0.1094781080081023,0.0049261083743842,0.4,0.9730576858952984,0.0097323600973236,0.6238774513941976,0.3669183469292476,0.0,0.0,0.982198813254217,0.0,0.0,0.0,0.998630046310704,0.91,0.571794462253647,0.9521513775108584,0.7210866882039313,0.5377020430727878,,
2024-07-15 12:35:02,hf_ctgan_syn_150000,1500,0.1,2,1.0,4,0.9996342087936206,0.9117843320432404,0.6428571428571429,0.9536904554179028,0.7656024233237679,0.6019101590138174,0.0014556040756914,0.125,0.9542422625400212,0.0028776978417266,0.3453697769311939,0.1093890576575026,0.0075566750629722,0.6,0.973724574858286,0.0149253731343283,0.7643525004309017,0.5624004567488929,0.0,0.0,0.9835322354823656,0.0,0.0,0.0,0.9987045120792748,0.9112,0.6431562157378159,0.9528068542227398,0.7653268424431728,0.6015941838484049,,
2024-07-15 12:35:23,hf_ctgan_syn_150000,1500,0.1,2,3.0,4,0.9996345563514106,0.912651808354464,0.6428571428571429,0.9541649225617412,0.7659665357847923,0.6025337146861174,0.0014970059880239,0.125,0.955509605122732,0.0029585798816568,0.3455990460639923,0.1095192018298232,0.009925558312655,0.8,0.9733911303767924,0.0196078431372549,0.8824471113338372,0.7652107132298517,0.0,0.0,0.9835322354823656,0.0,0.0,0.0,0.9987056710214472,0.9121333333333334,0.6431567805056994,0.9532824824909998,0.7657301022130719,0.6022848303644628,,
2024-07-15 12:35:41,hf_ctgan_syn_150000,1500,0.1,2,5.0,4,0.9996343960222288,0.9122514346723608,0.6428571428571429,0.953945991207871,0.7657985053921191,0.6022459077380091,0.0014947683109118,0.125,0.9554429028815368,0.0029542097488921,0.3455869830595361,0.1095123531376107,0.0098522167487684,0.8,0.973191063687896,0.0194647201946472,0.8823564194532257,0.7650690113109838,0.0,0.0,0.9833988932595508,0.0,0.0,0.0,0.99870548520129,0.9117333333333332,0.6431566693527928,0.9530637054346748,0.7655621919845359,0.6019972411495641,,
2024-07-15 12:35:54,hf_ctgan_syn_150000,1500,0.1,2,7.0,4,0.9997078799386548,0.9134525557186708,0.7142857142857143,0.9546357962272046,0.8077537441743133,0.6654610726791469,0.001564945226917,0.125,0.957443970117396,0.0030911901081916,0.3459486902196256,0.1097177655190558,0.0074074074074074,0.6,0.973191063687896,0.0146341463414634,0.7641430744387713,0.5621234657189831,0.0,0.0,0.9824654976998468,0.0,0.0,0.0,0.9987781230239688,0.9128666666666668,0.7145195791241861,0.9537513295008976,0.807439061006014,0.6650858663081628,,
2024-07-15 12:36:14,hf_ctgan_syn_150000,1500,0.1,2,9.0,4,0.9996347165400352,0.9130521820365676,0.6428571428571429,0.9543837622933669,0.7661345293246531,0.6028215422441082,0.0015060240963855,0.125,0.9557764140875132,0.0029761904761904,0.3456472938718589,0.1095465954863761,0.0075566750629722,0.6,0.973724574858286,0.0149253731343283,0.7643525004309017,0.5624004567488929,0.0,0.0,0.9832655510367356,0.0,0.0,0.0,0.99870504624247,0.9124666666666666,0.6431570161730115,0.9534995665411916,0.7658585998208255,0.6025048004745228,,
2024-07-15 12:36:26,hf_ctgan_syn_150000,1500,0.1,4,1.0,4,0.9996331621423332,0.9091819031095688,0.6428571428571429,0.952264467430808,0.7645090454471009,0.6000400725086052,0.0027739251040221,0.25,0.9520410885805763,0.0054869684499314,0.4878629645147744,0.2213009730901304,0.0077922077922077,0.6,0.9745248416138712,0.0153846153846153,0.7646665318740731,0.5628158792510697,0.0,0.0,0.9823988265884392,0.0,0.0,0.0,0.9987042480203198,0.9086666666666666,0.6431552329733631,0.9513837418495076,0.7643105860963829,0.599785667586329,,
2024-07-15 12:36:37,hf_ctgan_syn_150000,1500,0.1,4,3.0,4,0.999706249541015,0.9083811557453624,0.7142857142857143,0.9518581966926546,0.8055083380544604,0.6614374427779747,0.0027739251040221,0.25,0.9520410885805763,0.0054869684499314,0.4878629645147744,0.2213009730901304,0.0077922077922077,0.6,0.9745248416138712,0.0153846153846153,0.7646665318740731,0.5628158792510697,0.0,0.0,0.9815321021401426,0.0,0.0,0.0,0.9987772672040964,0.9078666666666668,0.7145170799536378,0.9509778502973764,0.8052716126973088,0.6611257336434471,,
2024-07-15 12:36:50,hf_ctgan_syn_150000,1500,0.1,4,5.0,4,0.9997067878610174,0.9100493794207928,0.7142857142857143,0.9527735084532624,0.8062476486879525,0.6627605997269462,0.0027777777777777,0.25,0.9521077908217715,0.0054945054945054,0.4878800546296629,0.221314890264491,0.0079575596816976,0.6,0.9750583527842616,0.0157068062827225,0.7648758145415221,0.5630927848907289,0.0,0.0,0.9825988399226616,0.0,0.0,0.0,0.9987778621937224,0.9095333333333332,0.7145173644810755,0.9518924191837308,0.8060103121831601,0.6624477553703056,,
2024-07-15 12:37:01,hf_ctgan_syn_150000,1500,0.1,4,7.0,4,0.999632892804699,0.9085146136393968,0.6428571428571429,0.9518982031741592,0.7642284401722981,0.5995607034099941,0.0013986013986013,0.125,0.9523745997865528,0.0027662517289073,0.3450316289462737,0.1091971930565031,0.0078125,0.6,0.97459153051017,0.0154241645244215,0.7646926953398352,0.5628504943239389,0.0,0.0,0.9812654176945128,0.0,0.0,0.0,0.9987032521921606,0.9079333333333334,0.6431553575150454,0.9510163815736268,0.7639540747286886,0.5992469687545497,,
2024-07-15 12:37:14,hf_ctgan_syn_150000,1500,0.1,4,9.0,4,0.999632784958872,0.908247697851328,0.6428571428571429,0.9517516257604364,0.7641161692094222,0.599368971800458,0.0027586206896551,0.25,0.9517742796157952,0.0054570259208731,0.4877945980676177,0.2212453021680933,0.0077120822622107,0.6,0.9742580860286764,0.015228426395939,0.7645618690578322,0.5626774136227025,0.0,0.0,0.9819987999199946,0.0,0.0,0.0,0.9987038363180322,0.9077333333333332,0.6431549750882755,0.9508713107990164,0.7639180051934821,0.5991151173924748,,
2024-07-15 12:37:24,hf_ctgan_syn_150000,1500,0.1,8,1.0,4,0.9997070670084218,0.9109168557320164,0.7142857142857143,0.953248839076848,0.806631822426713,0.6634487984589591,0.0014144271570014,0.125,0.9529082177161152,0.0027972027972027,0.3451282764632802,0.1092520204123095,0.0078740157480314,0.6,0.9747915971990664,0.0155440414507772,0.7647711803666766,0.5629543363404117,0.0,0.0,0.9828655243682912,0.0,0.0,0.0,0.9987773861122804,0.9103333333333332,0.7145177202358539,0.9523658133490182,0.8063179582000175,0.6630754987700641,,
2024-07-15 12:37:35,hf_ctgan_syn_150000,1500,0.1,8,3.0,4,0.9995598591549296,0.909248632056586,0.5714285714285714,0.952267803480327,0.7208124907973485,0.5371227856327518,0.0043227665706051,0.375,0.9539087513340448,0.0085470085470085,0.5980934556992468,0.337007302095714,0.0025,0.2,0.9733911303767924,0.0049382716049382,0.4412235556669186,0.1796219847429414,0.0,0.0,0.981732115474365,0.0,0.0,0.0,0.998630075428556,0.9086666666666666,0.5717939019471068,0.951385224692172,0.7206057901675329,0.5368610822555265,,
2024-07-15 12:37:46,hf_ctgan_syn_150000,1500,0.1,8,5.0,4,0.9996336191104273,0.9103162952088616,0.6428571428571429,0.9528865295288652,0.7649858381919682,0.6008551313642444,0.002840909090909,0.25,0.9531750266808964,0.0056179775280898,0.4881534150963446,0.2215375347997765,0.0052493438320209,0.4,0.9747249083027676,0.0103626943005181,0.6244116937735127,0.3674820159793177,0.0,0.0,0.9821321421428096,0.0,0.0,0.0,0.9987038926653834,0.9097333333333332,0.643155886650283,0.9520036192540868,0.7647403371289649,0.6005349805988575,,
2024-07-15 12:37:59,hf_ctgan_syn_150000,1500,0.1,8,7.0,4,0.9997067663661022,0.9099826504737756,0.7142857142857143,0.952736926677612,0.8062180892793638,0.6627076658156974,0.004341534008683,0.375,0.9541088580576308,0.0085836909871244,0.5981561850985171,0.3370708383496455,0.0049627791563275,0.4,0.9732577525841948,0.0098039215686274,0.6239415846324702,0.3669859989564155,0.0,0.0,0.9823321554770318,0.0,0.0,0.0,0.9987776764620172,0.9094666666666666,0.714517813737905,0.9518555514884288,0.8059926162229664,0.6623912384410414,,
2024-07-15 12:38:11,hf_ctgan_syn_150000,1500,0.1,8,9.0,4,0.9996330813825494,0.9089817162685172,0.6428571428571429,0.952154615035124,0.7644248746801487,0.599896255767806,0.0041724617524339,0.375,0.9522411953041622,0.0082530949105914,0.597570454623604,0.3364777165217393,0.0025380710659898,0.2,0.9737912637545848,0.0050125313283208,0.441314233569366,0.1796880292986402,0.0,0.0,0.982665511034069,0.0,0.0,0.0,0.9987031618432156,0.9084,0.6431551129499589,0.9512720098888195,0.7641772204507695,0.5995757033876672,,
2024-07-15 12:38:26,hf_ctgan_syn_150000,1500,0.1,10,1.0,4,0.9996325150668822,0.9075804083811556,0.6428571428571429,0.9513850027979854,0.7638354196062321,0.5988896828513892,0.0042134831460674,0.375,0.9527081109925294,0.0083333333333333,0.5977169410533706,0.3366260215048701,0.0070093457943925,0.6,0.9716572190730244,0.0138568129330254,0.7635406547419821,0.5613269262478401,0.0,0.0,0.9830655377025136,0.0,0.0,0.0,0.9987041083590958,0.9071333333333332,0.6431546772918767,0.9505061068441294,0.7636958024680756,0.5986973620009465,,
2024-07-15 12:38:41,hf_ctgan_syn_150000,1500,0.1,10,3.0,4,0.9996334579576276,0.9099159215267584,0.6428571428571429,0.9526670625633143,0.7648175923401057,0.6005674446404502,0.0028449502133712,0.25,0.9532417289220918,0.0056258790436005,0.4881704950429951,0.2215514481923265,0.0075566750629722,0.6,0.973724574858286,0.0149253731343283,0.7643525004309017,0.5624004567488929,0.0,0.0,0.9827321821454764,0.0,0.0,0.0,0.9987045029286686,0.9094,0.6431556287829971,0.9517858822314564,0.7646189043514215,0.6003125426167379,,
2024-07-15 12:38:56,hf_ctgan_syn_150000,1500,0.1,10,5.0,4,0.9996326230712712,0.9078473241692246,0.6428571428571429,0.9515316827528326,0.7639477318285134,0.599081391561056,0.0028089887640449,0.25,0.952641408751334,0.0055555555555555,0.488016754003214,0.2214262196508362,0.0024875621890547,0.2,0.9732577525841948,0.0049140049140049,0.4411933255578998,0.179599968467871,0.0,0.0,0.98159877325155,0.0,0.0,0.0,0.9987019599378084,0.9072,0.6431550774442217,0.9506481874801976,0.7636420539894611,0.5987002095689021,,
2024-07-15 12:39:12,hf_ctgan_syn_150000,1500,0.1,10,7.0,4,0.9995594066676458,0.9083144267983452,0.5714285714285714,0.9517549993007972,0.7204420971274098,0.5365224314628639,0.0028248587570621,0.25,0.9529082177161152,0.0055865921787709,0.4880850893328219,0.2214818790049819,0.0049261083743842,0.4,0.9730576858952984,0.0097323600973236,0.6238774513941976,0.3669183469292476,0.0,0.0,0.9821321421428096,0.0,0.0,0.0,0.998629633182218,0.9077333333333332,0.5717932838494613,0.9508729182706442,0.720237955701533,0.5362621069779443,,
2024-07-15 12:39:27,hf_ctgan_syn_150000,1500,0.1,10,9.0,4,0.999560536145902,0.9106499399439476,0.5714285714285714,0.953036069695171,0.7213677247102787,0.5380235039031833,0.0014836795252225,0.125,0.9551093916755604,0.002932551319648,0.3455266617201125,0.1094781080081023,0.0049261083743842,0.4,0.9730576858952984,0.0097323600973236,0.6238774513941976,0.3669183469292476,0.0,0.0,0.982198813254217,0.0,0.0,0.0,0.998630046310704,0.91,0.571794462253647,0.9521513775108584,0.7210866882039313,0.5377020430727878,,
2024-07-15 12:39:41,hf_ctgan_syn_150000,1000,0.1,2,1.0,4,0.9996345296396464,0.9125850794074468,0.6428571428571429,0.9541284403669724,0.7659385332792248,0.6024857454301908,0.0015060240963855,0.125,0.9557764140875132,0.0029761904761904,0.3456472938718589,0.1095465954863761,0.0072463768115942,0.6,0.9725908636212072,0.0143198090692124,0.7639074015695385,0.561811809983121,0.0,0.0,0.98393226215081,0.0,0.0,0.0,0.9987047560837712,0.912,0.6431566827166734,0.9532442810605736,0.7656626383387525,0.6021691208553764,,
2024-07-15 12:39:57,hf_ctgan_syn_150000,1000,0.1,2,3.0,4,0.9996347699050402,0.913185639930602,0.6428571428571429,0.9544566885200166,0.7661905189859494,0.6029174893434123,0.0015197568389057,0.125,0.9561766275346852,0.003003003003003,0.3457196529586301,0.1095876826343135,0.0099502487562189,0.8,0.973457819273091,0.0196560196560196,0.882477339889514,0.765257945779637,0.0,0.0,0.9833322221481432,0.0,0.0,0.0,0.998705904739695,0.9126666666666666,0.6431571451463957,0.9535740158855516,0.7659539507631036,0.6026682990993567,,
2024-07-15 12:40:12,hf_ctgan_syn_150000,1000,0.1,2,5.0,4,0.9996341284940728,0.9115841452021888,0.6428571428571429,0.953580901856764,0.7655183727766107,0.6017662752909007,0.0014880952380952,0.125,0.9552427961579508,0.0029411764705882,0.3455507915194868,0.1094918063935949,0.0098039215686274,0.8,0.9730576858952984,0.0193704600484261,0.8822959530204356,0.7649745398071448,0.0,0.0,0.9830655377025136,0.0,0.0,0.0,0.9987051982654616,0.9110666666666668,0.6431564959462391,0.952698918462498,0.7652822813685032,0.6015180139106414,,
2024-07-15 12:40:27,hf_ctgan_syn_150000,1000,0.1,2,7.0,4,0.9997078799386548,0.9134525557186708,0.7142857142857143,0.9546357962272046,0.8077537441743133,0.6654610726791469,0.001564945226917,0.125,0.957443970117396,0.0030911901081916,0.3459486902196256,0.1097177655190558,0.0074074074074074,0.6,0.973191063687896,0.0146341463414634,0.7641430744387713,0.5621234657189831,0.0,0.0,0.9824654976998468,0.0,0.0,0.0,0.9987781230239688,0.9128666666666668,0.7145195791241861,0.9537513295008976,0.807439061006014,0.6650858663081628,,
2024-07-15 12:40:42,hf_ctgan_syn_150000,1000,0.1,2,9.0,4,0.9996348232544552,0.9133190978246364,0.6428571428571429,0.9545296045749356,0.7662465045560789,0.6030134387327032,0.0015220700152207,0.125,0.9562433297758804,0.0030075187969924,0.3457317113340705,0.109594530102999,0.0074812967581047,0.6,0.973457819273091,0.0147783251231527,0.7642477946084336,0.5622619655034504,0.0,0.0,0.9833322221481432,0.0,0.0,0.0,0.9987051362890118,0.9127333333333332,0.6431571807209242,0.9536452403957316,0.7659704806627409,0.6026964972611087,,
2024-07-15 12:40:56,hf_ctgan_syn_150000,1000,0.1,4,1.0,4,0.9996331621423332,0.9091819031095688,0.6428571428571429,0.952264467430808,0.7645090454471009,0.6000400725086052,0.0027739251040221,0.25,0.9520410885805763,0.0054869684499314,0.4878629645147744,0.2213009730901304,0.0077922077922077,0.6,0.9745248416138712,0.0153846153846153,0.7646665318740731,0.5628158792510697,0.0,0.0,0.9823988265884392,0.0,0.0,0.0,0.9987042480203198,0.9086666666666666,0.6431552329733631,0.9513837418495076,0.7643105860963829,0.599785667586329,,
2024-07-15 12:41:07,hf_ctgan_syn_150000,1000,0.1,4,3.0,4,0.999706249541015,0.9083811557453624,0.7142857142857143,0.9518581966926546,0.8055083380544604,0.6614374427779747,0.0027739251040221,0.25,0.9520410885805763,0.0054869684499314,0.4878629645147744,0.2213009730901304,0.0077922077922077,0.6,0.9745248416138712,0.0153846153846153,0.7646665318740731,0.5628158792510697,0.0,0.0,0.9815321021401426,0.0,0.0,0.0,0.9987772672040964,0.9078666666666668,0.7145170799536378,0.9509778502973764,0.8052716126973088,0.6611257336434471,,
2024-07-15 12:41:19,hf_ctgan_syn_150000,1000,0.1,4,5.0,4,0.9997067878610174,0.9100493794207928,0.7142857142857143,0.9527735084532624,0.8062476486879525,0.6627605997269462,0.0027777777777777,0.25,0.9521077908217715,0.0054945054945054,0.4878800546296629,0.221314890264491,0.0079575596816976,0.6,0.9750583527842616,0.0157068062827225,0.7648758145415221,0.5630927848907289,0.0,0.0,0.9825988399226616,0.0,0.0,0.0,0.9987778621937224,0.9095333333333332,0.7145173644810755,0.9518924191837308,0.8060103121831601,0.6624477553703056,,
2024-07-15 12:41:30,hf_ctgan_syn_150000,1000,0.1,4,7.0,4,0.999632892804699,0.9085146136393968,0.6428571428571429,0.9518982031741592,0.7642284401722981,0.5995607034099941,0.0013986013986013,0.125,0.9523745997865528,0.0027662517289073,0.3450316289462737,0.1091971930565031,0.0078125,0.6,0.97459153051017,0.0154241645244215,0.7646926953398352,0.5628504943239389,0.0,0.0,0.9812654176945128,0.0,0.0,0.0,0.9987032521921606,0.9079333333333334,0.6431553575150454,0.9510163815736268,0.7639540747286886,0.5992469687545497,,
2024-07-15 12:41:41,hf_ctgan_syn_150000,1000,0.1,4,9.0,4,0.9997063789180064,0.9087815294274656,0.7142857142857143,0.9520780174071096,0.805685834476914,0.6617549641876015,0.0014044943820224,0.125,0.9525747065101388,0.0027777777777777,0.3450678749373336,0.1092177541491534,0.0077120822622107,0.6,0.9742580860286764,0.015228426395939,0.7645618690578322,0.5626774136227025,0.0,0.0,0.98159877325155,0.0,0.0,0.0,0.998776639388774,0.9082,0.7145172800760793,0.9511959688811432,0.8053727511877213,0.6613831348277802,,
2024-07-15 12:41:52,hf_ctgan_syn_150000,1000,0.1,8,1.0,4,0.9997070670084218,0.9109168557320164,0.7142857142857143,0.953248839076848,0.806631822426713,0.6634487984589591,0.0014144271570014,0.125,0.9529082177161152,0.0027972027972027,0.3451282764632802,0.1092520204123095,0.0078740157480314,0.6,0.9747915971990664,0.0155440414507772,0.7647711803666766,0.5629543363404117,0.0,0.0,0.9828655243682912,0.0,0.0,0.0,0.9987773861122804,0.9103333333333332,0.7145177202358539,0.9523658133490182,0.8063179582000175,0.6630754987700641,,
2024-07-15 12:42:03,hf_ctgan_syn_150000,1000,0.1,8,3.0,4,0.9995598591549296,0.909248632056586,0.5714285714285714,0.952267803480327,0.7208124907973485,0.5371227856327518,0.0043227665706051,0.375,0.9539087513340448,0.0085470085470085,0.5980934556992468,0.337007302095714,0.0025,0.2,0.9733911303767924,0.0049382716049382,0.4412235556669186,0.1796219847429414,0.0,0.0,0.981732115474365,0.0,0.0,0.0,0.998630075428556,0.9086666666666666,0.5717939019471068,0.951385224692172,0.7206057901675329,0.5368610822555265,,
2024-07-15 12:42:14,hf_ctgan_syn_150000,1000,0.1,8,5.0,4,0.9996336191104273,0.9103162952088616,0.6428571428571429,0.9528865295288652,0.7649858381919682,0.6008551313642444,0.002840909090909,0.25,0.9531750266808964,0.0056179775280898,0.4881534150963446,0.2215375347997765,0.0052493438320209,0.4,0.9747249083027676,0.0103626943005181,0.6244116937735127,0.3674820159793177,0.0,0.0,0.9821321421428096,0.0,0.0,0.0,0.9987038926653834,0.9097333333333332,0.643155886650283,0.9520036192540868,0.7647403371289649,0.6005349805988575,,
2024-07-15 12:42:28,hf_ctgan_syn_150000,1000,0.1,8,7.0,4,0.9997067663661022,0.9099826504737756,0.7142857142857143,0.952736926677612,0.8062180892793638,0.6627076658156974,0.004341534008683,0.375,0.9541088580576308,0.0085836909871244,0.5981561850985171,0.3370708383496455,0.0049627791563275,0.4,0.9732577525841948,0.0098039215686274,0.6239415846324702,0.3669859989564155,0.0,0.0,0.9823321554770318,0.0,0.0,0.0,0.9987776764620172,0.9094666666666666,0.714517813737905,0.9518555514884288,0.8059926162229664,0.6623912384410414,,
2024-07-15 12:42:41,hf_ctgan_syn_150000,1000,0.1,8,9.0,4,0.9996330813825494,0.9089817162685172,0.6428571428571429,0.952154615035124,0.7644248746801487,0.599896255767806,0.0041724617524339,0.375,0.9522411953041622,0.0082530949105914,0.597570454623604,0.3364777165217393,0.0025380710659898,0.2,0.9737912637545848,0.0050125313283208,0.441314233569366,0.1796880292986402,0.0,0.0,0.982665511034069,0.0,0.0,0.0,0.9987031618432156,0.9084,0.6431551129499589,0.9512720098888195,0.7641772204507695,0.5995757033876672,,
2024-07-15 12:42:55,hf_ctgan_syn_150000,1000,0.1,10,1.0,4,0.9996325150668822,0.9075804083811556,0.6428571428571429,0.9513850027979854,0.7638354196062321,0.5988896828513892,0.0042134831460674,0.375,0.9527081109925294,0.0083333333333333,0.5977169410533706,0.3366260215048701,0.0070093457943925,0.6,0.9716572190730244,0.0138568129330254,0.7635406547419821,0.5613269262478401,0.0,0.0,0.9830655377025136,0.0,0.0,0.0,0.9987041083590958,0.9071333333333332,0.6431546772918767,0.9505061068441294,0.7636958024680756,0.5986973620009465,,
2024-07-15 12:43:10,hf_ctgan_syn_150000,1000,0.1,10,3.0,4,0.9996334579576276,0.9099159215267584,0.6428571428571429,0.9526670625633143,0.7648175923401057,0.6005674446404502,0.0028449502133712,0.25,0.9532417289220918,0.0056258790436005,0.4881704950429951,0.2215514481923265,0.0075566750629722,0.6,0.973724574858286,0.0149253731343283,0.7643525004309017,0.5624004567488929,0.0,0.0,0.9827321821454764,0.0,0.0,0.0,0.9987045029286686,0.9094,0.6431556287829971,0.9517858822314564,0.7646189043514215,0.6003125426167379,,
2024-07-15 12:43:25,hf_ctgan_syn_150000,1000,0.1,10,5.0,4,0.9996326230712712,0.9078473241692246,0.6428571428571429,0.9515316827528326,0.7639477318285134,0.599081391561056,0.0028089887640449,0.25,0.952641408751334,0.0055555555555555,0.488016754003214,0.2214262196508362,0.0024875621890547,0.2,0.9732577525841948,0.0049140049140049,0.4411933255578998,0.179599968467871,0.0,0.0,0.98159877325155,0.0,0.0,0.0,0.9987019599378084,0.9072,0.6431550774442217,0.9506481874801976,0.7636420539894611,0.5987002095689021,,
2024-07-15 12:43:40,hf_ctgan_syn_150000,1000,0.1,10,7.0,4,0.9995594066676458,0.9083144267983452,0.5714285714285714,0.9517549993007972,0.7204420971274098,0.5365224314628639,0.0028248587570621,0.25,0.9529082177161152,0.0055865921787709,0.4880850893328219,0.2214818790049819,0.0049261083743842,0.4,0.9730576858952984,0.0097323600973236,0.6238774513941976,0.3669183469292476,0.0,0.0,0.9821321421428096,0.0,0.0,0.0,0.998629633182218,0.9077333333333332,0.5717932838494613,0.9508729182706442,0.720237955701533,0.5362621069779443,,
2024-07-15 12:43:55,hf_ctgan_syn_150000,1000,0.1,10,9.0,4,0.999560536145902,0.9106499399439476,0.5714285714285714,0.953036069695171,0.7213677247102787,0.5380235039031833,0.0014836795252225,0.125,0.9551093916755604,0.002932551319648,0.3455266617201125,0.1094781080081023,0.0049261083743842,0.4,0.9730576858952984,0.0097323600973236,0.6238774513941976,0.3669183469292476,0.0,0.0,0.982198813254217,0.0,0.0,0.0,0.998630046310704,0.91,0.571794462253647,0.9521513775108584,0.7210866882039313,0.5377020430727878,,
2024-07-15 12:44:01,hf_ctgan_syn_150000,100,0.01,2,1.0,4,0.9992630309527,0.9952622447617776,0.2142857142857142,0.9972586253008826,0.4618121707148707,0.2299264050524067,0.0,0.0,1.0,0.0,0.0,0.0,0.027027027027027,0.4,0.9951983994664888,0.050632911392405,0.6309353055477206,0.3743857400060329,0.0,0.0,1.0,0.0,0.0,0.0,0.998339394466153,0.9944666666666668,0.2150174470855364,0.996344728221066,0.4615914577907194,0.2298366023210265,,
2024-07-15 12:44:07,hf_ctgan_syn_150000,100,0.01,2,3.0,4,0.9992630309527,0.9952622447617776,0.2142857142857142,0.9972586253008826,0.4618121707148707,0.2299264050524067,0.0,0.0,1.0,0.0,0.0,0.0,0.027027027027027,0.4,0.9951983994664888,0.050632911392405,0.6309353055477206,0.3743857400060329,0.0,0.0,1.0,0.0,0.0,0.0,0.998339394466153,0.9944666666666668,0.2150174470855364,0.996344728221066,0.4615914577907194,0.2298366023210265,,
2024-07-15 12:44:13,hf_ctgan_syn_150000,100,0.01,2,5.0,4,0.9992630309527,0.9952622447617776,0.2142857142857142,0.9972586253008826,0.4618121707148707,0.2299264050524067,0.0,0.0,1.0,0.0,0.0,0.0,0.027027027027027,0.4,0.9951983994664888,0.050632911392405,0.6309353055477206,0.3743857400060329,0.0,0.0,1.0,0.0,0.0,0.0,0.998339394466153,0.9944666666666668,0.2150174470855364,0.996344728221066,0.4615914577907194,0.2298366023210265,,
2024-07-15 12:44:19,hf_ctgan_syn_150000,100,0.01,2,7.0,4,0.9992630309527,0.9952622447617776,0.2142857142857142,0.9972586253008826,0.4618121707148707,0.2299264050524067,0.0,0.0,1.0,0.0,0.0,0.0,0.027027027027027,0.4,0.9951983994664888,0.050632911392405,0.6309353055477206,0.3743857400060329,0.0,0.0,1.0,0.0,0.0,0.0,0.998339394466153,0.9944666666666668,0.2150174470855364,0.996344728221066,0.4615914577907194,0.2298366023210265,,
2024-07-15 12:44:25,hf_ctgan_syn_150000,100,0.01,2,9.0,4,0.9992630309527,0.9952622447617776,0.2142857142857142,0.9972586253008826,0.4618121707148707,0.2299264050524067,0.0,0.0,1.0,0.0,0.0,0.0,0.027027027027027,0.4,0.9951983994664888,0.050632911392405,0.6309353055477206,0.3743857400060329,0.0,0.0,1.0,0.0,0.0,0.0,0.998339394466153,0.9944666666666668,0.2150174470855364,0.996344728221066,0.4615914577907194,0.2298366023210265,,
2024-07-15 12:44:32,hf_ctgan_syn_150000,100,0.01,4,1.0,4,0.9995881666552268,0.9717736554117176,0.5714285714285714,0.985484689561834,0.7451840253681224,0.5775303634174622,0.0032786885245901,0.125,0.9797225186766276,0.0063897763578274,0.3499504462557212,0.1119979285999847,0.0158730158730158,0.4,0.9917305768589528,0.0305343511450381,0.6298350821791219,0.3732187384902448,0.0,0.0,1.0,0.0,0.0,0.0,0.9986622573388528,0.9710666666666666,0.5718150002974853,0.9845784898493486,0.744885105543175,0.5771754735530227,,
2024-07-15 12:44:38,hf_ctgan_syn_150000,100,0.01,4,3.0,4,0.9995881666552268,0.9717736554117176,0.5714285714285714,0.985484689561834,0.7451840253681224,0.5775303634174622,0.0032786885245901,0.125,0.9797225186766276,0.0063897763578274,0.3499504462557212,0.1119979285999847,0.0158730158730158,0.4,0.9917305768589528,0.0305343511450381,0.6298350821791219,0.3732187384902448,0.0,0.0,1.0,0.0,0.0,0.0,0.9986622573388528,0.9710666666666666,0.5718150002974853,0.9845784898493486,0.744885105543175,0.5771754735530227,,
2024-07-15 12:44:44,hf_ctgan_syn_150000,100,0.01,4,5.0,4,0.9995881666552268,0.9717736554117176,0.5714285714285714,0.985484689561834,0.7451840253681224,0.5775303634174622,0.0032786885245901,0.125,0.9797225186766276,0.0063897763578274,0.3499504462557212,0.1119979285999847,0.0158730158730158,0.4,0.9917305768589528,0.0305343511450381,0.6298350821791219,0.3732187384902448,0.0,0.0,1.0,0.0,0.0,0.0,0.9986622573388528,0.9710666666666666,0.5718150002974853,0.9845784898493486,0.744885105543175,0.5771754735530227,,
2024-07-15 12:44:51,hf_ctgan_syn_150000,100,0.01,4,7.0,4,0.9995881666552268,0.9717736554117176,0.5714285714285714,0.985484689561834,0.7451840253681224,0.5775303634174622,0.0032786885245901,0.125,0.9797225186766276,0.0063897763578274,0.3499504462557212,0.1119979285999847,0.0158730158730158,0.4,0.9917305768589528,0.0305343511450381,0.6298350821791219,0.3732187384902448,0.0,0.0,1.0,0.0,0.0,0.0,0.9986622573388528,0.9710666666666666,0.5718150002974853,0.9845784898493486,0.744885105543175,0.5771754735530227,,
2024-07-15 12:44:57,hf_ctgan_syn_150000,100,0.01,4,9.0,4,0.9995881666552268,0.9717736554117176,0.5714285714285714,0.985484689561834,0.7451840253681224,0.5775303634174622,0.0032786885245901,0.125,0.9797225186766276,0.0063897763578274,0.3499504462557212,0.1119979285999847,0.0158730158730158,0.4,0.9917305768589528,0.0305343511450381,0.6298350821791219,0.3732187384902448,0.0,0.0,1.0,0.0,0.0,0.0,0.9986622573388528,0.9710666666666666,0.5718150002974853,0.9845784898493486,0.744885105543175,0.5771754735530227,,
2024-07-15 12:45:05,hf_ctgan_syn_150000,100,0.01,8,1.0,4,0.9997185675086188,0.9481516081676232,0.7142857142857143,0.9732525086475564,0.8229527013693797,0.6930897432182801,0.0032894736842105,0.125,0.9797892209178228,0.0064102564102564,0.3499623588541028,0.1120047368045775,0.012396694214876,0.6,0.9840613537845948,0.0242914979757085,0.768398862746918,0.5677604161262602,0.0,0.0,0.98393226215081,0.0,0.0,0.0,0.9987913834629808,0.9475333333333332,0.7145352178056087,0.972355655608896,0.8226273917270728,0.6926918487896141,,
2024-07-15 12:45:14,hf_ctgan_syn_150000,100,0.01,8,3.0,4,0.9997185675086188,0.9481516081676232,0.7142857142857143,0.9732525086475564,0.8229527013693797,0.6930897432182801,0.0032894736842105,0.125,0.9797892209178228,0.0064102564102564,0.3499623588541028,0.1120047368045775,0.012396694214876,0.6,0.9840613537845948,0.0242914979757085,0.768398862746918,0.5677604161262602,0.0,0.0,0.98393226215081,0.0,0.0,0.0,0.9987913834629808,0.9475333333333332,0.7145352178056087,0.972355655608896,0.8226273917270728,0.6926918487896141,,
2024-07-15 12:45:22,hf_ctgan_syn_150000,100,0.01,8,5.0,4,0.9997197113026416,0.9520218870946217,0.7142857142857143,0.975287965273268,0.8246306043550745,0.6961820650581717,0.0032894736842105,0.125,0.9797892209178228,0.0064102564102564,0.3499623588541028,0.1120047368045775,0.012396694214876,0.6,0.9840613537845948,0.0242914979757085,0.768398862746918,0.5677604161262602,0.0,0.0,0.9877991866124408,0.0,0.0,0.0,0.9987925261894623,0.9514,0.7145354756005728,0.97438921247509,0.8243037286699809,0.6957812844624551,,
2024-07-15 12:45:30,hf_ctgan_syn_150000,100,0.01,8,7.0,4,0.9997197113026416,0.9520218870946217,0.7142857142857143,0.975287965273268,0.8246306043550745,0.6961820650581717,0.0032894736842105,0.125,0.9797892209178228,0.0064102564102564,0.3499623588541028,0.1120047368045775,0.012396694214876,0.6,0.9840613537845948,0.0242914979757085,0.768398862746918,0.5677604161262602,0.0,0.0,0.9877991866124408,0.0,0.0,0.0,0.9987925261894623,0.9514,0.7145354756005728,0.97438921247509,0.8243037286699809,0.6957812844624551,,
2024-07-15 12:45:39,hf_ctgan_syn_150000,100,0.01,8,9.0,4,0.9997185675086188,0.9481516081676232,0.7142857142857143,0.9732525086475564,0.8229527013693797,0.6930897432182801,0.0032894736842105,0.125,0.9797892209178228,0.0064102564102564,0.3499623588541028,0.1120047368045775,0.012396694214876,0.6,0.9840613537845948,0.0242914979757085,0.768398862746918,0.5677604161262602,0.0,0.0,0.98393226215081,0.0,0.0,0.0,0.9987913834629808,0.9475333333333332,0.7145352178056087,0.972355655608896,0.8226273917270728,0.6926918487896141,,
2024-07-15 12:45:51,hf_ctgan_syn_150000,100,0.01,10,1.0,4,0.9997150794216112,0.9365407713866276,0.7142857142857143,0.9670973298880275,0.8178983395554676,0.6838256168920103,0.002053388090349,0.125,0.9675827107790822,0.004040404040404,0.3477755581512095,0.1107569830554951,0.010752688172043,0.6,0.9815938646215404,0.0211267605633802,0.7674348954621,0.5664821069955407,0.0,0.0,0.9869991332755516,0.0,0.0,0.0,0.9987866913838568,0.9359333333333332,0.7145280896285553,0.9662039028491416,0.8175762597013838,0.6834352774095392,,
2024-07-15 12:46:02,hf_ctgan_syn_150000,100,0.01,10,3.0,4,0.9997151808601538,0.9368744161217136,0.7142857142857143,0.9672752325180848,0.8180440156345561,0.6840915586632165,0.0021008403361344,0.125,0.9683164354322306,0.0041322314049586,0.3479073934670386,0.1108320898702894,0.0105263157894736,0.6,0.981193731243748,0.0206896551724137,0.7672784623239783,0.5662747447771019,0.0,0.0,0.9869991332755516,0.0,0.0,0.0,0.9987867425781268,0.9362666666666668,0.7145283475705778,0.9663815427095416,0.8177218179839209,0.683700941904654,,
2024-07-15 12:46:13,hf_ctgan_syn_150000,100,0.01,10,5.0,4,0.9997158889125648,0.9392099292673162,0.7142857142857143,0.9685188370892828,0.819063022722269,0.6859535963368957,0.0021598272138228,0.125,0.9691835645677694,0.0042462845010615,0.3480631344612226,0.1109208351177547,0.0114068441064638,0.6,0.9826608869623208,0.0223880597014925,0.7678518946889383,0.5670349789821014,0.0,0.0,0.9869991332755516,0.0,0.0,0.0,0.9987877749387958,0.9386,0.7145292990913562,0.9676246135463004,0.8187401482043372,0.6855615424187046,,
2024-07-15 12:46:24,hf_ctgan_syn_150000,100,0.01,10,7.0,4,0.9997160099396522,0.9396103029494196,0.7142857142857143,0.9687317257748272,0.8192375823852581,0.6862728810364609,0.0021978021978021,0.125,0.969717182497332,0.0043196544276457,0.3481589404455478,0.1109754382344365,0.0112359550561797,0.6,0.9823941313771256,0.0220588235294117,0.7677476661158114,0.5668967737939988,0.0,0.0,0.9871324754983666,0.0,0.0,0.0,0.9987878591432328,0.939,0.7145295036585384,0.9678372329209752,0.8189145612986415,0.6858805121724832,,
2024-07-15 12:46:36,hf_ctgan_syn_150000,100,0.01,10,9.0,4,0.9997160905671092,0.9398772187374884,0.7142857142857143,0.9688736027515048,0.8193539348332791,0.6864857502249874,0.0021978021978021,0.125,0.969717182497332,0.0043196544276457,0.3481589404455478,0.1109754382344365,0.0114068441064638,0.6,0.9826608869623208,0.0223880597014925,0.7678518946889383,0.5670349789821014,0.0,0.0,0.9871324754983666,0.0,0.0,0.0,0.998787996658454,0.9392666666666668,0.7145295925770668,0.967979087224532,0.819030839893902,0.6860932287514964,,
2024-07-15 12:46:45,hf_ctgan_syn_150000,500,0.01,2,1.0,4,0.999586178357128,0.9671026291205124,0.5714285714285714,0.9830761404103782,0.7433909293118595,0.5744962121527876,0.0033557046979865,0.125,0.9801894343649946,0.0065359477124183,0.3500338259306153,0.11204558369631,0.0098522167487684,0.4,0.986595531843948,0.0192307692307692,0.6282023660712996,0.3714889115089046,0.0,0.0,1.0,0.0,0.0,0.0,0.99865830503875,0.9664,0.5718135376375141,0.9821684987745188,0.7430931832736885,0.5741436029699193,,
2024-07-15 12:46:56,hf_ctgan_syn_150000,500,0.01,2,3.0,4,0.999586178357128,0.9671026291205124,0.5714285714285714,0.9830761404103782,0.7433909293118595,0.5744962121527876,0.0033557046979865,0.125,0.9801894343649946,0.0065359477124183,0.3500338259306153,0.11204558369631,0.0098522167487684,0.4,0.986595531843948,0.0192307692307692,0.6282023660712996,0.3714889115089046,0.0,0.0,1.0,0.0,0.0,0.0,0.99865830503875,0.9664,0.5718135376375141,0.9821684987745188,0.7430931832736885,0.5741436029699193,,
2024-07-15 12:47:07,hf_ctgan_syn_150000,500,0.01,2,5.0,4,0.999586178357128,0.9671026291205124,0.5714285714285714,0.9830761404103782,0.7433909293118595,0.5744962121527876,0.0033557046979865,0.125,0.9801894343649946,0.0065359477124183,0.3500338259306153,0.11204558369631,0.0098522167487684,0.4,0.986595531843948,0.0192307692307692,0.6282023660712996,0.3714889115089046,0.0,0.0,1.0,0.0,0.0,0.0,0.99865830503875,0.9664,0.5718135376375141,0.9821684987745188,0.7430931832736885,0.5741436029699193,,
2024-07-15 12:47:17,hf_ctgan_syn_150000,500,0.01,2,7.0,4,0.999586178357128,0.9671026291205124,0.5714285714285714,0.9830761404103782,0.7433909293118595,0.5744962121527876,0.0033557046979865,0.125,0.9801894343649946,0.0065359477124183,0.3500338259306153,0.11204558369631,0.0098522167487684,0.4,0.986595531843948,0.0192307692307692,0.6282023660712996,0.3714889115089046,0.0,0.0,1.0,0.0,0.0,0.0,0.99865830503875,0.9664,0.5718135376375141,0.9821684987745188,0.7430931832736885,0.5741436029699193,,
2024-07-15 12:47:28,hf_ctgan_syn_150000,500,0.01,2,9.0,4,0.999586178357128,0.9671026291205124,0.5714285714285714,0.9830761404103782,0.7433909293118595,0.5744962121527876,0.0033557046979865,0.125,0.9801894343649946,0.0065359477124183,0.3500338259306153,0.11204558369631,0.0098522167487684,0.4,0.986595531843948,0.0192307692307692,0.6282023660712996,0.3714889115089046,0.0,0.0,1.0,0.0,0.0,0.0,0.99865830503875,0.9664,0.5718135376375141,0.9821684987745188,0.7430931832736885,0.5741436029699193,,
2024-07-15 12:47:41,hf_ctgan_syn_150000,500,0.01,4,1.0,4,0.9996516893068618,0.9575603896970506,0.6428571428571429,0.9781534371698306,0.7845855824789405,0.6349468667562935,0.0033783783783783,0.125,0.9803228388473852,0.006578947368421,0.3500576450471024,0.1120591984370497,0.009375,0.6,0.9788596198732912,0.0184615384615384,0.7663652992692027,0.5650647489143041,0.0,0.0,0.9980665377691846,0.0,0.0,0.0,0.9987236078653104,0.9569333333333332,0.6431728060136706,0.977250156579889,0.7842954551124083,0.6346023695027921,,
2024-07-15 12:47:52,hf_ctgan_syn_150000,500,0.01,4,3.0,4,0.9996518348304436,0.957960763379154,0.6428571428571429,0.978362353903295,0.7847495901975168,0.6352370060560935,0.0033557046979865,0.125,0.9801894343649946,0.0065359477124183,0.3500338259306153,0.11204558369631,0.0094936708860759,0.6,0.979126375458486,0.0186915887850467,0.7664697158238489,0.5652030672444889,0.0,0.0,0.9983332222148144,0.0,0.0,0.0,0.9987237807174026,0.9573333333333334,0.6431728415621046,0.9774589320746936,0.7844593318591033,0.6348922768508273,,
2024-07-15 12:48:05,hf_ctgan_syn_150000,500,0.01,4,5.0,4,0.9996517620838556,0.9577605765381022,0.6428571428571429,0.9782579062159216,0.7846675906232488,0.6350919338299581,0.0033783783783783,0.125,0.9803228388473852,0.006578947368421,0.3500576450471024,0.1120591984370497,0.0092592592592592,0.6,0.978592864288096,0.0182370820668692,0.7662608684859599,0.5649264220450941,0.0,0.0,0.9985332355490366,0.0,0.0,0.0,0.9987236419941322,0.9571333333333332,0.6431727482083273,0.9773544533027388,0.7843773519055208,0.6347472550715648,,
2024-07-15 12:48:17,hf_ctgan_syn_150000,500,0.01,4,7.0,4,0.9996518105849582,0.9578940344321366,0.6428571428571429,0.9783275403802902,0.7847222579581549,0.6351886480748847,0.0033898305084745,0.125,0.9803895410885806,0.0066006600660066,0.3500695539975914,0.112066005640575,0.00920245398773,0.6,0.9784594864954984,0.0181268882175226,0.7662086477567969,0.5648572554083551,0.0,0.0,0.9987332488832588,0.0,0.0,0.0,0.9987236776226792,0.9572666666666668,0.6431727526578142,0.9774239973240428,0.7844319571621116,0.6348438596248259,,
2024-07-15 12:48:29,hf_ctgan_syn_150000,500,0.01,4,9.0,4,0.9996517620838556,0.9577605765381022,0.6428571428571429,0.9782579062159216,0.7846675906232488,0.6350919338299581,0.0033783783783783,0.125,0.9803228388473852,0.006578947368421,0.3500576450471024,0.1120591984370497,0.0092592592592592,0.6,0.978592864288096,0.0182370820668692,0.7662608684859599,0.5649264220450941,0.0,0.0,0.9985332355490366,0.0,0.0,0.0,0.9987236419941322,0.9571333333333332,0.6431727482083273,0.9773544533027388,0.7843773519055208,0.6347472550715648,,
2024-07-15 12:48:50,hf_ctgan_syn_150000,500,0.01,8,1.0,4,0.9997096821019016,0.919124516215134,0.7142857142857143,0.9577249339452094,0.8102576822111832,0.6699655376340578,0.001628664495114,0.125,0.9591115261472786,0.0032154340836012,0.3462498242142656,0.1098888660331579,0.0081967213114754,0.6,0.975791930643548,0.0161725067385444,0.7651634847443576,0.5634734743747527,0.0,0.0,0.9838655910394026,0.0,0.0,0.0,0.998780220593441,0.9185333333333332,0.7145214287826099,0.9568381630739512,0.8099411627756151,0.6695866683522752,,
2024-07-15 12:49:08,hf_ctgan_syn_150000,500,0.01,8,3.0,4,0.999709871618191,0.9197250767382892,0.7142857142857143,0.9580509505439128,0.8105223521806738,0.6704427500556894,0.0016778523489932,0.125,0.960312166488794,0.0033112582781456,0.3464664786254209,0.1100120153574079,0.008130081300813,0.6,0.9755918639546516,0.0160427807486631,0.7650850399614353,0.5633696563742878,0.0,0.0,0.983465564370958,0.0,0.0,0.0,0.998780413953034,0.9191333333333334,0.7145219757667847,0.9571638832547364,0.8102056751205593,0.6700634664492862,,
2024-07-15 12:49:28,hf_ctgan_syn_150000,500,0.01,8,5.0,4,0.9997101659300052,0.92065928199653,0.7142857142857143,0.9585576822871436,0.8109338893243174,0.671185182902643,0.0017035775127768,0.125,0.9609124866595518,0.0033613445378151,0.3465747550420313,0.1100735765051214,0.0081081081081081,0.6,0.9755251750583528,0.016,0.7650588899130651,0.5633350493067544,0.0,0.0,0.9838655910394026,0.0,0.0,0.0,0.9987807143858464,0.9200666666666668,0.7145223003763547,0.9576701545007624,0.8106168771936082,0.6708052276558387,,
2024-07-15 12:49:52,hf_ctgan_syn_150000,500,0.01,8,7.0,4,0.9997105643994212,0.9219271319898572,0.7142857142857143,0.9592446018190656,0.8114920701970877,0.67219296975749,0.001763668430335,0.125,0.9622465314834578,0.0034782608695652,0.3468152482741095,0.1102103467989758,0.0081081081081081,0.6,0.9755251750583528,0.016,0.7650588899130651,0.5633350493067544,0.0,0.0,0.9837989199279952,0.0,0.0,0.0,0.9987811445318472,0.9213333333333332,0.7145230074221868,0.9583564952631648,0.8111746653606211,0.6718121468537781,,
2024-07-15 12:50:16,hf_ctgan_syn_150000,500,0.01,8,9.0,4,0.9997106690777576,0.9222607767249432,0.7142857142857143,0.9594252195342056,0.8116388960989203,0.672458214991004,0.001763668430335,0.125,0.9622465314834578,0.0034782608695652,0.3468152482741095,0.1102103467989758,0.0081743869209809,0.6,0.9757252417472492,0.0161290322580645,0.7651373373769897,0.5634388689082868,0.0,0.0,0.98393226215081,0.0,0.0,0.0,0.9987812712054216,0.9216666666666666,0.7145230830005646,0.9585369874125236,0.8113213803740998,0.672077179131608,,
2024-07-15 12:50:56,hf_ctgan_syn_150000,500,0.01,10,1.0,4,0.9996360724943592,0.9164553583344456,0.6428571428571429,0.9562402088772846,0.7675609898991745,0.605268908611031,0.0015600624024961,0.125,0.9573105656350054,0.0030816640986132,0.3459245881754803,0.1097040744747251,0.0079365079365079,0.6,0.9749916638879628,0.0156657963446475,0.7648496573397792,0.5630581735536832,0.0,0.0,0.9838655910394026,0.0,0.0,0.0,0.9987065563626244,0.9158666666666668,0.6431582967528469,0.9553545835019666,0.7672840426414088,0.604950185860565,,
2024-07-15 12:51:36,hf_ctgan_syn_150000,500,0.01,10,3.0,4,0.999636812667974,0.9183237688509276,0.6428571428571429,0.9572566340903556,0.7683430186194904,0.6066131939154346,0.0016366612111292,0.125,0.9593116328708644,0.0032310177705977,0.3462859426960009,0.1099093934232017,0.0079787234042553,0.6,0.97512504168056,0.0157480314960629,0.7649019708487723,0.5631273956940854,0.0,0.0,0.9835989065937728,0.0,0.0,0.0,0.9987073507699312,0.9177333333333332,0.6431593906690071,0.9563701671185144,0.7680655516284998,0.6062933490761705,,
2024-07-15 12:52:13,hf_ctgan_syn_150000,500,0.01,10,5.0,4,0.9996373921241568,0.9197918056853064,0.6428571428571429,0.9580538662033016,0.768956911813834,0.6076697329563835,0.0016835016835016,0.125,0.9604455709711848,0.0033222591362126,0.3464905429754152,0.1100256963910635,0.008,0.6,0.9751917305768588,0.0157894736842105,0.7649281262616217,0.563162005963753,0.0,0.0,0.9838655910394026,0.0,0.0,0.0,0.9987079617590724,0.9192,0.6431600354445891,0.9571667176242792,0.7686789896944819,0.6073489755790208,,
2024-07-15 12:52:51,hf_ctgan_syn_150000,500,0.01,10,7.0,4,0.9996372079524016,0.9193247030561856,0.6428571428571429,0.9578003337041155,0.7687616353361365,0.6073335313872757,0.0016666666666666,0.125,0.9600453575240128,0.0032894736842105,0.3464183449104588,0.1099846519553402,0.0080645161290322,0.6,0.9753917972657552,0.0159151193633952,0.7650065871346815,0.5632658335706211,0.0,0.0,0.9835989065937728,0.0,0.0,0.0,0.9987077902859114,0.9187333333333332,0.6431598709073506,0.9569134461517446,0.76848388312282,0.6070131005168807,,
2024-07-15 12:53:30,hf_ctgan_syn_150000,500,0.01,10,9.0,4,0.9996376549025292,0.9204590951554784,0.6428571428571429,0.9584158415841584,0.7692357922175241,0.608150069574474,0.0017035775127768,0.125,0.9609124866595518,0.0033613445378151,0.3465747550420313,0.1100735765051214,0.0080862533692722,0.6,0.975458486162054,0.0159574468085106,0.7650327389708446,0.5633004417055324,0.0,0.0,0.9837989199279952,0.0,0.0,0.0,0.9987082637504168,0.9198666666666668,0.6431603689400771,0.957528431998036,0.7689576895938004,0.6078289355642424,,
2024-07-15 12:53:54,hf_ctgan_syn_150000,1500,0.01,2,1.0,4,0.9997161711487972,0.9401441345255572,0.7142857142857143,0.9690154406960348,0.8194702707610034,0.6866986295912336,0.0029411764705882,0.125,0.977387940234792,0.0057471264367816,0.3495332495333584,0.1117595713645107,0.0073710073710073,0.6,0.9730576858952984,0.0145631067961165,0.7640907089718988,0.562054212624615,0.0,0.0,0.9893326221748115,0.0,0.0,0.0,0.9987871283522998,0.9395333333333332,0.714530629257283,0.9681189457877502,0.8191465464777016,0.6863046673792177,,
2024-07-15 12:54:17,hf_ctgan_syn_150000,1500,0.01,2,3.0,4,0.9997162114224902,0.9402775924195916,0.7142857142857143,0.969086345036278,0.819528432531953,0.6868050730910015,0.0029585798816568,0.125,0.9775213447171824,0.0057803468208092,0.349557102759546,0.1117731954485473,0.0073710073710073,0.6,0.9730576858952984,0.0145631067961165,0.7640907089718988,0.562054212624615,0.0,0.0,0.9893326221748115,0.0,0.0,0.0,0.9987871778702232,0.9396666666666668,0.7145307004063403,0.9681898016681472,0.8192046666860522,0.6864110187978972,,
2024-07-15 12:54:39,hf_ctgan_syn_150000,1500,0.01,2,5.0,4,0.9997162114224902,0.9402775924195916,0.7142857142857143,0.969086345036278,0.819528432531953,0.6868050730910015,0.0029411764705882,0.125,0.977387940234792,0.0057471264367816,0.3495332495333584,0.1117595713645107,0.0073710073710073,0.6,0.9730576858952984,0.0145631067961165,0.7640907089718988,0.562054212624615,0.0,0.0,0.9894659643976264,0.0,0.0,0.0,0.998787168588404,0.9396666666666668,0.7145306381467645,0.9681897839506092,0.8192046539643316,0.6864110115317191,,
2024-07-15 12:54:59,hf_ctgan_syn_150000,1500,0.01,2,7.0,4,0.9997161912870726,0.9402108634725744,0.7142857142857143,0.969050894085282,0.8194993521624627,0.6867518510230638,0.0029411764705882,0.125,0.977387940234792,0.0057471264367816,0.3495332495333584,0.1117595713645107,0.0073529411764705,0.6,0.9729909969989996,0.0145278450363196,0.7640645248926297,0.5620195852768974,0.0,0.0,0.9894659643976264,0.0,0.0,0.0,0.9987871424497146,0.9396,0.7145306159171323,0.9681543543332476,0.8191755920084931,0.6863578275952623,,
2024-07-15 12:55:20,hf_ctgan_syn_150000,1500,0.01,2,9.0,4,0.9997161912870726,0.9402108634725744,0.7142857142857143,0.969050894085282,0.8194993521624627,0.6867518510230638,0.0029239766081871,0.125,0.9772545357524012,0.0057142857142857,0.349509394679242,0.1117459468355552,0.0073891625615763,0.6,0.9731243747915972,0.0145985401459854,0.7641168921539154,0.5620888394386437,0.0,0.0,0.9894659643976264,0.0,0.0,0.0,0.9987871453502496,0.9396,0.7145305892273393,0.968154360383232,0.819175596741658,0.6863578434135675,,
2024-07-15 12:55:44,hf_ctgan_syn_150000,1500,0.01,4,1.0,4,0.9997804610318332,0.911650874149206,0.7857142857142857,0.953683990087606,0.8463433791334032,0.7253179169049097,0.0014347202295552,0.125,0.9535752401280684,0.0028368794326241,0.3452490478133264,0.1093205445963923,0.0079787234042553,0.6,0.97512504168056,0.0157480314960629,0.7649019708487723,0.5631273956940854,0.0,0.0,0.982532168811254,0.0,0.0,0.0,0.9988507573601272,0.9110666666666668,0.7858800696675016,0.9528006473763868,0.8459925587953286,0.7248869669381478,,
2024-07-15 12:56:08,hf_ctgan_syn_150000,1500,0.01,4,3.0,4,0.9997805092186128,0.9118510609902576,0.7857142857142857,0.9537935366789978,0.8464362971091054,0.7254915298924747,0.0014450867052023,0.125,0.9539087513340448,0.0028571428571428,0.3453094176485136,0.1093548025173191,0.0079787234042553,0.6,0.97512504168056,0.0157480314960629,0.7649019708487723,0.5631273956940854,0.0,0.0,0.9823988265884392,0.0,0.0,0.0,0.9988508110307196,0.9112666666666668,0.7858802386506633,0.9529101025314533,0.8460854222448323,0.7250604361578157,,
2024-07-15 12:56:36,hf_ctgan_syn_150000,1500,0.01,4,5.0,4,0.999780557384244,0.9120512478313092,0.7857142857142857,0.9539030603342988,0.8465292048858091,0.7256651491775039,0.0014619883040935,0.125,0.9544423692636071,0.0028901734104046,0.3454059874379002,0.1094096094068561,0.0078947368421052,0.6,0.9748582860953652,0.0155844155844155,0.7647973402524483,0.5629889492785247,0.0,0.0,0.9823321554770318,0.0,0.0,0.0,0.9988508401700616,0.9114666666666666,0.7858804298836234,0.953019487042334,0.8461782599346334,0.7252338764797148,,
2024-07-15 12:56:59,hf_ctgan_syn_150000,1500,0.01,4,7.0,4,0.9997074526438968,0.9121179767783264,0.7142857142857143,0.9539062772601976,0.8071634534317987,0.6644018664849647,0.0014619883040935,0.125,0.9544423692636071,0.0028901734104046,0.3454059874379002,0.1094096094068561,0.0079365079365079,0.6,0.9749916638879628,0.0156657963446475,0.7648496573397792,0.5630581735536832,0.0,0.0,0.9823321554770318,0.0,0.0,0.0,0.9987778175845036,0.9115333333333332,0.7145185695809828,0.9530227280926884,0.8068492672876759,0.6640277959257802,,
2024-07-15 12:57:22,hf_ctgan_syn_150000,1500,0.01,4,9.0,4,0.9997074098456586,0.911984518884292,0.7142857142857143,0.953833269358272,0.8071044006129442,0.664295959859911,0.0014556040756914,0.125,0.9542422625400212,0.0028776978417266,0.3453697769311939,0.1093890576575026,0.0079575596816976,0.6,0.9750583527842616,0.0157068062827225,0.7648758145415221,0.5630927848907289,0.0,0.0,0.9823321554770318,0.0,0.0,0.0,0.998777778438537,0.9114,0.7145184850870289,0.952949795347814,0.8067902589915826,0.6639219887230894,,
2024-07-15 12:58:13,hf_ctgan_syn_150000,1500,0.01,8,1.0,4,0.9995602784902896,0.91011610836781,0.5714285714285714,0.9527435297404911,0.7211562574357575,0.537680346671424,0.002805049088359,0.25,0.9525747065101388,0.0055478502080443,0.4879996686756402,0.2214123042561511,0.0053475935828877,0.4,0.9751917305768588,0.0105540897097625,0.624561199748066,0.3676398034645537,0.0,0.0,0.9821321421428096,0.0,0.0,0.0,0.9986306341210734,0.9095333333333332,0.5717938173250453,0.9518607793294144,0.7209516318186939,0.5374191448446222,,
2024-07-15 12:59:06,hf_ctgan_syn_150000,1500,0.01,8,3.0,4,0.9995601817915262,0.9099159215267584,0.5714285714285714,0.9526337851054912,0.7210769412192762,0.5375516711061328,0.0028129395218002,0.25,0.9527081109925294,0.0055632823365785,0.4880338387326562,0.2214401348230618,0.0053050397877984,0.4,0.9749916638879628,0.0104712041884816,0.6244971301416725,0.3675721823913517,0.0,0.0,0.9819987999199946,0.0,0.0,0.0,0.998630527536195,0.9093333333333332,0.5717938128957247,0.9517511177247016,0.7208723864981763,0.5372905816791365,,
2024-07-15 13:00:00,hf_ctgan_syn_150000,1500,0.01,8,5.0,4,0.9995603751465416,0.9103162952088616,0.5714285714285714,0.9528532513794788,0.7212355649296209,0.5378090268166887,0.002840909090909,0.25,0.9531750266808964,0.0056179775280898,0.4881534150963446,0.2215375347997765,0.0053333333333333,0.4,0.97512504168056,0.0105263157894736,0.6245398439429017,0.3676172634626125,0.0,0.0,0.9817987865857724,0.0,0.0,0.0,0.9986307450590312,0.9097333333333332,0.5717940930424671,0.9519704267048028,0.721030940171719,0.5375477641647072,,
2024-07-15 13:00:55,hf_ctgan_syn_150000,1500,0.01,8,7.0,4,0.9995603751465416,0.9103162952088616,0.5714285714285714,0.9528532513794788,0.7212355649296209,0.5378090268166887,0.0028288543140028,0.25,0.9529749199573104,0.0055944055944055,0.4881021716703662,0.2214957932873697,0.0053908355795148,0.4,0.9753917972657552,0.0106382978723404,0.6246252627826561,0.3677074213356214,0.0,0.0,0.981732115474365,0.0,0.0,0.0,0.9986307577972322,0.9097333333333332,0.571794070792669,0.9519704514604658,0.7210309413148382,0.5375477719551915,,
2024-07-15 13:01:47,hf_ctgan_syn_150000,1500,0.01,8,9.0,4,0.9995606005126328,0.910783397837982,0.5714285714285714,0.9531091791487728,0.721420581843503,0.538109298299983,0.0014285714285714,0.125,0.9533751334044824,0.0028248587570621,0.3452128208447078,0.1092999885090796,0.0053908355795148,0.4,0.9753917972657552,0.0106382978723404,0.6246252627826561,0.3677074213356214,0.0,0.0,0.981732115474365,0.0,0.0,0.0,0.9986302361354428,0.9101333333333332,0.5717942842398408,0.9522246632721952,0.7211395778924937,0.537787925422553,,
2024-07-15 13:03:13,hf_ctgan_syn_150000,1500,0.01,10,1.0,4,0.9996335922614684,0.9102495662618444,0.6428571428571429,0.9528499580888516,0.7649577997863953,0.6008071821457036,0.0028449502133712,0.25,0.9532417289220918,0.0056258790436005,0.4881704950429951,0.2215514481923265,0.0075,0.6,0.9735245081693898,0.0148148148148148,0.7642739724088697,0.5622965891153446,0.0,0.0,0.9832655510367356,0.0,0.0,0.0,0.9987046182154716,0.9097333333333332,0.6431555976520269,0.9519685702017304,0.7647589547614205,0.600552021744442,,
2024-07-15 13:04:30,hf_ctgan_syn_150000,1500,0.01,10,3.0,4,0.9996338337605272,0.9108501267849992,0.6428571428571429,0.9531790091128104,0.7652101084513135,0.601238745722454,0.0028530670470756,0.25,0.9533751334044824,0.005641748942172,0.4882046531436592,0.2215792743100482,0.0077120822622107,0.6,0.9742580860286764,0.015228426395939,0.7645618690578322,0.5626774136227025,0.0,0.0,0.982998866591106,0.0,0.0,0.0,0.9987049345121966,0.9103333333333332,0.6431558955480743,0.9522974604458728,0.7650111421214549,0.6009833243106192,,
2024-07-15 13:06:11,hf_ctgan_syn_150000,1500,0.01,10,5.0,4,0.9995606970273831,0.9109835846790336,0.5714285714285714,0.953218824186566,0.721499860282744,0.5382379937118275,0.0028449502133712,0.25,0.9532417289220918,0.0056258790436005,0.4881704950429951,0.2215514481923265,0.0025974025974025,0.2,0.9743914638212736,0.0051282051282051,0.4414502154991599,0.1797870841241845,0.0,0.0,0.9830655377025136,0.0,0.0,0.0,0.998630156817804,0.9103333333333332,0.5717939685411172,0.9523338631545246,0.7212339680823362,0.5379137280514403,,
2024-07-15 13:07:53,hf_ctgan_syn_150000,1500,0.01,10,7.0,4,0.99948785484343,0.9115841452021888,0.5,0.9535143435471488,0.6751237461392499,0.4745517516602398,0.0029112081513828,0.25,0.9543089647812166,0.0057553956834532,0.48844369296297,0.2217740322186418,0.0025380710659898,0.2,0.9737912637545848,0.0050125313283208,0.441314233569366,0.1796880292986402,0.0,0.0,0.9832655510367356,0.0,0.0,0.0,0.9985573981802788,0.9109333333333334,0.5004324462392039,0.9526291372146456,0.6749012386902898,0.4742870121856397,,
2024-07-15 13:09:41,hf_ctgan_syn_150000,1500,0.01,10,9.0,4,0.9994875549048317,0.9110503136260508,0.5,0.9532220903442016,0.6749260380315946,0.4742495326702804,0.0028818443804034,0.25,0.9538420490928496,0.0056980056980056,0.4883241876798777,0.2216766587146015,0.0025773195876288,0.2,0.9741913971323776,0.005089058524173,0.4414048928438328,0.1797540674500703,0.0,0.0,0.9827988532568838,0.0,0.0,0.0,0.998557095943786,0.9104,0.5004322994821108,0.9523371516824272,0.674703681593809,0.4739850453469192,,
2024-07-15 13:09:58,hf_ctgan_syn_150000,1000,0.01,2,1.0,4,0.999650959860384,0.955558521286534,0.6428571428571429,0.9771075705366584,0.7837650290916645,0.6334964794055309,0.0035460992907801,0.125,0.9812566702241196,0.0068965517241379,0.350224333503563,0.1121544891644985,0.0079787234042553,0.6,0.97512504168056,0.0157480314960629,0.7649019708487723,0.5631273956940854,0.0,0.0,0.9988665911060738,0.0,0.0,0.0,0.9987225031252708,0.9549333333333332,0.643172112534563,0.9762045309755758,0.7834752686993304,0.6331527408842048,,
2024-07-15 13:10:16,hf_ctgan_syn_150000,1000,0.01,2,3.0,4,0.999651057296392,0.955825437074603,0.6428571428571429,0.9772471431008016,0.7838744858381086,0.6336898346158024,0.0035460992907801,0.125,0.9812566702241196,0.0068965517241379,0.350224333503563,0.1121544891644985,0.0080645161290322,0.6,0.9753917972657552,0.0159151193633952,0.7650065871346815,0.5632658335706211,0.0,0.0,0.9988665911060738,0.0,0.0,0.0,0.9987226290679134,0.9552,0.6431722014530915,0.9763440289679484,0.7835846581582399,0.6333459617755723,,
2024-07-15 13:10:30,hf_ctgan_syn_150000,1000,0.01,2,5.0,4,0.9996509354928792,0.9554917923395168,0.6428571428571429,0.9770726714431932,0.7837376625165032,0.6334481420342049,0.0035460992907801,0.125,0.9812566702241196,0.0068965517241379,0.350224333503563,0.1121544891644985,0.0079575596816976,0.6,0.9750583527842616,0.0157068062827225,0.7648758145415221,0.5630927848907289,0.0,0.0,0.9988665911060738,0.0,0.0,0.0,0.9987224717259348,0.9548666666666666,0.6431720903049309,0.9761696507128602,0.7834479189475368,0.6331044370908243,,
2024-07-15 13:10:46,hf_ctgan_syn_150000,1000,0.01,2,7.0,4,0.9996510329424902,0.9557587081275858,0.6428571428571429,0.9772122535307364,0.7838471230844276,0.6336414949544896,0.0035460992907801,0.125,0.9812566702241196,0.0068965517241379,0.350224333503563,0.1121544891644985,0.0080428954423592,0.6,0.9753251083694564,0.0158730158730158,0.7649804344044845,0.5632312249020207,0.0,0.0,0.9988665911060738,0.0,0.0,0.0,0.9987225975298464,0.9551333333333332,0.6431721792234593,0.9763091579269848,0.7835573122255522,0.633297655695054,,
2024-07-15 13:11:03,hf_ctgan_syn_150000,1000,0.01,2,9.0,4,0.9996510085851888,0.9556919791805686,0.6428571428571429,0.9771773615801862,0.7838197593755266,0.6335931558656732,0.0035460992907801,0.125,0.9812566702241196,0.0068965517241379,0.350224333503563,0.1121544891644985,0.0080213903743315,0.6,0.9752584194731576,0.0158311345646438,0.7649542807801618,0.5631966156997313,0.0,0.0,0.9988665911060738,0.0,0.0,0.0,0.9987225660269228,0.9550666666666666,0.6431721569938272,0.9762742845818192,0.783529965338238,0.6332493501863197,,
2024-07-15 13:11:21,hf_ctgan_syn_150000,1000,0.01,4,1.0,4,0.9997099347353154,0.9199252635793408,0.7142857142857143,0.9581595774256324,0.8106105563001529,0.6706018323128344,0.0017574692442882,0.125,0.9621131270010672,0.0034662045060658,0.3467912064558924,0.1101966717717254,0.0078740157480314,0.6,0.9747915971990664,0.0155440414507772,0.7647711803666766,0.5629543363404117,0.0,0.0,0.982665511034069,0.0,0.0,0.0,0.9987804341184088,0.9193333333333332,0.7145226161865834,0.957272325142922,0.8102938654845048,0.6702223602730676,,
2024-07-15 13:11:40,hf_ctgan_syn_150000,1000,0.01,4,3.0,4,0.9997108991037872,0.9229947951421328,0.7142857142857143,0.9598223579210324,0.8119618196258336,0.6730418104821927,0.0018832391713747,0.125,0.9646478121664888,0.0037105751391465,0.3472477163651492,0.1104564212083513,0.0079155672823219,0.6,0.974924974991664,0.015625,0.7648234992434518,0.5630235616829484,0.0,0.0,0.9830655377025136,0.0,0.0,0.0,0.9987814785146092,0.9224,0.7145240391463804,0.958933711027047,0.8116441285426588,0.6726602227376147,,
2024-07-15 13:11:59,hf_ctgan_syn_150000,1000,0.01,4,5.0,4,0.9997109199971091,0.92306152408915,0.7142857142857143,0.9598584463796274,0.8119911699419388,0.6730948684344004,0.0018832391713747,0.125,0.9646478121664888,0.0037105751391465,0.3472477163651492,0.1104564212083513,0.0079155672823219,0.6,0.974924974991664,0.015625,0.7648234992434518,0.5630235616829484,0.0,0.0,0.9831322088139208,0.0,0.0,0.0,0.9987814993884306,0.9224666666666668,0.7145240435911212,0.9589697658030806,0.8116734514651356,0.672713231169067,,
2024-07-15 13:12:17,hf_ctgan_syn_150000,1000,0.01,4,7.0,4,0.9997108991037872,0.9229947951421328,0.7142857142857143,0.9598223579210324,0.8119618196258336,0.6730418104821927,0.0018975332068311,0.125,0.96491462113127,0.0037383177570093,0.3472957351327665,0.110483753911015,0.0078740157480314,0.6,0.9747915971990664,0.0155440414507772,0.7647711803666766,0.5629543363404117,0.0,0.0,0.9829321954796988,0.0,0.0,0.0,0.9987814722875834,0.9224,0.7145241280957494,0.9589336988369268,0.8116441367130426,0.6726602142399419,,
2024-07-15 13:12:36,hf_ctgan_syn_150000,1000,0.01,4,9.0,4,0.9997109408874116,0.9231282530361672,0.7142857142857143,0.959894532334166,0.8120205191971828,0.6731479270227154,0.0018939393939393,0.125,0.9648479188900748,0.003731343283582,0.3472837310633185,0.1104769209021937,0.0078534031413612,0.6,0.9747249083027676,0.0155038759689922,0.7647450195860451,0.5629197228686098,0.0,0.0,0.9831988799253284,0.0,0.0,0.0,0.9987815052446406,0.9225333333333332,0.7145240880705515,0.9590057887790616,0.8117027663756945,0.6727662165562649,,
2024-07-15 13:13:11,hf_ctgan_syn_150000,1000,0.01,8,1.0,4,0.999634074941452,0.9114506873081544,0.6428571428571429,0.9535078534031414,0.7654623339512527,0.6016703556714397,0.0014430014430014,0.125,0.9538420490928496,0.0028530670470756,0.3452973445258538,0.1093479511555931,0.0080645161290322,0.6,0.9753917972657552,0.0159151193633952,0.7650065871346815,0.5632658335706211,0.0,0.0,0.9819321288085872,0.0,0.0,0.0,0.998704540910986,0.9108666666666668,0.6431564513576683,0.9526247394155112,0.7651870632190235,0.6013548708579528,,
2024-07-15 13:13:51,hf_ctgan_syn_150000,1000,0.01,8,3.0,4,0.99963399458312,0.9112505004671028,0.6428571428571429,0.9533982615980732,0.7653782680200838,0.6015264805359739,0.0014492753623188,0.125,0.9540421558164356,0.0028653295128939,0.3453335626275767,0.1093685049070817,0.0079575596816976,0.6,0.9750583527842616,0.0157068062827225,0.7648758145415221,0.5630927848907289,0.0,0.0,0.9818654576971798,0.0,0.0,0.0,0.998704428321596,0.9106666666666666,0.6431564424883529,0.952515186998416,0.765103051474847,0.6012110832850543,,
2024-07-15 13:14:28,hf_ctgan_syn_150000,1000,0.01,8,5.0,4,0.9995610505523448,0.9117176030962232,0.5714285714285714,0.9536206595707556,0.7217904733948461,0.5387099160728113,0.0014749262536873,0.125,0.954842582710779,0.0029154518950437,0.3454783970653554,0.1094507099023606,0.0079365079365079,0.6,0.9749916638879628,0.0156657963446475,0.7648496573397792,0.5630581735536832,0.0,0.0,0.9816654443629576,0.0,0.0,0.0,0.9986315590351432,0.9111333333333334,0.5717949290569373,0.952737390461615,0.7215560073172258,0.5384531799209424,,
2024-07-15 13:15:01,hf_ctgan_syn_150000,1000,0.01,8,7.0,4,0.9995607934997438,0.9111837715200856,0.5714285714285714,0.9533284462596432,0.7215791300118236,0.5383666937036458,0.001466275659824,0.125,0.954575773745998,0.0028985507246376,0.3454301256668991,0.1094233100169432,0.0079575596816976,0.6,0.9750583527842616,0.0157068062827225,0.7648758145415221,0.5630927848907289,0.0,0.0,0.9813320888059204,0.0,0.0,0.0,0.9986313046260564,0.9106,0.571794786764751,0.9524454545389482,0.7213448441623488,0.538110274816495,,
2024-07-15 13:15:38,hf_ctgan_syn_150000,1000,0.01,8,9.0,4,0.999561339377102,0.912318163619378,0.5714285714285714,0.95394920457717,0.7220281607564617,0.5390960801679003,0.0014814814814814,0.125,0.955042689434365,0.0029282576866764,0.3455145961884904,0.1094712586485115,0.0079787234042553,0.6,0.97512504168056,0.0157480314960629,0.7649019708487723,0.5631273956940854,0.0,0.0,0.9819321288085872,0.0,0.0,0.0,0.9986318651582748,0.9117333333333332,0.5717950980187504,0.9530656630674964,0.7217935095813391,0.5388390176295874,,
2024-07-15 13:16:49,hf_ctgan_syn_150000,1000,0.01,10,1.0,4,0.9996338605741066,0.9109168557320164,0.6428571428571429,0.9532155575727952,0.7652381376122706,0.6012867000934653,0.0028449502133712,0.25,0.9532417289220918,0.0056258790436005,0.4881704950429951,0.2215514481923265,0.0076726342710997,0.6,0.9741247082360788,0.0151515151515151,0.7645095322765094,0.5626081776063845,0.0,0.0,0.9833322221481432,0.0,0.0,0.0,0.9987049438224416,0.9104,0.6431558021634566,0.9523339406929344,0.7650391094586143,0.6010311960049494,,
2024-07-15 13:17:59,hf_ctgan_syn_150000,1000,0.01,10,3.0,4,0.9995609220636664,0.9114506873081544,0.5714285714285714,0.9534745733133224,0.7216848094397499,0.5385383008171407,0.0028776978417266,0.25,0.9537753468516542,0.0056899004267425,0.4883071131090694,0.2216627473241865,0.0052631578947368,0.4,0.9747915971990664,0.0103896103896103,0.6244330539614528,0.3675045581160153,0.0,0.0,0.982665511034069,0.0,0.0,0.0,0.998631287694554,0.9108666666666668,0.5717943598466942,0.9525911615285876,0.7214798117625848,0.5382763867209897,,
2024-07-15 13:19:12,hf_ctgan_syn_150000,1000,0.01,10,5.0,4,0.9995613073042334,0.9122514346723608,0.5714285714285714,0.9539127097652026,0.7220017549137203,0.5390531710106798,0.0029282576866764,0.25,0.954575773745998,0.0057887120115774,0.4885119685703713,0.2218296693268427,0.0052770448548812,0.4,0.9748582860953652,0.0104166666666666,0.6244544134187427,0.3675270998969202,0.0,0.0,0.9825988399226616,0.0,0.0,0.0,0.9986317041698008,0.9116666666666666,0.5717948045259292,0.9530289507713836,0.7217965777968446,0.5387908729080099,,
2024-07-15 13:20:28,hf_ctgan_syn_150000,1000,0.01,10,7.0,4,0.9995614355675756,0.9125183504604296,0.5714285714285714,0.954058673736352,0.722107372491072,0.5392248106928778,0.0029282576866764,0.25,0.954575773745998,0.0057887120115774,0.4885119685703713,0.2218296693268427,0.0079787234042553,0.6,0.97512504168056,0.0157480314960629,0.7649019708487723,0.5631273956940854,0.0,0.0,0.982665511034069,0.0,0.0,0.0,0.9986327328729468,0.912,0.5717948978891984,0.9531765556311028,0.7219489126502674,0.53902755249177,,
2024-07-15 13:21:39,hf_ctgan_syn_150000,1000,0.01,10,9.0,4,0.999561339377102,0.912318163619378,0.5714285714285714,0.95394920457717,0.7220281607564617,0.5390960801679003,0.0029455081001472,0.25,0.954842582710779,0.0058224163027656,0.4885802346367429,0.2218853028756924,0.0079787234042553,0.6,0.97512504168056,0.0157480314960629,0.7649019708487723,0.5631273956940854,0.0,0.0,0.982198813254217,0.0,0.0,0.0,0.9986326459724714,0.9118,0.5717950090741275,0.9530672066187582,0.7218698112551782,0.5388989717865086,,
2024-07-15 13:21:46,hf_ctgan_syn_150000,100,0.001,2,1.0,4,0.9994386752736458,0.9504871213132255,0.4285714285714285,0.9743484506464192,0.63824103865229,0.4286119438926259,0.0,0.0,1.0,0.0,0.0,0.0,0.0040106951871657,0.6,0.9503167722574192,0.0079681274900398,0.7551093055673804,0.550215349097693,0.0,0.0,1.0,0.0,0.0,0.0,0.9985072027417862,0.9498,0.4290882008288477,0.9734417148016458,0.6378970501180703,0.4283953111946921,,
2024-07-15 13:21:51,hf_ctgan_syn_150000,100,0.001,2,3.0,4,0.9994386752736458,0.9504871213132255,0.4285714285714285,0.9743484506464192,0.63824103865229,0.4286119438926259,0.0,0.0,1.0,0.0,0.0,0.0,0.0040106951871657,0.6,0.9503167722574192,0.0079681274900398,0.7551093055673804,0.550215349097693,0.0,0.0,1.0,0.0,0.0,0.0,0.9985072027417862,0.9498,0.4290882008288477,0.9734417148016458,0.6378970501180703,0.4283953111946921,,
2024-07-15 13:21:57,hf_ctgan_syn_150000,100,0.001,2,5.0,4,0.9994386752736458,0.9504871213132255,0.4285714285714285,0.9743484506464192,0.63824103865229,0.4286119438926259,0.0,0.0,1.0,0.0,0.0,0.0,0.0040106951871657,0.6,0.9503167722574192,0.0079681274900398,0.7551093055673804,0.550215349097693,0.0,0.0,1.0,0.0,0.0,0.0,0.9985072027417862,0.9498,0.4290882008288477,0.9734417148016458,0.6378970501180703,0.4283953111946921,,
2024-07-15 13:22:04,hf_ctgan_syn_150000,100,0.001,2,7.0,4,0.9994386752736458,0.9504871213132255,0.4285714285714285,0.9743484506464192,0.63824103865229,0.4286119438926259,0.0,0.0,1.0,0.0,0.0,0.0,0.0040106951871657,0.6,0.9503167722574192,0.0079681274900398,0.7551093055673804,0.550215349097693,0.0,0.0,1.0,0.0,0.0,0.0,0.9985072027417862,0.9498,0.4290882008288477,0.9734417148016458,0.6378970501180703,0.4283953111946921,,
2024-07-15 13:22:10,hf_ctgan_syn_150000,100,0.001,2,9.0,4,0.9994386752736458,0.9504871213132255,0.4285714285714285,0.9743484506464192,0.63824103865229,0.4286119438926259,0.0,0.0,1.0,0.0,0.0,0.0,0.0040106951871657,0.6,0.9503167722574192,0.0079681274900398,0.7551093055673804,0.550215349097693,0.0,0.0,1.0,0.0,0.0,0.0,0.9985072027417862,0.9498,0.4290882008288477,0.9734417148016458,0.6378970501180703,0.4283953111946921,,
2024-07-15 13:22:18,hf_ctgan_syn_150000,100,0.001,4,3.0,4,0.9996547438199144,0.966034965968237,0.6428571428571429,0.982557350346138,0.7880497941897061,0.6410925473807048,0.0032786885245901,0.125,0.9797225186766276,0.0063897763578274,0.3499504462557212,0.1119979285999847,0.0140845070422535,0.6,0.9859953317772592,0.0275229357798165,0.7691535601337066,0.568761823353144,0.0,0.0,1.0,0.0,0.0,0.0,0.998728176195243,0.9654,0.6431749933110296,0.9816528790117992,0.7877573058065099,0.6407435138395206,,
2024-07-15 13:22:26,hf_ctgan_syn_150000,100,0.001,4,7.0,4,0.9996547438199144,0.966034965968237,0.6428571428571429,0.982557350346138,0.7880497941897061,0.6410925473807048,0.0032786885245901,0.125,0.9797225186766276,0.0063897763578274,0.3499504462557212,0.1119979285999847,0.0140845070422535,0.6,0.9859953317772592,0.0275229357798165,0.7691535601337066,0.568761823353144,0.0,0.0,1.0,0.0,0.0,0.0,0.998728176195243,0.9654,0.6431749933110296,0.9816528790117992,0.7877573058065099,0.6407435138395206,,
2024-07-15 13:22:37,hf_ctgan_syn_150000,100,0.001,8,3.0,4,0.9997149169695674,0.9360069398104898,0.7142857142857143,0.966812558155564,0.817665203845022,0.6834001431356697,0.0031746031746031,0.125,0.9790554962646744,0.0061919504643962,0.3498312979610091,0.111929840436422,0.0167597765363128,0.6,0.9882627542514172,0.0326086956521739,0.7700374358113055,0.5699353154174657,0.0,0.0,0.968331222081472,0.0,0.0,0.0,0.9987891294276012,0.9354,0.714535186883278,0.9659243717067504,0.8173453054922828,0.6830119773554483,,
2024-07-15 13:22:48,hf_ctgan_syn_150000,100,0.001,8,7.0,4,0.9997149169695674,0.9360069398104898,0.7142857142857143,0.966812558155564,0.817665203845022,0.6834001431356697,0.0031746031746031,0.125,0.9790554962646744,0.0061919504643962,0.3498312979610091,0.111929840436422,0.0167597765363128,0.6,0.9882627542514172,0.0326086956521739,0.7700374358113055,0.5699353154174657,0.0,0.0,0.968331222081472,0.0,0.0,0.0,0.9987891294276012,0.9354,0.714535186883278,0.9659243717067504,0.8173453054922828,0.6830119773554483,,
2024-07-15 13:23:02,hf_ctgan_syn_150000,100,0.001,10,3.0,4,0.9997872491312672,0.9407446950487122,0.7857142857142857,0.9693677587925876,0.8597421393125397,0.7506157203002634,0.0030581039755351,0.125,0.9782550693703308,0.0059701492537313,0.3496882664192371,0.1118481199578231,0.0111524163568773,0.6,0.982260753584528,0.0218978102189781,0.7676955465226543,0.5668276679978131,0.0,0.0,0.9797986532435496,0.0,0.0,0.0,0.9988594628263172,0.9401333333333334,0.785895428579361,0.9684734989007228,0.8593821122401125,0.7501637405146265,,
2024-07-15 13:23:14,hf_ctgan_syn_150000,100,0.001,10,7.0,4,0.9997872491312672,0.9407446950487122,0.7857142857142857,0.9693677587925876,0.8597421393125397,0.7506157203002634,0.0030581039755351,0.125,0.9782550693703308,0.0059701492537313,0.3496882664192371,0.1118481199578231,0.0111524163568773,0.6,0.982260753584528,0.0218978102189781,0.7676955465226543,0.5668276679978131,0.0,0.0,0.9797986532435496,0.0,0.0,0.0,0.9988594628263172,0.9401333333333334,0.785895428579361,0.9684734989007228,0.8593821122401125,0.7501637405146265,,
2024-07-15 13:23:27,hf_ctgan_syn_150000,500,0.001,2,1.0,4,0.9992630309527,0.9952622447617776,0.2142857142857142,0.9972586253008826,0.4618121707148707,0.2299264050524067,0.0,0.0,1.0,0.0,0.0,0.0,0.027027027027027,0.4,0.9951983994664888,0.050632911392405,0.6309353055477206,0.3743857400060329,0.0,0.0,1.0,0.0,0.0,0.0,0.998339394466153,0.9944666666666668,0.2150174470855364,0.996344728221066,0.4615914577907194,0.2298366023210265,,
2024-07-15 13:23:37,hf_ctgan_syn_150000,500,0.001,2,3.0,4,0.9992630309527,0.9952622447617776,0.2142857142857142,0.9972586253008826,0.4618121707148707,0.2299264050524067,0.0,0.0,1.0,0.0,0.0,0.0,0.027027027027027,0.4,0.9951983994664888,0.050632911392405,0.6309353055477206,0.3743857400060329,0.0,0.0,1.0,0.0,0.0,0.0,0.998339394466153,0.9944666666666668,0.2150174470855364,0.996344728221066,0.4615914577907194,0.2298366023210265,,
2024-07-15 13:23:48,hf_ctgan_syn_150000,500,0.001,2,5.0,4,0.9992630309527,0.9952622447617776,0.2142857142857142,0.9972586253008826,0.4618121707148707,0.2299264050524067,0.0,0.0,1.0,0.0,0.0,0.0,0.027027027027027,0.4,0.9951983994664888,0.050632911392405,0.6309353055477206,0.3743857400060329,0.0,0.0,1.0,0.0,0.0,0.0,0.998339394466153,0.9944666666666668,0.2150174470855364,0.996344728221066,0.4615914577907194,0.2298366023210265,,
2024-07-15 13:23:58,hf_ctgan_syn_150000,500,0.001,2,7.0,4,0.9992630309527,0.9952622447617776,0.2142857142857142,0.9972586253008826,0.4618121707148707,0.2299264050524067,0.0,0.0,1.0,0.0,0.0,0.0,0.027027027027027,0.4,0.9951983994664888,0.050632911392405,0.6309353055477206,0.3743857400060329,0.0,0.0,1.0,0.0,0.0,0.0,0.998339394466153,0.9944666666666668,0.2150174470855364,0.996344728221066,0.4615914577907194,0.2298366023210265,,
2024-07-15 13:24:07,hf_ctgan_syn_150000,500,0.001,2,9.0,4,0.9992630309527,0.9952622447617776,0.2142857142857142,0.9972586253008826,0.4618121707148707,0.2299264050524067,0.0,0.0,1.0,0.0,0.0,0.0,0.027027027027027,0.4,0.9951983994664888,0.050632911392405,0.6309353055477206,0.3743857400060329,0.0,0.0,1.0,0.0,0.0,0.0,0.998339394466153,0.9944666666666668,0.2150174470855364,0.996344728221066,0.4615914577907194,0.2298366023210265,,
2024-07-15 13:24:21,hf_ctgan_syn_150000,500,0.001,4,3.0,4,0.9995881666552268,0.9717736554117176,0.5714285714285714,0.985484689561834,0.7451840253681224,0.5775303634174622,0.0032786885245901,0.125,0.9797225186766276,0.0063897763578274,0.3499504462557212,0.1119979285999847,0.0158730158730158,0.4,0.9917305768589528,0.0305343511450381,0.6298350821791219,0.3732187384902448,0.0,0.0,1.0,0.0,0.0,0.0,0.9986622573388528,0.9710666666666666,0.5718150002974853,0.9845784898493486,0.744885105543175,0.5771754735530227,,
2024-07-15 13:24:34,hf_ctgan_syn_150000,500,0.001,4,7.0,4,0.9995881666552268,0.9717736554117176,0.5714285714285714,0.985484689561834,0.7451840253681224,0.5775303634174622,0.0032786885245901,0.125,0.9797225186766276,0.0063897763578274,0.3499504462557212,0.1119979285999847,0.0158730158730158,0.4,0.9917305768589528,0.0305343511450381,0.6298350821791219,0.3732187384902448,0.0,0.0,1.0,0.0,0.0,0.0,0.9986622573388528,0.9710666666666666,0.5718150002974853,0.9845784898493486,0.744885105543175,0.5771754735530227,,
2024-07-15 13:24:58,hf_ctgan_syn_150000,500,0.001,8,3.0,4,0.9997185675086188,0.9481516081676232,0.7142857142857143,0.9732525086475564,0.8229527013693797,0.6930897432182801,0.003125,0.125,0.978721985058698,0.0060975609756097,0.349771708593387,0.111895792183526,0.0132743362831858,0.6,0.9851283761253752,0.0259740259740259,0.7688153391258691,0.5683129721688935,0.0,0.0,0.98393226215081,0.0,0.0,0.0,0.9987915882910386,0.9475333333333332,0.714535004287264,0.9723560496806636,0.8226274288723934,0.6926919748711639,,
2024-07-15 13:25:22,hf_ctgan_syn_150000,500,0.001,8,7.0,4,0.9997185675086188,0.9481516081676232,0.7142857142857143,0.9732525086475564,0.8229527013693797,0.6930897432182801,0.003125,0.125,0.978721985058698,0.0060975609756097,0.349771708593387,0.111895792183526,0.0132743362831858,0.6,0.9851283761253752,0.0259740259740259,0.7688153391258691,0.5683129721688935,0.0,0.0,0.98393226215081,0.0,0.0,0.0,0.9987915882910386,0.9475333333333332,0.714535004287264,0.9723560496806636,0.8226274288723934,0.6926919748711639,,
2024-07-15 13:26:02,hf_ctgan_syn_150000,500,0.001,10,3.0,4,0.999787279302276,0.9408781529427466,0.7857142857142857,0.9694386194093988,0.8598031204197776,0.7507320717465512,0.0031746031746031,0.125,0.9790554962646744,0.0061919504643962,0.3498312979610091,0.111929840436422,0.0111524163568773,0.6,0.982260753584528,0.0218978102189781,0.7676955465226543,0.5668276679978131,0.0,0.0,0.9791319421294752,0.0,0.0,0.0,0.9988595551020728,0.9402666666666668,0.7858958110262971,0.9685444116749372,0.8594431127151392,0.7502800269504865,,
2024-07-15 13:26:42,hf_ctgan_syn_150000,500,0.001,10,7.0,4,0.9997172745264348,0.943814226611504,0.7142857142857143,0.9709617628887212,0.8210682182426849,0.6896267529615069,0.0034129692832764,0.125,0.9805229455709712,0.0066445182724252,0.350093370683267,0.1120796197139363,0.0113207547169811,0.6,0.9825275091697232,0.0222222222222222,0.7677997821709992,0.5669658774554283,0.0,0.0,0.9803986932462164,0.0,0.0,0.0,0.9987897989054004,0.9432,0.7145348622726251,0.970066483060511,0.8207445376307465,0.6892318657484088,,
2024-07-15 13:27:07,hf_ctgan_syn_150000,1500,0.001,2,1.0,4,0.9992630309527,0.9952622447617776,0.2142857142857142,0.9972586253008826,0.4618121707148707,0.2299264050524067,0.0,0.0,1.0,0.0,0.0,0.0,0.027027027027027,0.4,0.9951983994664888,0.050632911392405,0.6309353055477206,0.3743857400060329,0.0,0.0,1.0,0.0,0.0,0.0,0.998339394466153,0.9944666666666668,0.2150174470855364,0.996344728221066,0.4615914577907194,0.2298366023210265,,
2024-07-15 13:27:30,hf_ctgan_syn_150000,1500,0.001,2,3.0,4,0.9992630309527,0.9952622447617776,0.2142857142857142,0.9972586253008826,0.4618121707148707,0.2299264050524067,0.0,0.0,1.0,0.0,0.0,0.0,0.027027027027027,0.4,0.9951983994664888,0.050632911392405,0.6309353055477206,0.3743857400060329,0.0,0.0,1.0,0.0,0.0,0.0,0.998339394466153,0.9944666666666668,0.2150174470855364,0.996344728221066,0.4615914577907194,0.2298366023210265,,
2024-07-15 13:27:53,hf_ctgan_syn_150000,1500,0.001,2,5.0,4,0.9992630309527,0.9952622447617776,0.2142857142857142,0.9972586253008826,0.4618121707148707,0.2299264050524067,0.0,0.0,1.0,0.0,0.0,0.0,0.027027027027027,0.4,0.9951983994664888,0.050632911392405,0.6309353055477206,0.3743857400060329,0.0,0.0,1.0,0.0,0.0,0.0,0.998339394466153,0.9944666666666668,0.2150174470855364,0.996344728221066,0.4615914577907194,0.2298366023210265,,
2024-07-15 13:28:15,hf_ctgan_syn_150000,1500,0.001,2,7.0,4,0.9992630309527,0.9952622447617776,0.2142857142857142,0.9972586253008826,0.4618121707148707,0.2299264050524067,0.0,0.0,1.0,0.0,0.0,0.0,0.027027027027027,0.4,0.9951983994664888,0.050632911392405,0.6309353055477206,0.3743857400060329,0.0,0.0,1.0,0.0,0.0,0.0,0.998339394466153,0.9944666666666668,0.2150174470855364,0.996344728221066,0.4615914577907194,0.2298366023210265,,
2024-07-15 13:28:36,hf_ctgan_syn_150000,1500,0.001,2,9.0,4,0.9992630309527,0.9952622447617776,0.2142857142857142,0.9972586253008826,0.4618121707148707,0.2299264050524067,0.0,0.0,1.0,0.0,0.0,0.0,0.027027027027027,0.4,0.9951983994664888,0.050632911392405,0.6309353055477206,0.3743857400060329,0.0,0.0,1.0,0.0,0.0,0.0,0.998339394466153,0.9944666666666668,0.2150174470855364,0.996344728221066,0.4615914577907194,0.2298366023210265,,
2024-07-15 13:29:01,hf_ctgan_syn_150000,1500,0.001,4,1.0,4,0.9995868337694532,0.9686373949019084,0.5714285714285714,0.9838687813474312,0.7439805661447687,0.5754928725154485,0.0032786885245901,0.125,0.9797225186766276,0.0063897763578274,0.3499504462557212,0.1119979285999847,0.0115606936416184,0.4,0.9885961987329108,0.0224719101123595,0.6288389932988924,0.3721631209069245,0.0,0.0,1.0,0.0,0.0,0.0,0.998659488256362,0.9679333333333332,0.5718139555047765,0.982961402335602,0.7436824375188029,0.5751395324366563,,
2024-07-15 13:29:25,hf_ctgan_syn_150000,1500,0.001,4,3.0,4,0.9995868337694532,0.9686373949019084,0.5714285714285714,0.9838687813474312,0.7439805661447687,0.5754928725154485,0.0032786885245901,0.125,0.9797225186766276,0.0063897763578274,0.3499504462557212,0.1119979285999847,0.0115606936416184,0.4,0.9885961987329108,0.0224719101123595,0.6288389932988924,0.3721631209069245,0.0,0.0,1.0,0.0,0.0,0.0,0.998659488256362,0.9679333333333332,0.5718139555047765,0.982961402335602,0.7436824375188029,0.5751395324366563,,
2024-07-15 13:29:50,hf_ctgan_syn_150000,1500,0.001,4,5.0,4,0.9995868337694532,0.9686373949019084,0.5714285714285714,0.9838687813474312,0.7439805661447687,0.5754928725154485,0.0032786885245901,0.125,0.9797225186766276,0.0063897763578274,0.3499504462557212,0.1119979285999847,0.0115606936416184,0.4,0.9885961987329108,0.0224719101123595,0.6288389932988924,0.3721631209069245,0.0,0.0,1.0,0.0,0.0,0.0,0.998659488256362,0.9679333333333332,0.5718139555047765,0.982961402335602,0.7436824375188029,0.5751395324366563,,
2024-07-15 13:30:16,hf_ctgan_syn_150000,1500,0.001,4,7.0,4,0.9995868337694532,0.9686373949019084,0.5714285714285714,0.9838687813474312,0.7439805661447687,0.5754928725154485,0.0032786885245901,0.125,0.9797225186766276,0.0063897763578274,0.3499504462557212,0.1119979285999847,0.0115606936416184,0.4,0.9885961987329108,0.0224719101123595,0.6288389932988924,0.3721631209069245,0.0,0.0,1.0,0.0,0.0,0.0,0.998659488256362,0.9679333333333332,0.5718139555047765,0.982961402335602,0.7436824375188029,0.5751395324366563,,
2024-07-15 13:30:41,hf_ctgan_syn_150000,1500,0.001,4,9.0,4,0.9995868337694532,0.9686373949019084,0.5714285714285714,0.9838687813474312,0.7439805661447687,0.5754928725154485,0.0032786885245901,0.125,0.9797225186766276,0.0063897763578274,0.3499504462557212,0.1119979285999847,0.0115606936416184,0.4,0.9885961987329108,0.0224719101123595,0.6288389932988924,0.3721631209069245,0.0,0.0,1.0,0.0,0.0,0.0,0.998659488256362,0.9679333333333332,0.5718139555047765,0.982961402335602,0.7436824375188029,0.5751395324366563,,
2024-07-15 13:31:31,hf_ctgan_syn_150000,1500,0.001,8,1.0,4,0.9997202797202798,0.9539570265581208,0.7142857142857143,0.9763026702178514,0.8254682768664968,0.6977290284277055,0.0033898305084745,0.125,0.9803895410885806,0.0066006600660066,0.3500695539975914,0.112066005640575,0.0119521912350597,0.6,0.983461153717906,0.0234375,0.7681644955546589,0.567449543312259,0.0,0.0,0.9897326488432562,0.0,0.0,0.0,0.9987929994325572,0.9533333333333334,0.7145357246021236,0.97540278724435,0.8251405984020718,0.697326733051952,,
2024-07-15 13:32:22,hf_ctgan_syn_150000,1500,0.001,8,3.0,4,0.9997202797202798,0.9539570265581208,0.7142857142857143,0.9763026702178514,0.8254682768664968,0.6977290284277055,0.0033898305084745,0.125,0.9803895410885806,0.0066006600660066,0.3500695539975914,0.112066005640575,0.0119521912350597,0.6,0.983461153717906,0.0234375,0.7681644955546589,0.567449543312259,0.0,0.0,0.9897326488432562,0.0,0.0,0.0,0.9987929994325572,0.9533333333333334,0.7145357246021236,0.97540278724435,0.8251405984020718,0.697326733051952,,
2024-07-15 13:33:14,hf_ctgan_syn_150000,1500,0.001,8,5.0,4,0.9997205337804792,0.9548245028693448,0.7142857142857143,0.9767568859005428,0.8258435094190254,0.6984226684231147,0.0034013605442176,0.125,0.980456243329776,0.0066225165562913,0.3500814625429658,0.1120728127328705,0.0118577075098814,0.6,0.9833277759253084,0.0232558139534883,0.7681124042450981,0.5673804545941232,0.0,0.0,0.9906660444029602,0.0,0.0,0.0,0.9987932279104113,0.9542,0.7145357779437588,0.9758565300871834,0.8255154697250056,0.6980197062509087,,
2024-07-15 13:34:13,hf_ctgan_syn_150000,1500,0.001,8,7.0,4,0.9997205337804792,0.9548245028693448,0.7142857142857143,0.9767568859005428,0.8258435094190254,0.6984226684231147,0.0034013605442176,0.125,0.980456243329776,0.0066225165562913,0.3500814625429658,0.1120728127328705,0.0118577075098814,0.6,0.9833277759253084,0.0232558139534883,0.7681124042450981,0.5673804545941232,0.0,0.0,0.9906660444029602,0.0,0.0,0.0,0.9987932279104113,0.9542,0.7145357779437588,0.9758565300871834,0.8255154697250056,0.6980197062509087,,
2024-07-15 13:35:08,hf_ctgan_syn_150000,1500,0.001,8,9.0,4,0.9997205337804792,0.9548245028693448,0.7142857142857143,0.9767568859005428,0.8258435094190254,0.6984226684231147,0.0034013605442176,0.125,0.980456243329776,0.0066225165562913,0.3500814625429658,0.1120728127328705,0.0118577075098814,0.6,0.9833277759253084,0.0232558139534883,0.7681124042450981,0.5673804545941232,0.0,0.0,0.9906660444029602,0.0,0.0,0.0,0.9987932279104113,0.9542,0.7145357779437588,0.9758565300871834,0.8255154697250056,0.6980197062509087,,
2024-07-15 13:36:50,hf_ctgan_syn_150000,1500,0.001,10,1.0,4,0.9997141427856786,0.9334712398238356,0.7142857142857143,0.9654577452638116,0.8165569002235789,0.6813796987509904,0.0020120724346076,0.125,0.9669156883671292,0.0039603960396039,0.347655664481238,0.1106886924538337,0.009090909090909,0.6,0.9781927309103036,0.017910447761194,0.7661041956197486,0.5647189157306076,0.0,0.0,0.9879991999466632,0.0,0.0,0.0,0.9987851796607408,0.9328666666666666,0.7145266668431433,0.964564733728707,0.8162355648696334,0.680991017973375,,
2024-07-15 13:38:30,hf_ctgan_syn_150000,1500,0.001,10,3.0,4,0.9997143673236218,0.934205258241025,0.7142857142857143,0.9658502932045532,0.8168778795953289,0.6819644697688049,0.0020366598778004,0.125,0.9673159018143008,0.0040080160320641,0.3477276056438252,0.1107296681495872,0.00920245398773,0.6,0.9784594864954984,0.0181268882175226,0.7662086477567969,0.5648572554083551,0.0,0.0,0.9880658710580704,0.0,0.0,0.0,0.9987854542840504,0.9336,0.7145269736535842,0.9649570128355186,0.8165563178466355,0.6815753111718366,,
2024-07-15 13:40:11,hf_ctgan_syn_150000,1500,0.001,10,5.0,4,0.9997139792634966,0.932937408247698,0.7142857142857143,0.9651720686203444,0.8163233814084159,0.6809544590822031,0.002,0.125,0.9667155816435432,0.0039370078740157,0.3476196883167622,0.1106682031043557,0.0090634441087613,0.6,0.9781260420140048,0.0178571428571428,0.766078080360222,0.5646843294769479,0.0,0.0,0.9877325155010334,0.0,0.0,0.0,0.9987850006975536,0.9323333333333332,0.7145265201109622,0.964279293474784,0.8160022361129904,0.680566152738541,,
2024-07-15 13:41:55,hf_ctgan_syn_150000,1500,0.001,10,7.0,4,0.9997139997139998,0.9330041371947152,0.7142857142857143,0.9652077868286622,0.8163525749133481,0.6810076118144253,0.0019880715705765,0.125,0.9665154749199572,0.0039138943248532,0.3475837084286239,0.1106477127538102,0.0091463414634146,0.6,0.9783261087029008,0.018018018018018,0.7661564234683023,0.5647880866368593,0.0,0.0,0.9877991866124408,0.0,0.0,0.0,0.9987850423995922,0.9324,0.7145264845210133,0.9643150196439346,0.816031409295747,0.6806192795190794,,
2024-07-15 13:43:43,hf_ctgan_syn_150000,1500,0.001,10,9.0,4,0.9997143673236218,0.934205258241025,0.7142857142857143,0.9658502932045532,0.8168778795953289,0.6819644697688049,0.0020491803278688,0.125,0.9675160085378868,0.0040322580645161,0.3477635706442465,0.1107501544958627,0.009375,0.6,0.9788596198732912,0.0184615384615384,0.7663652992692027,0.5650647489143041,0.0,0.0,0.9874658310554036,0.0,0.0,0.0,0.9987855184769612,0.9336,0.7145271737522959,0.964957137314684,0.8165563892451398,0.6815753912623899,,
2024-07-15 13:43:59,hf_ctgan_syn_150000,1000,0.001,2,1.0,4,0.9992630309527,0.9952622447617776,0.2142857142857142,0.9972586253008826,0.4618121707148707,0.2299264050524067,0.0,0.0,1.0,0.0,0.0,0.0,0.027027027027027,0.4,0.9951983994664888,0.050632911392405,0.6309353055477206,0.3743857400060329,0.0,0.0,1.0,0.0,0.0,0.0,0.998339394466153,0.9944666666666668,0.2150174470855364,0.996344728221066,0.4615914577907194,0.2298366023210265,,
2024-07-15 13:44:15,hf_ctgan_syn_150000,1000,0.001,2,3.0,4,0.9992630309527,0.9952622447617776,0.2142857142857142,0.9972586253008826,0.4618121707148707,0.2299264050524067,0.0,0.0,1.0,0.0,0.0,0.0,0.027027027027027,0.4,0.9951983994664888,0.050632911392405,0.6309353055477206,0.3743857400060329,0.0,0.0,1.0,0.0,0.0,0.0,0.998339394466153,0.9944666666666668,0.2150174470855364,0.996344728221066,0.4615914577907194,0.2298366023210265,,
2024-07-15 13:44:31,hf_ctgan_syn_150000,1000,0.001,2,5.0,4,0.9992630309527,0.9952622447617776,0.2142857142857142,0.9972586253008826,0.4618121707148707,0.2299264050524067,0.0,0.0,1.0,0.0,0.0,0.0,0.027027027027027,0.4,0.9951983994664888,0.050632911392405,0.6309353055477206,0.3743857400060329,0.0,0.0,1.0,0.0,0.0,0.0,0.998339394466153,0.9944666666666668,0.2150174470855364,0.996344728221066,0.4615914577907194,0.2298366023210265,,
2024-07-15 13:44:47,hf_ctgan_syn_150000,1000,0.001,2,7.0,4,0.9992630309527,0.9952622447617776,0.2142857142857142,0.9972586253008826,0.4618121707148707,0.2299264050524067,0.0,0.0,1.0,0.0,0.0,0.0,0.027027027027027,0.4,0.9951983994664888,0.050632911392405,0.6309353055477206,0.3743857400060329,0.0,0.0,1.0,0.0,0.0,0.0,0.998339394466153,0.9944666666666668,0.2150174470855364,0.996344728221066,0.4615914577907194,0.2298366023210265,,
2024-07-15 13:45:04,hf_ctgan_syn_150000,1000,0.001,2,9.0,4,0.9992630309527,0.9952622447617776,0.2142857142857142,0.9972586253008826,0.4618121707148707,0.2299264050524067,0.0,0.0,1.0,0.0,0.0,0.0,0.027027027027027,0.4,0.9951983994664888,0.050632911392405,0.6309353055477206,0.3743857400060329,0.0,0.0,1.0,0.0,0.0,0.0,0.998339394466153,0.9944666666666668,0.2150174470855364,0.996344728221066,0.4615914577907194,0.2298366023210265,,
2024-07-15 13:45:24,hf_ctgan_syn_150000,1000,0.001,4,3.0,4,0.9995881666552268,0.9717736554117176,0.5714285714285714,0.985484689561834,0.7451840253681224,0.5775303634174622,0.0032786885245901,0.125,0.9797225186766276,0.0063897763578274,0.3499504462557212,0.1119979285999847,0.0158730158730158,0.4,0.9917305768589528,0.0305343511450381,0.6298350821791219,0.3732187384902448,0.0,0.0,1.0,0.0,0.0,0.0,0.9986622573388528,0.9710666666666666,0.5718150002974853,0.9845784898493486,0.744885105543175,0.5771754735530227,,
2024-07-15 13:45:46,hf_ctgan_syn_150000,1000,0.001,4,7.0,4,0.9995881666552268,0.9717736554117176,0.5714285714285714,0.985484689561834,0.7451840253681224,0.5775303634174622,0.0032786885245901,0.125,0.9797225186766276,0.0063897763578274,0.3499504462557212,0.1119979285999847,0.0158730158730158,0.4,0.9917305768589528,0.0305343511450381,0.6298350821791219,0.3732187384902448,0.0,0.0,1.0,0.0,0.0,0.0,0.9986622573388528,0.9710666666666666,0.5718150002974853,0.9845784898493486,0.744885105543175,0.5771754735530227,,
2024-07-15 13:46:28,hf_ctgan_syn_150000,1000,0.001,8,3.0,4,0.999719730941704,0.9520886160416387,0.7142857142857143,0.9753229885843188,0.8246595037787409,0.6962353997171337,0.003125,0.125,0.978721985058698,0.0060975609756097,0.349771708593387,0.111895792183526,0.0132743362831858,0.6,0.9851283761253752,0.0259740259740259,0.7688153391258691,0.5683129721688935,0.0,0.0,0.9878658577238484,0.0,0.0,0.0,0.9987927506382528,0.9514666666666668,0.714535266526969,0.974424597169485,0.8243326382661724,0.6958346954239519,,
2024-07-15 13:47:04,hf_ctgan_syn_150000,1000,0.001,8,7.0,4,0.9997190616659644,0.9498198318430536,0.7142857142857143,0.9741308513550506,0.8236763545414865,0.694422378168725,0.0031347962382445,0.125,0.9787886872998932,0.0061162079510703,0.3497836272790461,0.1119026020565646,0.013215859030837,0.6,0.9850616872290764,0.0258620689655172,0.7687893159620819,0.5682784414188968,0.0,0.0,0.9855990399359956,0.0,0.0,0.0,0.9987920677194136,0.9492,0.7145351287506796,0.9732335452276816,0.8233504043171173,0.6940233581506705,,
2024-07-15 13:48:16,hf_ctgan_syn_150000,1000,0.001,10,3.0,4,0.9997147950089128,0.9356065661283864,0.7142857142857143,0.9665988762883044,0.8174903084302706,0.6830810645349283,0.0021008403361344,0.125,0.9683164354322306,0.0041322314049586,0.3479073934670386,0.1108320898702894,0.0098360655737704,0.6,0.9798599533177724,0.0193548387096774,0.7667567880303789,0.5655833986231489,0.0,0.0,0.9870658043869592,0.0,0.0,0.0,0.9987861270036082,0.935,0.7145279074226765,0.9657053728067546,0.8171684536815949,0.6826911604555008,,
2024-07-15 13:49:25,hf_ctgan_syn_150000,1000,0.001,10,7.0,4,0.9997154240182128,0.9376751634859202,0.7142857142857143,0.9677019489015908,0.8183935324271047,0.6847298837970739,0.0021691973969631,0.125,0.96931696905016,0.0042643923240938,0.3480870884294187,0.1109344865643035,0.0103806228373702,0.6,0.9809269756585528,0.0204081632653061,0.7671741558441157,0.5661364926243613,0.0,0.0,0.9870658043869592,0.0,0.0,0.0,0.9987869734020202,0.9370666666666668,0.7145287967147197,0.9668078374796106,0.8180710696292831,0.6843386797959057,,
2024-07-15 13:49:34,hf_ctgan_syn_150000,100,0.0001,2,1.0,4,0.9994386752736458,0.9504871213132255,0.4285714285714285,0.9743484506464192,0.63824103865229,0.4286119438926259,0.0,0.0,1.0,0.0,0.0,0.0,0.0040106951871657,0.6,0.9503167722574192,0.0079681274900398,0.7551093055673804,0.550215349097693,0.0,0.0,1.0,0.0,0.0,0.0,0.9985072027417862,0.9498,0.4290882008288477,0.9734417148016458,0.6378970501180703,0.4283953111946921,,
2024-07-15 13:49:39,hf_ctgan_syn_150000,100,0.0001,2,3.0,4,0.9994386752736458,0.9504871213132255,0.4285714285714285,0.9743484506464192,0.63824103865229,0.4286119438926259,0.0,0.0,1.0,0.0,0.0,0.0,0.0040106951871657,0.6,0.9503167722574192,0.0079681274900398,0.7551093055673804,0.550215349097693,0.0,0.0,1.0,0.0,0.0,0.0,0.9985072027417862,0.9498,0.4290882008288477,0.9734417148016458,0.6378970501180703,0.4283953111946921,,
2024-07-15 13:49:45,hf_ctgan_syn_150000,100,0.0001,2,5.0,4,0.9994386752736458,0.9504871213132255,0.4285714285714285,0.9743484506464192,0.63824103865229,0.4286119438926259,0.0,0.0,1.0,0.0,0.0,0.0,0.0040106951871657,0.6,0.9503167722574192,0.0079681274900398,0.7551093055673804,0.550215349097693,0.0,0.0,1.0,0.0,0.0,0.0,0.9985072027417862,0.9498,0.4290882008288477,0.9734417148016458,0.6378970501180703,0.4283953111946921,,
2024-07-15 13:49:52,hf_ctgan_syn_150000,100,0.0001,2,7.0,4,0.9994386752736458,0.9504871213132255,0.4285714285714285,0.9743484506464192,0.63824103865229,0.4286119438926259,0.0,0.0,1.0,0.0,0.0,0.0,0.0040106951871657,0.6,0.9503167722574192,0.0079681274900398,0.7551093055673804,0.550215349097693,0.0,0.0,1.0,0.0,0.0,0.0,0.9985072027417862,0.9498,0.4290882008288477,0.9734417148016458,0.6378970501180703,0.4283953111946921,,
2024-07-15 13:49:57,hf_ctgan_syn_150000,100,0.0001,2,9.0,4,0.9994386752736458,0.9504871213132255,0.4285714285714285,0.9743484506464192,0.63824103865229,0.4286119438926259,0.0,0.0,1.0,0.0,0.0,0.0,0.0040106951871657,0.6,0.9503167722574192,0.0079681274900398,0.7551093055673804,0.550215349097693,0.0,0.0,1.0,0.0,0.0,0.0,0.9985072027417862,0.9498,0.4290882008288477,0.9734417148016458,0.6378970501180703,0.4283953111946921,,
2024-07-15 13:50:06,hf_ctgan_syn_150000,100,0.0001,4,3.0,4,0.9996547438199144,0.966034965968237,0.6428571428571429,0.982557350346138,0.7880497941897061,0.6410925473807048,0.0032786885245901,0.125,0.9797225186766276,0.0063897763578274,0.3499504462557212,0.1119979285999847,0.0140845070422535,0.6,0.9859953317772592,0.0275229357798165,0.7691535601337066,0.568761823353144,0.0,0.0,1.0,0.0,0.0,0.0,0.998728176195243,0.9654,0.6431749933110296,0.9816528790117992,0.7877573058065099,0.6407435138395206,,
2024-07-15 13:50:13,hf_ctgan_syn_150000,100,0.0001,4,7.0,4,0.9996547438199144,0.966034965968237,0.6428571428571429,0.982557350346138,0.7880497941897061,0.6410925473807048,0.0032786885245901,0.125,0.9797225186766276,0.0063897763578274,0.3499504462557212,0.1119979285999847,0.0140845070422535,0.6,0.9859953317772592,0.0275229357798165,0.7691535601337066,0.568761823353144,0.0,0.0,1.0,0.0,0.0,0.0,0.998728176195243,0.9654,0.6431749933110296,0.9816528790117992,0.7877573058065099,0.6407435138395206,,
2024-07-15 13:50:25,hf_ctgan_syn_150000,100,0.0001,8,3.0,4,0.9997149169695674,0.9360069398104898,0.7142857142857143,0.966812558155564,0.817665203845022,0.6834001431356697,0.0031746031746031,0.125,0.9790554962646744,0.0061919504643962,0.3498312979610091,0.111929840436422,0.0167597765363128,0.6,0.9882627542514172,0.0326086956521739,0.7700374358113055,0.5699353154174657,0.0,0.0,0.968331222081472,0.0,0.0,0.0,0.9987891294276012,0.9354,0.714535186883278,0.9659243717067504,0.8173453054922828,0.6830119773554483,,
2024-07-15 13:50:35,hf_ctgan_syn_150000,100,0.0001,8,7.0,4,0.9997149169695674,0.9360069398104898,0.7142857142857143,0.966812558155564,0.817665203845022,0.6834001431356697,0.0031746031746031,0.125,0.9790554962646744,0.0061919504643962,0.3498312979610091,0.111929840436422,0.0167597765363128,0.6,0.9882627542514172,0.0326086956521739,0.7700374358113055,0.5699353154174657,0.0,0.0,0.968331222081472,0.0,0.0,0.0,0.9987891294276012,0.9354,0.714535186883278,0.9659243717067504,0.8173453054922828,0.6830119773554483,,
2024-07-15 13:50:50,hf_ctgan_syn_150000,100,0.0001,10,3.0,4,0.9997872491312672,0.9407446950487122,0.7857142857142857,0.9693677587925876,0.8597421393125397,0.7506157203002634,0.0030581039755351,0.125,0.9782550693703308,0.0059701492537313,0.3496882664192371,0.1118481199578231,0.0111524163568773,0.6,0.982260753584528,0.0218978102189781,0.7676955465226543,0.5668276679978131,0.0,0.0,0.9797986532435496,0.0,0.0,0.0,0.9988594628263172,0.9401333333333334,0.785895428579361,0.9684734989007228,0.8593821122401125,0.7501637405146265,,
2024-07-15 13:51:03,hf_ctgan_syn_150000,100,0.0001,10,7.0,4,0.9997872491312672,0.9407446950487122,0.7857142857142857,0.9693677587925876,0.8597421393125397,0.7506157203002634,0.0030581039755351,0.125,0.9782550693703308,0.0059701492537313,0.3496882664192371,0.1118481199578231,0.0111524163568773,0.6,0.982260753584528,0.0218978102189781,0.7676955465226543,0.5668276679978131,0.0,0.0,0.9797986532435496,0.0,0.0,0.0,0.9988594628263172,0.9401333333333334,0.785895428579361,0.9684734989007228,0.8593821122401125,0.7501637405146265,,
2024-07-15 13:51:15,hf_ctgan_syn_150000,500,0.0001,2,1.0,4,0.9994386752736458,0.9504871213132255,0.4285714285714285,0.9743484506464192,0.63824103865229,0.4286119438926259,0.0,0.0,1.0,0.0,0.0,0.0,0.0040106951871657,0.6,0.9503167722574192,0.0079681274900398,0.7551093055673804,0.550215349097693,0.0,0.0,1.0,0.0,0.0,0.0,0.9985072027417862,0.9498,0.4290882008288477,0.9734417148016458,0.6378970501180703,0.4283953111946921,,
2024-07-15 13:51:26,hf_ctgan_syn_150000,500,0.0001,2,3.0,4,0.9994386752736458,0.9504871213132255,0.4285714285714285,0.9743484506464192,0.63824103865229,0.4286119438926259,0.0,0.0,1.0,0.0,0.0,0.0,0.0040106951871657,0.6,0.9503167722574192,0.0079681274900398,0.7551093055673804,0.550215349097693,0.0,0.0,1.0,0.0,0.0,0.0,0.9985072027417862,0.9498,0.4290882008288477,0.9734417148016458,0.6378970501180703,0.4283953111946921,,
2024-07-15 13:51:37,hf_ctgan_syn_150000,500,0.0001,2,5.0,4,0.9994386752736458,0.9504871213132255,0.4285714285714285,0.9743484506464192,0.63824103865229,0.4286119438926259,0.0,0.0,1.0,0.0,0.0,0.0,0.0040106951871657,0.6,0.9503167722574192,0.0079681274900398,0.7551093055673804,0.550215349097693,0.0,0.0,1.0,0.0,0.0,0.0,0.9985072027417862,0.9498,0.4290882008288477,0.9734417148016458,0.6378970501180703,0.4283953111946921,,
2024-07-15 13:51:48,hf_ctgan_syn_150000,500,0.0001,2,7.0,4,0.9994386752736458,0.9504871213132255,0.4285714285714285,0.9743484506464192,0.63824103865229,0.4286119438926259,0.0,0.0,1.0,0.0,0.0,0.0,0.0040106951871657,0.6,0.9503167722574192,0.0079681274900398,0.7551093055673804,0.550215349097693,0.0,0.0,1.0,0.0,0.0,0.0,0.9985072027417862,0.9498,0.4290882008288477,0.9734417148016458,0.6378970501180703,0.4283953111946921,,
2024-07-15 13:52:00,hf_ctgan_syn_150000,500,0.0001,2,9.0,4,0.9994386752736458,0.9504871213132255,0.4285714285714285,0.9743484506464192,0.63824103865229,0.4286119438926259,0.0,0.0,1.0,0.0,0.0,0.0,0.0040106951871657,0.6,0.9503167722574192,0.0079681274900398,0.7551093055673804,0.550215349097693,0.0,0.0,1.0,0.0,0.0,0.0,0.9985072027417862,0.9498,0.4290882008288477,0.9734417148016458,0.6378970501180703,0.4283953111946921,,
2024-07-15 13:52:14,hf_ctgan_syn_150000,500,0.0001,4,3.0,4,0.9996547438199144,0.966034965968237,0.6428571428571429,0.982557350346138,0.7880497941897061,0.6410925473807048,0.0032786885245901,0.125,0.9797225186766276,0.0063897763578274,0.3499504462557212,0.1119979285999847,0.0140845070422535,0.6,0.9859953317772592,0.0275229357798165,0.7691535601337066,0.568761823353144,0.0,0.0,1.0,0.0,0.0,0.0,0.998728176195243,0.9654,0.6431749933110296,0.9816528790117992,0.7877573058065099,0.6407435138395206,,
2024-07-15 13:52:27,hf_ctgan_syn_150000,500,0.0001,4,7.0,4,0.9996547438199144,0.966034965968237,0.6428571428571429,0.982557350346138,0.7880497941897061,0.6410925473807048,0.0032786885245901,0.125,0.9797225186766276,0.0063897763578274,0.3499504462557212,0.1119979285999847,0.0140845070422535,0.6,0.9859953317772592,0.0275229357798165,0.7691535601337066,0.568761823353144,0.0,0.0,1.0,0.0,0.0,0.0,0.998728176195243,0.9654,0.6431749933110296,0.9816528790117992,0.7877573058065099,0.6407435138395206,,
2024-07-15 13:52:52,hf_ctgan_syn_150000,500,0.0001,8,3.0,4,0.9997149169695674,0.9360069398104898,0.7142857142857143,0.966812558155564,0.817665203845022,0.6834001431356697,0.0031746031746031,0.125,0.9790554962646744,0.0061919504643962,0.3498312979610091,0.111929840436422,0.0167597765363128,0.6,0.9882627542514172,0.0326086956521739,0.7700374358113055,0.5699353154174657,0.0,0.0,0.968331222081472,0.0,0.0,0.0,0.9987891294276012,0.9354,0.714535186883278,0.9659243717067504,0.8173453054922828,0.6830119773554483,,
2024-07-15 13:53:15,hf_ctgan_syn_150000,500,0.0001,8,7.0,4,0.9997149169695674,0.9360069398104898,0.7142857142857143,0.966812558155564,0.817665203845022,0.6834001431356697,0.0031746031746031,0.125,0.9790554962646744,0.0061919504643962,0.3498312979610091,0.111929840436422,0.0167597765363128,0.6,0.9882627542514172,0.0326086956521739,0.7700374358113055,0.5699353154174657,0.0,0.0,0.968331222081472,0.0,0.0,0.0,0.9987891294276012,0.9354,0.714535186883278,0.9659243717067504,0.8173453054922828,0.6830119773554483,,
2024-07-15 13:53:56,hf_ctgan_syn_150000,500,0.0001,10,3.0,4,0.9997872491312672,0.9407446950487122,0.7857142857142857,0.9693677587925876,0.8597421393125397,0.7506157203002634,0.0030581039755351,0.125,0.9782550693703308,0.0059701492537313,0.3496882664192371,0.1118481199578231,0.0111524163568773,0.6,0.982260753584528,0.0218978102189781,0.7676955465226543,0.5668276679978131,0.0,0.0,0.9797986532435496,0.0,0.0,0.0,0.9988594628263172,0.9401333333333334,0.785895428579361,0.9684734989007228,0.8593821122401125,0.7501637405146265,,
2024-07-15 13:54:35,hf_ctgan_syn_150000,500,0.0001,10,7.0,4,0.9997872491312672,0.9407446950487122,0.7857142857142857,0.9693677587925876,0.8597421393125397,0.7506157203002634,0.0030581039755351,0.125,0.9782550693703308,0.0059701492537313,0.3496882664192371,0.1118481199578231,0.0111524163568773,0.6,0.982260753584528,0.0218978102189781,0.7676955465226543,0.5668276679978131,0.0,0.0,0.9797986532435496,0.0,0.0,0.0,0.9988594628263172,0.9401333333333334,0.785895428579361,0.9684734989007228,0.8593821122401125,0.7501637405146265,,
2024-07-15 13:54:56,hf_ctgan_syn_150000,1500,0.0001,2,1.0,4,0.9994386752736458,0.9504871213132255,0.4285714285714285,0.9743484506464192,0.63824103865229,0.4286119438926259,0.0,0.0,1.0,0.0,0.0,0.0,0.0040106951871657,0.6,0.9503167722574192,0.0079681274900398,0.7551093055673804,0.550215349097693,0.0,0.0,1.0,0.0,0.0,0.0,0.9985072027417862,0.9498,0.4290882008288477,0.9734417148016458,0.6378970501180703,0.4283953111946921,,
2024-07-15 13:55:16,hf_ctgan_syn_150000,1500,0.0001,2,3.0,4,0.9994386752736458,0.9504871213132255,0.4285714285714285,0.9743484506464192,0.63824103865229,0.4286119438926259,0.0,0.0,1.0,0.0,0.0,0.0,0.0040106951871657,0.6,0.9503167722574192,0.0079681274900398,0.7551093055673804,0.550215349097693,0.0,0.0,1.0,0.0,0.0,0.0,0.9985072027417862,0.9498,0.4290882008288477,0.9734417148016458,0.6378970501180703,0.4283953111946921,,
2024-07-15 13:55:38,hf_ctgan_syn_150000,1500,0.0001,2,5.0,4,0.9994386752736458,0.9504871213132255,0.4285714285714285,0.9743484506464192,0.63824103865229,0.4286119438926259,0.0,0.0,1.0,0.0,0.0,0.0,0.0040106951871657,0.6,0.9503167722574192,0.0079681274900398,0.7551093055673804,0.550215349097693,0.0,0.0,1.0,0.0,0.0,0.0,0.9985072027417862,0.9498,0.4290882008288477,0.9734417148016458,0.6378970501180703,0.4283953111946921,,
2024-07-15 13:55:59,hf_ctgan_syn_150000,1500,0.0001,2,7.0,4,0.9994386752736458,0.9504871213132255,0.4285714285714285,0.9743484506464192,0.63824103865229,0.4286119438926259,0.0,0.0,1.0,0.0,0.0,0.0,0.0040106951871657,0.6,0.9503167722574192,0.0079681274900398,0.7551093055673804,0.550215349097693,0.0,0.0,1.0,0.0,0.0,0.0,0.9985072027417862,0.9498,0.4290882008288477,0.9734417148016458,0.6378970501180703,0.4283953111946921,,
2024-07-15 13:56:20,hf_ctgan_syn_150000,1500,0.0001,2,9.0,4,0.9994386752736458,0.9504871213132255,0.4285714285714285,0.9743484506464192,0.63824103865229,0.4286119438926259,0.0,0.0,1.0,0.0,0.0,0.0,0.0040106951871657,0.6,0.9503167722574192,0.0079681274900398,0.7551093055673804,0.550215349097693,0.0,0.0,1.0,0.0,0.0,0.0,0.9985072027417862,0.9498,0.4290882008288477,0.9734417148016458,0.6378970501180703,0.4283953111946921,,
2024-07-15 13:56:45,hf_ctgan_syn_150000,1500,0.0001,4,1.0,4,0.9996547438199144,0.966034965968237,0.6428571428571429,0.982557350346138,0.7880497941897061,0.6410925473807048,0.0032786885245901,0.125,0.9797225186766276,0.0063897763578274,0.3499504462557212,0.1119979285999847,0.0140845070422535,0.6,0.9859953317772592,0.0275229357798165,0.7691535601337066,0.568761823353144,0.0,0.0,1.0,0.0,0.0,0.0,0.998728176195243,0.9654,0.6431749933110296,0.9816528790117992,0.7877573058065099,0.6407435138395206,,
2024-07-15 13:57:10,hf_ctgan_syn_150000,1500,0.0001,4,3.0,4,0.9996547438199144,0.966034965968237,0.6428571428571429,0.982557350346138,0.7880497941897061,0.6410925473807048,0.0032786885245901,0.125,0.9797225186766276,0.0063897763578274,0.3499504462557212,0.1119979285999847,0.0140845070422535,0.6,0.9859953317772592,0.0275229357798165,0.7691535601337066,0.568761823353144,0.0,0.0,1.0,0.0,0.0,0.0,0.998728176195243,0.9654,0.6431749933110296,0.9816528790117992,0.7877573058065099,0.6407435138395206,,
2024-07-15 13:57:36,hf_ctgan_syn_150000,1500,0.0001,4,5.0,4,0.9996547438199144,0.966034965968237,0.6428571428571429,0.982557350346138,0.7880497941897061,0.6410925473807048,0.0032786885245901,0.125,0.9797225186766276,0.0063897763578274,0.3499504462557212,0.1119979285999847,0.0140845070422535,0.6,0.9859953317772592,0.0275229357798165,0.7691535601337066,0.568761823353144,0.0,0.0,1.0,0.0,0.0,0.0,0.998728176195243,0.9654,0.6431749933110296,0.9816528790117992,0.7877573058065099,0.6407435138395206,,
2024-07-15 13:58:02,hf_ctgan_syn_150000,1500,0.0001,4,7.0,4,0.9996547438199144,0.966034965968237,0.6428571428571429,0.982557350346138,0.7880497941897061,0.6410925473807048,0.0032786885245901,0.125,0.9797225186766276,0.0063897763578274,0.3499504462557212,0.1119979285999847,0.0140845070422535,0.6,0.9859953317772592,0.0275229357798165,0.7691535601337066,0.568761823353144,0.0,0.0,1.0,0.0,0.0,0.0,0.998728176195243,0.9654,0.6431749933110296,0.9816528790117992,0.7877573058065099,0.6407435138395206,,
2024-07-15 13:58:27,hf_ctgan_syn_150000,1500,0.0001,4,9.0,4,0.9996547438199144,0.966034965968237,0.6428571428571429,0.982557350346138,0.7880497941897061,0.6410925473807048,0.0032786885245901,0.125,0.9797225186766276,0.0063897763578274,0.3499504462557212,0.1119979285999847,0.0140845070422535,0.6,0.9859953317772592,0.0275229357798165,0.7691535601337066,0.568761823353144,0.0,0.0,1.0,0.0,0.0,0.0,0.998728176195243,0.9654,0.6431749933110296,0.9816528790117992,0.7877573058065099,0.6407435138395206,,
2024-07-15 13:59:22,hf_ctgan_syn_150000,1500,0.0001,8,1.0,4,0.9997149169695674,0.9360069398104898,0.7142857142857143,0.966812558155564,0.817665203845022,0.6834001431356697,0.0031746031746031,0.125,0.9790554962646744,0.0061919504643962,0.3498312979610091,0.111929840436422,0.0167597765363128,0.6,0.9882627542514172,0.0326086956521739,0.7700374358113055,0.5699353154174657,0.0,0.0,0.968331222081472,0.0,0.0,0.0,0.9987891294276012,0.9354,0.714535186883278,0.9659243717067504,0.8173453054922828,0.6830119773554483,,
2024-07-15 14:00:17,hf_ctgan_syn_150000,1500,0.0001,8,3.0,4,0.9997149169695674,0.9360069398104898,0.7142857142857143,0.966812558155564,0.817665203845022,0.6834001431356697,0.0031746031746031,0.125,0.9790554962646744,0.0061919504643962,0.3498312979610091,0.111929840436422,0.0167597765363128,0.6,0.9882627542514172,0.0326086956521739,0.7700374358113055,0.5699353154174657,0.0,0.0,0.968331222081472,0.0,0.0,0.0,0.9987891294276012,0.9354,0.714535186883278,0.9659243717067504,0.8173453054922828,0.6830119773554483,,
2024-07-15 14:01:08,hf_ctgan_syn_150000,1500,0.0001,8,5.0,4,0.9997149169695674,0.9360069398104898,0.7142857142857143,0.966812558155564,0.817665203845022,0.6834001431356697,0.0031746031746031,0.125,0.9790554962646744,0.0061919504643962,0.3498312979610091,0.111929840436422,0.0167597765363128,0.6,0.9882627542514172,0.0326086956521739,0.7700374358113055,0.5699353154174657,0.0,0.0,0.968331222081472,0.0,0.0,0.0,0.9987891294276012,0.9354,0.714535186883278,0.9659243717067504,0.8173453054922828,0.6830119773554483,,
2024-07-15 14:02:02,hf_ctgan_syn_150000,1500,0.0001,8,7.0,4,0.9997149169695674,0.9360069398104898,0.7142857142857143,0.966812558155564,0.817665203845022,0.6834001431356697,0.0031746031746031,0.125,0.9790554962646744,0.0061919504643962,0.3498312979610091,0.111929840436422,0.0167597765363128,0.6,0.9882627542514172,0.0326086956521739,0.7700374358113055,0.5699353154174657,0.0,0.0,0.968331222081472,0.0,0.0,0.0,0.9987891294276012,0.9354,0.714535186883278,0.9659243717067504,0.8173453054922828,0.6830119773554483,,
2024-07-15 14:02:58,hf_ctgan_syn_150000,1500,0.0001,8,9.0,4,0.9997149169695674,0.9360069398104898,0.7142857142857143,0.966812558155564,0.817665203845022,0.6834001431356697,0.0031746031746031,0.125,0.9790554962646744,0.0061919504643962,0.3498312979610091,0.111929840436422,0.0167597765363128,0.6,0.9882627542514172,0.0326086956521739,0.7700374358113055,0.5699353154174657,0.0,0.0,0.968331222081472,0.0,0.0,0.0,0.9987891294276012,0.9354,0.714535186883278,0.9659243717067504,0.8173453054922828,0.6830119773554483,,
2024-07-15 14:04:40,hf_ctgan_syn_150000,1500,0.0001,10,1.0,4,0.9997872491312672,0.9407446950487122,0.7857142857142857,0.9693677587925876,0.8597421393125397,0.7506157203002634,0.0030581039755351,0.125,0.9782550693703308,0.0059701492537313,0.3496882664192371,0.1118481199578231,0.0111524163568773,0.6,0.982260753584528,0.0218978102189781,0.7676955465226543,0.5668276679978131,0.0,0.0,0.9797986532435496,0.0,0.0,0.0,0.9988594628263172,0.9401333333333334,0.785895428579361,0.9684734989007228,0.8593821122401125,0.7501637405146265,,
2024-07-15 14:06:16,hf_ctgan_syn_150000,1500,0.0001,10,3.0,4,0.9997872491312672,0.9407446950487122,0.7857142857142857,0.9693677587925876,0.8597421393125397,0.7506157203002634,0.0030581039755351,0.125,0.9782550693703308,0.0059701492537313,0.3496882664192371,0.1118481199578231,0.0111524163568773,0.6,0.982260753584528,0.0218978102189781,0.7676955465226543,0.5668276679978131,0.0,0.0,0.9797986532435496,0.0,0.0,0.0,0.9988594628263172,0.9401333333333334,0.785895428579361,0.9684734989007228,0.8593821122401125,0.7501637405146265,,
2024-07-15 14:07:58,hf_ctgan_syn_150000,1500,0.0001,10,5.0,4,0.9997872491312672,0.9407446950487122,0.7857142857142857,0.9693677587925876,0.8597421393125397,0.7506157203002634,0.0030581039755351,0.125,0.9782550693703308,0.0059701492537313,0.3496882664192371,0.1118481199578231,0.0111524163568773,0.6,0.982260753584528,0.0218978102189781,0.7676955465226543,0.5668276679978131,0.0,0.0,0.9797986532435496,0.0,0.0,0.0,0.9988594628263172,0.9401333333333334,0.785895428579361,0.9684734989007228,0.8593821122401125,0.7501637405146265,,
2024-07-15 14:09:37,hf_ctgan_syn_150000,1500,0.0001,10,7.0,4,0.9997873999007866,0.9414119845188844,0.7857142857142857,0.9697219644636904,0.8600470016104488,0.7511975055204323,0.0031545741324921,0.125,0.9789220917822838,0.0061538461538461,0.3498074634320793,0.1119162214689527,0.0111524163568773,0.6,0.982260753584528,0.0218978102189781,0.7676955465226543,0.5668276679978131,0.0,0.0,0.9797986532435496,0.0,0.0,0.0,0.9988596649058687,0.9408,0.7858957843246475,0.968827471951546,0.8596867535716172,0.7507450190560625,,
2024-07-15 14:11:19,hf_ctgan_syn_150000,1500,0.0001,10,9.0,4,0.9997169744569449,0.9428132924062458,0.7142857142857143,0.9704316769119818,0.8206327229671392,0.6888279830282789,0.0033898305084745,0.125,0.9803895410885806,0.0066006600660066,0.3500695539975914,0.112066005640575,0.0111524163568773,0.6,0.982260753584528,0.0218978102189781,0.7676955465226543,0.5668276679978131,0.0,0.0,0.9797986532435496,0.0,0.0,0.0,0.9987894306625084,0.9422,0.7145346622023725,0.9695367603023054,0.8203094013700095,0.6884337880031267,,
2024-07-15 14:11:33,hf_ctgan_syn_150000,1000,0.0001,2,1.0,4,0.9994386752736458,0.9504871213132255,0.4285714285714285,0.9743484506464192,0.63824103865229,0.4286119438926259,0.0,0.0,1.0,0.0,0.0,0.0,0.0040106951871657,0.6,0.9503167722574192,0.0079681274900398,0.7551093055673804,0.550215349097693,0.0,0.0,1.0,0.0,0.0,0.0,0.9985072027417862,0.9498,0.4290882008288477,0.9734417148016458,0.6378970501180703,0.4283953111946921,,
2024-07-15 14:11:49,hf_ctgan_syn_150000,1000,0.0001,2,3.0,4,0.9994386752736458,0.9504871213132255,0.4285714285714285,0.9743484506464192,0.63824103865229,0.4286119438926259,0.0,0.0,1.0,0.0,0.0,0.0,0.0040106951871657,0.6,0.9503167722574192,0.0079681274900398,0.7551093055673804,0.550215349097693,0.0,0.0,1.0,0.0,0.0,0.0,0.9985072027417862,0.9498,0.4290882008288477,0.9734417148016458,0.6378970501180703,0.4283953111946921,,
2024-07-15 14:12:04,hf_ctgan_syn_150000,1000,0.0001,2,5.0,4,0.9994386752736458,0.9504871213132255,0.4285714285714285,0.9743484506464192,0.63824103865229,0.4286119438926259,0.0,0.0,1.0,0.0,0.0,0.0,0.0040106951871657,0.6,0.9503167722574192,0.0079681274900398,0.7551093055673804,0.550215349097693,0.0,0.0,1.0,0.0,0.0,0.0,0.9985072027417862,0.9498,0.4290882008288477,0.9734417148016458,0.6378970501180703,0.4283953111946921,,
2024-07-15 14:12:21,hf_ctgan_syn_150000,1000,0.0001,2,7.0,4,0.9994386752736458,0.9504871213132255,0.4285714285714285,0.9743484506464192,0.63824103865229,0.4286119438926259,0.0,0.0,1.0,0.0,0.0,0.0,0.0040106951871657,0.6,0.9503167722574192,0.0079681274900398,0.7551093055673804,0.550215349097693,0.0,0.0,1.0,0.0,0.0,0.0,0.9985072027417862,0.9498,0.4290882008288477,0.9734417148016458,0.6378970501180703,0.4283953111946921,,
2024-07-15 14:12:36,hf_ctgan_syn_150000,1000,0.0001,2,9.0,4,0.9994386752736458,0.9504871213132255,0.4285714285714285,0.9743484506464192,0.63824103865229,0.4286119438926259,0.0,0.0,1.0,0.0,0.0,0.0,0.0040106951871657,0.6,0.9503167722574192,0.0079681274900398,0.7551093055673804,0.550215349097693,0.0,0.0,1.0,0.0,0.0,0.0,0.9985072027417862,0.9498,0.4290882008288477,0.9734417148016458,0.6378970501180703,0.4283953111946921,,
2024-07-15 14:12:57,hf_ctgan_syn_150000,1000,0.0001,4,3.0,4,0.9996547438199144,0.966034965968237,0.6428571428571429,0.982557350346138,0.7880497941897061,0.6410925473807048,0.0032786885245901,0.125,0.9797225186766276,0.0063897763578274,0.3499504462557212,0.1119979285999847,0.0140845070422535,0.6,0.9859953317772592,0.0275229357798165,0.7691535601337066,0.568761823353144,0.0,0.0,1.0,0.0,0.0,0.0,0.998728176195243,0.9654,0.6431749933110296,0.9816528790117992,0.7877573058065099,0.6407435138395206,,
2024-07-15 14:13:18,hf_ctgan_syn_150000,1000,0.0001,4,7.0,4,0.9996547438199144,0.966034965968237,0.6428571428571429,0.982557350346138,0.7880497941897061,0.6410925473807048,0.0032786885245901,0.125,0.9797225186766276,0.0063897763578274,0.3499504462557212,0.1119979285999847,0.0140845070422535,0.6,0.9859953317772592,0.0275229357798165,0.7691535601337066,0.568761823353144,0.0,0.0,1.0,0.0,0.0,0.0,0.998728176195243,0.9654,0.6431749933110296,0.9816528790117992,0.7877573058065099,0.6407435138395206,,
2024-07-15 14:13:59,hf_ctgan_syn_150000,1000,0.0001,8,3.0,4,0.9997149169695674,0.9360069398104898,0.7142857142857143,0.966812558155564,0.817665203845022,0.6834001431356697,0.0031746031746031,0.125,0.9790554962646744,0.0061919504643962,0.3498312979610091,0.111929840436422,0.0167597765363128,0.6,0.9882627542514172,0.0326086956521739,0.7700374358113055,0.5699353154174657,0.0,0.0,0.968331222081472,0.0,0.0,0.0,0.9987891294276012,0.9354,0.714535186883278,0.9659243717067504,0.8173453054922828,0.6830119773554483,,
2024-07-15 14:14:36,hf_ctgan_syn_150000,1000,0.0001,8,7.0,4,0.9997149169695674,0.9360069398104898,0.7142857142857143,0.966812558155564,0.817665203845022,0.6834001431356697,0.0031746031746031,0.125,0.9790554962646744,0.0061919504643962,0.3498312979610091,0.111929840436422,0.0167597765363128,0.6,0.9882627542514172,0.0326086956521739,0.7700374358113055,0.5699353154174657,0.0,0.0,0.968331222081472,0.0,0.0,0.0,0.9987891294276012,0.9354,0.714535186883278,0.9659243717067504,0.8173453054922828,0.6830119773554483,,
2024-07-15 14:15:47,hf_ctgan_syn_150000,1000,0.0001,10,3.0,4,0.9997872491312672,0.9407446950487122,0.7857142857142857,0.9693677587925876,0.8597421393125397,0.7506157203002634,0.0030581039755351,0.125,0.9782550693703308,0.0059701492537313,0.3496882664192371,0.1118481199578231,0.0111524163568773,0.6,0.982260753584528,0.0218978102189781,0.7676955465226543,0.5668276679978131,0.0,0.0,0.9797986532435496,0.0,0.0,0.0,0.9988594628263172,0.9401333333333334,0.785895428579361,0.9684734989007228,0.8593821122401125,0.7501637405146265,,
2024-07-15 14:17:02,hf_ctgan_syn_150000,1000,0.0001,10,7.0,4,0.9997872491312672,0.9407446950487122,0.7857142857142857,0.9693677587925876,0.8597421393125397,0.7506157203002634,0.0030581039755351,0.125,0.9782550693703308,0.0059701492537313,0.3496882664192371,0.1118481199578231,0.0111524163568773,0.6,0.982260753584528,0.0218978102189781,0.7676955465226543,0.5668276679978131,0.0,0.0,0.9797986532435496,0.0,0.0,0.0,0.9988594628263172,0.9401333333333334,0.785895428579361,0.9684734989007228,0.8593821122401125,0.7501637405146265,,
2024-07-15 14:17:12,hf_ctgan_syn_300000,100,0.1,2,1.0,4,0.9994612794612796,0.9903910316295208,0.4285714285714285,0.9949054833087544,0.6515008052717929,0.4482999176810399,0.046875,0.375,0.9959311632870864,0.0833333333333333,0.6111253441256199,0.3502840101411432,0.0116279069767441,0.2,0.9943314438146048,0.0219780219780219,0.4459442664312671,0.1830697141350107,0.0,0.0,1.0,0.0,0.0,0.0,0.9985573249027744,0.9897333333333334,0.4291007023397865,0.9940286753094368,0.6513673194592167,0.4481293458013245,,
2024-07-15 14:17:20,hf_ctgan_syn_300000,100,0.1,2,3.0,4,0.9994612794612796,0.9903910316295208,0.4285714285714285,0.9949054833087544,0.6515008052717929,0.4482999176810399,0.046875,0.375,0.9959311632870864,0.0833333333333333,0.6111253441256199,0.3502840101411432,0.0116279069767441,0.2,0.9943314438146048,0.0219780219780219,0.4459442664312671,0.1830697141350107,0.0,0.0,1.0,0.0,0.0,0.0,0.9985573249027744,0.9897333333333334,0.4291007023397865,0.9940286753094368,0.6513673194592167,0.4481293458013245,,
2024-07-15 14:17:27,hf_ctgan_syn_300000,100,0.1,2,5.0,4,0.9994612794612796,0.9903910316295208,0.4285714285714285,0.9949054833087544,0.6515008052717929,0.4482999176810399,0.046875,0.375,0.9959311632870864,0.0833333333333333,0.6111253441256199,0.3502840101411432,0.0116279069767441,0.2,0.9943314438146048,0.0219780219780219,0.4459442664312671,0.1830697141350107,0.0,0.0,1.0,0.0,0.0,0.0,0.9985573249027744,0.9897333333333334,0.4291007023397865,0.9940286753094368,0.6513673194592167,0.4481293458013245,,
2024-07-15 14:17:36,hf_ctgan_syn_300000,100,0.1,2,7.0,4,0.999461315736314,0.990457760576538,0.4285714285714285,0.994939169487549,0.6515227527799354,0.4483329550226454,0.0476190476190476,0.375,0.9959978655282816,0.0845070422535211,0.6111458087667014,0.3503049790019635,0.0116279069767441,0.2,0.9943314438146048,0.0219780219780219,0.4459442664312671,0.1830697141350107,0.0,0.0,1.0,0.0,0.0,0.0,0.9985577579693492,0.9898,0.4291007379143151,0.9940629560258886,0.6513892573974934,0.4481623634914703,,
2024-07-15 14:17:43,hf_ctgan_syn_300000,100,0.1,2,9.0,4,0.9994614245321124,0.9906579474175896,0.4285714285714285,0.9950402144772118,0.6515885908688055,0.4484320693374485,0.05,0.375,0.9961979722518676,0.088235294117647,0.6112071985787229,0.3503678835822897,0.0116279069767441,0.2,0.9943314438146048,0.0219780219780219,0.4459442664312671,0.1830697141350107,0.0,0.0,1.0,0.0,0.0,0.0,0.9985591365048748,0.99,0.429100844637901,0.9941658951078884,0.6514550667787137,0.4482614188486891,,
2024-07-15 14:17:51,hf_ctgan_syn_300000,100,0.1,4,1.0,4,0.9994611343122728,0.990124115841452,0.4285714285714285,0.994770716009654,0.6514130078446344,0.4481677721312633,0.0555555555555555,0.375,0.9965981856990396,0.096774193548387,0.6113299597084538,0.3504936837333343,0.010204081632653,0.2,0.9935311770590196,0.0194174757281553,0.4457647758760263,0.1829382761242744,0.0,0.0,0.9998666577771852,0.0,0.0,0.0,0.998561334910422,0.9894666666666668,0.4291007824400062,0.9939003487365136,0.6512796532744494,0.44799739160064,,
2024-07-15 14:18:00,hf_ctgan_syn_300000,100,0.1,4,3.0,4,0.999461243181359,0.9903243026825036,0.4285714285714285,0.9948717948717948,0.6514788570242663,0.4482668807210991,0.0566037735849056,0.375,0.9966648879402348,0.0983606557377049,0.611350417500134,0.3505146492572631,0.010204081632653,0.2,0.9935311770590196,0.0194174757281553,0.4457647758760263,0.1829382761242744,0.0,0.0,1.0,0.0,0.0,0.0,0.9985620027275124,0.9896666666666668,0.4291008269040164,0.9940021793715508,0.6513454519056691,0.4480964188707381,,
2024-07-15 14:18:08,hf_ctgan_syn_300000,100,0.1,4,5.0,4,0.999461243181359,0.9903243026825036,0.4285714285714285,0.9948717948717948,0.6514788570242663,0.4482668807210991,0.0666666666666666,0.375,0.9971985058697972,0.1132075471698113,0.6115140551951148,0.3506823614358821,0.0094339622641509,0.2,0.9929976658886296,0.018018018018018,0.4456450753432892,0.1828506365520751,0.0,0.0,1.0,0.0,0.0,0.0,0.9985671128973668,0.9896666666666668,0.4291009336631887,0.9940096312277444,0.6513454992789289,0.4480964791040426,,
2024-07-15 14:18:16,hf_ctgan_syn_300000,100,0.1,4,7.0,4,0.9994612068965516,0.9902575737354864,0.4285714285714285,0.994838104176443,0.6514569080372808,0.4482338441428227,0.0625,0.375,0.9969983991462114,0.1071428571428571,0.6114526961914791,0.3506194718715688,0.0097087378640776,0.2,0.993197732577526,0.0185185185185185,0.4456899668104558,0.1828835027258725,0.0,0.0,0.9999333288885924,0.0,0.0,0.0,0.9985649460160696,0.9896,0.4291008891837583,0.993972904309194,0.651323553016685,0.4480634507741962,,
2024-07-15 14:18:25,hf_ctgan_syn_300000,100,0.1,4,9.0,4,0.9994612068965516,0.9902575737354864,0.4285714285714285,0.994838104176443,0.6514569080372808,0.4482338441428227,0.0566037735849056,0.375,0.9966648879402348,0.0983606557377049,0.611350417500134,0.3505146492572631,0.0101010101010101,0.2,0.9934644881627208,0.0192307692307692,0.4457498150673135,0.1829273218003867,0.0,0.0,1.0,0.0,0.0,0.0,0.998561932119394,0.9896,0.4291008046743843,0.9939684578853488,0.6513235184174686,0.44806340947516,,
2024-07-15 14:18:35,hf_ctgan_syn_300000,100,0.1,8,1.0,4,0.9994596420128335,0.987388229013746,0.4285714285714285,0.9933872646101172,0.6505124010063406,0.4468136323315426,0.073170731707317,0.375,0.9974653148345785,0.1224489795918367,0.611595857624107,0.3507662095166515,0.0081967213114754,0.2,0.9919306435478492,0.0157480314960629,0.4454055777710579,0.1826753232515763,0.0,0.0,0.9978665244349624,0.0,0.0,0.0,0.9985685696443026,0.9867333333333334,0.4291005780554853,0.9925306586294286,0.6503799090820578,0.4466445733608593,,
2024-07-15 14:18:45,hf_ctgan_syn_300000,100,0.1,8,3.0,4,0.9994596055120236,0.9873215000667288,0.4285714285714285,0.9933534743202416,0.6504904194089901,0.4467806125465037,0.0769230769230769,0.375,0.9975987193169692,0.1276595744680851,0.6116367547359,0.3508081315549012,0.008,0.2,0.9917305768589528,0.0153846153846153,0.4453606576380435,0.1826424469376865,0.0,0.0,0.9978665244349624,0.0,0.0,0.0,0.9985704688545716,0.9866666666666668,0.4291005825156463,0.9924995577223872,0.6503579548392802,0.4466115957939355,,
2024-07-15 14:18:55,hf_ctgan_syn_300000,100,0.1,8,5.0,4,0.9994598973805024,0.9878553316428668,0.4285714285714285,0.993623733136452,0.6506662513947421,0.4470447815134208,0.073170731707317,0.375,0.9974653148345785,0.1224489795918367,0.611595857624107,0.3507662095166515,0.0084033613445378,0.2,0.9921307102367456,0.0161290322580645,0.4454504933742347,0.1827081979643987,0.0,0.0,0.998133208880592,0.0,0.0,0.0,0.9985688936536392,0.9872,0.4291006625233446,0.9927670334520596,0.6505336308486313,0.4468755177617386,,
2024-07-15 14:19:06,hf_ctgan_syn_300000,100,0.1,8,7.0,4,0.9994597149996624,0.9875216869077806,0.4285714285714285,0.9934548383848556,0.6505563619728383,0.4468796730466141,0.075,0.375,0.9975320170757738,0.1249999999999999,0.6116163065218382,0.3507871707026208,0.0080645161290322,0.2,0.9917972657552516,0.0155038759689922,0.4453756315191148,0.1826534058868795,0.0,0.0,0.9980665377691846,0.0,0.0,0.0,0.9985695741043724,0.9868666666666668,0.4291005825049719,0.9925994484943528,0.650423829942315,0.4467105563114409,,
2024-07-15 14:19:17,hf_ctgan_syn_300000,100,0.1,8,9.0,4,0.9994595690062824,0.9872547711197116,0.4285714285714285,0.993319681761724,0.6504684370688048,0.4467475931431293,0.075,0.375,0.9975320170757738,0.1249999999999999,0.6116163065218382,0.3507871707026208,0.008130081300813,0.2,0.9918639546515504,0.015625,0.4453906048967694,0.1826643646581761,0.0,0.0,0.9977331822121476,0.0,0.0,0.0,0.9985694501023102,0.9866,0.4291005825109003,0.99246445839208,0.6503359920926511,0.4465786033354565,,
2024-07-15 14:19:31,hf_ctgan_syn_300000,100,0.1,10,1.0,4,0.9994592767826967,0.986720939543574,0.4285714285714285,0.993049259595044,0.6502925515962271,0.4464834516560555,0.0697674418604651,0.375,0.9973319103521878,0.1176470588235294,0.6115549577773616,0.3507242861436452,0.008,0.2,0.9917305768589528,0.0153846153846153,0.4453606576380435,0.1826424469376865,0.0,0.0,0.9975331688779252,0.0,0.0,0.0,0.9985663240933584,0.9860666666666666,0.4291004179938279,0.9921902869225891,0.6501602280780978,0.446314667536099,,
2024-07-15 14:19:45,hf_ctgan_syn_300000,100,0.1,10,3.0,4,0.9994593133279264,0.9867876684905912,0.4285714285714285,0.993083070310926,0.6503145398818035,0.4465164680061139,0.0681818181818181,0.375,0.9972652081109924,0.1153846153846153,0.6115345068282101,0.3507033239566082,0.0081967213114754,0.2,0.9919306435478492,0.0157480314960629,0.4454055777710579,0.1826753232515763,0.0,0.0,0.9974664977665176,0.0,0.0,0.0,0.9985655805122878,0.9861333333333332,0.4291004446634548,0.9922229805840064,0.6501821999074793,0.4463476528498356,,
2024-07-15 14:19:58,hf_ctgan_syn_300000,100,0.1,10,5.0,4,0.999459386403568,0.9869211263846256,0.4285714285714285,0.9931506849315068,0.6503585142227188,0.4465825018512245,0.0576923076923076,0.375,0.99673159018143,0.0999999999999999,0.611370874607252,0.3505356144475026,0.0087719298245614,0.2,0.9924641547182396,0.0168067226890756,0.4455253426502783,0.182762985594509,0.0,0.0,0.9975998399893328,0.0,0.0,0.0,0.998560250850302,0.9862666666666666,0.429100346793764,0.9922826798664672,0.6502260858567849,0.4464135648390668,,
2024-07-15 14:20:10,hf_ctgan_syn_300000,100,0.1,10,7.0,4,0.9994594594594596,0.98705458427866,0.4285714285714285,0.993218290472034,0.6504024855904864,0.446648537222993,0.0666666666666666,0.375,0.9971985058697972,0.1132075471698113,0.6115140551951148,0.3506823614358821,0.0084033613445378,0.2,0.9921307102367456,0.0161290322580645,0.4454504933742347,0.1827081979643987,0.0,0.0,0.9975998399893328,0.0,0.0,0.0,0.9985649873066345,0.9864,0.429100484667304,0.9923570404368366,0.6502700675978308,0.4464795985803388,,
2024-07-15 14:20:24,hf_ctgan_syn_300000,100,0.1,10,9.0,4,0.999459386403568,0.9869211263846256,0.4285714285714285,0.9931506849315068,0.6503585142227188,0.4465825018512245,0.0638297872340425,0.375,0.9970651013874068,0.1090909090909091,0.611473149876818,0.3506404353933624,0.0084033613445378,0.2,0.9921307102367456,0.0161290322580645,0.4454504933742347,0.1827081979643987,0.0,0.0,0.9975998399893328,0.0,0.0,0.0,0.9985634013165644,0.9862666666666666,0.4291004135182467,0.9922873024545054,0.6502261154538367,0.4464136024810279,,
2024-07-15 14:20:37,hf_ctgan_syn_300000,500,0.1,2,1.0,4,0.999460370994941,0.9887228079540904,0.4285714285714285,0.9940625943443696,0.6509518770739038,0.4474741081818637,0.0535714285714285,0.375,0.9964647812166488,0.09375,0.6112890420711329,0.3504517516844095,0.0097087378640776,0.2,0.993197732577526,0.0185185185185185,0.4456899668104558,0.1828835027258725,0.0,0.0,0.9989332622174812,0.0,0.0,0.0,0.9985593489898718,0.9880666666666666,0.4291005379164178,0.9931909754291544,0.6508189061333429,0.4473043344493676,,
2024-07-15 14:20:49,hf_ctgan_syn_300000,500,0.1,2,3.0,4,0.9994604801726464,0.988922994795142,0.4285714285714285,0.994163815657074,0.6510177728960166,0.4475731927268367,0.0555555555555555,0.375,0.9965981856990396,0.096774193548387,0.6113299597084538,0.3504936837333343,0.0096153846153846,0.2,0.9931310436812272,0.018348623853211,0.4456750034904868,0.182872547512503,0.0,0.0,0.999066604440296,0.0,0.0,0.0,0.9985604851489868,0.9882666666666666,0.4291005957253244,0.9932936585403042,0.6508847572876549,0.4474033452274536,,
2024-07-15 14:21:03,hf_ctgan_syn_300000,500,0.1,2,5.0,4,0.9994604073924188,0.9887895369011076,0.4285714285714285,0.9940963370454852,0.6509738430890976,0.4475071359818569,0.0535714285714285,0.375,0.9964647812166488,0.09375,0.6112890420711329,0.3504517516844095,0.0097087378640776,0.2,0.993197732577526,0.0185185185185185,0.4456899668104558,0.1828835027258725,0.0,0.0,0.9989999333288886,0.0,0.0,0.0,0.9985593853533784,0.9881333333333332,0.4291005423611586,0.9932246866370822,0.6508408516469225,0.4473373314234142,,
2024-07-15 14:21:18,hf_ctgan_syn_300000,500,0.1,2,7.0,4,0.9994604073924188,0.9887895369011076,0.4285714285714285,0.9940963370454852,0.6509738430890976,0.4475071359818569,0.05,0.375,0.9961979722518676,0.088235294117647,0.6112071985787229,0.3503678835822897,0.01,0.2,0.993397799266422,0.019047619047619,0.4457348537564506,0.1829163672986027,0.0,0.0,0.999066604440296,0.0,0.0,0.0,0.9985575776788524,0.9881333333333332,0.429100471196681,0.9932219218274546,0.6508408229593753,0.4473372976486173,,
2024-07-15 14:21:31,hf_ctgan_syn_300000,500,0.1,2,9.0,4,0.9994605165553982,0.9889897237421592,0.4285714285714285,0.9941975515680026,0.651039736687892,0.4476062216718234,0.0545454545454545,0.375,0.996531483457844,0.0952380952380952,0.6113095012321431,0.3504727178757165,0.0097087378640776,0.2,0.993197732577526,0.0185185185185185,0.4456899668104558,0.1828835027258725,0.0,0.0,0.9991332755517034,0.0,0.0,0.0,0.998560013894992,0.9883333333333332,0.4291005868251687,0.9933266003435056,0.6509066946565772,0.447436335815372,,
2024-07-15 14:21:45,hf_ctgan_syn_300000,500,0.1,4,1.0,4,0.9994596785087126,0.9874549579607632,0.4285714285714285,0.9934210526315788,0.6505343818609315,0.446846652498246,0.0714285714285714,0.375,0.9973986125933832,0.12,0.6115754080426375,0.3507452479969928,0.008130081300813,0.2,0.9918639546515504,0.015625,0.4453906048967694,0.1826643646581761,0.0,0.0,0.9980665377691846,0.0,0.0,0.0,0.9985676547406336,0.9868,0.4291005335855468,0.992563067982456,0.6504018535237829,0.4466775478763988,,
2024-07-15 14:21:59,hf_ctgan_syn_300000,500,0.1,4,3.0,4,0.9994599702983664,0.9879887895369012,0.4285714285714285,0.9936912751677852,0.6507102019673475,0.447110827571795,0.075,0.375,0.9975320170757738,0.1249999999999999,0.6116163065218382,0.3507871707026208,0.0084033613445378,0.2,0.9921307102367456,0.0161290322580645,0.4454504933742347,0.1827081979643987,0.0,0.0,0.9981998799919994,0.0,0.0,0.0,0.9985699421132028,0.9873333333333332,0.429100702542614,0.9928358729883812,0.6505775513067811,0.4469415133564241,,
2024-07-15 14:22:13,hf_ctgan_syn_300000,500,0.1,4,5.0,4,0.9994599702983664,0.9879887895369012,0.4285714285714285,0.9936912751677852,0.6507102019673475,0.447110827571795,0.075,0.375,0.9975320170757738,0.1249999999999999,0.6116163065218382,0.3507871707026208,0.0084745762711864,0.2,0.9921973991330444,0.016260162601626,0.4454654642355666,0.1827191558462135,0.0,0.0,0.998133208880592,0.0,0.0,0.0,0.9985699658515116,0.9873333333333332,0.4291007203275053,0.9928359166984958,0.6505775562970681,0.4469415170090514,,
2024-07-15 14:22:28,hf_ctgan_syn_300000,500,0.1,4,7.0,4,0.9994599702983664,0.9879887895369012,0.4285714285714285,0.9936912751677852,0.6507102019673475,0.447110827571795,0.073170731707317,0.375,0.9974653148345785,0.1224489795918367,0.611595857624107,0.3507662095166515,0.0085470085470085,0.2,0.9922640880293432,0.0163934426229508,0.4454804345937862,0.1827301135501319,0.0,0.0,0.998133208880592,0.0,0.0,0.0,0.9985690143858474,0.9873333333333332,0.4291007069826088,0.992834600580952,0.6505775503811086,0.4469415094823202,,
2024-07-15 14:22:43,hf_ctgan_syn_300000,500,0.1,4,9.0,4,0.9994600431965442,0.9881222474309356,0.4285714285714285,0.9937588081336824,0.6507541495716233,0.4471768751568269,0.0769230769230769,0.375,0.9975987193169692,0.1276595744680851,0.6116367547359,0.3508081315549012,0.008695652173913,0.2,0.9923974658219408,0.0166666666666666,0.4455103738010914,0.1827520284242797,0.0,0.0,0.9979998666577772,0.0,0.0,0.0,0.9985711380146444,0.9874666666666668,0.4291008137014487,0.992904940574696,0.6506214887591493,0.447007525086318,,
2024-07-15 14:22:59,hf_ctgan_syn_300000,500,0.1,8,1.0,4,0.9994592402325267,0.9866542105965568,0.4285714285714285,0.9930154466084622,0.6502705625671374,0.4464504356876614,0.0697674418604651,0.375,0.9973319103521878,0.1176470588235294,0.6115549577773616,0.3507242861436452,0.008,0.2,0.9917305768589528,0.0153846153846153,0.4453606576380435,0.1826424469376865,0.0,0.0,0.9974664977665176,0.0,0.0,0.0,0.998566287577302,0.986,0.4291004135490871,0.9921565054947952,0.650138259572102,0.4462816823826088,,
2024-07-15 14:23:15,hf_ctgan_syn_300000,500,0.1,8,3.0,4,0.9994591305523628,0.9864540237555052,0.4285714285714285,0.992913994022232,0.6502045910180354,0.4463513900724662,0.0666666666666666,0.375,0.9971985058697972,0.1132075471698113,0.6115140551951148,0.3506823614358821,0.0080645161290322,0.2,0.9917972657552516,0.0155038759689922,0.4453756315191148,0.1826534058868795,0.0,0.0,0.9973331555437028,0.0,0.0,0.0,0.9985645457581126,0.9858,0.4291003557401805,0.9920528196116248,0.650072332773029,0.4461827105031267,,
2024-07-15 14:23:35,hf_ctgan_syn_300000,500,0.1,8,5.0,4,0.9994592402325267,0.9866542105965568,0.4285714285714285,0.9930154466084622,0.6502705625671374,0.4464504356876614,0.0555555555555555,0.375,0.9965981856990396,0.096774193548387,0.6113299597084538,0.3504936837333343,0.008695652173913,0.2,0.9923974658219408,0.0166666666666666,0.4455103738010914,0.1827520284242797,0.0,0.0,0.9975331688779252,0.0,0.0,0.0,0.998558939788664,0.986,0.4291002489703339,0.992145800650409,0.6501381894785196,0.4462815959218189,,
2024-07-15 14:23:53,hf_ctgan_syn_300000,500,0.1,8,7.0,4,0.9994590939824204,0.986387294808488,0.4285714285714285,0.9928801719505642,0.6501825990141389,0.4463183756307302,0.0576923076923076,0.375,0.99673159018143,0.0999999999999999,0.611370874607252,0.3505356144475026,0.0084033613445378,0.2,0.9921307102367456,0.0161290322580645,0.4454504933742347,0.1827081979643987,0.0,0.0,0.9973998266551104,0.0,0.0,0.0,0.998559835845921,0.9857333333333334,0.4291002223113812,0.9920121934674964,0.6500503098859742,0.446149666873835,,
2024-07-15 14:24:12,hf_ctgan_syn_300000,500,0.1,8,9.0,4,0.9994590574075326,0.9863205658614708,0.4285714285714285,0.9928463476070528,0.6501606062663519,0.4462853615706585,0.0638297872340425,0.375,0.9970651013874068,0.1090909090909091,0.611473149876818,0.3506404353933624,0.0080645161290322,0.2,0.9917972657552516,0.0155038759689922,0.4453756315191148,0.1826534058868795,0.0,0.0,0.9973331555437028,0.0,0.0,0.0,0.9985629596791868,0.9856666666666668,0.4291002845911232,0.991983040792791,0.6500283672576106,0.4461167212673648,,
2024-07-15 14:24:27,hf_ctgan_syn_300000,500,0.1,10,1.0,4,0.9994592767826967,0.986720939543574,0.4285714285714285,0.993049259595044,0.6502925515962271,0.4464834516560555,0.0681818181818181,0.375,0.9972652081109924,0.1153846153846153,0.6115345068282101,0.3507033239566082,0.0080645161290322,0.2,0.9917972657552516,0.0155038759689922,0.4453756315191148,0.1826534058868795,0.0,0.0,0.9975331688779252,0.0,0.0,0.0,0.998565499932773,0.9860666666666666,0.4291004046489314,0.9921891200396166,0.6501602221622188,0.4463146600092491,,
2024-07-15 14:24:49,hf_ctgan_syn_300000,500,0.1,10,3.0,4,0.9994587280108256,0.9857200053383156,0.4285714285714285,0.9925418262447088,0.6499626380487405,0.4459882522049163,0.06,0.375,0.9968649946638208,0.1034482758620689,0.6114117867680773,0.350577543826914,0.0080645161290322,0.2,0.9917972657552516,0.0155038759689922,0.4453756315191148,0.1826534058868795,0.0,0.0,0.9969331288752584,0.0,0.0,0.0,0.9985605880367252,0.9850666666666666,0.4291001511990927,0.9916757942459964,0.6498305510833443,0.4458198556615285,,
2024-07-15 14:25:10,hf_ctgan_syn_300000,500,0.1,10,5.0,4,0.9994590939824204,0.986387294808488,0.4285714285714285,0.9928801719505642,0.6501825990141389,0.4463183756307302,0.0576923076923076,0.375,0.99673159018143,0.0999999999999999,0.611370874607252,0.3505356144475026,0.0084745762711864,0.2,0.9921973991330444,0.016260162601626,0.4454654642355666,0.1827191558462135,0.0,0.0,0.9973331555437028,0.0,0.0,0.0,0.99855985958423,0.9857333333333334,0.4291002400962725,0.9920122371776108,0.6500503148762613,0.4461496705264623,,
2024-07-15 14:25:34,hf_ctgan_syn_300000,500,0.1,10,7.0,4,0.9994592767826967,0.986720939543574,0.4285714285714285,0.993049259595044,0.6502925515962271,0.4464834516560555,0.0566037735849056,0.375,0.9966648879402348,0.0983606557377049,0.611350417500134,0.3505146492572631,0.009090909090909,0.2,0.9927309103034344,0.017391304347826,0.4455852130184382,0.1828068124964629,0.0,0.0,0.997199813320888,0.0,0.0,0.0,0.9985596671066418,0.9860666666666666,0.4291003734693192,0.9921806697372646,0.6501601938417435,0.4463146105182792,,
2024-07-15 14:25:58,hf_ctgan_syn_300000,500,0.1,10,9.0,4,0.9994589110585052,0.9860536500734018,0.4285714285714285,0.992711027509993,0.6500726278347899,0.446153309147017,0.0576923076923076,0.375,0.99673159018143,0.0999999999999999,0.611370874607252,0.3505356144475026,0.0087719298245614,0.2,0.9924641547182396,0.0168067226890756,0.4455253426502783,0.182762985594509,0.0,0.0,0.996733115541036,0.0,0.0,0.0,0.9985597759488948,0.9854,0.4291002890121341,0.99184343279188,0.6499404662961514,0.4459847727147167,,
2024-07-15 14:26:25,hf_ctgan_syn_300000,1500,0.1,2,1.0,4,0.9994601160750438,0.98825570532497,0.4285714285714285,0.9938263320359684,0.6507980942081708,0.4472429242685172,0.0714285714285714,0.375,0.9973986125933832,0.12,0.6115754080426375,0.3507452479969928,0.0084033613445378,0.2,0.9921307102367456,0.0161290322580645,0.4454504933742347,0.1827081979643987,0.0,0.0,0.998599906660444,0.0,0.0,0.0,0.9985681829919172,0.9876,0.4291006580620013,0.9929681371368206,0.650665339702324,0.4470734644041198,,
2024-07-15 14:26:51,hf_ctgan_syn_300000,1500,0.1,2,3.0,4,0.9994600796382532,0.9881889763779528,0.4285714285714285,0.9937925712176626,0.6507761222608255,0.4472098995218398,0.0714285714285714,0.375,0.9973986125933832,0.12,0.6115754080426375,0.3507452479969928,0.0083333333333333,0.2,0.9920640213404468,0.016,0.4454355220097398,0.1826972399046875,0.0,0.0,0.998599906660444,0.0,0.0,0.0,0.998568123246464,0.9875333333333334,0.4291006358323692,0.9929343648178592,0.6506433832716746,0.4470404668278527,,
2024-07-15 14:27:18,hf_ctgan_syn_300000,1500,0.1,2,5.0,4,0.9994600431965442,0.9881222474309356,0.4285714285714285,0.9937588081336824,0.6507541495716233,0.4471768751568269,0.0697674418604651,0.375,0.9973319103521878,0.1176470588235294,0.6115549577773616,0.3507242861436452,0.0083333333333333,0.2,0.9920640213404468,0.016,0.4454355220097398,0.1826972399046875,0.0,0.0,0.998599906660444,0.0,0.0,0.0,0.9985672009029976,0.9874666666666668,0.4291006002578405,0.99289937834413,0.6506214201835075,0.4470074621059254,,
2024-07-15 14:27:44,hf_ctgan_syn_300000,1500,0.1,2,7.0,4,0.9994600796382532,0.9881889763779528,0.4285714285714285,0.9937925712176626,0.6507761222608255,0.4472098995218398,0.0666666666666666,0.375,0.9971985058697972,0.1132075471698113,0.6115140551951148,0.3506823614358821,0.0085470085470085,0.2,0.9922640880293432,0.0163934426229508,0.4454804345937862,0.1827301135501319,0.0,0.0,0.998599906660444,0.0,0.0,0.0,0.9985656547889956,0.9875333333333334,0.4291005957976796,0.992930873323891,0.6506433655210173,0.4470404442462353,,
2024-07-15 14:28:10,hf_ctgan_syn_300000,1500,0.1,2,9.0,4,0.9994601525069168,0.9883224342719872,0.4285714285714285,0.9938600905888274,0.6508200654137343,0.4472759493968589,0.0714285714285714,0.375,0.9973986125933832,0.12,0.6115754080426375,0.3507452479969928,0.0084033613445378,0.2,0.9921307102367456,0.0161290322580645,0.4454504933742347,0.1827081979643987,0.0,0.0,0.9986665777718514,0.0,0.0,0.0,0.9985682193897872,0.9876666666666668,0.429100662506742,0.9930018641816972,0.650687290401429,0.4471064587090083,,
2024-07-15 14:28:30,hf_ctgan_syn_300000,1500,0.1,4,1.0,4,0.999459422933982,0.9869878553316428,0.4285714285714285,0.9931844888366628,0.6503805002782084,0.4466155193462764,0.0714285714285714,0.375,0.9973986125933832,0.12,0.6115754080426375,0.3507452479969928,0.0078740157480314,0.2,0.9915971990663556,0.0151515151515151,0.4453307083654473,0.1826205285056117,0.0,0.0,0.9978665244349624,0.0,0.0,0.0,0.998567314049255,0.9863333333333332,0.4291004313327962,0.9923265671521324,0.6502480955983599,0.4464466158366535,,
2024-07-15 14:28:50,hf_ctgan_syn_300000,1500,0.1,4,3.0,4,0.9994597149996624,0.9875216869077806,0.4285714285714285,0.9934548383848556,0.6505563619728383,0.4468796730466141,0.075,0.375,0.9975320170757738,0.1249999999999999,0.6116163065218382,0.3507871707026208,0.008130081300813,0.2,0.9918639546515504,0.015625,0.4453906048967694,0.1826643646581761,0.0,0.0,0.9979998666577772,0.0,0.0,0.0,0.9985695959594296,0.9868666666666668,0.4291006002898633,0.9925994888690298,0.6504238349334408,0.4467105599643647,,
2024-07-15 14:29:11,hf_ctgan_syn_300000,1500,0.1,4,5.0,4,0.9994593498682164,0.9868543974376084,0.4285714285714285,0.9931168787563376,0.6503365274239423,0.4465494847378369,0.073170731707317,0.375,0.9974653148345785,0.1224489795918367,0.611595857624107,0.3507662095166515,0.0078125,0.2,0.9915305101700568,0.0150375939849624,0.4453157329738209,0.1826095690227297,0.0,0.0,0.9977331822121476,0.0,0.0,0.0,0.9985681496985834,0.9862,0.4291004357882111,0.9922602883232756,0.6502041697000708,0.4463806503868314,,
2024-07-15 14:29:31,hf_ctgan_syn_300000,1500,0.1,4,7.0,4,0.9994596420128335,0.987388229013746,0.4285714285714285,0.9933872646101172,0.6505124010063406,0.4468136323315426,0.0681818181818181,0.375,0.9972652081109924,0.1153846153846153,0.6115345068282101,0.3507033239566082,0.0082644628099173,0.2,0.991997332444148,0.0158730158730158,0.4454205501420311,0.1826862816670801,0.0,0.0,0.9979998666577772,0.0,0.0,0.0,0.998565931470922,0.9867333333333334,0.429100502451013,0.992526932629977,0.6503798813524237,0.4466445434746991,,
2024-07-15 14:29:50,hf_ctgan_syn_300000,1500,0.1,4,9.0,4,0.9994597879667768,0.987655144801815,0.4285714285714285,0.9935224030877664,0.6506003199688999,0.4469457152883431,0.0789473684210526,0.375,0.9976654215581644,0.1304347826086956,0.6116572022663607,0.3508290920734922,0.0083333333333333,0.2,0.9920640213404468,0.016,0.4454355220097398,0.1826972399046875,0.0,0.0,0.9977998533235548,0.0,0.0,0.0,0.9985718418722768,0.987,0.4291007247935946,0.9926700140622758,0.6504677886854742,0.4467765738831481,,
2024-07-15 14:30:05,hf_ctgan_syn_300000,1500,0.1,8,1.0,4,0.9994592402325267,0.9866542105965568,0.4285714285714285,0.9930154466084622,0.6502705625671374,0.4464504356876614,0.0697674418604651,0.375,0.9973319103521878,0.1176470588235294,0.6115549577773616,0.3507242861436452,0.008,0.2,0.9917305768589528,0.0153846153846153,0.4453606576380435,0.1826424469376865,0.0,0.0,0.9974664977665176,0.0,0.0,0.0,0.998566287577302,0.986,0.4291004135490871,0.9921565054947952,0.650138259572102,0.4462816823826088,,
2024-07-15 14:30:21,hf_ctgan_syn_300000,1500,0.1,8,3.0,4,0.9994591305523628,0.9864540237555052,0.4285714285714285,0.992913994022232,0.6502045910180354,0.4463513900724662,0.0666666666666666,0.375,0.9971985058697972,0.1132075471698113,0.6115140551951148,0.3506823614358821,0.0080645161290322,0.2,0.9917972657552516,0.0155038759689922,0.4453756315191148,0.1826534058868795,0.0,0.0,0.9973331555437028,0.0,0.0,0.0,0.9985645457581126,0.9858,0.4291003557401805,0.9920528196116248,0.650072332773029,0.4461827105031267,,
2024-07-15 14:30:40,hf_ctgan_syn_300000,1500,0.1,8,5.0,4,0.9994592402325267,0.9866542105965568,0.4285714285714285,0.9930154466084622,0.6502705625671374,0.4464504356876614,0.0555555555555555,0.375,0.9965981856990396,0.096774193548387,0.6113299597084538,0.3504936837333343,0.008695652173913,0.2,0.9923974658219408,0.0166666666666666,0.4455103738010914,0.1827520284242797,0.0,0.0,0.9975331688779252,0.0,0.0,0.0,0.998558939788664,0.986,0.4291002489703339,0.992145800650409,0.6501381894785196,0.4462815959218189,,
2024-07-15 14:31:00,hf_ctgan_syn_300000,1500,0.1,8,7.0,4,0.9994590939824204,0.986387294808488,0.4285714285714285,0.9928801719505642,0.6501825990141389,0.4463183756307302,0.0576923076923076,0.375,0.99673159018143,0.0999999999999999,0.611370874607252,0.3505356144475026,0.0084033613445378,0.2,0.9921307102367456,0.0161290322580645,0.4454504933742347,0.1827081979643987,0.0,0.0,0.9973998266551104,0.0,0.0,0.0,0.998559835845921,0.9857333333333334,0.4291002223113812,0.9920121934674964,0.6500503098859742,0.446149666873835,,
2024-07-15 14:31:17,hf_ctgan_syn_300000,1500,0.1,8,9.0,4,0.9994590574075326,0.9863205658614708,0.4285714285714285,0.9928463476070528,0.6501606062663519,0.4462853615706585,0.0638297872340425,0.375,0.9970651013874068,0.1090909090909091,0.611473149876818,0.3506404353933624,0.0080645161290322,0.2,0.9917972657552516,0.0155038759689922,0.4453756315191148,0.1826534058868795,0.0,0.0,0.9973331555437028,0.0,0.0,0.0,0.9985629596791868,0.9856666666666668,0.4291002845911232,0.991983040792791,0.6500283672576106,0.4461167212673648,,
2024-07-15 14:31:34,hf_ctgan_syn_300000,1500,0.1,10,1.0,4,0.9994592767826967,0.986720939543574,0.4285714285714285,0.993049259595044,0.6502925515962271,0.4464834516560555,0.0681818181818181,0.375,0.9972652081109924,0.1153846153846153,0.6115345068282101,0.3507033239566082,0.0080645161290322,0.2,0.9917972657552516,0.0155038759689922,0.4453756315191148,0.1826534058868795,0.0,0.0,0.9975331688779252,0.0,0.0,0.0,0.998565499932773,0.9860666666666666,0.4291004046489314,0.9921891200396166,0.6501602221622188,0.4463146600092491,,
2024-07-15 14:31:55,hf_ctgan_syn_300000,1500,0.1,10,3.0,4,0.9994587280108256,0.9857200053383156,0.4285714285714285,0.9925418262447088,0.6499626380487405,0.4459882522049163,0.06,0.375,0.9968649946638208,0.1034482758620689,0.6114117867680773,0.350577543826914,0.0080645161290322,0.2,0.9917972657552516,0.0155038759689922,0.4453756315191148,0.1826534058868795,0.0,0.0,0.9969331288752584,0.0,0.0,0.0,0.9985605880367252,0.9850666666666666,0.4291001511990927,0.9916757942459964,0.6498305510833443,0.4458198556615285,,
2024-07-15 14:32:16,hf_ctgan_syn_300000,1500,0.1,10,5.0,4,0.9994590939824204,0.986387294808488,0.4285714285714285,0.9928801719505642,0.6501825990141389,0.4463183756307302,0.0576923076923076,0.375,0.99673159018143,0.0999999999999999,0.611370874607252,0.3505356144475026,0.0084745762711864,0.2,0.9921973991330444,0.016260162601626,0.4454654642355666,0.1827191558462135,0.0,0.0,0.9973331555437028,0.0,0.0,0.0,0.99855985958423,0.9857333333333334,0.4291002400962725,0.9920122371776108,0.6500503148762613,0.4461496705264623,,
2024-07-15 14:32:38,hf_ctgan_syn_300000,1500,0.1,10,7.0,4,0.9994592767826967,0.986720939543574,0.4285714285714285,0.993049259595044,0.6502925515962271,0.4464834516560555,0.0566037735849056,0.375,0.9966648879402348,0.0983606557377049,0.611350417500134,0.3505146492572631,0.009090909090909,0.2,0.9927309103034344,0.017391304347826,0.4455852130184382,0.1828068124964629,0.0,0.0,0.997199813320888,0.0,0.0,0.0,0.9985596671066418,0.9860666666666666,0.4291003734693192,0.9921806697372646,0.6501601938417435,0.4463146105182792,,
2024-07-15 14:33:02,hf_ctgan_syn_300000,1500,0.1,10,9.0,4,0.9994589110585052,0.9860536500734018,0.4285714285714285,0.992711027509993,0.6500726278347899,0.446153309147017,0.0576923076923076,0.375,0.99673159018143,0.0999999999999999,0.611370874607252,0.3505356144475026,0.0087719298245614,0.2,0.9924641547182396,0.0168067226890756,0.4455253426502783,0.182762985594509,0.0,0.0,0.996733115541036,0.0,0.0,0.0,0.9985597759488948,0.9854,0.4291002890121341,0.99184343279188,0.6499404662961514,0.4459847727147167,,
2024-07-15 14:33:21,hf_ctgan_syn_300000,1000,0.1,2,1.0,4,0.9994601525069168,0.9883224342719872,0.4285714285714285,0.9938600905888274,0.6508200654137343,0.4472759493968589,0.0652173913043478,0.375,0.997131803628602,0.111111111111111,0.611493602878007,0.3506613985814669,0.0086206896551724,0.2,0.992330776925642,0.0165289256198347,0.4454954044489442,0.182741071076154,0.0,0.0,0.9987332488832588,0.0,0.0,0.0,0.9985649792031576,0.9876666666666668,0.4291005913422646,0.9929972567387436,0.650687261742366,0.4471064249470239,,
2024-07-15 14:33:39,hf_ctgan_syn_300000,1000,0.1,2,3.0,4,0.999460225355914,0.9884558921660216,0.4285714285714285,0.9939276008991176,0.6508640055998164,0.4473420007985358,0.0638297872340425,0.375,0.9970651013874068,0.1090909090909091,0.611473149876818,0.3506404353933624,0.0087719298245614,0.2,0.9924641547182396,0.0168067226890756,0.4455253426502783,0.182762985594509,0.0,0.0,0.9987999199946664,0.0,0.0,0.0,0.998564362342048,0.9878,0.4291006046717409,0.9930637191973568,0.650731159988741,0.4471724108251985,,
2024-07-15 14:34:01,hf_ctgan_syn_300000,1000,0.1,2,5.0,4,0.999460225355914,0.9884558921660216,0.4285714285714285,0.9939276008991176,0.6508640055998164,0.4473420007985358,0.0625,0.375,0.9969983991462114,0.1071428571428571,0.6114526961914791,0.3506194718715688,0.0088495575221238,0.2,0.992530843614538,0.0169491525423728,0.4455403109965558,0.182773942586842,0.0,0.0,0.9987999199946664,0.0,0.0,0.0,0.9985636789980892,0.9878,0.4291005913268444,0.9930627277129356,0.6507311540695575,0.4471724032969843,,
2024-07-15 14:34:22,hf_ctgan_syn_300000,1000,0.1,2,7.0,4,0.999460225355914,0.9884558921660216,0.4285714285714285,0.9939276008991176,0.6508640055998164,0.4473420007985358,0.06,0.375,0.9968649946638208,0.1034482758620689,0.6114117867680773,0.350577543826914,0.009009009009009,0.2,0.9926642214071356,0.0172413793103448,0.445570246180585,0.182795856037819,0.0,0.0,0.9987999199946664,0.0,0.0,0.0,0.9985623988152512,0.9878,0.4291005646370513,0.9930608546785084,0.650731142229593,0.4471723882398442,,
2024-07-15 14:34:40,hf_ctgan_syn_300000,1000,0.1,2,9.0,4,0.99946026177304,0.9885226211130388,0.4285714285714285,0.9939613526570048,0.6508859745804852,0.4473750270718711,0.0652173913043478,0.375,0.997131803628602,0.111111111111111,0.611493602878007,0.3506613985814669,0.0087719298245614,0.2,0.9924641547182396,0.0168067226890756,0.4455253426502783,0.182762985594509,0.0,0.0,0.9987999199946664,0.0,0.0,0.0,0.998565138780689,0.9878666666666668,0.4291006402462695,0.9930985168946806,0.650753119373295,0.447205417454379,,
2024-07-15 14:34:58,hf_ctgan_syn_300000,1000,0.1,4,1.0,4,0.999459422933982,0.9869878553316428,0.4285714285714285,0.9931844888366628,0.6503805002782084,0.4466155193462764,0.0714285714285714,0.375,0.9973986125933832,0.12,0.6115754080426375,0.3507452479969928,0.0078740157480314,0.2,0.9915971990663556,0.0151515151515151,0.4453307083654473,0.1826205285056117,0.0,0.0,0.9978665244349624,0.0,0.0,0.0,0.998567314049255,0.9863333333333332,0.4291004313327962,0.9923265671521324,0.6502480955983599,0.4464466158366535,,
2024-07-15 14:35:16,hf_ctgan_syn_300000,1000,0.1,4,3.0,4,0.9994595324956088,0.9871880421726944,0.4285714285714285,0.993285886934336,0.6504464539857092,0.4467145741214193,0.0769230769230769,0.375,0.9975987193169692,0.1276595744680851,0.6116367547359,0.3508081315549012,0.0079365079365079,0.2,0.9916638879626544,0.015267175572519,0.4453456832535046,0.1826314878105973,0.0,0.0,0.9977998533235548,0.0,0.0,0.0,0.998570374742284,0.9865333333333334,0.4291005558412734,0.9924319942714376,0.6503140254589329,0.4465456153516722,,
2024-07-15 14:35:32,hf_ctgan_syn_300000,1000,0.1,4,5.0,4,0.9994593498682164,0.9868543974376084,0.4285714285714285,0.9931168787563376,0.6503365274239423,0.4465494847378369,0.073170731707317,0.375,0.9974653148345785,0.1224489795918367,0.611595857624107,0.3507662095166515,0.0078125,0.2,0.9915305101700568,0.0150375939849624,0.4453157329738209,0.1826095690227297,0.0,0.0,0.9977331822121476,0.0,0.0,0.0,0.9985681496985834,0.9862,0.4291004357882111,0.9922602883232756,0.6502041697000708,0.4463806503868314,,
2024-07-15 14:35:50,hf_ctgan_syn_300000,1000,0.1,4,7.0,4,0.9994596785087126,0.9874549579607632,0.4285714285714285,0.9934210526315788,0.6505343818609315,0.446846652498246,0.075,0.375,0.9975320170757738,0.1249999999999999,0.6116163065218382,0.3507871707026208,0.008,0.2,0.9917305768589528,0.0153846153846153,0.4453606576380435,0.1826424469376865,0.0,0.0,0.9980665377691846,0.0,0.0,0.0,0.9985695161421048,0.9868,0.4291005602753399,0.9925656545209176,0.6504018653538856,0.4466775629292683,,
2024-07-15 14:36:08,hf_ctgan_syn_300000,1000,0.1,4,9.0,4,0.9994597879667768,0.987655144801815,0.4285714285714285,0.9935224030877664,0.6506003199688999,0.4469457152883431,0.0789473684210526,0.375,0.9976654215581644,0.1304347826086956,0.6116572022663607,0.3508290920734922,0.0083333333333333,0.2,0.9920640213404468,0.016,0.4454355220097398,0.1826972399046875,0.0,0.0,0.9977998533235548,0.0,0.0,0.0,0.9985718418722768,0.987,0.4291007247935946,0.9926700140622758,0.6504677886854742,0.4467765738831481,,
2024-07-15 14:36:23,hf_ctgan_syn_300000,1000,0.1,8,1.0,4,0.9994588744588744,0.9859869211263846,0.4285714285714285,0.9926771918038294,0.6500506313664184,0.4461202969952681,0.0576923076923076,0.375,0.99673159018143,0.0999999999999999,0.611370874607252,0.3505356144475026,0.0083333333333333,0.2,0.9920640213404468,0.016,0.4454355220097398,0.1826972399046875,0.0,0.0,0.9970664710980732,0.0,0.0,0.0,0.9985595931845932,0.9853333333333332,0.4291001778580453,0.9918093597581458,0.6499184604176034,0.4459517694590794,,
2024-07-15 14:36:39,hf_ctgan_syn_300000,1000,0.1,8,3.0,4,0.9994591305523628,0.9864540237555052,0.4285714285714285,0.992913994022232,0.6502045910180354,0.4463513900724662,0.0666666666666666,0.375,0.9971985058697972,0.1132075471698113,0.6115140551951148,0.3506823614358821,0.0080645161290322,0.2,0.9917972657552516,0.0155038759689922,0.4453756315191148,0.1826534058868795,0.0,0.0,0.9973331555437028,0.0,0.0,0.0,0.9985645457581126,0.9858,0.4291003557401805,0.9920528196116248,0.650072332773029,0.4461827105031267,,
2024-07-15 14:36:57,hf_ctgan_syn_300000,1000,0.1,8,5.0,4,0.9994592402325267,0.9866542105965568,0.4285714285714285,0.9930154466084622,0.6502705625671374,0.4464504356876614,0.0555555555555555,0.375,0.9965981856990396,0.096774193548387,0.6113299597084538,0.3504936837333343,0.008695652173913,0.2,0.9923974658219408,0.0166666666666666,0.4455103738010914,0.1827520284242797,0.0,0.0,0.9975331688779252,0.0,0.0,0.0,0.998558939788664,0.986,0.4291002489703339,0.992145800650409,0.6501381894785196,0.4462815959218189,,
2024-07-15 14:37:18,hf_ctgan_syn_300000,1000,0.1,8,7.0,4,0.9994591671173608,0.9865207527025224,0.4285714285714285,0.9929478138222848,0.6502265822781171,0.4463844048958668,0.0576923076923076,0.375,0.99673159018143,0.0999999999999999,0.611370874607252,0.3505356144475026,0.0085470085470085,0.2,0.9922640880293432,0.0163934426229508,0.4454804345937862,0.1827301135501319,0.0,0.0,0.9973998266551104,0.0,0.0,0.0,0.9985599567950028,0.9858666666666668,0.4291002667706454,0.9920798603435916,0.6500942620793125,0.4462156418168527,,
2024-07-15 14:37:35,hf_ctgan_syn_300000,1000,0.1,8,9.0,4,0.999459020827698,0.9862538369144536,0.4285714285714285,0.9928125209914692,0.6501386127745991,0.4462523478922515,0.0638297872340425,0.375,0.9970651013874068,0.1090909090909091,0.611473149876818,0.3506404353933624,0.0081967213114754,0.2,0.9919306435478492,0.0157480314960629,0.4454055777710579,0.1826753232515763,0.0,0.0,0.9971331422094808,0.0,0.0,0.0,0.9985629672018876,0.9856,0.4291003157161651,0.9919493271338908,0.6500064042752008,0.4460837457075124,,
2024-07-15 14:37:51,hf_ctgan_syn_300000,1000,0.1,10,1.0,4,0.9994592767826967,0.986720939543574,0.4285714285714285,0.993049259595044,0.6502925515962271,0.4464834516560555,0.0681818181818181,0.375,0.9972652081109924,0.1153846153846153,0.6115345068282101,0.3507033239566082,0.0080645161290322,0.2,0.9917972657552516,0.0155038759689922,0.4453756315191148,0.1826534058868795,0.0,0.0,0.9975331688779252,0.0,0.0,0.0,0.998565499932773,0.9860666666666666,0.4291004046489314,0.9921891200396166,0.6501602221622188,0.4463146600092491,,
2024-07-15 14:38:12,hf_ctgan_syn_300000,1000,0.1,10,3.0,4,0.9994587280108256,0.9857200053383156,0.4285714285714285,0.9925418262447088,0.6499626380487405,0.4459882522049163,0.06,0.375,0.9968649946638208,0.1034482758620689,0.6114117867680773,0.350577543826914,0.0080645161290322,0.2,0.9917972657552516,0.0155038759689922,0.4453756315191148,0.1826534058868795,0.0,0.0,0.9969331288752584,0.0,0.0,0.0,0.9985605880367252,0.9850666666666666,0.4291001511990927,0.9916757942459964,0.6498305510833443,0.4458198556615285,,
2024-07-15 14:38:32,hf_ctgan_syn_300000,1000,0.1,10,5.0,4,0.9994590939824204,0.986387294808488,0.4285714285714285,0.9928801719505642,0.6501825990141389,0.4463183756307302,0.0576923076923076,0.375,0.99673159018143,0.0999999999999999,0.611370874607252,0.3505356144475026,0.0084745762711864,0.2,0.9921973991330444,0.016260162601626,0.4454654642355666,0.1827191558462135,0.0,0.0,0.9973331555437028,0.0,0.0,0.0,0.99855985958423,0.9857333333333334,0.4291002400962725,0.9920122371776108,0.6500503148762613,0.4461496705264623,,
2024-07-15 14:38:55,hf_ctgan_syn_300000,1000,0.1,10,7.0,4,0.9994592767826967,0.986720939543574,0.4285714285714285,0.993049259595044,0.6502925515962271,0.4464834516560555,0.0566037735849056,0.375,0.9966648879402348,0.0983606557377049,0.611350417500134,0.3505146492572631,0.009090909090909,0.2,0.9927309103034344,0.017391304347826,0.4455852130184382,0.1828068124964629,0.0,0.0,0.997199813320888,0.0,0.0,0.0,0.9985596671066418,0.9860666666666666,0.4291003734693192,0.9921806697372646,0.6501601938417435,0.4463146105182792,,
2024-07-15 14:39:21,hf_ctgan_syn_300000,1000,0.1,10,9.0,4,0.9994589110585052,0.9860536500734018,0.4285714285714285,0.992711027509993,0.6500726278347899,0.446153309147017,0.0576923076923076,0.375,0.99673159018143,0.0999999999999999,0.611370874607252,0.3505356144475026,0.0087719298245614,0.2,0.9924641547182396,0.0168067226890756,0.4455253426502783,0.182762985594509,0.0,0.0,0.996733115541036,0.0,0.0,0.0,0.9985597759488948,0.9854,0.4291002890121341,0.99184343279188,0.6499404662961514,0.4459847727147167,,
2024-07-15 14:39:28,hf_ctgan_syn_300000,100,0.01,2,1.0,4,0.999327414581652,0.9914586947817964,0.2857142857142857,0.99537750385208,0.5322348286187206,0.3032658108137596,0.0,0.0,1.0,0.0,0.0,0.0,0.0151515151515151,0.4,0.9913304434811604,0.0291970802919708,0.6297080096302287,0.3730840225612605,0.0,0.0,1.0,0.0,0.0,0.0,0.9983997594997596,0.9906666666666668,0.2863780625287794,0.994458217208582,0.5319479787818866,0.3031071240645205,,
2024-07-15 14:39:36,hf_ctgan_syn_300000,100,0.01,2,3.0,4,0.999327414581652,0.9914586947817964,0.2857142857142857,0.99537750385208,0.5322348286187206,0.3032658108137596,0.0,0.0,1.0,0.0,0.0,0.0,0.0151515151515151,0.4,0.9913304434811604,0.0291970802919708,0.6297080096302287,0.3730840225612605,0.0,0.0,1.0,0.0,0.0,0.0,0.9983997594997596,0.9906666666666668,0.2863780625287794,0.994458217208582,0.5319479787818866,0.3031071240645205,,
2024-07-15 14:39:44,hf_ctgan_syn_300000,100,0.01,2,5.0,4,0.999327414581652,0.9914586947817964,0.2857142857142857,0.99537750385208,0.5322348286187206,0.3032658108137596,0.0,0.0,1.0,0.0,0.0,0.0,0.0151515151515151,0.4,0.9913304434811604,0.0291970802919708,0.6297080096302287,0.3730840225612605,0.0,0.0,1.0,0.0,0.0,0.0,0.9983997594997596,0.9906666666666668,0.2863780625287794,0.994458217208582,0.5319479787818866,0.3031071240645205,,
2024-07-15 14:39:52,hf_ctgan_syn_300000,100,0.01,2,7.0,4,0.999327414581652,0.9914586947817964,0.2857142857142857,0.99537750385208,0.5322348286187206,0.3032658108137596,0.0,0.0,1.0,0.0,0.0,0.0,0.0151515151515151,0.4,0.9913304434811604,0.0291970802919708,0.6297080096302287,0.3730840225612605,0.0,0.0,1.0,0.0,0.0,0.0,0.9983997594997596,0.9906666666666668,0.2863780625287794,0.994458217208582,0.5319479787818866,0.3031071240645205,,
2024-07-15 14:39:59,hf_ctgan_syn_300000,100,0.01,2,9.0,4,0.999327414581652,0.9914586947817964,0.2857142857142857,0.99537750385208,0.5322348286187206,0.3032658108137596,0.0,0.0,1.0,0.0,0.0,0.0,0.0151515151515151,0.4,0.9913304434811604,0.0291970802919708,0.6297080096302287,0.3730840225612605,0.0,0.0,1.0,0.0,0.0,0.0,0.9983997594997596,0.9906666666666668,0.2863780625287794,0.994458217208582,0.5319479787818866,0.3031071240645205,,
2024-07-15 14:40:07,hf_ctgan_syn_300000,100,0.01,4,1.0,4,0.999327414581652,0.9914586947817964,0.2857142857142857,0.99537750385208,0.5322348286187206,0.3032658108137596,0.1428571428571428,0.125,0.9995997865528282,0.1333333333333333,0.3534826351026363,0.1140218513196365,0.016,0.4,0.9917972657552516,0.0307692307692307,0.6298562584448143,0.373241189899801,0.0,0.0,1.0,0.0,0.0,0.0,0.9984762328042328,0.9907333333333334,0.2863780046890323,0.9945298523698524,0.5321365522702128,0.3031679881076705,,
2024-07-15 14:40:15,hf_ctgan_syn_300000,100,0.01,4,3.0,4,0.999327414581652,0.9914586947817964,0.2857142857142857,0.99537750385208,0.5322348286187206,0.3032658108137596,0.1428571428571428,0.125,0.9995997865528282,0.1333333333333333,0.3534826351026363,0.1140218513196365,0.016,0.4,0.9917972657552516,0.0307692307692307,0.6298562584448143,0.373241189899801,0.0,0.0,1.0,0.0,0.0,0.0,0.9984762328042328,0.9907333333333334,0.2863780046890323,0.9945298523698524,0.5321365522702128,0.3031679881076705,,
2024-07-15 14:40:24,hf_ctgan_syn_300000,100,0.01,4,5.0,4,0.999327414581652,0.9914586947817964,0.2857142857142857,0.99537750385208,0.5322348286187206,0.3032658108137596,0.0222222222222222,0.125,0.9970651013874068,0.0377358490566037,0.3530341876836092,0.1137643166892851,0.0114942528735632,0.2,0.994264754918306,0.0217391304347826,0.4459293116444143,0.1830587619458792,0.0,0.0,1.0,0.0,0.0,0.0,0.9984103922641852,0.9906666666666668,0.2863774753533317,0.99447585701146,0.5320750041159892,0.3031044566132163,,
2024-07-15 14:40:32,hf_ctgan_syn_300000,100,0.01,4,7.0,4,0.999327414581652,0.9914586947817964,0.2857142857142857,0.99537750385208,0.5322348286187206,0.3032658108137596,0.0222222222222222,0.125,0.9970651013874068,0.0377358490566037,0.3530341876836092,0.1137643166892851,0.0114942528735632,0.2,0.994264754918306,0.0217391304347826,0.4459293116444143,0.1830587619458792,0.0,0.0,1.0,0.0,0.0,0.0,0.9984103922641852,0.9906666666666668,0.2863774753533317,0.99447585701146,0.5320750041159892,0.3031044566132163,,
2024-07-15 14:40:40,hf_ctgan_syn_300000,100,0.01,4,9.0,4,0.999327414581652,0.9914586947817964,0.2857142857142857,0.99537750385208,0.5322348286187206,0.3032658108137596,0.0222222222222222,0.125,0.9970651013874068,0.0377358490566037,0.3530341876836092,0.1137643166892851,0.0114942528735632,0.2,0.994264754918306,0.0217391304347826,0.4459293116444143,0.1830587619458792,0.0,0.0,1.0,0.0,0.0,0.0,0.9984103922641852,0.9906666666666668,0.2863774753533317,0.99447585701146,0.5320750041159892,0.3031044566132163,,
2024-07-15 14:40:50,hf_ctgan_syn_300000,100,0.01,8,1.0,4,0.9994611706068566,0.9901908447884692,0.4285714285714285,0.9948044112224717,0.6514349583107618,0.4482008079462108,0.073170731707317,0.375,0.9974653148345785,0.1224489795918367,0.611595857624107,0.3507662095166515,0.0089285714285714,0.2,0.9925975325108368,0.017094017094017,0.4455552788399745,0.1827848994012787,0.0,0.0,1.0,0.0,0.0,0.0,0.9985703407616768,0.9895333333333334,0.4291009425835106,0.9939469312334775,0.6513016552333513,0.4480304908036703,,
2024-07-15 14:41:01,hf_ctgan_syn_300000,100,0.01,8,3.0,4,0.9994611706068566,0.9901908447884692,0.4285714285714285,0.9948044112224717,0.6514349583107618,0.4482008079462108,0.073170731707317,0.375,0.9974653148345785,0.1224489795918367,0.611595857624107,0.3507662095166515,0.0089285714285714,0.2,0.9925975325108368,0.017094017094017,0.4455552788399745,0.1827848994012787,0.0,0.0,1.0,0.0,0.0,0.0,0.9985703407616768,0.9895333333333334,0.4291009425835106,0.9939469312334775,0.6513016552333513,0.4480304908036703,,
2024-07-15 14:41:11,hf_ctgan_syn_300000,100,0.01,8,5.0,4,0.9994611706068566,0.9901908447884692,0.4285714285714285,0.9948044112224717,0.6514349583107618,0.4482008079462108,0.073170731707317,0.375,0.9974653148345785,0.1224489795918367,0.611595857624107,0.3507662095166515,0.0089285714285714,0.2,0.9925975325108368,0.017094017094017,0.4455552788399745,0.1827848994012787,0.0,0.0,1.0,0.0,0.0,0.0,0.9985703407616768,0.9895333333333334,0.4291009425835106,0.9939469312334775,0.6513016552333513,0.4480304908036703,,
2024-07-15 14:41:21,hf_ctgan_syn_300000,100,0.01,8,7.0,4,0.9994611706068566,0.9901908447884692,0.4285714285714285,0.9948044112224717,0.6514349583107618,0.4482008079462108,0.073170731707317,0.375,0.9974653148345785,0.1224489795918367,0.611595857624107,0.3507662095166515,0.0089285714285714,0.2,0.9925975325108368,0.017094017094017,0.4455552788399745,0.1827848994012787,0.0,0.0,1.0,0.0,0.0,0.0,0.9985703407616768,0.9895333333333334,0.4291009425835106,0.9939469312334775,0.6513016552333513,0.4480304908036703,,
2024-07-15 14:41:31,hf_ctgan_syn_300000,100,0.01,8,9.0,4,0.9994611706068566,0.9901908447884692,0.4285714285714285,0.9948044112224717,0.6514349583107618,0.4482008079462108,0.073170731707317,0.375,0.9974653148345785,0.1224489795918367,0.611595857624107,0.3507662095166515,0.0089285714285714,0.2,0.9925975325108368,0.017094017094017,0.4455552788399745,0.1827848994012787,0.0,0.0,1.0,0.0,0.0,0.0,0.9985703407616768,0.9895333333333334,0.4291009425835106,0.9939469312334775,0.6513016552333513,0.4480304908036703,,
2024-07-15 14:41:44,hf_ctgan_syn_300000,100,0.01,10,1.0,4,0.9994611706068566,0.9901908447884692,0.4285714285714285,0.9948044112224717,0.6514349583107618,0.4482008079462108,0.073170731707317,0.375,0.9974653148345785,0.1224489795918367,0.611595857624107,0.3507662095166515,0.0089285714285714,0.2,0.9925975325108368,0.017094017094017,0.4455552788399745,0.1827848994012787,0.0,0.0,1.0,0.0,0.0,0.0,0.9985703407616768,0.9895333333333334,0.4291009425835106,0.9939469312334775,0.6513016552333513,0.4480304908036703,,
2024-07-15 14:41:57,hf_ctgan_syn_300000,100,0.01,10,3.0,4,0.9994611343122728,0.990124115841452,0.4285714285714285,0.994770716009654,0.6514130078446344,0.4481677721312633,0.073170731707317,0.375,0.9974653148345785,0.1224489795918367,0.611595857624107,0.3507662095166515,0.0088495575221238,0.2,0.992530843614538,0.0169491525423728,0.4455403109965558,0.182773942586842,0.0,0.0,1.0,0.0,0.0,0.0,0.9985702781629991,0.9894666666666668,0.4291009203538785,0.9939132191813412,0.6512797202650444,0.4479974821698785,,
2024-07-15 14:42:08,hf_ctgan_syn_300000,100,0.01,10,5.0,4,0.9994611343122728,0.990124115841452,0.4285714285714285,0.994770716009654,0.6514130078446344,0.4481677721312633,0.073170731707317,0.375,0.9974653148345785,0.1224489795918367,0.611595857624107,0.3507662095166515,0.0088495575221238,0.2,0.992530843614538,0.0169491525423728,0.4455403109965558,0.182773942586842,0.0,0.0,1.0,0.0,0.0,0.0,0.9985702781629991,0.9894666666666668,0.4291009203538785,0.9939132191813412,0.6512797202650444,0.4479974821698785,,
2024-07-15 14:42:21,hf_ctgan_syn_300000,100,0.01,10,7.0,4,0.9994611343122728,0.990124115841452,0.4285714285714285,0.994770716009654,0.6514130078446344,0.4481677721312633,0.073170731707317,0.375,0.9974653148345785,0.1224489795918367,0.611595857624107,0.3507662095166515,0.0088495575221238,0.2,0.992530843614538,0.0169491525423728,0.4455403109965558,0.182773942586842,0.0,0.0,1.0,0.0,0.0,0.0,0.9985702781629991,0.9894666666666668,0.4291009203538785,0.9939132191813412,0.6512797202650444,0.4479974821698785,,
2024-07-15 14:42:35,hf_ctgan_syn_300000,100,0.01,10,9.0,4,0.9994610980127988,0.9900573868944348,0.4285714285714285,0.9947370185377626,0.6513910566388239,0.4481347366979804,0.0697674418604651,0.375,0.9973319103521878,0.1176470588235294,0.6115549577773616,0.3507242861436452,0.0089285714285714,0.2,0.9925975325108368,0.017094017094017,0.4455552788399745,0.1827848994012787,0.0,0.0,1.0,0.0,0.0,0.0,0.9985684531474552,0.9894,0.4291008714344533,0.993877040424198,0.6512577727230555,0.447964458862806,,
2024-07-15 14:42:47,hf_ctgan_syn_300000,500,0.01,2,1.0,4,0.999327414581652,0.9914586947817964,0.2857142857142857,0.99537750385208,0.5322348286187206,0.3032658108137596,0.0222222222222222,0.125,0.9970651013874068,0.0377358490566037,0.3530341876836092,0.1137643166892851,0.0114942528735632,0.2,0.994264754918306,0.0217391304347826,0.4459293116444143,0.1830587619458792,0.0,0.0,1.0,0.0,0.0,0.0,0.9984103922641852,0.9906666666666668,0.2863774753533317,0.99447585701146,0.5320750041159892,0.3031044566132163,,
2024-07-15 14:43:00,hf_ctgan_syn_300000,500,0.01,2,3.0,4,0.999327414581652,0.9914586947817964,0.2857142857142857,0.99537750385208,0.5322348286187206,0.3032658108137596,0.0222222222222222,0.125,0.9970651013874068,0.0377358490566037,0.3530341876836092,0.1137643166892851,0.0114942528735632,0.2,0.994264754918306,0.0217391304347826,0.4459293116444143,0.1830587619458792,0.0,0.0,1.0,0.0,0.0,0.0,0.9984103922641852,0.9906666666666668,0.2863774753533317,0.99447585701146,0.5320750041159892,0.3031044566132163,,
2024-07-15 14:43:13,hf_ctgan_syn_300000,500,0.01,2,5.0,4,0.999327414581652,0.9914586947817964,0.2857142857142857,0.99537750385208,0.5322348286187206,0.3032658108137596,0.0222222222222222,0.125,0.9970651013874068,0.0377358490566037,0.3530341876836092,0.1137643166892851,0.0114942528735632,0.2,0.994264754918306,0.0217391304347826,0.4459293116444143,0.1830587619458792,0.0,0.0,1.0,0.0,0.0,0.0,0.9984103922641852,0.9906666666666668,0.2863774753533317,0.99447585701146,0.5320750041159892,0.3031044566132163,,
2024-07-15 14:43:26,hf_ctgan_syn_300000,500,0.01,2,7.0,4,0.999327414581652,0.9914586947817964,0.2857142857142857,0.99537750385208,0.5322348286187206,0.3032658108137596,0.0222222222222222,0.125,0.9970651013874068,0.0377358490566037,0.3530341876836092,0.1137643166892851,0.0114942528735632,0.2,0.994264754918306,0.0217391304347826,0.4459293116444143,0.1830587619458792,0.0,0.0,1.0,0.0,0.0,0.0,0.9984103922641852,0.9906666666666668,0.2863774753533317,0.99447585701146,0.5320750041159892,0.3031044566132163,,
2024-07-15 14:43:40,hf_ctgan_syn_300000,500,0.01,2,9.0,4,0.999327414581652,0.9914586947817964,0.2857142857142857,0.99537750385208,0.5322348286187206,0.3032658108137596,0.0222222222222222,0.125,0.9970651013874068,0.0377358490566037,0.3530341876836092,0.1137643166892851,0.0114942528735632,0.2,0.994264754918306,0.0217391304347826,0.4459293116444143,0.1830587619458792,0.0,0.0,1.0,0.0,0.0,0.0,0.9984103922641852,0.9906666666666668,0.2863774753533317,0.99447585701146,0.5320750041159892,0.3031044566132163,,
2024-07-15 14:43:55,hf_ctgan_syn_300000,500,0.01,4,1.0,4,0.9994613882717296,0.9905912184705724,0.4285714285714285,0.9950065350715506,0.651566645578367,0.4483990308508496,0.073170731707317,0.375,0.9974653148345785,0.1224489795918367,0.611595857624107,0.3507662095166515,0.0094339622641509,0.2,0.9929976658886296,0.018018018018018,0.4456450753432892,0.1828506365520751,0.0,0.0,1.0,0.0,0.0,0.0,0.998570726687008,0.9899333333333332,0.4291010759613032,0.9941491744339388,0.6514332495250078,0.4482285506126484,,
2024-07-15 14:44:08,hf_ctgan_syn_300000,500,0.01,4,3.0,4,0.9994613882717296,0.9905912184705724,0.4285714285714285,0.9950065350715506,0.651566645578367,0.4483990308508496,0.0612244897959183,0.375,0.996931696905016,0.1052631578947368,0.6114322418219218,0.350598508016086,0.010204081632653,0.2,0.9935311770590196,0.0194174757281553,0.4457647758760263,0.1829382761242744,0.0,0.0,1.0,0.0,0.0,0.0,0.9985646120644448,0.9899333333333332,0.4291009692021309,0.9941404751482704,0.6514332021634243,0.4482284903850388,,
2024-07-15 14:44:24,hf_ctgan_syn_300000,500,0.01,4,5.0,4,0.9994613882717296,0.9905912184705724,0.4285714285714285,0.9950065350715506,0.651566645578367,0.4483990308508496,0.0612244897959183,0.375,0.996931696905016,0.1052631578947368,0.6114322418219218,0.350598508016086,0.010204081632653,0.2,0.9935311770590196,0.0194174757281553,0.4457647758760263,0.1829382761242744,0.0,0.0,1.0,0.0,0.0,0.0,0.9985646120644448,0.9899333333333332,0.4291009692021309,0.9941404751482704,0.6514332021634243,0.4482284903850388,,
2024-07-15 14:44:39,hf_ctgan_syn_300000,500,0.01,4,7.0,4,0.9994613882717296,0.9905912184705724,0.4285714285714285,0.9950065350715506,0.651566645578367,0.4483990308508496,0.0612244897959183,0.375,0.996931696905016,0.1052631578947368,0.6114322418219218,0.350598508016086,0.010204081632653,0.2,0.9935311770590196,0.0194174757281553,0.4457647758760263,0.1829382761242744,0.0,0.0,1.0,0.0,0.0,0.0,0.9985646120644448,0.9899333333333332,0.4291009692021309,0.9941404751482704,0.6514332021634243,0.4482284903850388,,
2024-07-15 14:44:53,hf_ctgan_syn_300000,500,0.01,4,9.0,4,0.9994613882717296,0.9905912184705724,0.4285714285714285,0.9950065350715506,0.651566645578367,0.4483990308508496,0.0612244897959183,0.375,0.996931696905016,0.1052631578947368,0.6114322418219218,0.350598508016086,0.010204081632653,0.2,0.9935311770590196,0.0194174757281553,0.4457647758760263,0.1829382761242744,0.0,0.0,1.0,0.0,0.0,0.0,0.9985646120644448,0.9899333333333332,0.4291009692021309,0.9941404751482704,0.6514332021634243,0.4482284903850388,,
2024-07-15 14:45:14,hf_ctgan_syn_300000,500,0.01,8,1.0,4,0.9994607347489046,0.9893900974242626,0.4285714285714285,0.9943999195198014,0.6511715038816894,0.4478044033566975,0.0697674418604651,0.375,0.9973319103521878,0.1176470588235294,0.6115549577773616,0.3507242861436452,0.0088495575221238,0.2,0.992530843614538,0.0169491525423728,0.4455403109965558,0.182773942586842,0.0,0.0,0.9993999599973332,0.0,0.0,0.0,0.9985680638846386,0.9887333333333334,0.4291008092021544,0.9935402077438028,0.6510384198925466,0.4476344301803701,,
2024-07-15 14:45:39,hf_ctgan_syn_300000,500,0.01,8,3.0,4,0.9994607710973308,0.98945682637128,0.4285714285714285,0.99443363959493,0.6511934624884462,0.4478374349733357,0.0681818181818181,0.375,0.9972652081109924,0.1153846153846153,0.6115345068282101,0.3507033239566082,0.0088495575221238,0.2,0.992530843614538,0.0169491525423728,0.4455403109965558,0.182773942586842,0.0,0.0,0.999533302220148,0.0,0.0,0.0,0.9985672545331776,0.9888,0.4291007825171073,0.9935726897103604,0.651060347097431,0.4476674197876664,,
2024-07-15 14:46:05,hf_ctgan_syn_300000,500,0.01,8,5.0,4,0.9994607347489046,0.9893900974242626,0.4285714285714285,0.9943999195198014,0.6511715038816894,0.4478044033566975,0.0681818181818181,0.375,0.9972652081109924,0.1153846153846153,0.6115345068282101,0.3507033239566082,0.0088495575221238,0.2,0.992530843614538,0.0169491525423728,0.4455403109965558,0.182773942586842,0.0,0.0,0.9994666311087406,0.0,0.0,0.0,0.9985672182186768,0.9887333333333334,0.4291007780723665,0.993539001107302,0.6510384089853738,0.4476344190005371,,
2024-07-15 14:46:30,hf_ctgan_syn_300000,500,0.01,8,7.0,4,0.9994608801132152,0.9896570132123316,0.4285714285714285,0.9945347862531432,0.6512593338664269,0.4479365321132368,0.0697674418604651,0.375,0.9973319103521878,0.1176470588235294,0.6115549577773616,0.3507242861436452,0.0089285714285714,0.2,0.9925975325108368,0.017094017094017,0.4455552788399745,0.1827848994012787,0.0,0.0,0.9995999733315556,0.0,0.0,0.0,0.9985682354512446,0.989,0.4291008447660088,0.9936749968897108,0.6511261728919128,0.4477664392690082,,
2024-07-15 14:46:53,hf_ctgan_syn_300000,500,0.01,8,9.0,4,0.9994608801132152,0.9896570132123316,0.4285714285714285,0.9945347862531432,0.6512593338664269,0.4479365321132368,0.0681818181818181,0.375,0.9972652081109924,0.1153846153846153,0.6115345068282101,0.3507033239566082,0.0089285714285714,0.2,0.9925975325108368,0.017094017094017,0.4455552788399745,0.1827848994012787,0.0,0.0,0.9996666444429628,0.0,0.0,0.0,0.9985673897852828,0.989,0.4291008136362209,0.99367379025321,0.65112616198474,0.4477664280891751,,
2024-07-15 14:47:36,hf_ctgan_syn_300000,500,0.01,10,1.0,4,0.9994600431965442,0.9881222474309356,0.4285714285714285,0.9937588081336824,0.6507541495716233,0.4471768751568269,0.073170731707317,0.375,0.9974653148345785,0.1224489795918367,0.611595857624107,0.3507662095166515,0.0083333333333333,0.2,0.9920640213404468,0.016,0.4454355220097398,0.1826972399046875,0.0,0.0,0.9984665644376292,0.0,0.0,0.0,0.9985690159909156,0.9874666666666668,0.4291006625174163,0.99290193936854,0.6506214419967591,0.4470074844650577,,
2024-07-15 14:48:18,hf_ctgan_syn_300000,500,0.01,10,3.0,4,0.9994601525069168,0.9883224342719872,0.4285714285714285,0.9938600905888274,0.6508200654137343,0.4472759493968589,0.0769230769230769,0.375,0.9975987193169692,0.1276595744680851,0.6116367547359,0.3508081315549012,0.0084033613445378,0.2,0.9921307102367456,0.0161290322580645,0.4454504933742347,0.1827081979643987,0.0,0.0,0.9984665644376292,0.0,0.0,0.0,0.9985711497927175,0.9876666666666668,0.4291007558961057,0.99300594928808,0.6506873231196654,0.4471064922469058,,
2024-07-15 14:49:01,hf_ctgan_syn_300000,500,0.01,10,5.0,4,0.999460225355914,0.9884558921660216,0.4285714285714285,0.9939276008991176,0.6508640055998164,0.4473420007985358,0.0789473684210526,0.375,0.9976654215581644,0.1304347826086956,0.6116572022663607,0.3508290920734922,0.0084745762711864,0.2,0.9921973991330444,0.016260162601626,0.4454654642355666,0.1827191558462135,0.0,0.0,0.9984665644376292,0.0,0.0,0.0,0.9985723259341632,0.9878,0.4291008137002664,0.9930749204098704,0.6507312381905438,0.4471724968321785,,
2024-07-15 14:49:42,hf_ctgan_syn_300000,500,0.01,10,7.0,4,0.99946026177304,0.9885226211130388,0.4285714285714285,0.9939613526570048,0.6508859745804852,0.4473750270718711,0.081081081081081,0.375,0.9977321237993596,0.1333333333333333,0.6116776491132889,0.350850052258394,0.0084033613445378,0.2,0.9921307102367456,0.0161290322580645,0.4454504933742347,0.1827081979643987,0.0,0.0,0.9985332355490366,0.0,0.0,0.0,0.9985734765590768,0.9878666666666668,0.4291008314899037,0.993110142849722,0.6507531925815286,0.44720549980713,,
2024-07-15 14:50:21,hf_ctgan_syn_300000,500,0.01,10,9.0,4,0.9994602981852526,0.988589350060056,0.4285714285714285,0.9939951021503574,0.6509079428196727,0.4474080537268708,0.073170731707317,0.375,0.9974653148345785,0.1224489795918367,0.611595857624107,0.3507662095166515,0.0086206896551724,0.2,0.992330776925642,0.0165289256198347,0.4454954044489442,0.182741071076154,0.0,0.0,0.9986665777718514,0.0,0.0,0.0,0.9985693665270752,0.9879333333333332,0.429100764770167,0.9931381891526726,0.6507751116652568,0.4472384618788266,,
2024-07-15 14:50:46,hf_ctgan_syn_300000,1500,0.01,2,1.0,4,0.9994613882717296,0.9905912184705724,0.4285714285714285,0.9950065350715506,0.651566645578367,0.4483990308508496,0.0508474576271186,0.375,0.996264674493063,0.0895522388059701,0.6112276604792183,0.3503888511083534,0.0113636363636363,0.2,0.9941980660220072,0.021505376344086,0.4459143563560176,0.1830478095788515,0.0,0.0,1.0,0.0,0.0,0.0,0.9985594641655317,0.9899333333333332,0.4291008357531655,0.9941327919582952,0.6514331429135348,0.4482284150791729,,
2024-07-15 14:51:09,hf_ctgan_syn_300000,1500,0.01,2,3.0,4,0.9994613882717296,0.9905912184705724,0.4285714285714285,0.9950065350715506,0.651566645578367,0.4483990308508496,0.0508474576271186,0.375,0.996264674493063,0.0895522388059701,0.6112276604792183,0.3503888511083534,0.0113636363636363,0.2,0.9941980660220072,0.021505376344086,0.4459143563560176,0.1830478095788515,0.0,0.0,1.0,0.0,0.0,0.0,0.9985594641655317,0.9899333333333332,0.4291008357531655,0.9941327919582952,0.6514331429135348,0.4482284150791729,,
2024-07-15 14:51:34,hf_ctgan_syn_300000,1500,0.01,2,5.0,4,0.9994613882717296,0.9905912184705724,0.4285714285714285,0.9950065350715506,0.651566645578367,0.4483990308508496,0.0508474576271186,0.375,0.996264674493063,0.0895522388059701,0.6112276604792183,0.3503888511083534,0.0113636363636363,0.2,0.9941980660220072,0.021505376344086,0.4459143563560176,0.1830478095788515,0.0,0.0,1.0,0.0,0.0,0.0,0.9985594641655317,0.9899333333333332,0.4291008357531655,0.9941327919582952,0.6514331429135348,0.4482284150791729,,
2024-07-15 14:51:58,hf_ctgan_syn_300000,1500,0.01,2,7.0,4,0.9994613882717296,0.9905912184705724,0.4285714285714285,0.9950065350715506,0.651566645578367,0.4483990308508496,0.0508474576271186,0.375,0.996264674493063,0.0895522388059701,0.6112276604792183,0.3503888511083534,0.0113636363636363,0.2,0.9941980660220072,0.021505376344086,0.4459143563560176,0.1830478095788515,0.0,0.0,1.0,0.0,0.0,0.0,0.9985594641655317,0.9899333333333332,0.4291008357531655,0.9941327919582952,0.6514331429135348,0.4482284150791729,,
2024-07-15 14:52:24,hf_ctgan_syn_300000,1500,0.01,2,9.0,4,0.9994613882717296,0.9905912184705724,0.4285714285714285,0.9950065350715506,0.651566645578367,0.4483990308508496,0.0508474576271186,0.375,0.996264674493063,0.0895522388059701,0.6112276604792183,0.3503888511083534,0.0113636363636363,0.2,0.9941980660220072,0.021505376344086,0.4459143563560176,0.1830478095788515,0.0,0.0,1.0,0.0,0.0,0.0,0.9985594641655317,0.9899333333333332,0.4291008357531655,0.9941327919582952,0.6514331429135348,0.4482284150791729,,
2024-07-15 14:52:53,hf_ctgan_syn_300000,1500,0.01,4,1.0,4,0.999460370994941,0.9887228079540904,0.4285714285714285,0.9940625943443696,0.6509518770739038,0.4474741081818637,0.0625,0.375,0.9969983991462114,0.1071428571428571,0.6114526961914791,0.3506194718715688,0.0091743119266055,0.2,0.9927975991997332,0.0175438596491228,0.4456001793535845,0.1828177687772105,0.0,0.0,0.9987999199946664,0.0,0.0,0.0,0.9985639327526546,0.9880666666666666,0.4291006802453728,0.9931977934000076,0.6508189634863881,0.4473044019888179,,
2024-07-15 14:53:25,hf_ctgan_syn_300000,1500,0.01,4,3.0,4,0.9994602981852526,0.988589350060056,0.4285714285714285,0.9939951021503574,0.6509079428196727,0.4474080537268708,0.0625,0.375,0.9969983991462114,0.1071428571428571,0.6114526961914791,0.3506194718715688,0.0091743119266055,0.2,0.9927975991997332,0.0175438596491228,0.4456001793535845,0.1828177687772105,0.0,0.0,0.9986665777718514,0.0,0.0,0.0,0.998563860010922,0.9879333333333332,0.4291006713558912,0.9931303641987096,0.650775070237461,0.4472384091846496,,
2024-07-15 14:53:57,hf_ctgan_syn_300000,1500,0.01,4,5.0,4,0.999460370994941,0.9887228079540904,0.4285714285714285,0.9940625943443696,0.6509518770739038,0.4474741081818637,0.0625,0.375,0.9969983991462114,0.1071428571428571,0.6114526961914791,0.3506194718715688,0.0091743119266055,0.2,0.9927975991997332,0.0175438596491228,0.4456001793535845,0.1828177687772105,0.0,0.0,0.9987999199946664,0.0,0.0,0.0,0.9985639327526546,0.9880666666666666,0.4291006802453728,0.9931977934000076,0.6508189634863881,0.4473044019888179,,
2024-07-15 14:54:28,hf_ctgan_syn_300000,1500,0.01,4,7.0,4,0.9994604073924188,0.9887895369011076,0.4285714285714285,0.9940963370454852,0.6509738430890976,0.4475071359818569,0.0612244897959183,0.375,0.996931696905016,0.1052631578947368,0.6114322418219218,0.350598508016086,0.0092592592592592,0.2,0.992864288096032,0.0176991150442477,0.4456151451860746,0.1828287248800617,0.0,0.0,0.9988665911060738,0.0,0.0,0.0,0.99856331715983,0.9881333333333332,0.429100671345217,0.993230553853468,0.6508409030795814,0.4473373914341758,,
2024-07-15 14:54:59,hf_ctgan_syn_300000,1500,0.01,4,9.0,4,0.9994605165553982,0.9889897237421592,0.4285714285714285,0.9941975515680026,0.651039736687892,0.4476062216718234,0.0588235294117647,0.375,0.9967982924226254,0.1016949152542372,0.611391331029877,0.350556579304053,0.0097087378640776,0.2,0.993197732577526,0.0185185185185185,0.4456899668104558,0.1828835027258725,0.0,0.0,0.9988665911060738,0.0,0.0,0.0,0.9985622955349208,0.9883333333333332,0.4291007113443202,0.9933300439808476,0.650906738299136,0.4474363805414671,,
2024-07-15 14:55:54,hf_ctgan_syn_300000,1500,0.01,8,1.0,4,0.9994596785087126,0.9874549579607632,0.4285714285714285,0.9934210526315788,0.6505343818609315,0.446846652498246,0.0714285714285714,0.375,0.9973986125933832,0.12,0.6115754080426375,0.3507452479969928,0.0084033613445378,0.2,0.9921307102367456,0.0161290322580645,0.4454504933742347,0.1827081979643987,0.0,0.0,0.9977998533235548,0.0,0.0,0.0,0.9985677458339812,0.9868,0.4291006047251122,0.9925632359932088,0.6504018734866087,0.4466775624875009,,
2024-07-15 14:56:53,hf_ctgan_syn_300000,1500,0.01,8,3.0,4,0.9994596055120236,0.9873215000667288,0.4285714285714285,0.9933534743202416,0.6504904194089901,0.4467806125465037,0.073170731707317,0.375,0.9974653148345785,0.1224489795918367,0.611595857624107,0.3507662095166515,0.0081967213114754,0.2,0.9919306435478492,0.0157480314960629,0.4454055777710579,0.1826753232515763,0.0,0.0,0.9977998533235548,0.0,0.0,0.0,0.9985685331775602,0.9866666666666668,0.4291005736107445,0.9924968998771572,0.6503579480008649,0.4466115843942864,,
2024-07-15 14:57:55,hf_ctgan_syn_300000,1500,0.01,8,5.0,4,0.9994596420128335,0.987388229013746,0.4285714285714285,0.9933872646101172,0.6505124010063406,0.4468136323315426,0.073170731707317,0.375,0.9974653148345785,0.1224489795918367,0.611595857624107,0.3507662095166515,0.0082644628099173,0.2,0.991997332444148,0.0158730158730158,0.4454205501420311,0.1826862816670801,0.0,0.0,0.9977998533235548,0.0,0.0,0.0,0.998568592224802,0.9867333333333334,0.4291005958403766,0.9925307002908876,0.6503799140728481,0.4466445770136644,,
2024-07-15 14:58:45,hf_ctgan_syn_300000,1500,0.01,8,7.0,4,0.9994596785087126,0.9874549579607632,0.4285714285714285,0.9934210526315788,0.6505343818609315,0.446846652498246,0.075,0.375,0.9975320170757738,0.1249999999999999,0.6116163065218382,0.3507871707026208,0.0081967213114754,0.2,0.9919306435478492,0.0157480314960629,0.4454055777710579,0.1826753232515763,0.0,0.0,0.9978665244349624,0.0,0.0,0.0,0.9985695817158752,0.9868,0.4291006136300139,0.9925657756596216,0.6504018803272633,0.4466775738880396,,
2024-07-15 15:00:19,hf_ctgan_syn_300000,1500,0.01,8,9.0,4,0.9994596785087126,0.9874549579607632,0.4285714285714285,0.9934210526315788,0.6505343818609315,0.446846652498246,0.073170731707317,0.375,0.9974653148345785,0.1224489795918367,0.611595857624107,0.3507662095166515,0.0083333333333333,0.2,0.9920640213404468,0.016,0.4454355220097398,0.1826972399046875,0.0,0.0,0.9977998533235548,0.0,0.0,0.0,0.9985686516434594,0.9868,0.4291006180700087,0.9925644991049052,0.6504018794025972,0.4466775700142915,,
2024-07-15 15:02:30,hf_ctgan_syn_300000,1500,0.01,10,1.0,4,0.9994591305523628,0.9864540237555052,0.4285714285714285,0.992913994022232,0.6502045910180354,0.4463513900724662,0.0625,0.375,0.9969983991462114,0.1071428571428571,0.6114526961914791,0.3506194718715688,0.0083333333333333,0.2,0.9920640213404468,0.016,0.4454355220097398,0.1826972399046875,0.0,0.0,0.9972664844322956,0.0,0.0,0.0,0.9985624131416252,0.9858,0.4291003334903822,0.992049750484954,0.6500723200117239,0.446182691573365,,
2024-07-15 15:04:02,hf_ctgan_syn_300000,1500,0.01,10,3.0,4,0.9994592767826967,0.986720939543574,0.4285714285714285,0.993049259595044,0.6502925515962271,0.4464834516560555,0.0625,0.375,0.9969983991462114,0.1071428571428571,0.6114526961914791,0.3506194718715688,0.0084745762711864,0.2,0.9921973991330444,0.016260162601626,0.4454654642355666,0.1827191558462135,0.0,0.0,0.9973998266551104,0.0,0.0,0.0,0.9985626063164568,0.9860666666666666,0.4291003868391279,0.9921849765307652,0.6501602084741179,0.4463146372047902,,
2024-07-15 15:05:49,hf_ctgan_syn_300000,1500,0.01,10,5.0,4,0.9994592402325267,0.9866542105965568,0.4285714285714285,0.9930154466084622,0.6502705625671374,0.4464504356876614,0.0625,0.375,0.9969983991462114,0.1071428571428571,0.6114526961914791,0.3506194718715688,0.0085470085470085,0.2,0.9922640880293432,0.0163934426229508,0.4454804345937862,0.1827301135501319,0.0,0.0,0.9972664844322956,0.0,0.0,0.0,0.998562593944492,0.986,0.4291004001792785,0.9921512395296448,0.6501382449582415,0.4462816557038678,,
2024-07-15 15:07:41,hf_ctgan_syn_300000,1500,0.01,10,7.0,4,0.999459203677415,0.9865874816495396,0.4285714285714285,0.992981631350952,0.6502485727944592,0.4464174201009319,0.0638297872340425,0.375,0.9970651013874068,0.1090909090909091,0.611473149876818,0.3506404353933624,0.0084033613445378,0.2,0.9921307102367456,0.0161290322580645,0.4454504933742347,0.1827081979643987,0.0,0.0,0.9972664844322956,0.0,0.0,0.0,0.998563218760956,0.9859333333333332,0.4291003912945429,0.992118406657292,0.650116276637577,0.4462486748070356,,
2024-07-15 15:09:35,hf_ctgan_syn_300000,1500,0.01,10,9.0,4,0.9994592767826967,0.986720939543574,0.4285714285714285,0.993049259595044,0.6502925515962271,0.4464834516560555,0.0652173913043478,0.375,0.997131803628602,0.111111111111111,0.611493602878007,0.3506613985814669,0.0083333333333333,0.2,0.9920640213404468,0.016,0.4454355220097398,0.1826972399046875,0.0,0.0,0.9973998266551104,0.0,0.0,0.0,0.9985640085108396,0.9860666666666666,0.4291004135289209,0.9921870062120144,0.6501602203102754,0.4463146522603882,,
2024-07-15 15:09:54,hf_ctgan_syn_300000,1000,0.01,2,1.0,4,0.999461315736314,0.990457760576538,0.4285714285714285,0.994939169487549,0.6515227527799354,0.4483329550226454,0.0476190476190476,0.375,0.9959978655282816,0.0845070422535211,0.6111458087667014,0.3503049790019635,0.0116279069767441,0.2,0.9943314438146048,0.0219780219780219,0.4459442664312671,0.1830697141350107,0.0,0.0,1.0,0.0,0.0,0.0,0.9985577579693492,0.9898,0.4291007379143151,0.9940629560258886,0.6513892573974934,0.4481623634914703,,
2024-07-15 15:10:13,hf_ctgan_syn_300000,1000,0.01,2,3.0,4,0.999461315736314,0.990457760576538,0.4285714285714285,0.994939169487549,0.6515227527799354,0.4483329550226454,0.0476190476190476,0.375,0.9959978655282816,0.0845070422535211,0.6111458087667014,0.3503049790019635,0.0116279069767441,0.2,0.9943314438146048,0.0219780219780219,0.4459442664312671,0.1830697141350107,0.0,0.0,1.0,0.0,0.0,0.0,0.9985577579693492,0.9898,0.4291007379143151,0.9940629560258886,0.6513892573974934,0.4481623634914703,,
2024-07-15 15:10:33,hf_ctgan_syn_300000,1000,0.01,2,5.0,4,0.999461315736314,0.990457760576538,0.4285714285714285,0.994939169487549,0.6515227527799354,0.4483329550226454,0.0476190476190476,0.375,0.9959978655282816,0.0845070422535211,0.6111458087667014,0.3503049790019635,0.0116279069767441,0.2,0.9943314438146048,0.0219780219780219,0.4459442664312671,0.1830697141350107,0.0,0.0,1.0,0.0,0.0,0.0,0.9985577579693492,0.9898,0.4291007379143151,0.9940629560258886,0.6513892573974934,0.4481623634914703,,
2024-07-15 15:10:51,hf_ctgan_syn_300000,1000,0.01,2,7.0,4,0.999461315736314,0.990457760576538,0.4285714285714285,0.994939169487549,0.6515227527799354,0.4483329550226454,0.0476190476190476,0.375,0.9959978655282816,0.0845070422535211,0.6111458087667014,0.3503049790019635,0.0116279069767441,0.2,0.9943314438146048,0.0219780219780219,0.4459442664312671,0.1830697141350107,0.0,0.0,1.0,0.0,0.0,0.0,0.9985577579693492,0.9898,0.4291007379143151,0.9940629560258886,0.6513892573974934,0.4481623634914703,,
2024-07-15 15:11:10,hf_ctgan_syn_300000,1000,0.01,2,9.0,4,0.999461315736314,0.990457760576538,0.4285714285714285,0.994939169487549,0.6515227527799354,0.4483329550226454,0.0476190476190476,0.375,0.9959978655282816,0.0845070422535211,0.6111458087667014,0.3503049790019635,0.0116279069767441,0.2,0.9943314438146048,0.0219780219780219,0.4459442664312671,0.1830697141350107,0.0,0.0,1.0,0.0,0.0,0.0,0.9985577579693492,0.9898,0.4291007379143151,0.9940629560258886,0.6513892573974934,0.4481623634914703,,
2024-07-15 15:11:32,hf_ctgan_syn_300000,1000,0.01,4,1.0,4,0.9994611343122728,0.990124115841452,0.4285714285714285,0.994770716009654,0.6514130078446344,0.4481677721312633,0.0555555555555555,0.375,0.9965981856990396,0.096774193548387,0.6113299597084538,0.3504936837333343,0.010204081632653,0.2,0.9935311770590196,0.0194174757281553,0.4457647758760263,0.1829382761242744,0.0,0.0,0.9998666577771852,0.0,0.0,0.0,0.998561334910422,0.9894666666666668,0.4291007824400062,0.9939003487365136,0.6512796532744494,0.44799739160064,,
2024-07-15 15:11:53,hf_ctgan_syn_300000,1000,0.01,4,3.0,4,0.9994611343122728,0.990124115841452,0.4285714285714285,0.994770716009654,0.6514130078446344,0.4481677721312633,0.0555555555555555,0.375,0.9965981856990396,0.096774193548387,0.6113299597084538,0.3504936837333343,0.010204081632653,0.2,0.9935311770590196,0.0194174757281553,0.4457647758760263,0.1829382761242744,0.0,0.0,0.9998666577771852,0.0,0.0,0.0,0.998561334910422,0.9894666666666668,0.4291007824400062,0.9939003487365136,0.6512796532744494,0.44799739160064,,
2024-07-15 15:12:16,hf_ctgan_syn_300000,1000,0.01,4,5.0,4,0.9994611343122728,0.990124115841452,0.4285714285714285,0.994770716009654,0.6514130078446344,0.4481677721312633,0.0545454545454545,0.375,0.996531483457844,0.0952380952380952,0.6113095012321431,0.3504727178757165,0.0103092783505154,0.2,0.9935978659553184,0.0196078431372549,0.4457797361826395,0.1829492302702657,0.0,0.0,0.9998666577771852,0.0,0.0,0.0,0.9985608312554556,0.9894666666666668,0.4291007690951096,0.9938995929398844,0.6512796473500307,0.4479973840702312,,
2024-07-15 15:12:41,hf_ctgan_syn_300000,1000,0.01,4,7.0,4,0.9994611343122728,0.990124115841452,0.4285714285714285,0.994770716009654,0.6514130078446344,0.4481677721312633,0.0555555555555555,0.375,0.9965981856990396,0.096774193548387,0.6113299597084538,0.3504936837333343,0.010204081632653,0.2,0.9935311770590196,0.0194174757281553,0.4457647758760263,0.1829382761242744,0.0,0.0,0.9998666577771852,0.0,0.0,0.0,0.998561334910422,0.9894666666666668,0.4291007824400062,0.9939003487365136,0.6512796532744494,0.44799739160064,,
2024-07-15 15:13:04,hf_ctgan_syn_300000,1000,0.01,4,9.0,4,0.9994611343122728,0.990124115841452,0.4285714285714285,0.994770716009654,0.6514130078446344,0.4481677721312633,0.0535714285714285,0.375,0.9964647812166488,0.09375,0.6112890420711329,0.3504517516844095,0.0103092783505154,0.2,0.9935978659553184,0.0196078431372549,0.4457797361826395,0.1829492302702657,0.0,0.0,0.9999333288885924,0.0,0.0,0.0,0.9985603117749362,0.9894666666666668,0.4291007379653218,0.9938987992890908,0.6512796364384782,0.4479973728882625,,
2024-07-15 15:13:45,hf_ctgan_syn_300000,1000,0.01,8,1.0,4,0.9994598609141854,0.9877886026958494,0.4285714285714285,0.9935899587206763,0.6506442749951278,0.4470117590567304,0.073170731707317,0.375,0.9974653148345785,0.1224489795918367,0.611595857624107,0.3507662095166515,0.0084033613445378,0.2,0.9921307102367456,0.0161290322580645,0.4454504933742347,0.1827081979643987,0.0,0.0,0.9980665377691846,0.0,0.0,0.0,0.9985688572213576,0.9871333333333332,0.4291006580786038,0.992733290559072,0.6505116749603232,0.4468425261260078,,
2024-07-15 15:14:30,hf_ctgan_syn_300000,1000,0.01,8,3.0,4,0.9994597879667768,0.987655144801815,0.4285714285714285,0.9935224030877664,0.6506003199688999,0.4469457152883431,0.075,0.375,0.9975320170757738,0.1249999999999999,0.6116163065218382,0.3507871707026208,0.0081967213114754,0.2,0.9919306435478492,0.0157480314960629,0.4454055777710579,0.1826753232515763,0.0,0.0,0.9980665377691846,0.0,0.0,0.0,0.9985696910717784,0.987,0.4291006269642362,0.9926670315220498,0.6504677568929977,0.4467765442195326,,
2024-07-15 15:15:12,hf_ctgan_syn_300000,1000,0.01,8,5.0,4,0.9994597879667768,0.987655144801815,0.4285714285714285,0.9935224030877664,0.6506003199688999,0.4469457152883431,0.075,0.375,0.9975320170757738,0.1249999999999999,0.6116163065218382,0.3507871707026208,0.0081967213114754,0.2,0.9919306435478492,0.0157480314960629,0.4454055777710579,0.1826753232515763,0.0,0.0,0.9980665377691846,0.0,0.0,0.0,0.9985696910717784,0.987,0.4291006269642362,0.9926670315220498,0.6504677568929977,0.4467765442195326,,
2024-07-15 15:15:53,hf_ctgan_syn_300000,1000,0.01,8,7.0,4,0.999459824442944,0.9877218737488322,0.4285714285714285,0.9935561820378574,0.6506222978532055,0.4469787369817045,0.075,0.375,0.9975320170757738,0.1249999999999999,0.6116163065218382,0.3507871707026208,0.0082644628099173,0.2,0.991997332444148,0.0158730158730158,0.4454205501420311,0.1826862816670801,0.0,0.0,0.9980665377691846,0.0,0.0,0.0,0.9985697500944004,0.9870666666666666,0.4291006491938683,0.9927008206065798,0.6504897192554014,0.446809538745452,,
2024-07-15 15:16:35,hf_ctgan_syn_300000,1000,0.01,8,9.0,4,0.999459824442944,0.9877218737488322,0.4285714285714285,0.9935561820378574,0.6506222978532055,0.4469787369817045,0.073170731707317,0.375,0.9974653148345785,0.1224489795918367,0.611595857624107,0.3507662095166515,0.0083333333333333,0.2,0.9920640213404468,0.016,0.4454355220097398,0.1826972399046875,0.0,0.0,0.9980665377691846,0.0,0.0,0.0,0.9985687974414856,0.9870666666666666,0.4291006358489717,0.9926995023904044,0.6504897133399451,0.4468095312188987,,
2024-07-15 15:17:52,hf_ctgan_syn_300000,1000,0.01,10,1.0,4,0.9994594959800014,0.9871213132256772,0.4285714285714285,0.9932520898378489,0.6504244701596282,0.4466815554813739,0.0652173913043478,0.375,0.997131803628602,0.111111111111111,0.611493602878007,0.3506613985814669,0.0083333333333333,0.2,0.9920640213404468,0.016,0.4454355220097398,0.1826972399046875,0.0,0.0,0.9977998533235548,0.0,0.0,0.0,0.99856422750356,0.9864666666666668,0.4291004401973655,0.9923896471465928,0.6502920157496841,0.446512571188803,,
2024-07-15 15:19:07,hf_ctgan_syn_300000,1000,0.01,10,3.0,4,0.999459386403568,0.9869211263846256,0.4285714285714285,0.9931506849315068,0.6503585142227188,0.4465825018512245,0.0638297872340425,0.375,0.9970651013874068,0.1090909090909091,0.611473149876818,0.3506404353933624,0.0083333333333333,0.2,0.9920640213404468,0.016,0.4454355220097398,0.1826972399046875,0.0,0.0,0.99766651110074,0.0,0.0,0.0,0.9985633779738938,0.9862666666666666,0.4291003957333554,0.9922872594437526,0.6502261104633819,0.4464135988283414,,
2024-07-15 15:20:25,hf_ctgan_syn_300000,1000,0.01,10,5.0,4,0.999459422933982,0.9869878553316428,0.4285714285714285,0.9931844888366628,0.6503805002782084,0.4466155193462764,0.0666666666666666,0.375,0.9971985058697972,0.1132075471698113,0.6115140551951148,0.3506823614358821,0.0082644628099173,0.2,0.991997332444148,0.0158730158730158,0.4454205501420311,0.1826862816670801,0.0,0.0,0.99766651110074,0.0,0.0,0.0,0.9985649045157358,0.9863333333333332,0.4291004446527806,0.9923231850108636,0.6502480928241001,0.4464466042148748,,
2024-07-15 15:21:39,hf_ctgan_syn_300000,1000,0.01,10,7.0,4,0.9994593498682164,0.9868543974376084,0.4285714285714285,0.9931168787563376,0.6503365274239423,0.4465494847378369,0.0652173913043478,0.375,0.997131803628602,0.111111111111111,0.611493602878007,0.3506613985814669,0.0082644628099173,0.2,0.991997332444148,0.0158730158730158,0.4454205501420311,0.1826862816670801,0.0,0.0,0.9975998399893328,0.0,0.0,0.0,0.9985640585713051,0.9862,0.4291004046335112,0.9922545199340486,0.6502041501032623,0.4463806200585474,,
2024-07-15 15:22:54,hf_ctgan_syn_300000,1000,0.01,10,9.0,4,0.9994595324956088,0.9871880421726944,0.4285714285714285,0.993285886934336,0.6504464539857092,0.4467145741214193,0.0652173913043478,0.375,0.997131803628602,0.111111111111111,0.611493602878007,0.3506613985814669,0.0083333333333333,0.2,0.9920640213404468,0.016,0.4454355220097398,0.1826972399046875,0.0,0.0,0.9978665244349624,0.0,0.0,0.0,0.998564263985086,0.9865333333333334,0.4291004446421063,0.9924234126991232,0.6503139790575273,0.446545559011451,,
2024-07-15 15:23:02,hf_ctgan_syn_300000,100,0.001,2,1.0,4,0.9992630309527,0.9952622447617776,0.2142857142857142,0.9972586253008826,0.4618121707148707,0.2299264050524067,0.0,0.0,1.0,0.0,0.0,0.0,0.027027027027027,0.4,0.9951983994664888,0.050632911392405,0.6309353055477206,0.3743857400060329,0.0,0.0,1.0,0.0,0.0,0.0,0.998339394466153,0.9944666666666668,0.2150174470855364,0.996344728221066,0.4615914577907194,0.2298366023210265,,
2024-07-15 15:23:09,hf_ctgan_syn_300000,100,0.001,2,3.0,4,0.9992630309527,0.9952622447617776,0.2142857142857142,0.9972586253008826,0.4618121707148707,0.2299264050524067,0.0,0.0,1.0,0.0,0.0,0.0,0.027027027027027,0.4,0.9951983994664888,0.050632911392405,0.6309353055477206,0.3743857400060329,0.0,0.0,1.0,0.0,0.0,0.0,0.998339394466153,0.9944666666666668,0.2150174470855364,0.996344728221066,0.4615914577907194,0.2298366023210265,,
2024-07-15 15:23:16,hf_ctgan_syn_300000,100,0.001,2,5.0,4,0.9992630309527,0.9952622447617776,0.2142857142857142,0.9972586253008826,0.4618121707148707,0.2299264050524067,0.0,0.0,1.0,0.0,0.0,0.0,0.027027027027027,0.4,0.9951983994664888,0.050632911392405,0.6309353055477206,0.3743857400060329,0.0,0.0,1.0,0.0,0.0,0.0,0.998339394466153,0.9944666666666668,0.2150174470855364,0.996344728221066,0.4615914577907194,0.2298366023210265,,
2024-07-15 15:23:24,hf_ctgan_syn_300000,100,0.001,2,7.0,4,0.9992630309527,0.9952622447617776,0.2142857142857142,0.9972586253008826,0.4618121707148707,0.2299264050524067,0.0,0.0,1.0,0.0,0.0,0.0,0.027027027027027,0.4,0.9951983994664888,0.050632911392405,0.6309353055477206,0.3743857400060329,0.0,0.0,1.0,0.0,0.0,0.0,0.998339394466153,0.9944666666666668,0.2150174470855364,0.996344728221066,0.4615914577907194,0.2298366023210265,,
2024-07-15 15:23:31,hf_ctgan_syn_300000,100,0.001,2,9.0,4,0.9992630309527,0.9952622447617776,0.2142857142857142,0.9972586253008826,0.4618121707148707,0.2299264050524067,0.0,0.0,1.0,0.0,0.0,0.0,0.027027027027027,0.4,0.9951983994664888,0.050632911392405,0.6309353055477206,0.3743857400060329,0.0,0.0,1.0,0.0,0.0,0.0,0.998339394466153,0.9944666666666668,0.2150174470855364,0.996344728221066,0.4615914577907194,0.2298366023210265,,
2024-07-15 15:23:41,hf_ctgan_syn_300000,100,0.001,4,3.0,4,0.999327414581652,0.9914586947817964,0.2857142857142857,0.99537750385208,0.5322348286187206,0.3032658108137596,0.0222222222222222,0.125,0.9970651013874068,0.0377358490566037,0.3530341876836092,0.1137643166892851,0.0114942528735632,0.2,0.994264754918306,0.0217391304347826,0.4459293116444143,0.1830587619458792,0.0,0.0,1.0,0.0,0.0,0.0,0.9984103922641852,0.9906666666666668,0.2863774753533317,0.99447585701146,0.5320750041159892,0.3031044566132163,,
2024-07-15 15:23:51,hf_ctgan_syn_300000,100,0.001,4,7.0,4,0.999327414581652,0.9914586947817964,0.2857142857142857,0.99537750385208,0.5322348286187206,0.3032658108137596,0.0222222222222222,0.125,0.9970651013874068,0.0377358490566037,0.3530341876836092,0.1137643166892851,0.0114942528735632,0.2,0.994264754918306,0.0217391304347826,0.4459293116444143,0.1830587619458792,0.0,0.0,1.0,0.0,0.0,0.0,0.9984103922641852,0.9906666666666668,0.2863774753533317,0.99447585701146,0.5320750041159892,0.3031044566132163,,
2024-07-15 15:24:05,hf_ctgan_syn_300000,100,0.001,8,3.0,4,0.9994610617084344,0.9899906579474176,0.4285714285714285,0.9947033188065704,0.6513691046932555,0.4481017016463618,0.0422535211267605,0.375,0.9954642475987192,0.0759493670886076,0.6109820724452721,0.3501372187721036,0.0117647058823529,0.2,0.9943981327109036,0.0222222222222222,0.4459592207166264,0.1830806661462456,0.0,0.0,1.0,0.0,0.0,0.0,0.9985546881640684,0.9893333333333332,0.4291004755477182,0.9938228427788725,0.6512356703744181,0.4479312401302192,,
2024-07-15 15:24:16,hf_ctgan_syn_300000,100,0.001,8,7.0,4,0.9994610617084344,0.9899906579474176,0.4285714285714285,0.9947033188065704,0.6513691046932555,0.4481017016463618,0.0422535211267605,0.375,0.9954642475987192,0.0759493670886076,0.6109820724452721,0.3501372187721036,0.0117647058823529,0.2,0.9943981327109036,0.0222222222222222,0.4459592207166264,0.1830806661462456,0.0,0.0,1.0,0.0,0.0,0.0,0.9985546881640684,0.9893333333333332,0.4291004755477182,0.9938228427788725,0.6512356703744181,0.4479312401302192,,
2024-07-15 15:24:33,hf_ctgan_syn_300000,100,0.001,10,3.0,4,0.9994612794612796,0.9903910316295208,0.4285714285714285,0.9949054833087544,0.6515008052717929,0.4482999176810399,0.0535714285714285,0.375,0.9964647812166488,0.09375,0.6112890420711329,0.3504517516844095,0.0106382978723404,0.2,0.9937979326442148,0.0202020202020202,0.4458246140903875,0.1829820916408615,0.0,0.0,1.0,0.0,0.0,0.0,0.9985605664616444,0.9897333333333334,0.4291008090989588,0.9940336388644004,0.651367366880674,0.4481294060559829,,
2024-07-15 15:24:47,hf_ctgan_syn_300000,100,0.001,10,7.0,4,0.9994612794612796,0.9903910316295208,0.4285714285714285,0.9949054833087544,0.6515008052717929,0.4482999176810399,0.0535714285714285,0.375,0.9964647812166488,0.09375,0.6112890420711329,0.3504517516844095,0.0106382978723404,0.2,0.9937979326442148,0.0202020202020202,0.4458246140903875,0.1829820916408615,0.0,0.0,1.0,0.0,0.0,0.0,0.9985605664616444,0.9897333333333334,0.4291008090989588,0.9940336388644004,0.651367366880674,0.4481294060559829,,
2024-07-15 15:25:02,hf_ctgan_syn_300000,500,0.001,2,1.0,4,0.999327414581652,0.9914586947817964,0.2857142857142857,0.99537750385208,0.5322348286187206,0.3032658108137596,0.0,0.0,1.0,0.0,0.0,0.0,0.0151515151515151,0.4,0.9913304434811604,0.0291970802919708,0.6297080096302287,0.3730840225612605,0.0,0.0,1.0,0.0,0.0,0.0,0.9983997594997596,0.9906666666666668,0.2863780625287794,0.994458217208582,0.5319479787818866,0.3031071240645205,,
2024-07-15 15:25:14,hf_ctgan_syn_300000,500,0.001,2,3.0,4,0.999327414581652,0.9914586947817964,0.2857142857142857,0.99537750385208,0.5322348286187206,0.3032658108137596,0.0,0.0,1.0,0.0,0.0,0.0,0.0151515151515151,0.4,0.9913304434811604,0.0291970802919708,0.6297080096302287,0.3730840225612605,0.0,0.0,1.0,0.0,0.0,0.0,0.9983997594997596,0.9906666666666668,0.2863780625287794,0.994458217208582,0.5319479787818866,0.3031071240645205,,
2024-07-15 15:25:28,hf_ctgan_syn_300000,500,0.001,2,5.0,4,0.999327414581652,0.9914586947817964,0.2857142857142857,0.99537750385208,0.5322348286187206,0.3032658108137596,0.0,0.0,1.0,0.0,0.0,0.0,0.0151515151515151,0.4,0.9913304434811604,0.0291970802919708,0.6297080096302287,0.3730840225612605,0.0,0.0,1.0,0.0,0.0,0.0,0.9983997594997596,0.9906666666666668,0.2863780625287794,0.994458217208582,0.5319479787818866,0.3031071240645205,,
2024-07-15 15:25:40,hf_ctgan_syn_300000,500,0.001,2,7.0,4,0.999327414581652,0.9914586947817964,0.2857142857142857,0.99537750385208,0.5322348286187206,0.3032658108137596,0.0,0.0,1.0,0.0,0.0,0.0,0.0151515151515151,0.4,0.9913304434811604,0.0291970802919708,0.6297080096302287,0.3730840225612605,0.0,0.0,1.0,0.0,0.0,0.0,0.9983997594997596,0.9906666666666668,0.2863780625287794,0.994458217208582,0.5319479787818866,0.3031071240645205,,
2024-07-15 15:25:54,hf_ctgan_syn_300000,500,0.001,2,9.0,4,0.999327414581652,0.9914586947817964,0.2857142857142857,0.99537750385208,0.5322348286187206,0.3032658108137596,0.0,0.0,1.0,0.0,0.0,0.0,0.0151515151515151,0.4,0.9913304434811604,0.0291970802919708,0.6297080096302287,0.3730840225612605,0.0,0.0,1.0,0.0,0.0,0.0,0.9983997594997596,0.9906666666666668,0.2863780625287794,0.994458217208582,0.5319479787818866,0.3031071240645205,,
2024-07-15 15:26:11,hf_ctgan_syn_300000,500,0.001,4,3.0,4,0.999327414581652,0.9914586947817964,0.2857142857142857,0.99537750385208,0.5322348286187206,0.3032658108137596,0.0222222222222222,0.125,0.9970651013874068,0.0377358490566037,0.3530341876836092,0.1137643166892851,0.0114942528735632,0.2,0.994264754918306,0.0217391304347826,0.4459293116444143,0.1830587619458792,0.0,0.0,1.0,0.0,0.0,0.0,0.9984103922641852,0.9906666666666668,0.2863774753533317,0.99447585701146,0.5320750041159892,0.3031044566132163,,
2024-07-15 15:26:28,hf_ctgan_syn_300000,500,0.001,4,7.0,4,0.999327414581652,0.9914586947817964,0.2857142857142857,0.99537750385208,0.5322348286187206,0.3032658108137596,0.0222222222222222,0.125,0.9970651013874068,0.0377358490566037,0.3530341876836092,0.1137643166892851,0.0114942528735632,0.2,0.994264754918306,0.0217391304347826,0.4459293116444143,0.1830587619458792,0.0,0.0,1.0,0.0,0.0,0.0,0.9984103922641852,0.9906666666666668,0.2863774753533317,0.99447585701146,0.5320750041159892,0.3031044566132163,,
2024-07-15 15:26:55,hf_ctgan_syn_300000,500,0.001,8,3.0,4,0.9994611706068566,0.9901908447884692,0.4285714285714285,0.9948044112224717,0.6514349583107618,0.4482008079462108,0.073170731707317,0.375,0.9974653148345785,0.1224489795918367,0.611595857624107,0.3507662095166515,0.0089285714285714,0.2,0.9925975325108368,0.017094017094017,0.4455552788399745,0.1827848994012787,0.0,0.0,1.0,0.0,0.0,0.0,0.9985703407616768,0.9895333333333334,0.4291009425835106,0.9939469312334775,0.6513016552333513,0.4480304908036703,,
2024-07-15 15:27:22,hf_ctgan_syn_300000,500,0.001,8,7.0,4,0.9994611706068566,0.9901908447884692,0.4285714285714285,0.9948044112224717,0.6514349583107618,0.4482008079462108,0.073170731707317,0.375,0.9974653148345785,0.1224489795918367,0.611595857624107,0.3507662095166515,0.0089285714285714,0.2,0.9925975325108368,0.017094017094017,0.4455552788399745,0.1827848994012787,0.0,0.0,1.0,0.0,0.0,0.0,0.9985703407616768,0.9895333333333334,0.4291009425835106,0.9939469312334775,0.6513016552333513,0.4480304908036703,,
2024-07-15 15:28:05,hf_ctgan_syn_300000,500,0.001,10,3.0,4,0.9994612068965516,0.9902575737354864,0.4285714285714285,0.994838104176443,0.6514569080372808,0.4482338441428227,0.0576923076923076,0.375,0.99673159018143,0.0999999999999999,0.611370874607252,0.3505356144475026,0.01,0.2,0.993397799266422,0.019047619047619,0.4457348537564506,0.1829163672986027,0.0,0.0,1.0,0.0,0.0,0.0,0.9985624790008842,0.9896,0.4291008180192808,0.9939692711522276,0.6513235243408222,0.4480634170050943,,
2024-07-15 15:28:45,hf_ctgan_syn_300000,500,0.001,10,7.0,4,0.9994611343122728,0.990124115841452,0.4285714285714285,0.994770716009654,0.6514130078446344,0.4481677721312633,0.0555555555555555,0.375,0.9965981856990396,0.096774193548387,0.6113299597084538,0.3504936837333343,0.01,0.2,0.993397799266422,0.019047619047619,0.4457348537564506,0.1829163672986027,0.0,0.0,1.0,0.0,0.0,0.0,0.9985612668832108,0.9894666666666668,0.4291007468702235,0.9939002254509534,0.6512796433004094,0.4479973842976981,,
2024-07-15 15:29:13,hf_ctgan_syn_300000,1500,0.001,2,1.0,4,0.999327414581652,0.9914586947817964,0.2857142857142857,0.99537750385208,0.5322348286187206,0.3032658108137596,0.0,0.0,1.0,0.0,0.0,0.0,0.0151515151515151,0.4,0.9913304434811604,0.0291970802919708,0.6297080096302287,0.3730840225612605,0.0,0.0,1.0,0.0,0.0,0.0,0.9983997594997596,0.9906666666666668,0.2863780625287794,0.994458217208582,0.5319479787818866,0.3031071240645205,,
2024-07-15 15:29:40,hf_ctgan_syn_300000,1500,0.001,2,3.0,4,0.999327414581652,0.9914586947817964,0.2857142857142857,0.99537750385208,0.5322348286187206,0.3032658108137596,0.0,0.0,1.0,0.0,0.0,0.0,0.0151515151515151,0.4,0.9913304434811604,0.0291970802919708,0.6297080096302287,0.3730840225612605,0.0,0.0,1.0,0.0,0.0,0.0,0.9983997594997596,0.9906666666666668,0.2863780625287794,0.994458217208582,0.5319479787818866,0.3031071240645205,,
2024-07-15 15:30:06,hf_ctgan_syn_300000,1500,0.001,2,5.0,4,0.999327414581652,0.9914586947817964,0.2857142857142857,0.99537750385208,0.5322348286187206,0.3032658108137596,0.0,0.0,1.0,0.0,0.0,0.0,0.0151515151515151,0.4,0.9913304434811604,0.0291970802919708,0.6297080096302287,0.3730840225612605,0.0,0.0,1.0,0.0,0.0,0.0,0.9983997594997596,0.9906666666666668,0.2863780625287794,0.994458217208582,0.5319479787818866,0.3031071240645205,,
2024-07-15 15:30:30,hf_ctgan_syn_300000,1500,0.001,2,7.0,4,0.999327414581652,0.9914586947817964,0.2857142857142857,0.99537750385208,0.5322348286187206,0.3032658108137596,0.0,0.0,1.0,0.0,0.0,0.0,0.0151515151515151,0.4,0.9913304434811604,0.0291970802919708,0.6297080096302287,0.3730840225612605,0.0,0.0,1.0,0.0,0.0,0.0,0.9983997594997596,0.9906666666666668,0.2863780625287794,0.994458217208582,0.5319479787818866,0.3031071240645205,,
2024-07-15 15:30:58,hf_ctgan_syn_300000,1500,0.001,2,9.0,4,0.999327414581652,0.9914586947817964,0.2857142857142857,0.99537750385208,0.5322348286187206,0.3032658108137596,0.0,0.0,1.0,0.0,0.0,0.0,0.0151515151515151,0.4,0.9913304434811604,0.0291970802919708,0.6297080096302287,0.3730840225612605,0.0,0.0,1.0,0.0,0.0,0.0,0.9983997594997596,0.9906666666666668,0.2863780625287794,0.994458217208582,0.5319479787818866,0.3031071240645205,,
2024-07-15 15:31:28,hf_ctgan_syn_300000,1500,0.001,4,1.0,4,0.999327414581652,0.9914586947817964,0.2857142857142857,0.99537750385208,0.5322348286187206,0.3032658108137596,0.0222222222222222,0.125,0.9970651013874068,0.0377358490566037,0.3530341876836092,0.1137643166892851,0.0114942528735632,0.2,0.994264754918306,0.0217391304347826,0.4459293116444143,0.1830587619458792,0.0,0.0,1.0,0.0,0.0,0.0,0.9984103922641852,0.9906666666666668,0.2863774753533317,0.99447585701146,0.5320750041159892,0.3031044566132163,,
2024-07-15 15:32:00,hf_ctgan_syn_300000,1500,0.001,4,3.0,4,0.999327414581652,0.9914586947817964,0.2857142857142857,0.99537750385208,0.5322348286187206,0.3032658108137596,0.0222222222222222,0.125,0.9970651013874068,0.0377358490566037,0.3530341876836092,0.1137643166892851,0.0114942528735632,0.2,0.994264754918306,0.0217391304347826,0.4459293116444143,0.1830587619458792,0.0,0.0,1.0,0.0,0.0,0.0,0.9984103922641852,0.9906666666666668,0.2863774753533317,0.99447585701146,0.5320750041159892,0.3031044566132163,,
2024-07-15 15:32:30,hf_ctgan_syn_300000,1500,0.001,4,5.0,4,0.999327414581652,0.9914586947817964,0.2857142857142857,0.99537750385208,0.5322348286187206,0.3032658108137596,0.0222222222222222,0.125,0.9970651013874068,0.0377358490566037,0.3530341876836092,0.1137643166892851,0.0114942528735632,0.2,0.994264754918306,0.0217391304347826,0.4459293116444143,0.1830587619458792,0.0,0.0,1.0,0.0,0.0,0.0,0.9984103922641852,0.9906666666666668,0.2863774753533317,0.99447585701146,0.5320750041159892,0.3031044566132163,,
2024-07-15 15:32:58,hf_ctgan_syn_300000,1500,0.001,4,7.0,4,0.999327414581652,0.9914586947817964,0.2857142857142857,0.99537750385208,0.5322348286187206,0.3032658108137596,0.0222222222222222,0.125,0.9970651013874068,0.0377358490566037,0.3530341876836092,0.1137643166892851,0.0114942528735632,0.2,0.994264754918306,0.0217391304347826,0.4459293116444143,0.1830587619458792,0.0,0.0,1.0,0.0,0.0,0.0,0.9984103922641852,0.9906666666666668,0.2863774753533317,0.99447585701146,0.5320750041159892,0.3031044566132163,,
2024-07-15 15:33:27,hf_ctgan_syn_300000,1500,0.001,4,9.0,4,0.999327414581652,0.9914586947817964,0.2857142857142857,0.99537750385208,0.5322348286187206,0.3032658108137596,0.0222222222222222,0.125,0.9970651013874068,0.0377358490566037,0.3530341876836092,0.1137643166892851,0.0114942528735632,0.2,0.994264754918306,0.0217391304347826,0.4459293116444143,0.1830587619458792,0.0,0.0,1.0,0.0,0.0,0.0,0.9984103922641852,0.9906666666666668,0.2863774753533317,0.99447585701146,0.5320750041159892,0.3031044566132163,,
2024-07-15 15:34:27,hf_ctgan_syn_300000,1500,0.001,8,1.0,4,0.9994611706068566,0.9901908447884692,0.4285714285714285,0.9948044112224717,0.6514349583107618,0.4482008079462108,0.073170731707317,0.375,0.9974653148345785,0.1224489795918367,0.611595857624107,0.3507662095166515,0.0089285714285714,0.2,0.9925975325108368,0.017094017094017,0.4455552788399745,0.1827848994012787,0.0,0.0,1.0,0.0,0.0,0.0,0.9985703407616768,0.9895333333333334,0.4291009425835106,0.9939469312334775,0.6513016552333513,0.4480304908036703,,
2024-07-15 15:35:25,hf_ctgan_syn_300000,1500,0.001,8,3.0,4,0.9994611706068566,0.9901908447884692,0.4285714285714285,0.9948044112224717,0.6514349583107618,0.4482008079462108,0.073170731707317,0.375,0.9974653148345785,0.1224489795918367,0.611595857624107,0.3507662095166515,0.0089285714285714,0.2,0.9925975325108368,0.017094017094017,0.4455552788399745,0.1827848994012787,0.0,0.0,1.0,0.0,0.0,0.0,0.9985703407616768,0.9895333333333334,0.4291009425835106,0.9939469312334775,0.6513016552333513,0.4480304908036703,,
2024-07-15 15:36:25,hf_ctgan_syn_300000,1500,0.001,8,5.0,4,0.9994611706068566,0.9901908447884692,0.4285714285714285,0.9948044112224717,0.6514349583107618,0.4482008079462108,0.073170731707317,0.375,0.9974653148345785,0.1224489795918367,0.611595857624107,0.3507662095166515,0.0089285714285714,0.2,0.9925975325108368,0.017094017094017,0.4455552788399745,0.1827848994012787,0.0,0.0,1.0,0.0,0.0,0.0,0.9985703407616768,0.9895333333333334,0.4291009425835106,0.9939469312334775,0.6513016552333513,0.4480304908036703,,
2024-07-15 15:37:23,hf_ctgan_syn_300000,1500,0.001,8,7.0,4,0.9994611706068566,0.9901908447884692,0.4285714285714285,0.9948044112224717,0.6514349583107618,0.4482008079462108,0.073170731707317,0.375,0.9974653148345785,0.1224489795918367,0.611595857624107,0.3507662095166515,0.0089285714285714,0.2,0.9925975325108368,0.017094017094017,0.4455552788399745,0.1827848994012787,0.0,0.0,1.0,0.0,0.0,0.0,0.9985703407616768,0.9895333333333334,0.4291009425835106,0.9939469312334775,0.6513016552333513,0.4480304908036703,,
2024-07-15 15:38:22,hf_ctgan_syn_300000,1500,0.001,8,9.0,4,0.9994611706068566,0.9901908447884692,0.4285714285714285,0.9948044112224717,0.6514349583107618,0.4482008079462108,0.073170731707317,0.375,0.9974653148345785,0.1224489795918367,0.611595857624107,0.3507662095166515,0.0089285714285714,0.2,0.9925975325108368,0.017094017094017,0.4455552788399745,0.1827848994012787,0.0,0.0,1.0,0.0,0.0,0.0,0.9985703407616768,0.9895333333333334,0.4291009425835106,0.9939469312334775,0.6513016552333513,0.4480304908036703,,
2024-07-15 15:40:08,hf_ctgan_syn_300000,1500,0.001,10,1.0,4,0.9994611706068566,0.9901908447884692,0.4285714285714285,0.9948044112224717,0.6514349583107618,0.4482008079462108,0.073170731707317,0.375,0.9974653148345785,0.1224489795918367,0.611595857624107,0.3507662095166515,0.0089285714285714,0.2,0.9925975325108368,0.017094017094017,0.4455552788399745,0.1827848994012787,0.0,0.0,1.0,0.0,0.0,0.0,0.9985703407616768,0.9895333333333334,0.4291009425835106,0.9939469312334775,0.6513016552333513,0.4480304908036703,,
2024-07-15 15:41:59,hf_ctgan_syn_300000,1500,0.001,10,3.0,4,0.9994611706068566,0.9901908447884692,0.4285714285714285,0.9948044112224717,0.6514349583107618,0.4482008079462108,0.073170731707317,0.375,0.9974653148345785,0.1224489795918367,0.611595857624107,0.3507662095166515,0.0089285714285714,0.2,0.9925975325108368,0.017094017094017,0.4455552788399745,0.1827848994012787,0.0,0.0,1.0,0.0,0.0,0.0,0.9985703407616768,0.9895333333333334,0.4291009425835106,0.9939469312334775,0.6513016552333513,0.4480304908036703,,
2024-07-15 15:43:45,hf_ctgan_syn_300000,1500,0.001,10,5.0,4,0.9994611706068566,0.9901908447884692,0.4285714285714285,0.9948044112224717,0.6514349583107618,0.4482008079462108,0.073170731707317,0.375,0.9974653148345785,0.1224489795918367,0.611595857624107,0.3507662095166515,0.0089285714285714,0.2,0.9925975325108368,0.017094017094017,0.4455552788399745,0.1827848994012787,0.0,0.0,1.0,0.0,0.0,0.0,0.9985703407616768,0.9895333333333334,0.4291009425835106,0.9939469312334775,0.6513016552333513,0.4480304908036703,,
2024-07-15 15:45:31,hf_ctgan_syn_300000,1500,0.001,10,7.0,4,0.9994611706068566,0.9901908447884692,0.4285714285714285,0.9948044112224717,0.6514349583107618,0.4482008079462108,0.073170731707317,0.375,0.9974653148345785,0.1224489795918367,0.611595857624107,0.3507662095166515,0.0089285714285714,0.2,0.9925975325108368,0.017094017094017,0.4455552788399745,0.1827848994012787,0.0,0.0,1.0,0.0,0.0,0.0,0.9985703407616768,0.9895333333333334,0.4291009425835106,0.9939469312334775,0.6513016552333513,0.4480304908036703,,
2024-07-15 15:47:19,hf_ctgan_syn_300000,1500,0.001,10,9.0,4,0.9994611343122728,0.990124115841452,0.4285714285714285,0.994770716009654,0.6514130078446344,0.4481677721312633,0.0714285714285714,0.375,0.9973986125933832,0.12,0.6115754080426375,0.3507452479969928,0.0089285714285714,0.2,0.9925975325108368,0.017094017094017,0.4455552788399745,0.1827848994012787,0.0,0.0,1.0,0.0,0.0,0.0,0.9985693753488194,0.9894666666666668,0.429100907008982,0.9939119613470764,0.6512797143478822,0.4479974746426729,,
2024-07-15 15:47:38,hf_ctgan_syn_300000,1000,0.001,2,1.0,4,0.999327414581652,0.9914586947817964,0.2857142857142857,0.99537750385208,0.5322348286187206,0.3032658108137596,0.0,0.0,1.0,0.0,0.0,0.0,0.0151515151515151,0.4,0.9913304434811604,0.0291970802919708,0.6297080096302287,0.3730840225612605,0.0,0.0,1.0,0.0,0.0,0.0,0.9983997594997596,0.9906666666666668,0.2863780625287794,0.994458217208582,0.5319479787818866,0.3031071240645205,,
2024-07-15 15:47:58,hf_ctgan_syn_300000,1000,0.001,2,3.0,4,0.999327414581652,0.9914586947817964,0.2857142857142857,0.99537750385208,0.5322348286187206,0.3032658108137596,0.0,0.0,1.0,0.0,0.0,0.0,0.0151515151515151,0.4,0.9913304434811604,0.0291970802919708,0.6297080096302287,0.3730840225612605,0.0,0.0,1.0,0.0,0.0,0.0,0.9983997594997596,0.9906666666666668,0.2863780625287794,0.994458217208582,0.5319479787818866,0.3031071240645205,,
2024-07-15 15:48:17,hf_ctgan_syn_300000,1000,0.001,2,5.0,4,0.999327414581652,0.9914586947817964,0.2857142857142857,0.99537750385208,0.5322348286187206,0.3032658108137596,0.0,0.0,1.0,0.0,0.0,0.0,0.0151515151515151,0.4,0.9913304434811604,0.0291970802919708,0.6297080096302287,0.3730840225612605,0.0,0.0,1.0,0.0,0.0,0.0,0.9983997594997596,0.9906666666666668,0.2863780625287794,0.994458217208582,0.5319479787818866,0.3031071240645205,,
2024-07-15 15:48:37,hf_ctgan_syn_300000,1000,0.001,2,7.0,4,0.999327414581652,0.9914586947817964,0.2857142857142857,0.99537750385208,0.5322348286187206,0.3032658108137596,0.0,0.0,1.0,0.0,0.0,0.0,0.0151515151515151,0.4,0.9913304434811604,0.0291970802919708,0.6297080096302287,0.3730840225612605,0.0,0.0,1.0,0.0,0.0,0.0,0.9983997594997596,0.9906666666666668,0.2863780625287794,0.994458217208582,0.5319479787818866,0.3031071240645205,,
2024-07-15 15:48:56,hf_ctgan_syn_300000,1000,0.001,2,9.0,4,0.999327414581652,0.9914586947817964,0.2857142857142857,0.99537750385208,0.5322348286187206,0.3032658108137596,0.0,0.0,1.0,0.0,0.0,0.0,0.0151515151515151,0.4,0.9913304434811604,0.0291970802919708,0.6297080096302287,0.3730840225612605,0.0,0.0,1.0,0.0,0.0,0.0,0.9983997594997596,0.9906666666666668,0.2863780625287794,0.994458217208582,0.5319479787818866,0.3031071240645205,,
2024-07-15 15:49:20,hf_ctgan_syn_300000,1000,0.001,4,3.0,4,0.999327414581652,0.9914586947817964,0.2857142857142857,0.99537750385208,0.5322348286187206,0.3032658108137596,0.0222222222222222,0.125,0.9970651013874068,0.0377358490566037,0.3530341876836092,0.1137643166892851,0.0114942528735632,0.2,0.994264754918306,0.0217391304347826,0.4459293116444143,0.1830587619458792,0.0,0.0,1.0,0.0,0.0,0.0,0.9984103922641852,0.9906666666666668,0.2863774753533317,0.99447585701146,0.5320750041159892,0.3031044566132163,,
2024-07-15 15:49:45,hf_ctgan_syn_300000,1000,0.001,4,7.0,4,0.999327414581652,0.9914586947817964,0.2857142857142857,0.99537750385208,0.5322348286187206,0.3032658108137596,0.1428571428571428,0.125,0.9995997865528282,0.1333333333333333,0.3534826351026363,0.1140218513196365,0.016,0.4,0.9917972657552516,0.0307692307692307,0.6298562584448143,0.373241189899801,0.0,0.0,1.0,0.0,0.0,0.0,0.9984762328042328,0.9907333333333334,0.2863780046890323,0.9945298523698524,0.5321365522702128,0.3031679881076705,,
2024-07-15 15:50:26,hf_ctgan_syn_300000,1000,0.001,8,3.0,4,0.9994611706068566,0.9901908447884692,0.4285714285714285,0.9948044112224717,0.6514349583107618,0.4482008079462108,0.073170731707317,0.375,0.9974653148345785,0.1224489795918367,0.611595857624107,0.3507662095166515,0.0089285714285714,0.2,0.9925975325108368,0.017094017094017,0.4455552788399745,0.1827848994012787,0.0,0.0,1.0,0.0,0.0,0.0,0.9985703407616768,0.9895333333333334,0.4291009425835106,0.9939469312334775,0.6513016552333513,0.4480304908036703,,
2024-07-15 15:51:11,hf_ctgan_syn_300000,1000,0.001,8,7.0,4,0.9994611706068566,0.9901908447884692,0.4285714285714285,0.9948044112224717,0.6514349583107618,0.4482008079462108,0.073170731707317,0.375,0.9974653148345785,0.1224489795918367,0.611595857624107,0.3507662095166515,0.0089285714285714,0.2,0.9925975325108368,0.017094017094017,0.4455552788399745,0.1827848994012787,0.0,0.0,1.0,0.0,0.0,0.0,0.9985703407616768,0.9895333333333334,0.4291009425835106,0.9939469312334775,0.6513016552333513,0.4480304908036703,,
2024-07-15 15:52:29,hf_ctgan_syn_300000,1000,0.001,10,3.0,4,0.9994611706068566,0.9901908447884692,0.4285714285714285,0.9948044112224717,0.6514349583107618,0.4482008079462108,0.073170731707317,0.375,0.9974653148345785,0.1224489795918367,0.611595857624107,0.3507662095166515,0.0089285714285714,0.2,0.9925975325108368,0.017094017094017,0.4455552788399745,0.1827848994012787,0.0,0.0,1.0,0.0,0.0,0.0,0.9985703407616768,0.9895333333333334,0.4291009425835106,0.9939469312334775,0.6513016552333513,0.4480304908036703,,
2024-07-15 15:53:40,hf_ctgan_syn_300000,1000,0.001,10,7.0,4,0.9994610980127988,0.9900573868944348,0.4285714285714285,0.9947370185377626,0.6513910566388239,0.4481347366979804,0.0697674418604651,0.375,0.9973319103521878,0.1176470588235294,0.6115549577773616,0.3507242861436452,0.0089285714285714,0.2,0.9925975325108368,0.017094017094017,0.4455552788399745,0.1827848994012787,0.0,0.0,1.0,0.0,0.0,0.0,0.9985684531474552,0.9894,0.4291008714344533,0.993877040424198,0.6512577727230555,0.447964458862806,,
2024-07-15 15:53:50,hf_ctgan_syn_300000,100,0.0001,2,1.0,4,0.9992630309527,0.9952622447617776,0.2142857142857142,0.9972586253008826,0.4618121707148707,0.2299264050524067,0.0,0.0,1.0,0.0,0.0,0.0,0.027027027027027,0.4,0.9951983994664888,0.050632911392405,0.6309353055477206,0.3743857400060329,0.0,0.0,1.0,0.0,0.0,0.0,0.998339394466153,0.9944666666666668,0.2150174470855364,0.996344728221066,0.4615914577907194,0.2298366023210265,,
2024-07-15 15:53:58,hf_ctgan_syn_300000,100,0.0001,2,3.0,4,0.9992630309527,0.9952622447617776,0.2142857142857142,0.9972586253008826,0.4618121707148707,0.2299264050524067,0.0,0.0,1.0,0.0,0.0,0.0,0.027027027027027,0.4,0.9951983994664888,0.050632911392405,0.6309353055477206,0.3743857400060329,0.0,0.0,1.0,0.0,0.0,0.0,0.998339394466153,0.9944666666666668,0.2150174470855364,0.996344728221066,0.4615914577907194,0.2298366023210265,,
2024-07-15 15:54:06,hf_ctgan_syn_300000,100,0.0001,2,5.0,4,0.9992630309527,0.9952622447617776,0.2142857142857142,0.9972586253008826,0.4618121707148707,0.2299264050524067,0.0,0.0,1.0,0.0,0.0,0.0,0.027027027027027,0.4,0.9951983994664888,0.050632911392405,0.6309353055477206,0.3743857400060329,0.0,0.0,1.0,0.0,0.0,0.0,0.998339394466153,0.9944666666666668,0.2150174470855364,0.996344728221066,0.4615914577907194,0.2298366023210265,,
2024-07-15 15:54:15,hf_ctgan_syn_300000,100,0.0001,2,7.0,4,0.9992630309527,0.9952622447617776,0.2142857142857142,0.9972586253008826,0.4618121707148707,0.2299264050524067,0.0,0.0,1.0,0.0,0.0,0.0,0.027027027027027,0.4,0.9951983994664888,0.050632911392405,0.6309353055477206,0.3743857400060329,0.0,0.0,1.0,0.0,0.0,0.0,0.998339394466153,0.9944666666666668,0.2150174470855364,0.996344728221066,0.4615914577907194,0.2298366023210265,,
2024-07-15 15:54:22,hf_ctgan_syn_300000,100,0.0001,2,9.0,4,0.9992630309527,0.9952622447617776,0.2142857142857142,0.9972586253008826,0.4618121707148707,0.2299264050524067,0.0,0.0,1.0,0.0,0.0,0.0,0.027027027027027,0.4,0.9951983994664888,0.050632911392405,0.6309353055477206,0.3743857400060329,0.0,0.0,1.0,0.0,0.0,0.0,0.998339394466153,0.9944666666666668,0.2150174470855364,0.996344728221066,0.4615914577907194,0.2298366023210265,,
2024-07-15 15:54:32,hf_ctgan_syn_300000,100,0.0001,4,3.0,4,0.999327414581652,0.9914586947817964,0.2857142857142857,0.99537750385208,0.5322348286187206,0.3032658108137596,0.0222222222222222,0.125,0.9970651013874068,0.0377358490566037,0.3530341876836092,0.1137643166892851,0.0114942528735632,0.2,0.994264754918306,0.0217391304347826,0.4459293116444143,0.1830587619458792,0.0,0.0,1.0,0.0,0.0,0.0,0.9984103922641852,0.9906666666666668,0.2863774753533317,0.99447585701146,0.5320750041159892,0.3031044566132163,,
2024-07-15 15:54:42,hf_ctgan_syn_300000,100,0.0001,4,7.0,4,0.999327414581652,0.9914586947817964,0.2857142857142857,0.99537750385208,0.5322348286187206,0.3032658108137596,0.0222222222222222,0.125,0.9970651013874068,0.0377358490566037,0.3530341876836092,0.1137643166892851,0.0114942528735632,0.2,0.994264754918306,0.0217391304347826,0.4459293116444143,0.1830587619458792,0.0,0.0,1.0,0.0,0.0,0.0,0.9984103922641852,0.9906666666666668,0.2863774753533317,0.99447585701146,0.5320750041159892,0.3031044566132163,,
2024-07-15 15:54:55,hf_ctgan_syn_300000,100,0.0001,8,3.0,4,0.9994610617084344,0.9899906579474176,0.4285714285714285,0.9947033188065704,0.6513691046932555,0.4481017016463618,0.0422535211267605,0.375,0.9954642475987192,0.0759493670886076,0.6109820724452721,0.3501372187721036,0.0117647058823529,0.2,0.9943981327109036,0.0222222222222222,0.4459592207166264,0.1830806661462456,0.0,0.0,1.0,0.0,0.0,0.0,0.9985546881640684,0.9893333333333332,0.4291004755477182,0.9938228427788725,0.6512356703744181,0.4479312401302192,,
2024-07-15 15:55:06,hf_ctgan_syn_300000,100,0.0001,8,7.0,4,0.9994610617084344,0.9899906579474176,0.4285714285714285,0.9947033188065704,0.6513691046932555,0.4481017016463618,0.0422535211267605,0.375,0.9954642475987192,0.0759493670886076,0.6109820724452721,0.3501372187721036,0.0117647058823529,0.2,0.9943981327109036,0.0222222222222222,0.4459592207166264,0.1830806661462456,0.0,0.0,1.0,0.0,0.0,0.0,0.9985546881640684,0.9893333333333332,0.4291004755477182,0.9938228427788725,0.6512356703744181,0.4479312401302192,,
2024-07-15 15:55:22,hf_ctgan_syn_300000,100,0.0001,10,3.0,4,0.9994612794612796,0.9903910316295208,0.4285714285714285,0.9949054833087544,0.6515008052717929,0.4482999176810399,0.0535714285714285,0.375,0.9964647812166488,0.09375,0.6112890420711329,0.3504517516844095,0.0106382978723404,0.2,0.9937979326442148,0.0202020202020202,0.4458246140903875,0.1829820916408615,0.0,0.0,1.0,0.0,0.0,0.0,0.9985605664616444,0.9897333333333334,0.4291008090989588,0.9940336388644004,0.651367366880674,0.4481294060559829,,
2024-07-15 15:55:37,hf_ctgan_syn_300000,100,0.0001,10,7.0,4,0.9994612794612796,0.9903910316295208,0.4285714285714285,0.9949054833087544,0.6515008052717929,0.4482999176810399,0.0535714285714285,0.375,0.9964647812166488,0.09375,0.6112890420711329,0.3504517516844095,0.0106382978723404,0.2,0.9937979326442148,0.0202020202020202,0.4458246140903875,0.1829820916408615,0.0,0.0,1.0,0.0,0.0,0.0,0.9985605664616444,0.9897333333333334,0.4291008090989588,0.9940336388644004,0.651367366880674,0.4481294060559829,,
2024-07-15 15:55:52,hf_ctgan_syn_300000,500,0.0001,2,1.0,4,0.9992630309527,0.9952622447617776,0.2142857142857142,0.9972586253008826,0.4618121707148707,0.2299264050524067,0.0,0.0,1.0,0.0,0.0,0.0,0.027027027027027,0.4,0.9951983994664888,0.050632911392405,0.6309353055477206,0.3743857400060329,0.0,0.0,1.0,0.0,0.0,0.0,0.998339394466153,0.9944666666666668,0.2150174470855364,0.996344728221066,0.4615914577907194,0.2298366023210265,,
2024-07-15 15:56:06,hf_ctgan_syn_300000,500,0.0001,2,3.0,4,0.9992630309527,0.9952622447617776,0.2142857142857142,0.9972586253008826,0.4618121707148707,0.2299264050524067,0.0,0.0,1.0,0.0,0.0,0.0,0.027027027027027,0.4,0.9951983994664888,0.050632911392405,0.6309353055477206,0.3743857400060329,0.0,0.0,1.0,0.0,0.0,0.0,0.998339394466153,0.9944666666666668,0.2150174470855364,0.996344728221066,0.4615914577907194,0.2298366023210265,,
2024-07-15 15:56:17,hf_ctgan_syn_300000,500,0.0001,2,5.0,4,0.9992630309527,0.9952622447617776,0.2142857142857142,0.9972586253008826,0.4618121707148707,0.2299264050524067,0.0,0.0,1.0,0.0,0.0,0.0,0.027027027027027,0.4,0.9951983994664888,0.050632911392405,0.6309353055477206,0.3743857400060329,0.0,0.0,1.0,0.0,0.0,0.0,0.998339394466153,0.9944666666666668,0.2150174470855364,0.996344728221066,0.4615914577907194,0.2298366023210265,,
2024-07-15 15:56:30,hf_ctgan_syn_300000,500,0.0001,2,7.0,4,0.9992630309527,0.9952622447617776,0.2142857142857142,0.9972586253008826,0.4618121707148707,0.2299264050524067,0.0,0.0,1.0,0.0,0.0,0.0,0.027027027027027,0.4,0.9951983994664888,0.050632911392405,0.6309353055477206,0.3743857400060329,0.0,0.0,1.0,0.0,0.0,0.0,0.998339394466153,0.9944666666666668,0.2150174470855364,0.996344728221066,0.4615914577907194,0.2298366023210265,,
2024-07-15 15:56:43,hf_ctgan_syn_300000,500,0.0001,2,9.0,4,0.9992630309527,0.9952622447617776,0.2142857142857142,0.9972586253008826,0.4618121707148707,0.2299264050524067,0.0,0.0,1.0,0.0,0.0,0.0,0.027027027027027,0.4,0.9951983994664888,0.050632911392405,0.6309353055477206,0.3743857400060329,0.0,0.0,1.0,0.0,0.0,0.0,0.998339394466153,0.9944666666666668,0.2150174470855364,0.996344728221066,0.4615914577907194,0.2298366023210265,,
2024-07-15 15:57:02,hf_ctgan_syn_300000,500,0.0001,4,3.0,4,0.999327414581652,0.9914586947817964,0.2857142857142857,0.99537750385208,0.5322348286187206,0.3032658108137596,0.0222222222222222,0.125,0.9970651013874068,0.0377358490566037,0.3530341876836092,0.1137643166892851,0.0114942528735632,0.2,0.994264754918306,0.0217391304347826,0.4459293116444143,0.1830587619458792,0.0,0.0,1.0,0.0,0.0,0.0,0.9984103922641852,0.9906666666666668,0.2863774753533317,0.99447585701146,0.5320750041159892,0.3031044566132163,,
2024-07-15 15:57:18,hf_ctgan_syn_300000,500,0.0001,4,7.0,4,0.999327414581652,0.9914586947817964,0.2857142857142857,0.99537750385208,0.5322348286187206,0.3032658108137596,0.0222222222222222,0.125,0.9970651013874068,0.0377358490566037,0.3530341876836092,0.1137643166892851,0.0114942528735632,0.2,0.994264754918306,0.0217391304347826,0.4459293116444143,0.1830587619458792,0.0,0.0,1.0,0.0,0.0,0.0,0.9984103922641852,0.9906666666666668,0.2863774753533317,0.99447585701146,0.5320750041159892,0.3031044566132163,,
2024-07-15 15:57:45,hf_ctgan_syn_300000,500,0.0001,8,3.0,4,0.9994610617084344,0.9899906579474176,0.4285714285714285,0.9947033188065704,0.6513691046932555,0.4481017016463618,0.0422535211267605,0.375,0.9954642475987192,0.0759493670886076,0.6109820724452721,0.3501372187721036,0.0117647058823529,0.2,0.9943981327109036,0.0222222222222222,0.4459592207166264,0.1830806661462456,0.0,0.0,1.0,0.0,0.0,0.0,0.9985546881640684,0.9893333333333332,0.4291004755477182,0.9938228427788725,0.6512356703744181,0.4479312401302192,,
2024-07-15 15:58:10,hf_ctgan_syn_300000,500,0.0001,8,7.0,4,0.9994610617084344,0.9899906579474176,0.4285714285714285,0.9947033188065704,0.6513691046932555,0.4481017016463618,0.0422535211267605,0.375,0.9954642475987192,0.0759493670886076,0.6109820724452721,0.3501372187721036,0.0117647058823529,0.2,0.9943981327109036,0.0222222222222222,0.4459592207166264,0.1830806661462456,0.0,0.0,1.0,0.0,0.0,0.0,0.9985546881640684,0.9893333333333332,0.4291004755477182,0.9938228427788725,0.6512356703744181,0.4479312401302192,,
2024-07-15 15:58:57,hf_ctgan_syn_300000,500,0.0001,10,3.0,4,0.9994610617084344,0.9899906579474176,0.4285714285714285,0.9947033188065704,0.6513691046932555,0.4481017016463618,0.0535714285714285,0.375,0.9964647812166488,0.09375,0.6112890420711329,0.3504517516844095,0.01,0.2,0.993397799266422,0.019047619047619,0.4457348537564506,0.1829163672986027,0.0,0.0,1.0,0.0,0.0,0.0,0.998560136146078,0.9893333333333332,0.4291006757211663,0.9938312782487002,0.6512357593025652,0.4479313531148232,,
2024-07-15 15:59:38,hf_ctgan_syn_300000,500,0.0001,10,7.0,4,0.9994610617084344,0.9899906579474176,0.4285714285714285,0.9947033188065704,0.6513691046932555,0.4481017016463618,0.0535714285714285,0.375,0.9964647812166488,0.09375,0.6112890420711329,0.3504517516844095,0.01,0.2,0.993397799266422,0.019047619047619,0.4457348537564506,0.1829163672986027,0.0,0.0,1.0,0.0,0.0,0.0,0.998560136146078,0.9893333333333332,0.4291006757211663,0.9938312782487002,0.6512357593025652,0.4479313531148232,,
2024-07-15 16:00:05,hf_ctgan_syn_300000,1500,0.0001,2,1.0,4,0.9992630309527,0.9952622447617776,0.2142857142857142,0.9972586253008826,0.4618121707148707,0.2299264050524067,0.0,0.0,1.0,0.0,0.0,0.0,0.027027027027027,0.4,0.9951983994664888,0.050632911392405,0.6309353055477206,0.3743857400060329,0.0,0.0,1.0,0.0,0.0,0.0,0.998339394466153,0.9944666666666668,0.2150174470855364,0.996344728221066,0.4615914577907194,0.2298366023210265,,
2024-07-15 16:00:28,hf_ctgan_syn_300000,1500,0.0001,2,3.0,4,0.9992630309527,0.9952622447617776,0.2142857142857142,0.9972586253008826,0.4618121707148707,0.2299264050524067,0.0,0.0,1.0,0.0,0.0,0.0,0.027027027027027,0.4,0.9951983994664888,0.050632911392405,0.6309353055477206,0.3743857400060329,0.0,0.0,1.0,0.0,0.0,0.0,0.998339394466153,0.9944666666666668,0.2150174470855364,0.996344728221066,0.4615914577907194,0.2298366023210265,,
2024-07-15 16:00:52,hf_ctgan_syn_300000,1500,0.0001,2,5.0,4,0.9992630309527,0.9952622447617776,0.2142857142857142,0.9972586253008826,0.4618121707148707,0.2299264050524067,0.0,0.0,1.0,0.0,0.0,0.0,0.027027027027027,0.4,0.9951983994664888,0.050632911392405,0.6309353055477206,0.3743857400060329,0.0,0.0,1.0,0.0,0.0,0.0,0.998339394466153,0.9944666666666668,0.2150174470855364,0.996344728221066,0.4615914577907194,0.2298366023210265,,
2024-07-15 16:01:18,hf_ctgan_syn_300000,1500,0.0001,2,7.0,4,0.9992630309527,0.9952622447617776,0.2142857142857142,0.9972586253008826,0.4618121707148707,0.2299264050524067,0.0,0.0,1.0,0.0,0.0,0.0,0.027027027027027,0.4,0.9951983994664888,0.050632911392405,0.6309353055477206,0.3743857400060329,0.0,0.0,1.0,0.0,0.0,0.0,0.998339394466153,0.9944666666666668,0.2150174470855364,0.996344728221066,0.4615914577907194,0.2298366023210265,,
2024-07-15 16:01:43,hf_ctgan_syn_300000,1500,0.0001,2,9.0,4,0.9992630309527,0.9952622447617776,0.2142857142857142,0.9972586253008826,0.4618121707148707,0.2299264050524067,0.0,0.0,1.0,0.0,0.0,0.0,0.027027027027027,0.4,0.9951983994664888,0.050632911392405,0.6309353055477206,0.3743857400060329,0.0,0.0,1.0,0.0,0.0,0.0,0.998339394466153,0.9944666666666668,0.2150174470855364,0.996344728221066,0.4615914577907194,0.2298366023210265,,
2024-07-15 16:02:13,hf_ctgan_syn_300000,1500,0.0001,4,1.0,4,0.999327414581652,0.9914586947817964,0.2857142857142857,0.99537750385208,0.5322348286187206,0.3032658108137596,0.0222222222222222,0.125,0.9970651013874068,0.0377358490566037,0.3530341876836092,0.1137643166892851,0.0114942528735632,0.2,0.994264754918306,0.0217391304347826,0.4459293116444143,0.1830587619458792,0.0,0.0,1.0,0.0,0.0,0.0,0.9984103922641852,0.9906666666666668,0.2863774753533317,0.99447585701146,0.5320750041159892,0.3031044566132163,,
2024-07-15 16:02:43,hf_ctgan_syn_300000,1500,0.0001,4,3.0,4,0.999327414581652,0.9914586947817964,0.2857142857142857,0.99537750385208,0.5322348286187206,0.3032658108137596,0.0222222222222222,0.125,0.9970651013874068,0.0377358490566037,0.3530341876836092,0.1137643166892851,0.0114942528735632,0.2,0.994264754918306,0.0217391304347826,0.4459293116444143,0.1830587619458792,0.0,0.0,1.0,0.0,0.0,0.0,0.9984103922641852,0.9906666666666668,0.2863774753533317,0.99447585701146,0.5320750041159892,0.3031044566132163,,
2024-07-15 16:03:13,hf_ctgan_syn_300000,1500,0.0001,4,5.0,4,0.999327414581652,0.9914586947817964,0.2857142857142857,0.99537750385208,0.5322348286187206,0.3032658108137596,0.0222222222222222,0.125,0.9970651013874068,0.0377358490566037,0.3530341876836092,0.1137643166892851,0.0114942528735632,0.2,0.994264754918306,0.0217391304347826,0.4459293116444143,0.1830587619458792,0.0,0.0,1.0,0.0,0.0,0.0,0.9984103922641852,0.9906666666666668,0.2863774753533317,0.99447585701146,0.5320750041159892,0.3031044566132163,,
2024-07-15 16:03:44,hf_ctgan_syn_300000,1500,0.0001,4,7.0,4,0.999327414581652,0.9914586947817964,0.2857142857142857,0.99537750385208,0.5322348286187206,0.3032658108137596,0.0222222222222222,0.125,0.9970651013874068,0.0377358490566037,0.3530341876836092,0.1137643166892851,0.0114942528735632,0.2,0.994264754918306,0.0217391304347826,0.4459293116444143,0.1830587619458792,0.0,0.0,1.0,0.0,0.0,0.0,0.9984103922641852,0.9906666666666668,0.2863774753533317,0.99447585701146,0.5320750041159892,0.3031044566132163,,
2024-07-15 16:04:11,hf_ctgan_syn_300000,1500,0.0001,4,9.0,4,0.999327414581652,0.9914586947817964,0.2857142857142857,0.99537750385208,0.5322348286187206,0.3032658108137596,0.0222222222222222,0.125,0.9970651013874068,0.0377358490566037,0.3530341876836092,0.1137643166892851,0.0114942528735632,0.2,0.994264754918306,0.0217391304347826,0.4459293116444143,0.1830587619458792,0.0,0.0,1.0,0.0,0.0,0.0,0.9984103922641852,0.9906666666666668,0.2863774753533317,0.99447585701146,0.5320750041159892,0.3031044566132163,,
2024-07-15 16:05:08,hf_ctgan_syn_300000,1500,0.0001,8,1.0,4,0.9994610617084344,0.9899906579474176,0.4285714285714285,0.9947033188065704,0.6513691046932555,0.4481017016463618,0.0483870967741935,0.375,0.996064567769477,0.0857142857142857,0.6111662727225332,0.3503259475290948,0.0106382978723404,0.2,0.9937979326442148,0.0202020202020202,0.4458246140903875,0.1829820916408615,0.0,0.0,1.0,0.0,0.0,0.0,0.9985575839350768,0.9893333333333332,0.429100595651787,0.9938273773347992,0.6512357237456906,0.4479313079273878,,
2024-07-15 16:06:09,hf_ctgan_syn_300000,1500,0.0001,8,3.0,4,0.9994610617084344,0.9899906579474176,0.4285714285714285,0.9947033188065704,0.6513691046932555,0.4481017016463618,0.0483870967741935,0.375,0.996064567769477,0.0857142857142857,0.6111662727225332,0.3503259475290948,0.0106382978723404,0.2,0.9937979326442148,0.0202020202020202,0.4458246140903875,0.1829820916408615,0.0,0.0,1.0,0.0,0.0,0.0,0.9985575839350768,0.9893333333333332,0.429100595651787,0.9938273773347992,0.6512357237456906,0.4479313079273878,,
2024-07-15 16:07:09,hf_ctgan_syn_300000,1500,0.0001,8,5.0,4,0.9994610617084344,0.9899906579474176,0.4285714285714285,0.9947033188065704,0.6513691046932555,0.4481017016463618,0.0483870967741935,0.375,0.996064567769477,0.0857142857142857,0.6111662727225332,0.3503259475290948,0.0106382978723404,0.2,0.9937979326442148,0.0202020202020202,0.4458246140903875,0.1829820916408615,0.0,0.0,1.0,0.0,0.0,0.0,0.9985575839350768,0.9893333333333332,0.429100595651787,0.9938273773347992,0.6512357237456906,0.4479313079273878,,
2024-07-15 16:08:02,hf_ctgan_syn_300000,1500,0.0001,8,7.0,4,0.999461025399178,0.9899239290004004,0.4285714285714285,0.9946696168158504,0.6513471520078544,0.4480686669764078,0.0483870967741935,0.375,0.996064567769477,0.0857142857142857,0.6111662727225332,0.3503259475290948,0.0105263157894736,0.2,0.993731243747916,0.0199999999999999,0.4458096552897696,0.1829711380285592,0.0,0.0,1.0,0.0,0.0,0.0,0.998557510332348,0.9892666666666666,0.4291005734221549,0.9937936394592032,0.6512137865631957,0.4478983004385882,,
2024-07-15 16:08:57,hf_ctgan_syn_300000,1500,0.0001,8,9.0,4,0.999461025399178,0.9899239290004004,0.4285714285714285,0.9946696168158504,0.6513471520078544,0.4480686669764078,0.0483870967741935,0.375,0.996064567769477,0.0857142857142857,0.6111662727225332,0.3503259475290948,0.0105263157894736,0.2,0.993731243747916,0.0199999999999999,0.4458096552897696,0.1829711380285592,0.0,0.0,1.0,0.0,0.0,0.0,0.998557510332348,0.9892666666666666,0.4291005734221549,0.9937936394592032,0.6512137865631957,0.4478983004385882,,
2024-07-15 16:10:41,hf_ctgan_syn_300000,1500,0.0001,10,1.0,4,0.9994610617084344,0.9899906579474176,0.4285714285714285,0.9947033188065704,0.6513691046932555,0.4481017016463618,0.0535714285714285,0.375,0.9964647812166488,0.09375,0.6112890420711329,0.3504517516844095,0.01,0.2,0.993397799266422,0.019047619047619,0.4457348537564506,0.1829163672986027,0.0,0.0,1.0,0.0,0.0,0.0,0.998560136146078,0.9893333333333332,0.4291006757211663,0.9938312782487002,0.6512357593025652,0.4479313531148232,,
2024-07-15 16:12:29,hf_ctgan_syn_300000,1500,0.0001,10,3.0,4,0.9994610617084344,0.9899906579474176,0.4285714285714285,0.9947033188065704,0.6513691046932555,0.4481017016463618,0.0535714285714285,0.375,0.9964647812166488,0.09375,0.6112890420711329,0.3504517516844095,0.01,0.2,0.993397799266422,0.019047619047619,0.4457348537564506,0.1829163672986027,0.0,0.0,1.0,0.0,0.0,0.0,0.998560136146078,0.9893333333333332,0.4291006757211663,0.9938312782487002,0.6512357593025652,0.4479313531148232,,
2024-07-15 16:14:16,hf_ctgan_syn_300000,1500,0.0001,10,5.0,4,0.9994610617084344,0.9899906579474176,0.4285714285714285,0.9947033188065704,0.6513691046932555,0.4481017016463618,0.0535714285714285,0.375,0.9964647812166488,0.09375,0.6112890420711329,0.3504517516844095,0.01,0.2,0.993397799266422,0.019047619047619,0.4457348537564506,0.1829163672986027,0.0,0.0,1.0,0.0,0.0,0.0,0.998560136146078,0.9893333333333332,0.4291006757211663,0.9938312782487002,0.6512357593025652,0.4479313531148232,,
2024-07-15 16:16:01,hf_ctgan_syn_300000,1500,0.0001,10,7.0,4,0.9994610617084344,0.9899906579474176,0.4285714285714285,0.9947033188065704,0.6513691046932555,0.4481017016463618,0.0535714285714285,0.375,0.9964647812166488,0.09375,0.6112890420711329,0.3504517516844095,0.01,0.2,0.993397799266422,0.019047619047619,0.4457348537564506,0.1829163672986027,0.0,0.0,1.0,0.0,0.0,0.0,0.998560136146078,0.9893333333333332,0.4291006757211663,0.9938312782487002,0.6512357593025652,0.4479313531148232,,
2024-07-15 16:17:49,hf_ctgan_syn_300000,1500,0.0001,10,9.0,4,0.9994610617084344,0.9899906579474176,0.4285714285714285,0.9947033188065704,0.6513691046932555,0.4481017016463618,0.0535714285714285,0.375,0.9964647812166488,0.09375,0.6112890420711329,0.3504517516844095,0.01,0.2,0.993397799266422,0.019047619047619,0.4457348537564506,0.1829163672986027,0.0,0.0,1.0,0.0,0.0,0.0,0.998560136146078,0.9893333333333332,0.4291006757211663,0.9938312782487002,0.6512357593025652,0.4479313531148232,,
2024-07-15 16:18:06,hf_ctgan_syn_300000,1000,0.0001,2,1.0,4,0.9992630309527,0.9952622447617776,0.2142857142857142,0.9972586253008826,0.4618121707148707,0.2299264050524067,0.0,0.0,1.0,0.0,0.0,0.0,0.027027027027027,0.4,0.9951983994664888,0.050632911392405,0.6309353055477206,0.3743857400060329,0.0,0.0,1.0,0.0,0.0,0.0,0.998339394466153,0.9944666666666668,0.2150174470855364,0.996344728221066,0.4615914577907194,0.2298366023210265,,
2024-07-15 16:18:26,hf_ctgan_syn_300000,1000,0.0001,2,3.0,4,0.9992630309527,0.9952622447617776,0.2142857142857142,0.9972586253008826,0.4618121707148707,0.2299264050524067,0.0,0.0,1.0,0.0,0.0,0.0,0.027027027027027,0.4,0.9951983994664888,0.050632911392405,0.6309353055477206,0.3743857400060329,0.0,0.0,1.0,0.0,0.0,0.0,0.998339394466153,0.9944666666666668,0.2150174470855364,0.996344728221066,0.4615914577907194,0.2298366023210265,,
2024-07-15 16:18:43,hf_ctgan_syn_300000,1000,0.0001,2,5.0,4,0.9992630309527,0.9952622447617776,0.2142857142857142,0.9972586253008826,0.4618121707148707,0.2299264050524067,0.0,0.0,1.0,0.0,0.0,0.0,0.027027027027027,0.4,0.9951983994664888,0.050632911392405,0.6309353055477206,0.3743857400060329,0.0,0.0,1.0,0.0,0.0,0.0,0.998339394466153,0.9944666666666668,0.2150174470855364,0.996344728221066,0.4615914577907194,0.2298366023210265,,
2024-07-15 16:19:04,hf_ctgan_syn_300000,1000,0.0001,2,7.0,4,0.9992630309527,0.9952622447617776,0.2142857142857142,0.9972586253008826,0.4618121707148707,0.2299264050524067,0.0,0.0,1.0,0.0,0.0,0.0,0.027027027027027,0.4,0.9951983994664888,0.050632911392405,0.6309353055477206,0.3743857400060329,0.0,0.0,1.0,0.0,0.0,0.0,0.998339394466153,0.9944666666666668,0.2150174470855364,0.996344728221066,0.4615914577907194,0.2298366023210265,,
2024-07-15 16:19:23,hf_ctgan_syn_300000,1000,0.0001,2,9.0,4,0.9992630309527,0.9952622447617776,0.2142857142857142,0.9972586253008826,0.4618121707148707,0.2299264050524067,0.0,0.0,1.0,0.0,0.0,0.0,0.027027027027027,0.4,0.9951983994664888,0.050632911392405,0.6309353055477206,0.3743857400060329,0.0,0.0,1.0,0.0,0.0,0.0,0.998339394466153,0.9944666666666668,0.2150174470855364,0.996344728221066,0.4615914577907194,0.2298366023210265,,
2024-07-15 16:19:49,hf_ctgan_syn_300000,1000,0.0001,4,3.0,4,0.999327414581652,0.9914586947817964,0.2857142857142857,0.99537750385208,0.5322348286187206,0.3032658108137596,0.0222222222222222,0.125,0.9970651013874068,0.0377358490566037,0.3530341876836092,0.1137643166892851,0.0114942528735632,0.2,0.994264754918306,0.0217391304347826,0.4459293116444143,0.1830587619458792,0.0,0.0,1.0,0.0,0.0,0.0,0.9984103922641852,0.9906666666666668,0.2863774753533317,0.99447585701146,0.5320750041159892,0.3031044566132163,,
2024-07-15 16:20:12,hf_ctgan_syn_300000,1000,0.0001,4,7.0,4,0.999327414581652,0.9914586947817964,0.2857142857142857,0.99537750385208,0.5322348286187206,0.3032658108137596,0.0222222222222222,0.125,0.9970651013874068,0.0377358490566037,0.3530341876836092,0.1137643166892851,0.0114942528735632,0.2,0.994264754918306,0.0217391304347826,0.4459293116444143,0.1830587619458792,0.0,0.0,1.0,0.0,0.0,0.0,0.9984103922641852,0.9906666666666668,0.2863774753533317,0.99447585701146,0.5320750041159892,0.3031044566132163,,
2024-07-15 16:20:56,hf_ctgan_syn_300000,1000,0.0001,8,3.0,4,0.9994610617084344,0.9899906579474176,0.4285714285714285,0.9947033188065704,0.6513691046932555,0.4481017016463618,0.0422535211267605,0.375,0.9954642475987192,0.0759493670886076,0.6109820724452721,0.3501372187721036,0.0117647058823529,0.2,0.9943981327109036,0.0222222222222222,0.4459592207166264,0.1830806661462456,0.0,0.0,1.0,0.0,0.0,0.0,0.9985546881640684,0.9893333333333332,0.4291004755477182,0.9938228427788725,0.6512356703744181,0.4479312401302192,,
2024-07-15 16:21:37,hf_ctgan_syn_300000,1000,0.0001,8,7.0,4,0.9994610617084344,0.9899906579474176,0.4285714285714285,0.9947033188065704,0.6513691046932555,0.4481017016463618,0.0422535211267605,0.375,0.9954642475987192,0.0759493670886076,0.6109820724452721,0.3501372187721036,0.0117647058823529,0.2,0.9943981327109036,0.0222222222222222,0.4459592207166264,0.1830806661462456,0.0,0.0,1.0,0.0,0.0,0.0,0.9985546881640684,0.9893333333333332,0.4291004755477182,0.9938228427788725,0.6512356703744181,0.4479312401302192,,
2024-07-15 16:22:53,hf_ctgan_syn_300000,1000,0.0001,10,3.0,4,0.9994610617084344,0.9899906579474176,0.4285714285714285,0.9947033188065704,0.6513691046932555,0.4481017016463618,0.0535714285714285,0.375,0.9964647812166488,0.09375,0.6112890420711329,0.3504517516844095,0.01,0.2,0.993397799266422,0.019047619047619,0.4457348537564506,0.1829163672986027,0.0,0.0,1.0,0.0,0.0,0.0,0.998560136146078,0.9893333333333332,0.4291006757211663,0.9938312782487002,0.6512357593025652,0.4479313531148232,,
2024-07-15 16:24:04,hf_ctgan_syn_300000,1000,0.0001,10,7.0,4,0.9994610617084344,0.9899906579474176,0.4285714285714285,0.9947033188065704,0.6513691046932555,0.4481017016463618,0.0535714285714285,0.375,0.9964647812166488,0.09375,0.6112890420711329,0.3504517516844095,0.01,0.2,0.993397799266422,0.019047619047619,0.4457348537564506,0.1829163672986027,0.0,0.0,1.0,0.0,0.0,0.0,0.998560136146078,0.9893333333333332,0.4291006757211663,0.9938312782487002,0.6512357593025652,0.4479313531148232,,
2024-07-15 16:24:11,hf_copula_syn_100000,100,0.1,2,1.0,4,0.999584055459272,0.9621646870412384,0.5714285714285714,0.98051749345483,0.7414906557705183,0.5712913921603744,0.0138248847926267,0.375,0.9857257203842048,0.0266666666666666,0.6079861389407466,0.3470718432434687,0.0115942028985507,0.8,0.9772590863621208,0.0228571428571428,0.8841986592896963,0.767949024866686,0.0,0.0,0.9991332755517034,0.0,0.0,0.0,0.9986623483470324,0.9617333333333332,0.5718133203932672,0.9796241850641132,0.7414175899856641,0.5711992748523766,,
2024-07-15 16:24:17,hf_copula_syn_100000,100,0.1,2,3.0,4,0.9995844587575315,0.9630988922994796,0.5714285714285714,0.9810025488530162,0.7418505403186892,0.5718974957241227,0.0144230769230769,0.375,0.9863260405549626,0.0277777777777777,0.6081712466140692,0.347261010468034,0.0117647058823529,0.8,0.9775925308436144,0.0231884057971014,0.8843494923812031,0.7681849741399851,0.0,0.0,0.9991332755517034,0.0,0.0,0.0,0.9986631271390112,0.9626666666666668,0.5718137517121854,0.9801094907575004,0.7417772876433797,0.5718049922584097,,
2024-07-15 16:24:22,hf_copula_syn_100000,100,0.1,2,5.0,4,0.9995841131212312,0.9622981449352728,0.5714285714285714,0.9805868153537552,0.7415420785422276,0.5713779722771354,0.013215859030837,0.375,0.985058697972252,0.025531914893617,0.6077803976269672,0.3468616257379246,0.012012012012012,0.8,0.978059353117706,0.0236686390532544,0.8845606155002408,0.768515273236016,0.0,0.0,0.9991332755517034,0.0,0.0,0.0,0.9986622204111384,0.9618666666666666,0.5718132314035661,0.979693107560386,0.741468975686156,0.5712858507944822,,
2024-07-15 16:24:28,hf_copula_syn_100000,100,0.1,2,7.0,4,0.9995841419462156,0.96236487388229,0.5714285714285714,0.9806214727680695,0.7415677885908977,0.5714212630988448,0.015228426395939,0.375,0.987059765208111,0.0292682926829268,0.6083974128421665,0.3474921781478048,0.011049723756906,0.8,0.9761253751250416,0.0217983651226158,0.8836856342048531,0.767146664270996,0.0,0.0,0.9991332755517034,0.0,0.0,0.0,0.9986630018157292,0.9619333333333332,0.5718136539800943,0.9797291019379576,0.7414946991531302,0.571328981303055,,
2024-07-15 16:24:33,hf_copula_syn_100000,100,0.1,2,9.0,4,0.9995841419462156,0.96236487388229,0.5714285714285714,0.9806214727680695,0.7415677885908977,0.5714212630988448,0.015228426395939,0.375,0.987059765208111,0.0292682926829268,0.6083974128421665,0.3474921781478048,0.011049723756906,0.8,0.9761253751250416,0.0217983651226158,0.8836856342048531,0.767146664270996,0.0,0.0,0.9991332755517034,0.0,0.0,0.0,0.9986630018157292,0.9619333333333332,0.5718136539800943,0.9797291019379576,0.7414946991531302,0.571328981303055,,
2024-07-15 16:24:39,hf_copula_syn_100000,100,0.1,4,1.0,4,0.999580859238561,0.9548245028693448,0.5714285714285714,0.976690215351012,0.7386568903351715,0.5665326204762007,0.0111111111111111,0.375,0.9821905016008536,0.0215827338129496,0.6068949152038763,0.3459573102252721,0.0094043887147335,0.6,0.97892630876959,0.0185185185185185,0.766391404741568,0.5650993292973838,0.0,0.0,0.993599573304887,0.0,0.0,0.0,0.9986569778254358,0.9543333333333334,0.5718116217705687,0.9757963214475572,0.7385466183272145,0.5663767337056421,,
2024-07-15 16:24:45,hf_copula_syn_100000,100,0.1,4,3.0,4,0.99958065417948,0.9543574002402242,0.5714285714285714,0.9764456885369018,0.7384761917973772,0.5662299979396551,0.0112359550561797,0.375,0.9823906083244396,0.0218181818181818,0.6069567349668878,0.346020422026575,0.0094637223974763,0.6,0.9790596865621874,0.0186335403726708,0.7664436130188003,0.5651684884624762,0.0,0.0,0.992799519967998,0.0,0.0,0.0,0.998656859319075,0.9538666666666666,0.5718117196165298,0.9755521867713614,0.7383661388146883,0.5660744503294798,,
2024-07-15 16:24:50,hf_copula_syn_100000,100,0.1,4,5.0,4,0.99958065417948,0.9543574002402242,0.5714285714285714,0.9764456885369018,0.7384761917973772,0.5662299979396551,0.0112359550561797,0.375,0.9823906083244396,0.0218181818181818,0.6069567349668878,0.346020422026575,0.0095238095238095,0.6,0.9791930643547848,0.01875,0.7664958177399737,0.5652376454928124,0.0,0.0,0.9926661777451832,0.0,0.0,0.0,0.9986568793481172,0.9538666666666666,0.5718117551863123,0.9755522255912372,0.738366156216262,0.5660744733818232,,
2024-07-15 16:24:56,hf_copula_syn_100000,100,0.1,4,7.0,4,0.9995803608896348,0.953690110770052,0.5714285714285714,0.97609616172654,0.7382179743022294,0.5657977232856131,0.0108303249097472,0.375,0.9817235859124868,0.0210526315789473,0.6067506445956052,0.3458100376764441,0.0095238095238095,0.6,0.9791930643547848,0.01875,0.7664958177399737,0.5652376454928124,0.0,0.0,0.9926661777451832,0.0,0.0,0.0,0.9986563699959308,0.9532,0.5718113994410259,0.9752026167124372,0.738108069809245,0.5656424899791382,,
2024-07-15 16:25:01,hf_copula_syn_100000,100,0.1,4,9.0,4,0.9995806248689452,0.954290671293207,0.5714285714285714,0.9764107465947496,0.7384503741110093,0.5661867681842639,0.0108303249097472,0.375,0.9817235859124868,0.0210526315789473,0.6067506445956052,0.3458100376764441,0.0095846645367412,0.6,0.9793264421473824,0.0188679245283018,0.7665480189058148,0.5653068003883922,0.0,0.0,0.993132875525035,0.0,0.0,0.0,0.9986566540138648,0.9538,0.5718114750134755,0.9755169472762794,0.7383402701119253,0.566031194820849,,
2024-07-15 16:25:09,hf_copula_syn_100000,100,0.1,8,1.0,4,0.9995732574679944,0.9378086213799546,0.5714285714285714,0.9677063967499828,0.7320455182490673,0.5555246047626041,0.0097087378640776,0.375,0.9795891141942368,0.0189274447949526,0.6060906844877578,0.3451365835169009,0.0068493150684931,0.6,0.9709903301100368,0.0135440180586907,0.7632785848338874,0.5609805166799513,0.0,0.0,0.9871324754983666,0.0,0.0,0.0,0.9986477835262412,0.9373333333333334,0.5718071578978782,0.9668178134229264,0.7319399503253728,0.5553771814815947,,
2024-07-15 16:25:16,hf_copula_syn_100000,100,0.1,8,3.0,4,0.999573984663448,0.9394101161083678,0.5714285714285714,0.9685586515307876,0.7326703082788008,0.5565592426684034,0.0101010101010101,0.375,0.9803895410885806,0.0196721311475409,0.6063382537068048,0.3453891688694304,0.009501187648456,0.8,0.9721907302434144,0.0187793427230046,0.88190282015352,0.7643604056526123,0.0,0.0,0.9867991199413294,0.0,0.0,0.0,0.9986496032123654,0.939,0.5718079627018958,0.967671415040212,0.7326038306664353,0.5564787817338608,,
2024-07-15 16:25:24,hf_copula_syn_100000,100,0.1,8,5.0,4,0.9995746189294576,0.9408114239957294,0.5714285714285714,0.9693032209274346,0.7332165628227172,0.557464791284606,0.0103806228373702,0.375,0.980923159018143,0.0202020202020202,0.6065032437108673,0.3455575324093163,0.0074074074074074,0.6,0.973191063687896,0.0146341463414634,0.7641430744387713,0.5621234657189831,0.0,0.0,0.9865991066071071,0.0,0.0,0.0,0.9986496880864392,0.9403333333333334,0.5718085674083841,0.9684141903807908,0.7331104101188748,0.5573161626519316,,
2024-07-15 16:25:31,hf_copula_syn_100000,100,0.1,8,7.0,4,0.9995748901799631,0.9414119845188844,0.5714285714285714,0.9696219931271478,0.73345054737137,0.5578529522483008,0.0097087378640776,0.375,0.9795891141942368,0.0189274447949526,0.6060906844877578,0.3451365835169009,0.0078947368421052,0.6,0.9748582860953652,0.0155844155844155,0.7647973402524483,0.5629889492785247,0.0,0.0,0.9868657910527368,0.0,0.0,0.0,0.99864976318827,0.9409333333333332,0.5718084294375768,0.968732302042648,0.7333441743389677,0.5577040253205043,,
2024-07-15 16:25:39,hf_copula_syn_100000,100,0.1,8,9.0,4,0.9995754015993208,0.942546376618177,0.5714285714285714,0.9702235807260364,0.7338923146457531,0.5585862576435269,0.01,0.375,0.9801894343649946,0.0194805194805194,0.6062763708795461,0.3453260270361019,0.0078534031413612,0.6,0.9747249083027676,0.0155038759689922,0.7647450195860451,0.5629197228686098,0.0,0.0,0.9875325021668112,0.0,0.0,0.0,0.9986504156922084,0.9420666666666668,0.5718087495964781,0.9693335962864048,0.7337856108897484,0.558436724258435,,
2024-07-15 16:25:49,hf_copula_syn_100000,100,0.1,10,1.0,4,0.9995728929384966,0.937007874015748,0.5714285714285714,0.967279740993318,0.7317329231804058,0.5550073957290771,0.0096153846153846,0.375,0.979389007470651,0.01875,0.6060287763807046,0.3450734296707621,0.0071942446043165,0.6,0.9723907969323108,0.0142180094786729,0.7638288277876047,0.5617079151314303,0.0,0.0,0.9851323421561438,0.0,0.0,0.0,0.9986474845250836,0.9365333333333332,0.5718073846543436,0.966391685904884,0.7316277974087696,0.5548606639605981,,
2024-07-15 16:26:00,hf_copula_syn_100000,100,0.1,10,3.0,4,0.9995733181624236,0.9379420792739892,0.5714285714285714,0.967777471770862,0.732097604450581,0.5556108133925957,0.0098684210526315,0.375,0.9799226254002136,0.0192307692307692,0.606193850616352,0.3452418332533488,0.009367681498829,0.8,0.971790596865622,0.0185185185185185,0.8817213150947966,0.764076918559382,0.0,0.0,0.9861990799386626,0.0,0.0,0.0,0.9986487687838664,0.9375333333333332,0.5718075402997359,0.9668906420469718,0.7320315238451208,0.5555310645840175,,
2024-07-15 16:26:10,hf_copula_syn_100000,100,0.1,10,5.0,4,0.9995738333688472,0.9390764713732818,0.5714285714285714,0.9683812145191812,0.7325401876341107,0.556343668932611,0.0098360655737704,0.375,0.979855923159018,0.0191693290734824,0.6061732187952812,0.3452207839734376,0.0072639225181598,0.6,0.972657552517506,0.0143540669856459,0.7639335910342623,0.561846440532973,0.0,0.0,0.9864657643842922,0.0,0.0,0.0,0.9986485650001816,0.9386,0.5718078114893876,0.9674924003834642,0.7324344203726877,0.556195814739904,,
2024-07-15 16:26:21,hf_copula_syn_100000,100,0.1,10,7.0,4,0.9995745586045522,0.940677966101695,0.5714285714285714,0.9692323558733544,0.733164556115355,0.5573785388904197,0.0098039215686274,0.375,0.9797892209178228,0.019108280254777,0.606152586271958,0.3451997343598371,0.0076142131979695,0.6,0.9739246415471824,0.0150375939849624,0.7644310203859531,0.5625043195792396,0.0,0.0,0.9868657910527368,0.0,0.0,0.0,0.9986493891790906,0.9402,0.5718082249463134,0.9683429426220036,0.7330583609157877,0.5572299268856402,,
2024-07-15 16:26:32,hf_copula_syn_100000,100,0.1,10,9.0,4,0.999576031656303,0.9439476845055385,0.5714285714285714,0.970965749193493,0.734437660295486,0.5594923085301968,0.0105263157894736,0.375,0.9811899679829242,0.0204778156996587,0.6065857218840521,0.3456417061707191,0.0085714285714285,0.6,0.976858952984328,0.0169014084507042,0.7655817211706382,0.5640270892564944,0.0,0.0,0.985799053270218,0.0,0.0,0.0,0.998651565204702,0.9434666666666668,0.5718098789993751,0.9700760697987691,0.7343308914379386,0.5593424669819451,,
2024-07-15 16:26:42,hf_copula_syn_100000,500,0.1,2,1.0,4,0.9995799495939512,0.952755905511811,0.5714285714285714,0.9756064229586608,0.7378563179960914,0.5651926242627995,0.0114942528735632,0.375,0.9827908217716116,0.0223048327137546,0.6070803556073564,0.3461466366195732,0.0087719298245614,0.6,0.9773924641547184,0.0172910662824207,0.7657907537263889,0.5643038454632148,0.0,0.0,0.9924661644109608,0.0,0.0,0.0,0.9986560625524707,0.9522666666666668,0.5718113550991952,0.9747135165634409,0.7377466918735278,0.5650378239681724,,
2024-07-15 16:26:52,hf_copula_syn_100000,500,0.1,2,3.0,4,0.9995800377965984,0.9529560923528628,0.5714285714285714,0.9757114064154684,0.7379338306971365,0.5653222799424981,0.0115830115830115,0.375,0.982924226254002,0.0224719101123595,0.6071215568938817,0.3461887054810592,0.0087209302325581,0.6,0.9772590863621208,0.0171919770773638,0.7657385009370186,0.564234659613669,0.0,0.0,0.9926661777451832,0.0,0.0,0.0,0.99865618101091,0.9524666666666668,0.5718113951232104,0.9748184581138996,0.7378241367858082,0.5651673580106796,,
2024-07-15 16:27:02,hf_copula_syn_100000,500,0.1,2,5.0,4,0.9995803902370796,0.9537568397170691,0.5714285714285714,0.9761311251493938,0.738243800116028,0.5658409484610304,0.0115384615384615,0.375,0.9828575240128068,0.0223880597014925,0.607100956600138,0.3461676712171607,0.0089285714285714,0.6,0.9777925975325108,0.0175953079178885,0.7659474907064494,0.5645113902033142,0.0,0.0,0.99299953330222,0.0,0.0,0.0,0.9986565785761552,0.9532666666666668,0.5718115596094426,0.9752378748337346,0.7381338755763418,0.5656856234638503,,
2024-07-15 16:27:12,hf_copula_syn_100000,500,0.1,2,7.0,4,0.9995801847187238,0.9532897370879488,0.5714285714285714,0.9758863310335404,0.7380630004421608,0.5655383829197151,0.0114068441064638,0.375,0.982657417289221,0.022140221402214,0.6070391515243954,0.3461045664233304,0.0089285714285714,0.6,0.9777925975325108,0.0175953079178885,0.7659474907064494,0.5645113902033142,0.0,0.0,0.9927328488565904,0.0,0.0,0.0,0.9986563030536528,0.9528,0.5718114351068936,0.974993177011963,0.7379532116861298,0.5653833066611502,,
2024-07-15 16:27:21,hf_copula_syn_100000,500,0.1,2,9.0,4,0.9995801259622114,0.9531562791939144,0.5714285714285714,0.9758163683563328,0.7380113352570887,0.5654519402021702,0.0113636363636363,0.375,0.9825907150480256,0.0220588235294117,0.6070185484340734,0.3460835308246753,0.008955223880597,0.6,0.9778592864288096,0.0176470588235294,0.7659736104183262,0.5645459791254194,0.0,0.0,0.9925995066337756,0.0,0.0,0.0,0.9986562301920008,0.9526666666666668,0.5718114128725155,0.9749232534713572,0.7379015924401531,0.5652969449341297,,
2024-07-15 16:27:30,hf_copula_syn_100000,500,0.1,4,1.0,4,0.9995747395279608,0.9410783397837982,0.5714285714285714,0.9694449218078708,0.7333205651725768,0.5576373021796104,0.0105263157894736,0.375,0.9811899679829242,0.0204778156996587,0.6065857218840521,0.3456417061707191,0.0072639225181598,0.6,0.972657552517506,0.0143540669856459,0.7639335910342623,0.561846440532973,0.0,0.0,0.9871324754983666,0.0,0.0,0.0,0.9986498384469952,0.9406,0.5718085674273681,0.9685558127382184,0.733214289560432,0.5574884650877114,,
2024-07-15 16:27:41,hf_copula_syn_100000,500,0.1,4,3.0,4,0.99957346982299,0.9382757240090752,0.5714285714285714,0.9679551165112036,0.7322278037445822,0.5558263438730794,0.0104166666666666,0.375,0.9809898612593384,0.0202702702702702,0.6065238643056445,0.3455785763502008,0.0068493150684931,0.6,0.9709903301100368,0.0135440180586907,0.7632785848338874,0.5609805166799513,0.0,0.0,0.9861990799386626,0.0,0.0,0.0,0.998648373245067,0.9378,0.5718078427366089,0.9670670172192902,0.7321222967169948,0.5556788746984112,,
2024-07-15 16:27:52,hf_copula_syn_100000,500,0.1,4,5.0,4,0.9995738636363636,0.939143200320299,0.5714285714285714,0.968416706805202,0.7325662136120428,0.5563867826619975,0.0100671140939597,0.375,0.9803228388473852,0.0196078431372549,0.6063176267994932,0.3453681219253435,0.0072639225181598,0.6,0.972657552517506,0.0143540669856459,0.7639335910342623,0.561846440532973,0.0,0.0,0.9860657377158476,0.0,0.0,0.0,0.998648718465326,0.9386666666666666,0.5718080338426436,0.9675280934175188,0.7324604990773094,0.5562389668100507,,
2024-07-15 16:28:03,hf_copula_syn_100000,500,0.1,4,7.0,4,0.9995738333688472,0.9390764713732818,0.5714285714285714,0.9683812145191812,0.7325401876341107,0.556343668932611,0.01,0.375,0.9801894343649946,0.0194805194805194,0.6062763708795461,0.3453260270361019,0.0070754716981132,0.6,0.9719239746582194,0.0139860139860139,0.76364545752262,0.5614654751317016,0.0,0.0,0.9868657910527368,0.0,0.0,0.0,0.9986485896149356,0.9386,0.5718077715045222,0.9674924436673482,0.7324343793426289,0.5561957438810704,,
2024-07-15 16:28:13,hf_copula_syn_100000,500,0.1,4,9.0,4,0.9995741660752306,0.9398104897904712,0.5714285714285714,0.968771495391388,0.7328264225548604,0.556817947944592,0.0100671140939597,0.375,0.9803228388473852,0.0196078431372549,0.6063176267994932,0.3453681219253435,0.0070754716981132,0.6,0.9719239746582194,0.0139860139860139,0.76364545752262,0.5614654751317016,0.0,0.0,0.9874658310554036,0.0,0.0,0.0,0.9986489578049764,0.9393333333333334,0.5718078826562463,0.967882428183358,0.732720369113943,0.5566696026832477,,
2024-07-15 16:28:23,hf_copula_syn_100000,500,0.1,8,1.0,4,0.9995723144914106,0.935740024022421,0.5714285714285714,0.9666034809581252,0.7312377076954314,0.5541886312929155,0.0091463414634146,0.375,0.978321771611526,0.0178571428571428,0.6056984929437437,0.3447365584372676,0.0068181818181818,0.6,0.9708569523174392,0.0134831460674157,0.7632261600537965,0.5609112283621048,0.0,0.0,0.9864657643842922,0.0,0.0,0.0,0.998646531107272,0.9352666666666668,0.5718063930751622,0.9657153359007772,0.7311326670845035,0.5540422184776628,,
2024-07-15 16:28:33,hf_copula_syn_100000,500,0.1,8,3.0,4,0.999572223014402,0.9355398371813692,0.5714285714285714,0.966496622087412,0.7311594851159822,0.5540593694909696,0.0096153846153846,0.375,0.979389007470651,0.01875,0.6060287763807046,0.3450734296707621,0.0091533180778032,0.8,0.9711237079026342,0.0180995475113122,0.8814187236053631,0.7636043831438313,0.0,0.0,0.9849989999333288,0.0,0.0,0.0,0.9986474682507426,0.9351333333333334,0.5718069534018522,0.9656105917559674,0.7310940911851455,0.5539808213696502,,
2024-07-15 16:28:43,hf_copula_syn_100000,500,0.1,8,5.0,4,0.9995724973281084,0.9361403977045242,0.5714285714285714,0.96681713242135,0.7313941277566227,0.5544471686367288,0.0094637223974763,0.375,0.9790554962646744,0.0184615384615384,0.6059255821462343,0.3449681665867473,0.0093023255813953,0.8,0.9715905301767256,0.0183908045977011,0.8816305485527259,0.7639351654063636,0.0,0.0,0.9854656977131808,0.0,0.0,0.0,0.9986477110910744,0.9357333333333332,0.571806962249819,0.9659307461864686,0.7313285303973788,0.554368312689983,,
2024-07-15 16:28:56,hf_copula_syn_100000,500,0.1,8,7.0,4,0.9995720399429386,0.935139463499266,0.5714285714285714,0.9662828380335102,0.7310030148459488,0.5538008596269995,0.0089020771513353,0.375,0.9777214514407684,0.017391304347826,0.6055126293400396,0.3445470308283949,0.0069767441860465,0.6,0.9715238412804268,0.0137931034482758,0.7634882479568733,0.5612576486037749,0.0,0.0,0.985799053270218,0.0,0.0,0.0,0.998646179394868,0.9346666666666666,0.5718062507533181,0.965394847114814,0.7308981815170595,0.5536548231239907,,
2024-07-15 16:29:06,hf_copula_syn_100000,500,0.1,8,9.0,4,0.9995733485031644,0.9380088082210064,0.5714285714285714,0.9678130056112086,0.7321236461617302,0.5556539184709204,0.0096153846153846,0.375,0.979389007470651,0.01875,0.6060287763807046,0.3450734296707621,0.0071770334928229,0.6,0.972324108036012,0.0141843971631205,0.7638026347307314,0.5616732824468219,0.0,0.0,0.9861990799386626,0.0,0.0,0.0,0.9986479339275206,0.9375333333333332,0.5718074335405636,0.966924441605026,0.7320181469842926,0.5555065717369875,,
2024-07-15 16:29:18,hf_copula_syn_100000,500,0.1,10,1.0,4,0.9995728929384966,0.937007874015748,0.5714285714285714,0.967279740993318,0.7317329231804058,0.5550073957290771,0.0096153846153846,0.375,0.979389007470651,0.01875,0.6060287763807046,0.3450734296707621,0.0071942446043165,0.6,0.9723907969323108,0.0142180094786729,0.7638288277876047,0.5617079151314303,0.0,0.0,0.9851323421561438,0.0,0.0,0.0,0.9986474845250836,0.9365333333333332,0.5718073846543436,0.966391685904884,0.7316277974087696,0.5548606639605981,,
2024-07-15 16:29:34,hf_copula_syn_100000,500,0.1,10,3.0,4,0.9995720094157928,0.9350727345522488,0.5714285714285714,0.9662471987588348,0.7309769332113013,0.5537577764307718,0.0093167701863354,0.375,0.978721985058698,0.0181818181818181,0.6058223703339221,0.3448628951605033,0.0091743119266055,0.8,0.9711903967989328,0.0181405895691609,0.8814489874287373,0.7636516398875206,0.0,0.0,0.9851323421561438,0.0,0.0,0.0,0.9986471025884128,0.9346666666666666,0.5718066287756793,0.96536111187288,0.7309116096669583,0.5536794132634846,,
2024-07-15 16:29:49,hf_copula_syn_100000,500,0.1,10,5.0,4,0.9995723144914106,0.935740024022421,0.5714285714285714,0.9666034809581252,0.7312377076954314,0.5541886312929155,0.009375,0.375,0.9788553895410884,0.0182926829268292,0.6058636571687629,0.3449050047320685,0.0069930069930069,0.6,0.9715905301767256,0.0138248847926267,0.7635144517990706,0.561292287692652,0.0,0.0,0.9851990132675512,0.0,0.0,0.0,0.9986467113335497,0.9352666666666668,0.5718068377472701,0.9657156821017228,0.7311328512693387,0.5540424353354635,,
2024-07-15 16:30:05,hf_copula_syn_100000,500,0.1,10,7.0,4,0.999572223014402,0.9355398371813692,0.5714285714285714,0.966496622087412,0.7311594851159822,0.5540593694909696,0.0087209302325581,0.375,0.9772545357524012,0.0170454545454545,0.6053680293070905,0.3443996017793446,0.0095465393794749,0.8,0.972324108036012,0.0188679245283018,0.8819633135390664,0.7644548956576723,0.0,0.0,0.9859323954930328,0.0,0.0,0.0,0.9986471222821722,0.9351333333333334,0.5718062773766841,0.9656099387907308,0.7310939203166841,0.5539807454989462,,
2024-07-15 16:30:23,hf_copula_syn_100000,500,0.1,10,9.0,4,0.9995731360273192,0.9375417055918858,0.5714285714285714,0.9675642173404037,0.7319413347264093,0.5553521936092527,0.0098684210526315,0.375,0.9799226254002136,0.0192307692307692,0.606193850616352,0.3452418332533488,0.0094339622641509,0.8,0.971990663554518,0.0186480186480186,0.8818120722940997,0.7642186653081315,0.0,0.0,0.9855990399359956,0.0,0.0,0.0,0.9986486089123432,0.9371333333333334,0.5718075669859654,0.9666776298206916,0.7318754302250915,0.5552727334280552,,
2024-07-15 16:30:35,hf_copula_syn_100000,1500,0.1,2,1.0,4,0.9995774647887324,0.9471506739623649,0.5714285714285714,0.972658123757966,0.7356826466282338,0.5615641247006335,0.0112781954887218,0.375,0.982457310565635,0.0218978102189781,0.606977340155391,0.3460414586262976,0.0075757575757575,0.6,0.9737912637545848,0.0149625935162094,0.7643786746454606,0.5624350782260309,0.0,0.0,0.990799386625775,0.0,0.0,0.0,0.9986530661117154,0.9466666666666668,0.5718098657078996,0.9717669758724142,0.7355745236310122,0.5614120319882557,,
2024-07-15 16:30:47,hf_copula_syn_100000,1500,0.1,2,3.0,4,0.9995776729781094,0.9476177765914854,0.5714285714285714,0.97290446339876,0.7358640311484124,0.5618663625193743,0.0111111111111111,0.375,0.9821905016008536,0.0215827338129496,0.6068949152038763,0.3459573102252721,0.0076726342710997,0.6,0.9741247082360788,0.0151515151515151,0.7645095322765094,0.5626081776063845,0.0,0.0,0.9911994132942196,0.0,0.0,0.0,0.9986532172873462,0.9471333333333334,0.5718098612263902,0.9720129805293386,0.7357557385182081,0.5617140005390118,,
2024-07-15 16:30:59,hf_copula_syn_100000,1500,0.1,2,5.0,4,0.9995779700358726,0.9482850660616576,0.5714285714285714,0.973256172311064,0.7361230743609803,0.56229817408717,0.0111111111111111,0.375,0.9821905016008536,0.0215827338129496,0.6068949152038763,0.3459573102252721,0.0077922077922077,0.6,0.9745248416138712,0.0153846153846153,0.7646665318740731,0.5628158792510697,0.0,0.0,0.9914660977398492,0.0,0.0,0.0,0.9986535539256958,0.9478,0.5718100123831458,0.9723644388800688,0.7360145922903103,0.5621454783165591,,
2024-07-15 16:31:12,hf_copula_syn_100000,1500,0.1,2,7.0,4,0.9995782666760386,0.9489523555318296,0.5714285714285714,0.9736076404340532,0.7363820264477747,0.5627300365435641,0.0111524163568773,0.375,0.9822572038420492,0.0216606498194945,0.6069155224912017,0.3459783478260622,0.008,0.6,0.9751917305768588,0.0157894736842105,0.7649281262616217,0.563162005963753,0.0,0.0,0.991399426628442,0.0,0.0,0.0,0.9986539415825314,0.9484666666666668,0.5718102658092546,0.9727157554741132,0.7362734008771726,0.562577064296952,,
2024-07-15 16:31:26,hf_copula_syn_100000,1500,0.1,2,9.0,4,0.9995768389872346,0.9457493660750034,0.5714285714285714,0.9719183953368764,0.7351382245440079,0.5606575608568908,0.0105633802816901,0.375,0.9812566702241196,0.0205479452054794,0.6066063396751181,0.3456627487768468,0.0076142131979695,0.6,0.9739246415471824,0.0150375939849624,0.7644310203859531,0.5625043195792396,0.0,0.0,0.990466031068738,0.0,0.0,0.0,0.9986520724780628,0.9452666666666668,0.5718092476019446,0.9710272429366664,0.7350304292557223,0.5605061353726317,,
2024-07-15 16:31:35,hf_copula_syn_100000,1500,0.1,4,1.0,4,0.9995747395279608,0.9410783397837982,0.5714285714285714,0.9694449218078708,0.7333205651725768,0.5576373021796104,0.0105263157894736,0.375,0.9811899679829242,0.0204778156996587,0.6065857218840521,0.3456417061707191,0.0072639225181598,0.6,0.972657552517506,0.0143540669856459,0.7639335910342623,0.561846440532973,0.0,0.0,0.9871324754983666,0.0,0.0,0.0,0.9986498384469952,0.9406,0.5718085674273681,0.9685558127382184,0.733214289560432,0.5574884650877114,,
2024-07-15 16:31:47,hf_copula_syn_100000,1500,0.1,4,3.0,4,0.99957346982299,0.9382757240090752,0.5714285714285714,0.9679551165112036,0.7322278037445822,0.5558263438730794,0.0104166666666666,0.375,0.9809898612593384,0.0202702702702702,0.6065238643056445,0.3455785763502008,0.0068493150684931,0.6,0.9709903301100368,0.0135440180586907,0.7632785848338874,0.5609805166799513,0.0,0.0,0.9861990799386626,0.0,0.0,0.0,0.998648373245067,0.9378,0.5718078427366089,0.9670670172192902,0.7321222967169948,0.5556788746984112,,
2024-07-15 16:31:58,hf_copula_syn_100000,1500,0.1,4,5.0,4,0.9995738636363636,0.939143200320299,0.5714285714285714,0.968416706805202,0.7325662136120428,0.5563867826619975,0.0100671140939597,0.375,0.9803228388473852,0.0196078431372549,0.6063176267994932,0.3453681219253435,0.0072639225181598,0.6,0.972657552517506,0.0143540669856459,0.7639335910342623,0.561846440532973,0.0,0.0,0.9860657377158476,0.0,0.0,0.0,0.998648718465326,0.9386666666666666,0.5718080338426436,0.9675280934175188,0.7324604990773094,0.5562389668100507,,
2024-07-15 16:32:10,hf_copula_syn_100000,1500,0.1,4,7.0,4,0.9995738333688472,0.9390764713732818,0.5714285714285714,0.9683812145191812,0.7325401876341107,0.556343668932611,0.01,0.375,0.9801894343649946,0.0194805194805194,0.6062763708795461,0.3453260270361019,0.0070754716981132,0.6,0.9719239746582194,0.0139860139860139,0.76364545752262,0.5614654751317016,0.0,0.0,0.9868657910527368,0.0,0.0,0.0,0.9986485896149356,0.9386,0.5718077715045222,0.9674924436673482,0.7324343793426289,0.5561957438810704,,
2024-07-15 16:32:19,hf_copula_syn_100000,1500,0.1,4,9.0,4,0.9995741660752306,0.9398104897904712,0.5714285714285714,0.968771495391388,0.7328264225548604,0.556817947944592,0.0100671140939597,0.375,0.9803228388473852,0.0196078431372549,0.6063176267994932,0.3453681219253435,0.0070754716981132,0.6,0.9719239746582194,0.0139860139860139,0.76364545752262,0.5614654751317016,0.0,0.0,0.9874658310554036,0.0,0.0,0.0,0.9986489578049764,0.9393333333333334,0.5718078826562463,0.967882428183358,0.732720369113943,0.5566696026832477,,
2024-07-15 16:32:29,hf_copula_syn_100000,1500,0.1,8,1.0,4,0.9995723144914106,0.935740024022421,0.5714285714285714,0.9666034809581252,0.7312377076954314,0.5541886312929155,0.0091463414634146,0.375,0.978321771611526,0.0178571428571428,0.6056984929437437,0.3447365584372676,0.0068181818181818,0.6,0.9708569523174392,0.0134831460674157,0.7632261600537965,0.5609112283621048,0.0,0.0,0.9864657643842922,0.0,0.0,0.0,0.998646531107272,0.9352666666666668,0.5718063930751622,0.9657153359007772,0.7311326670845035,0.5540422184776628,,
2024-07-15 16:32:40,hf_copula_syn_100000,1500,0.1,8,3.0,4,0.999572223014402,0.9355398371813692,0.5714285714285714,0.966496622087412,0.7311594851159822,0.5540593694909696,0.0096153846153846,0.375,0.979389007470651,0.01875,0.6060287763807046,0.3450734296707621,0.0091533180778032,0.8,0.9711237079026342,0.0180995475113122,0.8814187236053631,0.7636043831438313,0.0,0.0,0.9849989999333288,0.0,0.0,0.0,0.9986474682507426,0.9351333333333334,0.5718069534018522,0.9656105917559674,0.7310940911851455,0.5539808213696502,,
2024-07-15 16:32:51,hf_copula_syn_100000,1500,0.1,8,5.0,4,0.9995724973281084,0.9361403977045242,0.5714285714285714,0.96681713242135,0.7313941277566227,0.5544471686367288,0.0094637223974763,0.375,0.9790554962646744,0.0184615384615384,0.6059255821462343,0.3449681665867473,0.0093023255813953,0.8,0.9715905301767256,0.0183908045977011,0.8816305485527259,0.7639351654063636,0.0,0.0,0.9854656977131808,0.0,0.0,0.0,0.9986477110910744,0.9357333333333332,0.571806962249819,0.9659307461864686,0.7313285303973788,0.554368312689983,,
2024-07-15 16:33:04,hf_copula_syn_100000,1500,0.1,8,7.0,4,0.9995720399429386,0.935139463499266,0.5714285714285714,0.9662828380335102,0.7310030148459488,0.5538008596269995,0.0089020771513353,0.375,0.9777214514407684,0.017391304347826,0.6055126293400396,0.3445470308283949,0.0069767441860465,0.6,0.9715238412804268,0.0137931034482758,0.7634882479568733,0.5612576486037749,0.0,0.0,0.985799053270218,0.0,0.0,0.0,0.998646179394868,0.9346666666666666,0.5718062507533181,0.965394847114814,0.7308981815170595,0.5536548231239907,,
2024-07-15 16:33:14,hf_copula_syn_100000,1500,0.1,8,9.0,4,0.9995733485031644,0.9380088082210064,0.5714285714285714,0.9678130056112086,0.7321236461617302,0.5556539184709204,0.0096153846153846,0.375,0.979389007470651,0.01875,0.6060287763807046,0.3450734296707621,0.0071770334928229,0.6,0.972324108036012,0.0141843971631205,0.7638026347307314,0.5616732824468219,0.0,0.0,0.9861990799386626,0.0,0.0,0.0,0.9986479339275206,0.9375333333333332,0.5718074335405636,0.966924441605026,0.7320181469842926,0.5555065717369875,,
2024-07-15 16:33:25,hf_copula_syn_100000,1500,0.1,10,1.0,4,0.9995728929384966,0.937007874015748,0.5714285714285714,0.967279740993318,0.7317329231804058,0.5550073957290771,0.0096153846153846,0.375,0.979389007470651,0.01875,0.6060287763807046,0.3450734296707621,0.0071942446043165,0.6,0.9723907969323108,0.0142180094786729,0.7638288277876047,0.5617079151314303,0.0,0.0,0.9851323421561438,0.0,0.0,0.0,0.9986474845250836,0.9365333333333332,0.5718073846543436,0.966391685904884,0.7316277974087696,0.5548606639605981,,
2024-07-15 16:33:39,hf_copula_syn_100000,1500,0.1,10,3.0,4,0.9995720094157928,0.9350727345522488,0.5714285714285714,0.9662471987588348,0.7309769332113013,0.5537577764307718,0.0093167701863354,0.375,0.978721985058698,0.0181818181818181,0.6058223703339221,0.3448628951605033,0.0091743119266055,0.8,0.9711903967989328,0.0181405895691609,0.8814489874287373,0.7636516398875206,0.0,0.0,0.9851323421561438,0.0,0.0,0.0,0.9986471025884128,0.9346666666666666,0.5718066287756793,0.96536111187288,0.7309116096669583,0.5536794132634846,,
2024-07-15 16:33:53,hf_copula_syn_100000,1500,0.1,10,5.0,4,0.9995723144914106,0.935740024022421,0.5714285714285714,0.9666034809581252,0.7312377076954314,0.5541886312929155,0.009375,0.375,0.9788553895410884,0.0182926829268292,0.6058636571687629,0.3449050047320685,0.0069930069930069,0.6,0.9715905301767256,0.0138248847926267,0.7635144517990706,0.561292287692652,0.0,0.0,0.9851990132675512,0.0,0.0,0.0,0.9986467113335497,0.9352666666666668,0.5718068377472701,0.9657156821017228,0.7311328512693387,0.5540424353354635,,
2024-07-15 16:34:09,hf_copula_syn_100000,1500,0.1,10,7.0,4,0.999572223014402,0.9355398371813692,0.5714285714285714,0.966496622087412,0.7311594851159822,0.5540593694909696,0.0087209302325581,0.375,0.9772545357524012,0.0170454545454545,0.6053680293070905,0.3443996017793446,0.0095465393794749,0.8,0.972324108036012,0.0188679245283018,0.8819633135390664,0.7644548956576723,0.0,0.0,0.9859323954930328,0.0,0.0,0.0,0.9986471222821722,0.9351333333333334,0.5718062773766841,0.9656099387907308,0.7310939203166841,0.5539807454989462,,
2024-07-15 16:34:26,hf_copula_syn_100000,1500,0.1,10,9.0,4,0.9995731360273192,0.9375417055918858,0.5714285714285714,0.9675642173404037,0.7319413347264093,0.5553521936092527,0.0098684210526315,0.375,0.9799226254002136,0.0192307692307692,0.606193850616352,0.3452418332533488,0.0094339622641509,0.8,0.971990663554518,0.0186480186480186,0.8818120722940997,0.7642186653081315,0.0,0.0,0.9855990399359956,0.0,0.0,0.0,0.9986486089123432,0.9371333333333334,0.5718075669859654,0.9666776298206916,0.7318754302250915,0.5552727334280552,,
2024-07-15 16:34:39,hf_copula_syn_100000,1000,0.1,2,1.0,4,0.9995774647887324,0.9471506739623649,0.5714285714285714,0.972658123757966,0.7356826466282338,0.5615641247006335,0.0112781954887218,0.375,0.982457310565635,0.0218978102189781,0.606977340155391,0.3460414586262976,0.0075757575757575,0.6,0.9737912637545848,0.0149625935162094,0.7643786746454606,0.5624350782260309,0.0,0.0,0.990799386625775,0.0,0.0,0.0,0.9986530661117154,0.9466666666666668,0.5718098657078996,0.9717669758724142,0.7355745236310122,0.5614120319882557,,
2024-07-15 16:34:53,hf_copula_syn_100000,1000,0.1,2,3.0,4,0.9995776729781094,0.9476177765914854,0.5714285714285714,0.97290446339876,0.7358640311484124,0.5618663625193743,0.0111111111111111,0.375,0.9821905016008536,0.0215827338129496,0.6068949152038763,0.3459573102252721,0.0076726342710997,0.6,0.9741247082360788,0.0151515151515151,0.7645095322765094,0.5626081776063845,0.0,0.0,0.9911994132942196,0.0,0.0,0.0,0.9986532172873462,0.9471333333333334,0.5718098612263902,0.9720129805293386,0.7357557385182081,0.5617140005390118,,
2024-07-15 16:35:04,hf_copula_syn_100000,1000,0.1,2,5.0,4,0.9995779700358726,0.9482850660616576,0.5714285714285714,0.973256172311064,0.7361230743609803,0.56229817408717,0.0111111111111111,0.375,0.9821905016008536,0.0215827338129496,0.6068949152038763,0.3459573102252721,0.0077922077922077,0.6,0.9745248416138712,0.0153846153846153,0.7646665318740731,0.5628158792510697,0.0,0.0,0.9914660977398492,0.0,0.0,0.0,0.9986535539256958,0.9478,0.5718100123831458,0.9723644388800688,0.7360145922903103,0.5621454783165591,,
2024-07-15 16:35:16,hf_copula_syn_100000,1000,0.1,2,7.0,4,0.9995782666760386,0.9489523555318296,0.5714285714285714,0.9736076404340532,0.7363820264477747,0.5627300365435641,0.0111524163568773,0.375,0.9822572038420492,0.0216606498194945,0.6069155224912017,0.3459783478260622,0.008,0.6,0.9751917305768588,0.0157894736842105,0.7649281262616217,0.563162005963753,0.0,0.0,0.991399426628442,0.0,0.0,0.0,0.9986539415825314,0.9484666666666668,0.5718102658092546,0.9727157554741132,0.7362734008771726,0.562577064296952,,
2024-07-15 16:35:29,hf_copula_syn_100000,1000,0.1,2,9.0,4,0.9995768389872346,0.9457493660750034,0.5714285714285714,0.9719183953368764,0.7351382245440079,0.5606575608568908,0.0105633802816901,0.375,0.9812566702241196,0.0205479452054794,0.6066063396751181,0.3456627487768468,0.0076142131979695,0.6,0.9739246415471824,0.0150375939849624,0.7644310203859531,0.5625043195792396,0.0,0.0,0.990466031068738,0.0,0.0,0.0,0.9986520724780628,0.9452666666666668,0.5718092476019446,0.9710272429366664,0.7350304292557223,0.5605061353726317,,
2024-07-15 16:35:39,hf_copula_syn_100000,1000,0.1,4,1.0,4,0.9995747395279608,0.9410783397837982,0.5714285714285714,0.9694449218078708,0.7333205651725768,0.5576373021796104,0.0105263157894736,0.375,0.9811899679829242,0.0204778156996587,0.6065857218840521,0.3456417061707191,0.0072639225181598,0.6,0.972657552517506,0.0143540669856459,0.7639335910342623,0.561846440532973,0.0,0.0,0.9871324754983666,0.0,0.0,0.0,0.9986498384469952,0.9406,0.5718085674273681,0.9685558127382184,0.733214289560432,0.5574884650877114,,
2024-07-15 16:35:48,hf_copula_syn_100000,1000,0.1,4,3.0,4,0.99957346982299,0.9382757240090752,0.5714285714285714,0.9679551165112036,0.7322278037445822,0.5558263438730794,0.0104166666666666,0.375,0.9809898612593384,0.0202702702702702,0.6065238643056445,0.3455785763502008,0.0068493150684931,0.6,0.9709903301100368,0.0135440180586907,0.7632785848338874,0.5609805166799513,0.0,0.0,0.9861990799386626,0.0,0.0,0.0,0.998648373245067,0.9378,0.5718078427366089,0.9670670172192902,0.7321222967169948,0.5556788746984112,,
2024-07-15 16:35:59,hf_copula_syn_100000,1000,0.1,4,5.0,4,0.9995738636363636,0.939143200320299,0.5714285714285714,0.968416706805202,0.7325662136120428,0.5563867826619975,0.0100671140939597,0.375,0.9803228388473852,0.0196078431372549,0.6063176267994932,0.3453681219253435,0.0072639225181598,0.6,0.972657552517506,0.0143540669856459,0.7639335910342623,0.561846440532973,0.0,0.0,0.9860657377158476,0.0,0.0,0.0,0.998648718465326,0.9386666666666666,0.5718080338426436,0.9675280934175188,0.7324604990773094,0.5562389668100507,,
2024-07-15 16:36:10,hf_copula_syn_100000,1000,0.1,4,7.0,4,0.9995738333688472,0.9390764713732818,0.5714285714285714,0.9683812145191812,0.7325401876341107,0.556343668932611,0.01,0.375,0.9801894343649946,0.0194805194805194,0.6062763708795461,0.3453260270361019,0.0070754716981132,0.6,0.9719239746582194,0.0139860139860139,0.76364545752262,0.5614654751317016,0.0,0.0,0.9868657910527368,0.0,0.0,0.0,0.9986485896149356,0.9386,0.5718077715045222,0.9674924436673482,0.7324343793426289,0.5561957438810704,,
2024-07-15 16:36:19,hf_copula_syn_100000,1000,0.1,4,9.0,4,0.9995741660752306,0.9398104897904712,0.5714285714285714,0.968771495391388,0.7328264225548604,0.556817947944592,0.0100671140939597,0.375,0.9803228388473852,0.0196078431372549,0.6063176267994932,0.3453681219253435,0.0070754716981132,0.6,0.9719239746582194,0.0139860139860139,0.76364545752262,0.5614654751317016,0.0,0.0,0.9874658310554036,0.0,0.0,0.0,0.9986489578049764,0.9393333333333334,0.5718078826562463,0.967882428183358,0.732720369113943,0.5566696026832477,,
2024-07-15 16:36:28,hf_copula_syn_100000,1000,0.1,8,1.0,4,0.9995723144914106,0.935740024022421,0.5714285714285714,0.9666034809581252,0.7312377076954314,0.5541886312929155,0.0091463414634146,0.375,0.978321771611526,0.0178571428571428,0.6056984929437437,0.3447365584372676,0.0068181818181818,0.6,0.9708569523174392,0.0134831460674157,0.7632261600537965,0.5609112283621048,0.0,0.0,0.9864657643842922,0.0,0.0,0.0,0.998646531107272,0.9352666666666668,0.5718063930751622,0.9657153359007772,0.7311326670845035,0.5540422184776628,,
2024-07-15 16:36:38,hf_copula_syn_100000,1000,0.1,8,3.0,4,0.999572223014402,0.9355398371813692,0.5714285714285714,0.966496622087412,0.7311594851159822,0.5540593694909696,0.0096153846153846,0.375,0.979389007470651,0.01875,0.6060287763807046,0.3450734296707621,0.0091533180778032,0.8,0.9711237079026342,0.0180995475113122,0.8814187236053631,0.7636043831438313,0.0,0.0,0.9849989999333288,0.0,0.0,0.0,0.9986474682507426,0.9351333333333334,0.5718069534018522,0.9656105917559674,0.7310940911851455,0.5539808213696502,,
2024-07-15 16:36:50,hf_copula_syn_100000,1000,0.1,8,5.0,4,0.9995724973281084,0.9361403977045242,0.5714285714285714,0.96681713242135,0.7313941277566227,0.5544471686367288,0.0094637223974763,0.375,0.9790554962646744,0.0184615384615384,0.6059255821462343,0.3449681665867473,0.0093023255813953,0.8,0.9715905301767256,0.0183908045977011,0.8816305485527259,0.7639351654063636,0.0,0.0,0.9854656977131808,0.0,0.0,0.0,0.9986477110910744,0.9357333333333332,0.571806962249819,0.9659307461864686,0.7313285303973788,0.554368312689983,,
2024-07-15 16:37:01,hf_copula_syn_100000,1000,0.1,8,7.0,4,0.9995720399429386,0.935139463499266,0.5714285714285714,0.9662828380335102,0.7310030148459488,0.5538008596269995,0.0089020771513353,0.375,0.9777214514407684,0.017391304347826,0.6055126293400396,0.3445470308283949,0.0069767441860465,0.6,0.9715238412804268,0.0137931034482758,0.7634882479568733,0.5612576486037749,0.0,0.0,0.985799053270218,0.0,0.0,0.0,0.998646179394868,0.9346666666666666,0.5718062507533181,0.965394847114814,0.7308981815170595,0.5536548231239907,,
2024-07-15 16:37:11,hf_copula_syn_100000,1000,0.1,8,9.0,4,0.9995733485031644,0.9380088082210064,0.5714285714285714,0.9678130056112086,0.7321236461617302,0.5556539184709204,0.0096153846153846,0.375,0.979389007470651,0.01875,0.6060287763807046,0.3450734296707621,0.0071770334928229,0.6,0.972324108036012,0.0141843971631205,0.7638026347307314,0.5616732824468219,0.0,0.0,0.9861990799386626,0.0,0.0,0.0,0.9986479339275206,0.9375333333333332,0.5718074335405636,0.966924441605026,0.7320181469842926,0.5555065717369875,,
2024-07-15 16:37:22,hf_copula_syn_100000,1000,0.1,10,1.0,4,0.9995728929384966,0.937007874015748,0.5714285714285714,0.967279740993318,0.7317329231804058,0.5550073957290771,0.0096153846153846,0.375,0.979389007470651,0.01875,0.6060287763807046,0.3450734296707621,0.0071942446043165,0.6,0.9723907969323108,0.0142180094786729,0.7638288277876047,0.5617079151314303,0.0,0.0,0.9851323421561438,0.0,0.0,0.0,0.9986474845250836,0.9365333333333332,0.5718073846543436,0.966391685904884,0.7316277974087696,0.5548606639605981,,
2024-07-15 16:37:36,hf_copula_syn_100000,1000,0.1,10,3.0,4,0.9995720094157928,0.9350727345522488,0.5714285714285714,0.9662471987588348,0.7309769332113013,0.5537577764307718,0.0093167701863354,0.375,0.978721985058698,0.0181818181818181,0.6058223703339221,0.3448628951605033,0.0091743119266055,0.8,0.9711903967989328,0.0181405895691609,0.8814489874287373,0.7636516398875206,0.0,0.0,0.9851323421561438,0.0,0.0,0.0,0.9986471025884128,0.9346666666666666,0.5718066287756793,0.96536111187288,0.7309116096669583,0.5536794132634846,,
2024-07-15 16:37:51,hf_copula_syn_100000,1000,0.1,10,5.0,4,0.9995723144914106,0.935740024022421,0.5714285714285714,0.9666034809581252,0.7312377076954314,0.5541886312929155,0.009375,0.375,0.9788553895410884,0.0182926829268292,0.6058636571687629,0.3449050047320685,0.0069930069930069,0.6,0.9715905301767256,0.0138248847926267,0.7635144517990706,0.561292287692652,0.0,0.0,0.9851990132675512,0.0,0.0,0.0,0.9986467113335497,0.9352666666666668,0.5718068377472701,0.9657156821017228,0.7311328512693387,0.5540424353354635,,
2024-07-15 16:38:08,hf_copula_syn_100000,1000,0.1,10,7.0,4,0.999572223014402,0.9355398371813692,0.5714285714285714,0.966496622087412,0.7311594851159822,0.5540593694909696,0.0087209302325581,0.375,0.9772545357524012,0.0170454545454545,0.6053680293070905,0.3443996017793446,0.0095465393794749,0.8,0.972324108036012,0.0188679245283018,0.8819633135390664,0.7644548956576723,0.0,0.0,0.9859323954930328,0.0,0.0,0.0,0.9986471222821722,0.9351333333333334,0.5718062773766841,0.9656099387907308,0.7310939203166841,0.5539807454989462,,
2024-07-15 16:38:25,hf_copula_syn_100000,1000,0.1,10,9.0,4,0.9995731360273192,0.9375417055918858,0.5714285714285714,0.9675642173404037,0.7319413347264093,0.5553521936092527,0.0098684210526315,0.375,0.9799226254002136,0.0192307692307692,0.606193850616352,0.3452418332533488,0.0094339622641509,0.8,0.971990663554518,0.0186480186480186,0.8818120722940997,0.7642186653081315,0.0,0.0,0.9855990399359956,0.0,0.0,0.0,0.9986486089123432,0.9371333333333334,0.5718075669859654,0.9666776298206916,0.7318754302250915,0.5552727334280552,,
2024-07-15 16:38:31,hf_copula_syn_100000,100,0.01,2,1.0,4,0.99958703283089,0.969104497531029,0.5714285714285714,0.9841097746908352,0.7441599280995715,0.5757962573632,0.0,0.0,1.0,0.0,0.0,0.0,0.0084925690021231,0.8,0.968856285428476,0.0168067226890756,0.8803891346119516,0.7619972304650622,0.0,0.0,1.0,0.0,0.0,0.0,0.9986569157899152,0.9684666666666668,0.5718181901903808,0.9831968744753536,0.743758841878216,0.5755128465998159,,
2024-07-15 16:38:36,hf_copula_syn_100000,100,0.01,2,3.0,4,0.99958703283089,0.969104497531029,0.5714285714285714,0.9841097746908352,0.7441599280995715,0.5757962573632,0.0,0.0,1.0,0.0,0.0,0.0,0.0084925690021231,0.8,0.968856285428476,0.0168067226890756,0.8803891346119516,0.7619972304650622,0.0,0.0,1.0,0.0,0.0,0.0,0.9986569157899152,0.9684666666666668,0.5718181901903808,0.9831968744753536,0.743758841878216,0.5755128465998159,,
2024-07-15 16:38:41,hf_copula_syn_100000,100,0.01,2,5.0,4,0.99958703283089,0.969104497531029,0.5714285714285714,0.9841097746908352,0.7441599280995715,0.5757962573632,0.0,0.0,1.0,0.0,0.0,0.0,0.0084925690021231,0.8,0.968856285428476,0.0168067226890756,0.8803891346119516,0.7619972304650622,0.0,0.0,1.0,0.0,0.0,0.0,0.9986569157899152,0.9684666666666668,0.5718181901903808,0.9831968744753536,0.743758841878216,0.5755128465998159,,
2024-07-15 16:38:47,hf_copula_syn_100000,100,0.01,2,7.0,4,0.99958703283089,0.969104497531029,0.5714285714285714,0.9841097746908352,0.7441599280995715,0.5757962573632,0.0,0.0,1.0,0.0,0.0,0.0,0.0084925690021231,0.8,0.968856285428476,0.0168067226890756,0.8803891346119516,0.7619972304650622,0.0,0.0,1.0,0.0,0.0,0.0,0.9986569157899152,0.9684666666666668,0.5718181901903808,0.9831968744753536,0.743758841878216,0.5755128465998159,,
2024-07-15 16:38:53,hf_copula_syn_100000,100,0.01,2,9.0,4,0.99958703283089,0.969104497531029,0.5714285714285714,0.9841097746908352,0.7441599280995715,0.5757962573632,0.0,0.0,1.0,0.0,0.0,0.0,0.0084925690021231,0.8,0.968856285428476,0.0168067226890756,0.8803891346119516,0.7619972304650622,0.0,0.0,1.0,0.0,0.0,0.0,0.9986569157899152,0.9684666666666668,0.5718181901903808,0.9831968744753536,0.743758841878216,0.5755128465998159,,
2024-07-15 16:38:58,hf_copula_syn_100000,100,0.01,4,1.0,4,0.9995876288659794,0.9705058054183904,0.5714285714285714,0.9848320693391116,0.7446977547658956,0.5767065615189336,0.0179640718562874,0.375,0.98906083244397,0.0342857142857142,0.6090138029359341,0.3481224302374286,0.0141342756183745,0.8,0.9813937979326444,0.0277777777777777,0.8860671748496924,0.7708735384841519,0.0,0.0,1.0,0.0,0.0,0.0,0.9986689726759008,0.9700666666666666,0.571816535138519,0.9839404377146068,0.74462286661463,0.576610925203804,,
2024-07-15 16:39:04,hf_copula_syn_100000,100,0.01,4,3.0,4,0.9995876288659794,0.9705058054183904,0.5714285714285714,0.9848320693391116,0.7446977547658956,0.5767065615189336,0.0179640718562874,0.375,0.98906083244397,0.0342857142857142,0.6090138029359341,0.3481224302374286,0.0141342756183745,0.8,0.9813937979326444,0.0277777777777777,0.8860671748496924,0.7708735384841519,0.0,0.0,1.0,0.0,0.0,0.0,0.9986689726759008,0.9700666666666666,0.571816535138519,0.9839404377146068,0.74462286661463,0.576610925203804,,
2024-07-15 16:39:10,hf_copula_syn_100000,100,0.01,4,5.0,4,0.9995876288659794,0.9705058054183904,0.5714285714285714,0.9848320693391116,0.7446977547658956,0.5767065615189336,0.0179640718562874,0.375,0.98906083244397,0.0342857142857142,0.6090138029359341,0.3481224302374286,0.0141342756183745,0.8,0.9813937979326444,0.0277777777777777,0.8860671748496924,0.7708735384841519,0.0,0.0,1.0,0.0,0.0,0.0,0.9986689726759008,0.9700666666666666,0.571816535138519,0.9839404377146068,0.74462286661463,0.576610925203804,,
2024-07-15 16:39:16,hf_copula_syn_100000,100,0.01,4,7.0,4,0.9995876288659794,0.9705058054183904,0.5714285714285714,0.9848320693391116,0.7446977547658956,0.5767065615189336,0.0179640718562874,0.375,0.98906083244397,0.0342857142857142,0.6090138029359341,0.3481224302374286,0.0141342756183745,0.8,0.9813937979326444,0.0277777777777777,0.8860671748496924,0.7708735384841519,0.0,0.0,1.0,0.0,0.0,0.0,0.9986689726759008,0.9700666666666666,0.571816535138519,0.9839404377146068,0.74462286661463,0.576610925203804,,
2024-07-15 16:39:21,hf_copula_syn_100000,100,0.01,4,9.0,4,0.9995876288659794,0.9705058054183904,0.5714285714285714,0.9848320693391116,0.7446977547658956,0.5767065615189336,0.0179640718562874,0.375,0.98906083244397,0.0342857142857142,0.6090138029359341,0.3481224302374286,0.0141342756183745,0.8,0.9813937979326444,0.0277777777777777,0.8860671748496924,0.7708735384841519,0.0,0.0,1.0,0.0,0.0,0.0,0.9986689726759008,0.9700666666666666,0.571816535138519,0.9839404377146068,0.74462286661463,0.576610925203804,,
2024-07-15 16:39:29,hf_copula_syn_100000,100,0.01,8,1.0,4,0.9995787995787996,0.9501534765781396,0.5714285714285714,0.9742396770551812,0.7368479108737005,0.563507517204342,0.0103092783505154,0.375,0.9807897545357523,0.020066889632107,0.6064620004179216,0.3455154435264799,0.0116959064327485,0.8,0.977459153051017,0.0230547550432276,0.8842891622319102,0.7680905965654218,0.0,0.0,0.991866124408294,0.0,0.0,0.0,0.9986552562831238,0.9497333333333332,0.5718102700903014,0.9733487739494144,0.7367783956111853,0.5634218819570205,,
2024-07-15 16:39:36,hf_copula_syn_100000,100,0.01,8,3.0,4,0.9995821727019498,0.9578273054851194,0.5714285714285714,0.978259387991549,0.7398174699536634,0.5684786464648822,0.0147783251231527,0.375,0.9866595517609392,0.0284360189573459,0.6082740598696875,0.3473660916914493,0.0116959064327485,0.8,0.977459153051017,0.0230547550432276,0.8842891622319102,0.7680905965654218,0.0,0.0,0.9936662444162944,0.0,0.0,0.0,0.998661009749638,0.9574,0.571813520656822,0.9773691966912152,0.7397461495343811,0.5683893585092723,,
2024-07-15 16:39:44,hf_copula_syn_100000,100,0.01,8,5.0,4,0.9995820562830872,0.9575603896970506,0.5714285714285714,0.9781201008792856,0.7397143810560747,0.5683056246483487,0.0144927536231884,0.375,0.986392742796158,0.027906976744186,0.6081918106556181,0.3472820273800954,0.0116959064327485,0.8,0.977459153051017,0.0230547550432276,0.8842891622319102,0.7680905965654218,0.0,0.0,0.9936662444162944,0.0,0.0,0.0,0.9986607411346328,0.9571333333333332,0.5718133783587074,0.9772297574244097,0.7396431129868494,0.5682164533454681,,
2024-07-15 16:39:52,hf_copula_syn_100000,100,0.01,8,7.0,4,0.9995819980493242,0.9574269318030162,0.5714285714285714,0.978050443081118,0.7396628312193589,0.5682191167933978,0.0144230769230769,0.375,0.9863260405549626,0.0277777777777777,0.6081712466140692,0.347261010468034,0.0116618075801749,0.8,0.9773924641547184,0.0229885057471264,0.8842589956137142,0.7680434067107621,0.0,0.0,0.9936662444162944,0.0,0.0,0.0,0.9986606344280308,0.957,0.5718133205545467,0.9771600736509728,0.7395915902402863,0.5681299992922104,,
2024-07-15 16:39:59,hf_copula_syn_100000,100,0.01,8,9.0,4,0.999582027168234,0.9574936607500334,0.5714285714285714,0.9780852731672404,0.7396886065867885,0.5682623704664301,0.0144927536231884,0.375,0.986392742796158,0.027906976744186,0.6081918106556181,0.3472820273800954,0.0116618075801749,0.8,0.9773924641547184,0.0229885057471264,0.8842589956137142,0.7680434067107621,0.0,0.0,0.9936662444162944,0.0,0.0,0.0,0.9986607006806696,0.9570666666666666,0.5718133561290754,0.9771949401351304,0.739617352518195,0.5681732238041677,,
2024-07-15 16:40:10,hf_copula_syn_100000,100,0.01,10,1.0,4,0.9995780887420012,0.9485519818497264,0.5714285714285714,0.9733967884411272,0.7362266661254055,0.5624709129630959,0.0117647058823529,0.375,0.9831910352187834,0.0228136882129277,0.6072039510799018,0.346272839199761,0.0104166666666666,0.8,0.9746582194064688,0.0205655526992287,0.8830212769379768,0.7661080099946622,0.0,0.0,0.9906660444029602,0.0,0.0,0.0,0.9986548959245348,0.9481333333333334,0.5718105371234504,0.9725073072565288,0.7361577037699104,0.5623859882952352,,
2024-07-15 16:40:21,hf_copula_syn_100000,100,0.01,10,3.0,4,0.999580008399832,0.9528893634058454,0.5714285714285714,0.9756764143208526,0.737907994034814,0.5652790608737126,0.0121951219512195,0.375,0.9837913553895412,0.0236220472440944,0.6073892971324717,0.3464621205460237,0.0101522842639593,0.8,0.9739913304434812,0.0200501253132832,0.882719131068759,0.7656357805608426,0.0,0.0,0.9950663377558504,0.0,0.0,0.0,0.998656955218454,0.9524666666666668,0.5718109283507774,0.974785064801121,0.737837460575875,0.565191458808042,,
2024-07-15 16:40:32,hf_copula_syn_100000,100,0.01,10,5.0,4,0.9995799201848352,0.9526891765647938,0.5714285714285714,0.975571423690594,0.7378304786195011,0.565149406720672,0.0135746606334841,0.375,0.9854589114194237,0.0262008733624454,0.6079038507710606,0.3469877602455212,0.0101522842639593,0.8,0.9739913304434812,0.0200501253132832,0.882719131068759,0.7656357805608426,0.0,0.0,0.9931995466364424,0.0,0.0,0.0,0.9986576028397552,0.9522666666666668,0.571811693261252,0.9746815475360472,0.7377602919368904,0.5650622060067173,,
2024-07-15 16:40:42,hf_copula_syn_100000,100,0.01,10,7.0,4,0.9995811225914548,0.9554250633924996,0.5714285714285714,0.9770044353462982,0.7388891520934845,0.5669217432344075,0.0144230769230769,0.375,0.9863260405549626,0.0277777777777777,0.6081712466140692,0.347261010468034,0.0101522842639593,0.8,0.9739913304434812,0.0200501253132832,0.882719131068759,0.7656357805608426,0.0,0.0,0.9950663377558504,0.0,0.0,0.0,0.9986592566128164,0.955,0.5718122801828657,0.9761140627298944,0.7388181199267476,0.5668330340731585,,
2024-07-15 16:40:53,hf_copula_syn_100000,100,0.01,10,9.0,4,0.9995810348439356,0.955224876551448,0.5714285714285714,0.9768997167912103,0.7388117396203362,0.5667920310683646,0.0142180094786729,0.375,0.9861259338313768,0.0273972602739726,0.6081095503170183,0.3471979577297148,0.0101522842639593,0.8,0.9739913304434812,0.0200501253132832,0.882719131068759,0.7656357805608426,0.0,0.0,0.9950663377558504,0.0,0.0,0.0,0.9986590595778913,0.9548,0.5718121734592797,0.9760092389694558,0.7387407468005492,0.566703409343677,,
2024-07-15 16:41:04,hf_copula_syn_100000,500,0.01,2,1.0,4,0.999587912087912,0.9711730948885626,0.5714285714285714,0.9851756582955392,0.7449537262287073,0.5771401185656582,0.0,0.0,0.996064567769477,0.0,0.0,0.0,0.0104986876640419,0.8,0.9748582860953652,0.0207253886010362,0.8831119005405216,0.766249664948892,0.0,0.0,1.0,0.0,0.0,0.0,0.998658462932518,0.9705333333333334,0.5718180919600803,0.9842630694773304,0.7445528067177406,0.57685687100998,,
2024-07-15 16:41:13,hf_copula_syn_100000,500,0.01,2,3.0,4,0.999587912087912,0.9711730948885626,0.5714285714285714,0.9851756582955392,0.7449537262287073,0.5771401185656582,0.0,0.0,0.996064567769477,0.0,0.0,0.0,0.0104986876640419,0.8,0.9748582860953652,0.0207253886010362,0.8831119005405216,0.766249664948892,0.0,0.0,1.0,0.0,0.0,0.0,0.998658462932518,0.9705333333333334,0.5718180919600803,0.9842630694773304,0.7445528067177406,0.57685687100998,,
2024-07-15 16:41:23,hf_copula_syn_100000,500,0.01,2,5.0,4,0.999587912087912,0.9711730948885626,0.5714285714285714,0.9851756582955392,0.7449537262287073,0.5771401185656582,0.0,0.0,0.996064567769477,0.0,0.0,0.0,0.0104986876640419,0.8,0.9748582860953652,0.0207253886010362,0.8831119005405216,0.766249664948892,0.0,0.0,1.0,0.0,0.0,0.0,0.998658462932518,0.9705333333333334,0.5718180919600803,0.9842630694773304,0.7445528067177406,0.57685687100998,,
2024-07-15 16:41:32,hf_copula_syn_100000,500,0.01,2,7.0,4,0.999587912087912,0.9711730948885626,0.5714285714285714,0.9851756582955392,0.7449537262287073,0.5771401185656582,0.0,0.0,0.996064567769477,0.0,0.0,0.0,0.0104986876640419,0.8,0.9748582860953652,0.0207253886010362,0.8831119005405216,0.766249664948892,0.0,0.0,1.0,0.0,0.0,0.0,0.998658462932518,0.9705333333333334,0.5718180919600803,0.9842630694773304,0.7445528067177406,0.57685687100998,,
2024-07-15 16:41:41,hf_copula_syn_100000,500,0.01,2,9.0,4,0.999587912087912,0.9711730948885626,0.5714285714285714,0.9851756582955392,0.7449537262287073,0.5771401185656582,0.0,0.0,0.996064567769477,0.0,0.0,0.0,0.0104986876640419,0.8,0.9748582860953652,0.0207253886010362,0.8831119005405216,0.766249664948892,0.0,0.0,1.0,0.0,0.0,0.0,0.998658462932518,0.9705333333333334,0.5718180919600803,0.9842630694773304,0.7445528067177406,0.57685687100998,,
2024-07-15 16:41:53,hf_copula_syn_100000,500,0.01,4,1.0,4,0.9995846601135262,0.9635659949286,0.5714285714285714,0.9812449035063876,0.7420304171388125,0.5722005849091168,0.0148514851485148,0.375,0.9867262540021344,0.0285714285714285,0.6082946204355258,0.3473871069350648,0.0117994100294985,0.8,0.9776592197399132,0.0232558139534883,0.8843796559125107,0.7682321618598889,0.0,0.0,0.9991332755517034,0.0,0.0,0.0,0.9986635683595092,0.9631333333333332,0.5718139873889894,0.9803520649630044,0.7419570724323528,0.5721078815408536,,
2024-07-15 16:42:04,hf_copula_syn_100000,500,0.01,4,3.0,4,0.9995846601135262,0.9635659949286,0.5714285714285714,0.9812449035063876,0.7420304171388125,0.5722005849091168,0.0146341463414634,0.375,0.9865261472785486,0.028169014084507,0.6082329366529371,0.3473240602031507,0.0119047619047619,0.8,0.9778592864288096,0.0234604105571847,0.8844701403343403,0.7683737207500867,0.0,0.0,0.9991332755517034,0.0,0.0,0.0,0.9986634875627703,0.9631333333333332,0.5718139473542997,0.9803519185408124,0.7419570696958093,0.5721078951022267,,
2024-07-15 16:42:15,hf_copula_syn_100000,500,0.01,4,5.0,4,0.9995846601135262,0.9635659949286,0.5714285714285714,0.9812449035063876,0.7420304171388125,0.5722005849091168,0.0146341463414634,0.375,0.9865261472785486,0.028169014084507,0.6082329366529371,0.3473240602031507,0.0119047619047619,0.8,0.9778592864288096,0.0234604105571847,0.8844701403343403,0.7683737207500867,0.0,0.0,0.9991332755517034,0.0,0.0,0.0,0.9986634875627703,0.9631333333333332,0.5718139473542997,0.9803519185408124,0.7419570696958093,0.5721078951022267,,
2024-07-15 16:42:26,hf_copula_syn_100000,500,0.01,4,7.0,4,0.9995846601135262,0.9635659949286,0.5714285714285714,0.9812449035063876,0.7420304171388125,0.5722005849091168,0.0143540669856459,0.375,0.9862593383137672,0.0276497695852534,0.6081506818771667,0.3472399932222835,0.0120481927710843,0.8,0.9781260420140048,0.0237388724035608,0.8845907718324919,0.7685624559748214,0.0,0.0,0.9991332755517034,0.0,0.0,0.0,0.9986633859974028,0.9631333333333332,0.5718138939747136,0.9803517344310284,0.7419570660370949,0.5721079131782452,,
2024-07-15 16:42:38,hf_copula_syn_100000,500,0.01,4,9.0,4,0.9995846601135262,0.9635659949286,0.5714285714285714,0.9812449035063876,0.7420304171388125,0.5722005849091168,0.0142180094786729,0.375,0.9861259338313768,0.0273972602739726,0.6081095503170183,0.3471979577297148,0.0121212121212121,0.8,0.9782594198066022,0.0238805970149253,0.8846510814130517,0.7686568193176764,0.0,0.0,0.9991332755517034,0.0,0.0,0.0,0.9986633377731826,0.9631333333333332,0.5718138672849205,0.9803516470009328,0.7419570642034564,0.5721079222137635,,
2024-07-15 16:43:01,hf_copula_syn_100000,500,0.01,8,1.0,4,0.9995791245791246,0.950887494995329,0.5714285714285714,0.9746255386088504,0.7371324730701218,0.563982725442132,0.0111524163568773,0.375,0.9822572038420492,0.0216606498194945,0.6069155224912017,0.3459783478260622,0.0087976539589442,0.6,0.977459153051017,0.0173410404624277,0.765816878784093,0.5643384375874541,0.0,0.0,0.9910660710714048,0.0,0.0,0.0,0.9986550645695608,0.9504,0.5718109993930423,0.9737332207995396,0.737023443333513,0.5638289761630891,,
2024-07-15 16:43:23,hf_copula_syn_100000,500,0.01,8,3.0,4,0.9995797436436226,0.9522888028826904,0.5714285714285714,0.975361377849161,0.7376754233527645,0.5648901121545128,0.0112781954887218,0.375,0.982457310565635,0.0218978102189781,0.606977340155391,0.3460414586262976,0.0091743119266055,0.6,0.9783927975991996,0.0180722891566265,0.7661825360575114,0.5648226712894516,0.0,0.0,0.9913327555170344,0.0,0.0,0.0,0.9986558756911248,0.9518,0.5718114351104406,0.9744687434916708,0.7375660417177372,0.5647357110515325,,
2024-07-15 16:43:43,hf_copula_syn_100000,500,0.01,8,5.0,4,0.9995798319327732,0.9524889897237422,0.5714285714285714,0.9754664115355702,0.7377529550596739,0.5650197571476054,0.0112781954887218,0.375,0.982457310565635,0.0218978102189781,0.606977340155391,0.3460414586262976,0.0092307692307692,0.6,0.9785261753917972,0.0181818181818181,0.7662347585662493,0.5648918389935691,0.0,0.0,0.991399426628442,0.0,0.0,0.0,0.9986559827169734,0.952,0.5718114840144455,0.9745737156563145,0.7376435184692232,0.5648652580985329,,
2024-07-15 16:44:02,hf_copula_syn_100000,500,0.01,8,7.0,4,0.9995800671892496,0.95302282129988,0.5714285714285714,0.9757463961194236,0.7379596664548931,0.5653654995201693,0.0113636363636363,0.375,0.9825907150480256,0.0220588235294117,0.6070185484340734,0.3460835308246753,0.0092307692307692,0.6,0.9785261753917972,0.0181818181818181,0.7662347585662493,0.5648918389935691,0.0,0.0,0.9917994532968863,0.0,0.0,0.0,0.998656263322344,0.9525333333333332,0.5718115818319474,0.9748535247949884,0.7378500589115554,0.5652107002167216,,
2024-07-15 16:44:23,hf_copula_syn_100000,500,0.01,8,9.0,4,0.9995803315380848,0.9536233818230349,0.5714285714285714,0.9760611959157188,0.7381921475849089,0.5657544986190817,0.0113636363636363,0.375,0.9825907150480256,0.0220588235294117,0.6070185484340734,0.3460835308246753,0.0092592592592592,0.6,0.978592864288096,0.0182370820668692,0.7662608684859599,0.5649264220450941,0.0,0.0,0.992332822188146,0.0,0.0,0.0,0.9986565369211298,0.9531333333333334,0.5718116396195055,0.9751680491994356,0.7380823317624898,0.565599347777492,,
2024-07-15 16:44:58,hf_copula_syn_100000,500,0.01,10,1.0,4,0.9995783555867884,0.9491525423728814,0.5714285714285714,0.973713033953998,0.7364596943186587,0.5628596052037591,0.0110294117647058,0.375,0.9820570971184632,0.0214285714285714,0.6068536985299041,0.3459152340226243,0.0086705202312138,0.6,0.9771257085695232,0.017094017094017,0.7656862445817568,0.5641654716293671,0.0,0.0,0.9898659910660712,0.0,0.0,0.0,0.9986541883145924,0.9486666666666668,0.5718107015159622,0.972821361699434,0.736351215991371,0.5627068128542576,,
2024-07-15 16:45:32,hf_copula_syn_100000,500,0.01,10,3.0,4,0.9995790064552345,0.95062057920726,0.5714285714285714,0.974485258909638,0.7370290086197461,0.5638099153221681,0.0112781954887218,0.375,0.982457310565635,0.0218978102189781,0.606977340155391,0.3460414586262976,0.0090361445783132,0.6,0.978059353117706,0.0178041543026706,0.7660519642104076,0.5646497426895994,0.0,0.0,0.989999333288886,0.0,0.0,0.0,0.9986550931349962,0.9501333333333334,0.5718112350674649,0.9735933528848734,0.7369201867811874,0.5636564647600313,,
2024-07-15 16:46:07,hf_copula_syn_100000,500,0.01,10,5.0,4,0.9995791245791246,0.950887494995329,0.5714285714285714,0.9746255386088504,0.7371324730701218,0.563982725442132,0.0111940298507462,0.375,0.9823239060832444,0.0217391304347826,0.6069361290788485,0.3459993850931632,0.0090634441087613,0.6,0.9781260420140048,0.0178571428571428,0.766078080360222,0.5646843294769479,0.0,0.0,0.9903326888459232,0.0,0.0,0.0,0.9986551753601406,0.9504,0.5718112083717434,0.9737334346899996,0.7370235413908851,0.5638291026802613,,
2024-07-15 16:46:43,hf_copula_syn_100000,500,0.01,10,7.0,4,0.9995791540997404,0.9509542239423462,0.5714285714285714,0.9746606025373594,0.7371583369136787,0.5640259292443378,0.0109890109890109,0.375,0.981990394877268,0.0213523131672597,0.6068330891431147,0.3458941954207665,0.0092592592592592,0.6,0.978592864288096,0.0182370820668692,0.7662608684859599,0.5649264220450941,0.0,0.0,0.9902660177345156,0.0,0.0,0.0,0.998655160781528,0.9504666666666668,0.5718111816617842,0.973768386236036,0.7370493870695976,0.5638722907552824,,
2024-07-15 16:47:20,hf_copula_syn_100000,500,0.01,10,9.0,4,0.9995791540997404,0.9509542239423462,0.5714285714285714,0.9746606025373594,0.7371583369136787,0.5640259292443378,0.010948905109489,0.375,0.9819236926360726,0.0212765957446808,0.6068124790563616,0.3458731564852198,0.0092307692307692,0.6,0.9785261753917972,0.0181818181818181,0.7662347585662493,0.5648918389935691,0.0,0.0,0.9903993599573304,0.0,0.0,0.0,0.9986551298950492,0.9504666666666668,0.5718111327471049,0.9737683274321156,0.7370493673742446,0.563872268006833,,
2024-07-15 16:47:39,hf_copula_syn_100000,1500,0.01,2,1.0,4,0.9995827248070104,0.9590951554784466,0.5714285714285714,0.9789204835688746,0.7403069461778082,0.5693006112850044,0.0128755364806866,0.375,0.98465848452508,0.0248962655601659,0.607656919401816,0.346735479217518,0.0121951219512195,0.8,0.9783927975991996,0.024024024024024,0.8847113868823888,0.7687511798141896,0.0,0.0,0.9959997333155544,0.0,0.0,0.0,0.998660712923964,0.9586666666666668,0.5718129202017388,0.9780281104671836,0.7402349805140174,0.5692104400299927,,
2024-07-15 16:48:00,hf_copula_syn_100000,1500,0.01,2,3.0,4,0.9995827538247566,0.9591618844254638,0.5714285714285714,0.9789552543758088,0.7403326991197804,0.5693438776801866,0.0128755364806866,0.375,0.98465848452508,0.0248962655601659,0.607656919401816,0.346735479217518,0.0122324159021406,0.8,0.9784594864954984,0.0240963855421686,0.8847415380756116,0.7687983589950681,0.0,0.0,0.9959997333155544,0.0,0.0,0.0,0.9986607543459436,0.9587333333333332,0.5718129424313709,0.9780628729418708,0.7402607194703079,0.5692536817695995,,
2024-07-15 16:48:18,hf_copula_syn_100000,1500,0.01,2,5.0,4,0.9995827538247566,0.9591618844254638,0.5714285714285714,0.9789552543758088,0.7403326991197804,0.5693438776801866,0.0129310344827586,0.375,0.9847251867662752,0.025,0.6076775008483968,0.3467565044718086,0.0121951219512195,0.8,0.9783927975991996,0.024024024024024,0.8847113868823888,0.7687511798141896,0.0,0.0,0.9959997333155544,0.0,0.0,0.0,0.9986607715135614,0.9587333333333332,0.5718129557762676,0.9780629041463994,0.7402607203966819,0.5692536772566749,,
2024-07-15 16:48:37,hf_copula_syn_100000,1500,0.01,2,7.0,4,0.9995827538247566,0.9591618844254638,0.5714285714285714,0.9789552543758088,0.7403326991197804,0.5693438776801866,0.0129310344827586,0.375,0.9847251867662752,0.025,0.6076775008483968,0.3467565044718086,0.0121951219512195,0.8,0.9783927975991996,0.024024024024024,0.8847113868823888,0.7687511798141896,0.0,0.0,0.9959997333155544,0.0,0.0,0.0,0.9986607715135614,0.9587333333333332,0.5718129557762676,0.9780629041463994,0.7402607203966819,0.5692536772566749,,
2024-07-15 16:48:54,hf_copula_syn_100000,1500,0.01,2,9.0,4,0.9995828408537856,0.9593620712665154,0.5714285714285714,0.9790595525894652,0.7404099525712632,0.5694736799190486,0.0131004366812227,0.375,0.9849252934898612,0.0253164556962025,0.6077392410061225,0.3468195782325457,0.0121951219512195,0.8,0.9783927975991996,0.024024024024024,0.8847113868823888,0.7687511798141896,0.0,0.0,0.9959997333155544,0.0,0.0,0.0,0.9986609488092024,0.9589333333333332,0.5718130624998534,0.9781672737914276,0.7403379346730274,0.5693833919861196,,
2024-07-15 16:49:15,hf_copula_syn_100000,1500,0.01,4,1.0,4,0.9995798025071784,0.952422260776725,0.5714285714285714,0.9754314026994704,0.7377271120627289,0.564976541641022,0.0109890109890109,0.375,0.981990394877268,0.0213523131672597,0.6068330891431147,0.3458941954207665,0.0091185410334346,0.6,0.9782594198066022,0.0179640718562874,0.7661303099890784,0.564753501450578,0.0,0.0,0.9920661377425162,0.0,0.0,0.0,0.9986557616777104,0.9519333333333332,0.5718111905216243,0.9745383759812588,0.7376175878423431,0.5648219582735314,,
2024-07-15 16:49:38,hf_copula_syn_100000,1500,0.01,4,3.0,4,0.9995801847187238,0.9532897370879488,0.5714285714285714,0.9758863310335404,0.7380630004421608,0.5655383829197151,0.011070110701107,0.375,0.9821237993596584,0.021505376344086,0.6068743072168008,0.3459362722907926,0.0092879256965944,0.6,0.9786595531843948,0.0182926829268292,0.7662869775160197,0.5649610045629303,0.0,0.0,0.9923994932995532,0.0,0.0,0.0,0.9986562432472592,0.9528,0.571811417272178,0.9749930708862682,0.7379532369314357,0.5653833667757328,,
2024-07-15 16:49:59,hf_copula_syn_100000,1500,0.01,4,5.0,4,0.9995802728226652,0.9534899239290004,0.5714285714285714,0.9759912571291964,0.7381404914393235,0.5656680508126771,0.0109890109890109,0.375,0.981990394877268,0.0213523131672597,0.6068330891431147,0.3458941954207665,0.0094043887147335,0.6,0.97892630876959,0.0185185185185185,0.766391404741568,0.5650993292973838,0.0,0.0,0.9924661644109608,0.0,0.0,0.0,0.9986563268367964,0.953,0.5718114394863899,0.975097892695738,0.7380306684297703,0.5655129373125753,,
2024-07-15 16:50:21,hf_copula_syn_100000,1500,0.01,4,7.0,4,0.999580243458794,0.9534231949819832,0.5714285714285714,0.9759562841530054,0.7381146620108687,0.5656248276728038,0.0109890109890109,0.375,0.981990394877268,0.0213523131672597,0.6068330891431147,0.3458941954207665,0.0094043887147335,0.6,0.97892630876959,0.0185185185185185,0.766391404741568,0.5650993292973838,0.0,0.0,0.9923994932995532,0.0,0.0,0.0,0.9986562975003316,0.9529333333333332,0.5718114350416491,0.9750629523609912,0.738004863108782,0.5654697545142993,,
2024-07-15 16:50:42,hf_copula_syn_100000,1500,0.01,4,9.0,4,0.9995803021824288,0.9535566528760177,0.5714285714285714,0.976026227716686,0.7381663199639719,0.5657112744614364,0.0109890109890109,0.375,0.981990394877268,0.0213523131672597,0.6068330891431147,0.3458941954207665,0.0094339622641509,0.6,0.9789929976658888,0.0185758513931888,0.7664175093247368,0.5651339091467745,0.0,0.0,0.9924661644109608,0.0,0.0,0.0,0.9986563660270074,0.9530666666666666,0.5718114617160219,0.9751328497549708,0.7380564815493234,0.565556132145879,,
2024-07-15 16:51:23,hf_copula_syn_100000,1500,0.01,8,1.0,4,0.9995737122557726,0.9388095555852128,0.5714285714285714,0.9682392209490382,0.7324360744744555,0.5561712191039246,0.0097402597402597,0.375,0.9796558164354322,0.0189873417721519,0.6061113191182681,0.3451576341315688,0.0071090047393364,0.6,0.9720573524508168,0.0140515222482435,0.7636978535196299,0.5615347463714981,0.0,0.0,0.9869991332755516,0.0,0.0,0.0,0.9986483412644418,0.9383333333333334,0.571807540257039,0.9673503414325136,0.7323302927929823,0.5560233882864216,,
2024-07-15 16:52:15,hf_copula_syn_100000,1500,0.01,8,3.0,4,0.9995734394995024,0.938208995062058,0.5714285714285714,0.9679195924549084,0.7322017657379333,0.5557832367592107,0.0096774193548387,0.375,0.9795224119530416,0.0188679245283018,0.6060700491547083,0.3451155325685437,0.0070588235294117,0.6,0.9718572857619208,0.013953488372093,0.7636192581759266,0.5614308387112699,0.0,0.0,0.986732448829922,0.0,0.0,0.0,0.998648018520802,0.9377333333333332,0.5718073846401223,0.967030914891156,0.7320961545355189,0.5556357109685092,,
2024-07-15 16:53:11,hf_copula_syn_100000,1500,0.01,8,5.0,4,0.9995735304570332,0.9384091819031096,0.5714285714285714,0.9680261572879024,0.7322798769803444,0.5559125596274748,0.0097402597402597,0.375,0.9796558164354322,0.0189873417721519,0.6061113191182681,0.3451576341315688,0.0070422535211267,0.6,0.971790596865622,0.0139211136890951,0.7635930579303174,0.5613962017571489,0.0,0.0,0.9868657910527368,0.0,0.0,0.0,0.9986481373849752,0.9379333333333332,0.571807442449029,0.9671374331612752,0.732174206151336,0.555764924043945,,
2024-07-15 16:53:59,hf_copula_syn_100000,1500,0.01,8,7.0,4,0.9995744982625344,0.9405445082076604,0.5714285714285714,0.9691614810740192,0.7331125457186581,0.5572922885317773,0.0099667774086378,0.375,0.9801227321237994,0.0194174757281553,0.6062557418667676,0.3453049790909474,0.0073170731707317,0.6,0.972857619206402,0.0144578313253012,0.7640121540419637,0.5619503289803948,0.0,0.0,0.9874658310554036,0.0,0.0,0.0,0.9986493167031644,0.9400666666666668,0.5718080871475099,0.9682721056225136,0.7330063144563304,0.5571436284943229,,
2024-07-15 16:54:44,hf_copula_syn_100000,1500,0.01,8,9.0,4,0.999574679237258,0.9409448818897638,0.5714285714285714,0.9693740762382704,0.7332685658415296,0.5575510457143363,0.0100671140939597,0.375,0.9803228388473852,0.0196078431372549,0.6063176267994932,0.3453681219253435,0.0073170731707317,0.6,0.972857619206402,0.0144578313253012,0.7640121540419637,0.5619503289803948,0.0,0.0,0.987665844389626,0.0,0.0,0.0,0.9986495510218768,0.9404666666666668,0.5718082072053181,0.9684846038938962,0.7331622219657178,0.5574021778463566,,
2024-07-15 16:55:50,hf_copula_syn_100000,1500,0.01,10,1.0,4,0.99957310565635,0.9374749766448686,0.5714285714285714,0.967528666368238,0.7319152865285781,0.5553090920931297,0.0096774193548387,0.375,0.9795224119530416,0.0188679245283018,0.6060700491547083,0.3451155325685437,0.0068965517241379,0.6,0.9711903967989328,0.0136363636363636,0.7633572152533569,0.5610844451540533,0.0,0.0,0.9866657777185146,0.0,0.0,0.0,0.9986476308986348,0.937,0.5718071578990604,0.966640247960588,0.7318098553591182,0.5551618933729308,,
2024-07-15 16:57:04,hf_copula_syn_100000,1500,0.01,10,3.0,4,0.9995736819667472,0.9387428266381956,0.5714285714285714,0.9682037164487268,0.732410043872067,0.556128107918968,0.0098360655737704,0.375,0.979855923159018,0.0191693290734824,0.6061732187952812,0.3452207839734376,0.0071770334928229,0.6,0.972324108036012,0.0141843971631205,0.7638026347307314,0.5616732824468219,0.0,0.0,0.9864657643842922,0.0,0.0,0.0,0.998648384776382,0.9382666666666668,0.5718077003412271,0.9673150114212682,0.7323043544260541,0.5559803971971784,,
2024-07-15 16:58:25,hf_copula_syn_100000,1500,0.01,10,5.0,4,0.9995739544131222,0.9393433871613506,0.5714285714285714,0.968523169011662,0.7326442859986598,0.5565161269034731,0.0098039215686274,0.375,0.9797892209178228,0.019108280254777,0.606152586271958,0.3451997343598371,0.0074074074074074,0.6,0.973191063687896,0.0146341463414634,0.7641430744387713,0.5621234657189831,0.0,0.0,0.98626575105007,0.0,0.0,0.0,0.998648716616309,0.9388666666666666,0.5718079404176934,0.9676342831855008,0.7325384804025524,0.5563681928652613,,
2024-07-15 16:59:41,hf_copula_syn_100000,1500,0.01,10,7.0,4,0.9995741962955078,0.9398772187374884,0.5714285714285714,0.968806960828146,0.7328524383676579,0.5568610672717244,0.0094936708860759,0.375,0.9791221985058698,0.0185185185185185,0.6059462223990684,0.3449892198709287,0.0075949367088607,0.6,0.9738579526508836,0.0149999999999999,0.7644048479637804,0.5624696991694799,0.0,0.0,0.9867991199413294,0.0,0.0,0.0,0.9986488553156742,0.9394,0.5718078425266541,0.9679176175412496,0.7327464156931155,0.556712814425925,,
2024-07-15 17:01:02,hf_copula_syn_100000,1500,0.01,10,9.0,4,0.9995743171337352,0.9401441345255572,0.5714285714285714,0.9689487981843816,0.7329564923847048,0.5570335496691139,0.0097402597402597,0.375,0.9796558164354322,0.0189873417721519,0.6061113191182681,0.3451576341315688,0.0076726342710997,0.6,0.9741247082360788,0.0151515151515151,0.7645095322765094,0.5626081776063845,0.0,0.0,0.98626575105007,0.0,0.0,0.0,0.9986491334543623,0.9396666666666668,0.5718081804834857,0.9680596230600718,0.7328504955394344,0.5568852718201617,,
2024-07-15 17:01:15,hf_copula_syn_100000,1000,0.01,2,1.0,4,0.999584487534626,0.9631656212464969,0.5714285714285714,0.9810371780058452,0.7418762396774802,0.5719407926524639,0.014018691588785,0.375,0.9859258271077908,0.027027027027027,0.6080478477598794,0.3471349019881929,0.012012012012012,0.8,0.978059353117706,0.0236686390532544,0.8845606155002408,0.768515273236016,0.0,0.0,0.9991332755517034,0.0,0.0,0.0,0.998663022652445,0.9627333333333332,0.5718136938724383,0.9801438472671388,0.7418029675777532,0.5718482916181273,,
2024-07-15 17:01:29,hf_copula_syn_100000,1000,0.01,2,3.0,4,0.9995845450768592,0.9632990791405311,0.5714285714285714,0.9811064292510534,0.7419276357244904,0.5720273880358042,0.0141509433962264,0.375,0.9860592315901814,0.0272727272727272,0.6080889834936315,0.3471769394828967,0.012012012012012,0.8,0.978059353117706,0.0236686390532544,0.8845606155002408,0.768515273236016,0.0,0.0,0.9991332755517034,0.0,0.0,0.0,0.9986631506752692,0.9628666666666666,0.5718137650214955,0.9802131649179824,0.7418543375941775,0.571934828599107,,
2024-07-15 17:01:43,hf_copula_syn_100000,1000,0.01,2,5.0,4,0.9995845450768592,0.9632990791405311,0.5714285714285714,0.9811064292510534,0.7419276357244904,0.5720273880358042,0.0141509433962264,0.375,0.9860592315901814,0.0272727272727272,0.6080889834936315,0.3471769394828967,0.012012012012012,0.8,0.978059353117706,0.0236686390532544,0.8845606155002408,0.768515273236016,0.0,0.0,0.9991332755517034,0.0,0.0,0.0,0.9986631506752692,0.9628666666666666,0.5718137650214955,0.9802131649179824,0.7418543375941775,0.571934828599107,,
2024-07-15 17:01:58,hf_copula_syn_100000,1000,0.01,2,7.0,4,0.9995845450768592,0.9632990791405311,0.5714285714285714,0.9811064292510534,0.7419276357244904,0.5720273880358042,0.0141509433962264,0.375,0.9860592315901814,0.0272727272727272,0.6080889834936315,0.3471769394828967,0.012012012012012,0.8,0.978059353117706,0.0236686390532544,0.8845606155002408,0.768515273236016,0.0,0.0,0.9991332755517034,0.0,0.0,0.0,0.9986631506752692,0.9628666666666666,0.5718137650214955,0.9802131649179824,0.7418543375941775,0.571934828599107,,
2024-07-15 17:02:12,hf_copula_syn_100000,1000,0.01,2,9.0,4,0.9995845738419996,0.9633658080875483,0.5714285714285714,0.9811410513439124,0.7419533324128944,0.5720706864908033,0.0100502512562814,0.25,0.9868596584845252,0.0193236714975845,0.4967040513435855,0.2285354878480546,0.0115942028985507,0.8,0.9772590863621208,0.0228571428571428,0.8841986592896963,0.767949024866686,0.0,0.0,0.9991332755517034,0.0,0.0,0.0,0.9986608531080498,0.9628666666666666,0.571813925160254,0.9802432447017424,0.7418204843497889,0.5719146224518864,,
2024-07-15 17:02:32,hf_copula_syn_100000,1000,0.01,4,1.0,4,0.999580800670719,0.9546910449753104,0.5714285714285714,0.976620362469709,0.7386052666924949,0.5664461543499006,0.0111940298507462,0.375,0.9823239060832444,0.0217391304347826,0.6069361290788485,0.3459993850931632,0.0094936708860759,0.6,0.979126375458486,0.0186915887850467,0.7664697158238489,0.5652030672444889,0.0,0.0,0.993132875525035,0.0,0.0,0.0,0.9986569932963086,0.9542,0.5718117284953369,0.9757266748638974,0.7384950909510319,0.5662904053003052,,
2024-07-15 17:02:48,hf_copula_syn_100000,1000,0.01,4,3.0,4,0.9995808885163452,0.954891231816362,0.5714285714285714,0.9767251382158214,0.7386827008035943,0.5665758543026796,0.0112359550561797,0.375,0.9823906083244396,0.0218181818181818,0.6069567349668878,0.346020422026575,0.0095541401273885,0.6,0.9792597532510836,0.018808777429467,0.7665219187672654,0.5652722232074469,0.0,0.0,0.993132875525035,0.0,0.0,0.0,0.9986571235764692,0.9544,0.5718118085291298,0.9758314340429328,0.7385724811810823,0.5664200184714805,,
2024-07-15 17:03:04,hf_copula_syn_100000,1000,0.01,4,5.0,4,0.9995807713806596,0.9546243160282932,0.5714285714285714,0.9765854324527272,0.7385794535180522,0.5664029220500796,0.0111111111111111,0.375,0.9821905016008536,0.0215827338129496,0.6068949152038763,0.3459573102252721,0.0095238095238095,0.6,0.9791930643547848,0.01875,0.7664958177399737,0.5652376454928124,0.0,0.0,0.993132875525035,0.0,0.0,0.0,0.9986569298564716,0.9541333333333334,0.5718116795759117,0.975691713507138,0.7384692885887907,0.5662472024367838,,
2024-07-15 17:03:20,hf_copula_syn_100000,1000,0.01,4,7.0,4,0.9995808885163452,0.954891231816362,0.5714285714285714,0.9767251382158214,0.7386827008035943,0.5665758543026796,0.0112781954887218,0.375,0.982457310565635,0.0218978102189781,0.606977340155391,0.3460414586262976,0.0095238095238095,0.6,0.9791930643547848,0.01875,0.7664958177399737,0.5652376454928124,0.0,0.0,0.993132875525035,0.0,0.0,0.0,0.9986571359944986,0.9544,0.5718118218740262,0.9758314569189368,0.7385724834701739,0.5664200181650955,,
2024-07-15 17:03:37,hf_copula_syn_100000,1000,0.01,4,9.0,4,0.999580859238561,0.9548245028693448,0.5714285714285714,0.976690215351012,0.7386568903351715,0.5665326204762007,0.0111940298507462,0.375,0.9823239060832444,0.0217391304347826,0.6069361290788485,0.3459993850931632,0.0095541401273885,0.6,0.9792597532510836,0.018808777429467,0.7665219187672654,0.5652722232074469,0.0,0.0,0.993132875525035,0.0,0.0,0.0,0.9986570719659013,0.9543333333333334,0.5718117729546011,0.9757965016120592,0.738546683812623,0.566376813776875,,
2024-07-15 17:04:14,hf_copula_syn_100000,1000,0.01,8,1.0,4,0.999574769666903,0.9411450687308154,0.5714285714285714,0.9694803409403354,0.7333465634554337,0.5576804311755765,0.009933774834437,0.375,0.980056029882604,0.0193548387096774,0.6062351121520235,0.3452839308121037,0.0075187969924812,0.6,0.9735911970656884,0.0148514851485148,0.7643001493126984,0.5623312121935499,0.0,0.0,0.9873991599439964,0.0,0.0,0.0,0.998649637494123,0.9406666666666668,0.5718082916541936,0.968590765697819,0.7332401987724606,0.5575315246069769,,
2024-07-15 17:04:47,hf_copula_syn_100000,1000,0.01,8,3.0,4,0.9995751009135332,0.9418790871480048,0.5714285714285714,0.9698697907719792,0.7336324837597032,0.5581548837176786,0.0099009900990099,0.375,0.9799893276414088,0.0192926045016077,0.6062144817352422,0.3452628821995708,0.0076335877862595,0.6,0.9739913304434812,0.0150753768844221,0.7644571919120708,0.5625389394553103,0.0,0.0,0.9877991866124408,0.0,0.0,0.0,0.9986499892099954,0.9414,0.571808416125902,0.9689798934819543,0.7335258935624236,0.5580055923432004,,
2024-07-15 17:05:23,hf_copula_syn_100000,1000,0.01,8,5.0,4,0.9995757918552036,0.9434138529294008,0.5714285714285714,0.9706831445245452,0.734229957333104,0.5591471198255845,0.0103092783505154,0.375,0.9807897545357523,0.020066889632107,0.6064620004179216,0.3455154435264799,0.0077922077922077,0.6,0.9745248416138712,0.0153846153846153,0.7646665318740731,0.5628158792510697,0.0,0.0,0.9879991999466632,0.0,0.0,0.0,0.9986509501338564,0.9429333333333332,0.571809034191525,0.969793004135921,0.734123011283774,0.5589971293767118,,
2024-07-15 17:05:56,hf_copula_syn_100000,1000,0.01,8,7.0,4,0.99957668971356,0.9454157213399172,0.5714285714285714,0.9717421124828532,0.7350085408016571,0.5604417454002553,0.0104895104895104,0.375,0.9811232657417288,0.0204081632653061,0.6065651033921654,0.345620663230902,0.0082191780821917,0.6,0.9758586195398468,0.0162162162162162,0.7651896312182412,0.5635080793075296,0.0,0.0,0.9883325555037002,0.0,0.0,0.0,0.9986520856014492,0.9449333333333332,0.5718096788805138,0.9708514429370162,0.734901097429124,0.5602908334847074,,
2024-07-15 17:06:29,hf_copula_syn_100000,1000,0.01,8,9.0,4,0.999576570218772,0.9451488055518484,0.5714285714285714,0.9716010426670326,0.7349047773309909,0.5602691021948946,0.0104166666666666,0.375,0.9809898612593384,0.0202702702702702,0.6065238643056445,0.3455785763502008,0.0081081081081081,0.6,0.9755251750583528,0.016,0.7650588899130651,0.5633350493067544,0.0,0.0,0.9885325688379224,0.0,0.0,0.0,0.9986518903448264,0.9446666666666668,0.5718095099175182,0.9707103591713542,0.7347973652297494,0.5601182712900016,,
2024-07-15 17:07:38,hf_copula_syn_100000,1000,0.01,10,1.0,4,0.99957310565635,0.9374749766448686,0.5714285714285714,0.967528666368238,0.7319152865285781,0.5553090920931297,0.0096774193548387,0.375,0.9795224119530416,0.0188679245283018,0.6060700491547083,0.3451155325685437,0.0068965517241379,0.6,0.9711903967989328,0.0136363636363636,0.7633572152533569,0.5610844451540533,0.0,0.0,0.9866657777185146,0.0,0.0,0.0,0.9986476308986348,0.937,0.5718071578990604,0.966640247960588,0.7318098553591182,0.5551618933729308,,
2024-07-15 17:08:48,hf_copula_syn_100000,1000,0.01,10,3.0,4,0.9995743171337352,0.9401441345255572,0.5714285714285714,0.9689487981843816,0.7329564923847048,0.5570335496691139,0.0101351351351351,0.375,0.980456243329776,0.0197368421052631,0.6063588799124376,0.3454102154798283,0.0073529411764705,0.6,0.9729909969989996,0.0145278450363196,0.7640645248926297,0.5620195852768974,0.0,0.0,0.9865991066071071,0.0,0.0,0.0,0.9986492374902082,0.9396666666666668,0.5718082516977874,0.9680598149035444,0.7328504792360633,0.5568852103327709,,
2024-07-15 17:10:00,hf_copula_syn_100000,1000,0.01,10,5.0,4,0.9995744982625344,0.9405445082076604,0.5714285714285714,0.9691614810740192,0.7331125457186581,0.5572922885317773,0.0099667774086378,0.375,0.9801227321237994,0.0194174757281553,0.6062557418667676,0.3453049790909474,0.0076142131979695,0.6,0.9739246415471824,0.0150375939849624,0.7644310203859531,0.5625043195792396,0.0,0.0,0.9863990932728848,0.0,0.0,0.0,0.99864941574984,0.9400666666666668,0.5718083717057715,0.9682722988767336,0.7330064540784451,0.5571438131578559,,
2024-07-15 17:11:09,hf_copula_syn_100000,1000,0.01,10,7.0,4,0.9995751610847554,0.9420125450420392,0.5714285714285714,0.969940568209145,0.7336844572983439,0.5582411544317605,0.0100334448160535,0.375,0.98025613660619,0.019543973941368,0.6062969991904308,0.3453470746475672,0.0079365079365079,0.6,0.9749916638879628,0.0156657963446475,0.7648496573397792,0.5630581735536832,0.0,0.0,0.9866657777185146,0.0,0.0,0.0,0.998650220940957,0.9415333333333332,0.5718088163079053,0.9690509357303668,0.7335779934235469,0.5580920005186207,,
2024-07-15 17:12:16,hf_copula_syn_100000,1000,0.01,10,9.0,4,0.9995753715498938,0.9424796476711598,0.5714285714285714,0.9701882126665752,0.7338663356969265,0.558543117960955,0.0101010101010101,0.375,0.9803895410885806,0.0196721311475409,0.6063382537068048,0.3453891688694304,0.0081743869209809,0.6,0.9757252417472492,0.0161290322580645,0.7651373373769897,0.5634388689082868,0.0,0.0,0.98626575105007,0.0,0.0,0.0,0.9986505465374748,0.942,0.5718091053144709,0.969298571815451,0.733759819964712,0.5583938315638912,,
2024-07-15 17:12:22,hf_copula_syn_100000,100,0.001,2,1.0,4,0.9993218040013564,0.9832510342986788,0.2857142857142857,0.991221284181494,0.5300272322649844,0.3005246877855352,0.0,0.0,1.0,0.0,0.0,0.0,0.0117647058823529,0.6,0.9831943981327108,0.023076923076923,0.7680603094026058,0.5673113637412316,0.0,0.0,1.0,0.0,0.0,0.0,0.9983930252195826,0.9825333333333334,0.2863753505136632,0.9903038366239504,0.5297885602846713,0.3004333018648492,,
2024-07-15 17:12:27,hf_copula_syn_100000,100,0.001,2,3.0,4,0.9993218040013564,0.9832510342986788,0.2857142857142857,0.991221284181494,0.5300272322649844,0.3005246877855352,0.0,0.0,1.0,0.0,0.0,0.0,0.0117647058823529,0.6,0.9831943981327108,0.023076923076923,0.7680603094026058,0.5673113637412316,0.0,0.0,1.0,0.0,0.0,0.0,0.9983930252195826,0.9825333333333334,0.2863753505136632,0.9903038366239504,0.5297885602846713,0.3004333018648492,,
2024-07-15 17:12:33,hf_copula_syn_100000,100,0.001,2,5.0,4,0.9993218040013564,0.9832510342986788,0.2857142857142857,0.991221284181494,0.5300272322649844,0.3005246877855352,0.0,0.0,1.0,0.0,0.0,0.0,0.0117647058823529,0.6,0.9831943981327108,0.023076923076923,0.7680603094026058,0.5673113637412316,0.0,0.0,1.0,0.0,0.0,0.0,0.9983930252195826,0.9825333333333334,0.2863753505136632,0.9903038366239504,0.5297885602846713,0.3004333018648492,,
2024-07-15 17:12:38,hf_copula_syn_100000,100,0.001,2,7.0,4,0.9993218040013564,0.9832510342986788,0.2857142857142857,0.991221284181494,0.5300272322649844,0.3005246877855352,0.0,0.0,1.0,0.0,0.0,0.0,0.0117647058823529,0.6,0.9831943981327108,0.023076923076923,0.7680603094026058,0.5673113637412316,0.0,0.0,1.0,0.0,0.0,0.0,0.9983930252195826,0.9825333333333334,0.2863753505136632,0.9903038366239504,0.5297885602846713,0.3004333018648492,,
2024-07-15 17:12:44,hf_copula_syn_100000,100,0.001,2,9.0,4,0.9993218040013564,0.9832510342986788,0.2857142857142857,0.991221284181494,0.5300272322649844,0.3005246877855352,0.0,0.0,1.0,0.0,0.0,0.0,0.0117647058823529,0.6,0.9831943981327108,0.023076923076923,0.7680603094026058,0.5673113637412316,0.0,0.0,1.0,0.0,0.0,0.0,0.9983930252195826,0.9825333333333334,0.2863753505136632,0.9903038366239504,0.5297885602846713,0.3004333018648492,,
2024-07-15 17:12:52,hf_copula_syn_100000,100,0.001,4,3.0,4,0.999578710855217,0.949953289737088,0.5714285714285714,0.9741343916792116,0.7367702839273147,0.5633779256442777,0.0059642147117296,0.375,0.966648879402348,0.0117416829745596,0.6020741895945054,0.3410464525406079,0.0117647058823529,0.6,0.9831943981327108,0.023076923076923,0.7680603094026058,0.5673113637412316,0.0,0.0,1.0,0.0,0.0,0.0,0.9986528732082258,0.9494666666666668,0.5718051822969635,0.9732391541189233,0.7366597579999005,0.5632231014762784,,
2024-07-15 17:12:59,hf_copula_syn_100000,100,0.001,4,7.0,4,0.999578710855217,0.949953289737088,0.5714285714285714,0.9741343916792116,0.7367702839273147,0.5633779256442777,0.0059642147117296,0.375,0.966648879402348,0.0117416829745596,0.6020741895945054,0.3410464525406079,0.0117647058823529,0.6,0.9831943981327108,0.023076923076923,0.7680603094026058,0.5673113637412316,0.0,0.0,1.0,0.0,0.0,0.0,0.9986528732082258,0.9494666666666668,0.5718051822969635,0.9732391541189233,0.7366597579999005,0.5632231014762784,,
2024-07-15 17:13:10,hf_copula_syn_100000,100,0.001,8,3.0,4,0.9995083233827352,0.9495529160549846,0.5,0.9738904287718576,0.6890402441276505,0.4961201721455439,0.0114503816793893,0.375,0.9827241195304164,0.0222222222222222,0.607059753915466,0.3461256016882963,0.0076530612244897,0.6,0.97405801933978,0.0151133501259445,0.7644833625422256,0.5625735587976919,0.0,0.0,0.9927328488565904,0.0,0.0,0.0,0.9985841068382152,0.9490666666666666,0.5004483210601199,0.9729983540068976,0.6889757328894004,0.4960292514920411,,
2024-07-15 17:13:19,hf_copula_syn_100000,100,0.001,8,7.0,4,0.9995083233827352,0.9495529160549846,0.5,0.9738904287718576,0.6890402441276505,0.4961201721455439,0.0114503816793893,0.375,0.9827241195304164,0.0222222222222222,0.607059753915466,0.3461256016882963,0.0076530612244897,0.6,0.97405801933978,0.0151133501259445,0.7644833625422256,0.5625735587976919,0.0,0.0,0.9927328488565904,0.0,0.0,0.0,0.9985841068382152,0.9490666666666666,0.5004483210601199,0.9729983540068976,0.6889757328894004,0.4960292514920411,,
2024-07-15 17:13:34,hf_copula_syn_100000,100,0.001,10,3.0,4,0.9995786516853932,0.9498198318430536,0.5714285714285714,0.9740641894203792,0.7367185280855926,0.5632915338153315,0.015,0.375,0.9868596584845252,0.0288461538461538,0.6083357394824809,0.3474291364212282,0.0091743119266055,0.8,0.9711903967989328,0.0181405895691609,0.8814489874287373,0.7636516398875206,0.0,0.0,0.991732782185479,0.0,0.0,0.0,0.9986567697144624,0.9494,0.5718114088975085,0.973176494322161,0.7366491861829129,0.5632056411364909,,
2024-07-15 17:13:46,hf_copula_syn_100000,100,0.001,10,7.0,4,0.9995786516853932,0.9498198318430536,0.5714285714285714,0.9740641894203792,0.7367185280855926,0.5632915338153315,0.015,0.375,0.9868596584845252,0.0288461538461538,0.6083357394824809,0.3474291364212282,0.0091743119266055,0.8,0.9711903967989328,0.0181405895691609,0.8814489874287373,0.7636516398875206,0.0,0.0,0.991732782185479,0.0,0.0,0.0,0.9986567697144624,0.9494,0.5718114088975085,0.973176494322161,0.7366491861829129,0.5632056411364909,,
2024-07-15 17:13:59,hf_copula_syn_100000,500,0.001,2,1.0,4,0.99958703283089,0.969104497531029,0.5714285714285714,0.9841097746908352,0.7441599280995715,0.5757962573632,0.0,0.0,1.0,0.0,0.0,0.0,0.0084925690021231,0.8,0.968856285428476,0.0168067226890756,0.8803891346119516,0.7619972304650622,0.0,0.0,1.0,0.0,0.0,0.0,0.9986569157899152,0.9684666666666668,0.5718181901903808,0.9831968744753536,0.743758841878216,0.5755128465998159,,
2024-07-15 17:14:08,hf_copula_syn_100000,500,0.001,2,3.0,4,0.99958703283089,0.969104497531029,0.5714285714285714,0.9841097746908352,0.7441599280995715,0.5757962573632,0.0,0.0,1.0,0.0,0.0,0.0,0.0084925690021231,0.8,0.968856285428476,0.0168067226890756,0.8803891346119516,0.7619972304650622,0.0,0.0,1.0,0.0,0.0,0.0,0.9986569157899152,0.9684666666666668,0.5718181901903808,0.9831968744753536,0.743758841878216,0.5755128465998159,,
2024-07-15 17:14:18,hf_copula_syn_100000,500,0.001,2,5.0,4,0.99958703283089,0.969104497531029,0.5714285714285714,0.9841097746908352,0.7441599280995715,0.5757962573632,0.0,0.0,1.0,0.0,0.0,0.0,0.0084925690021231,0.8,0.968856285428476,0.0168067226890756,0.8803891346119516,0.7619972304650622,0.0,0.0,1.0,0.0,0.0,0.0,0.9986569157899152,0.9684666666666668,0.5718181901903808,0.9831968744753536,0.743758841878216,0.5755128465998159,,
2024-07-15 17:14:28,hf_copula_syn_100000,500,0.001,2,7.0,4,0.99958703283089,0.969104497531029,0.5714285714285714,0.9841097746908352,0.7441599280995715,0.5757962573632,0.0,0.0,1.0,0.0,0.0,0.0,0.0084925690021231,0.8,0.968856285428476,0.0168067226890756,0.8803891346119516,0.7619972304650622,0.0,0.0,1.0,0.0,0.0,0.0,0.9986569157899152,0.9684666666666668,0.5718181901903808,0.9831968744753536,0.743758841878216,0.5755128465998159,,
2024-07-15 17:14:37,hf_copula_syn_100000,500,0.001,2,9.0,4,0.99958703283089,0.969104497531029,0.5714285714285714,0.9841097746908352,0.7441599280995715,0.5757962573632,0.0,0.0,1.0,0.0,0.0,0.0,0.0084925690021231,0.8,0.968856285428476,0.0168067226890756,0.8803891346119516,0.7619972304650622,0.0,0.0,1.0,0.0,0.0,0.0,0.9986569157899152,0.9684666666666668,0.5718181901903808,0.9831968744753536,0.743758841878216,0.5755128465998159,,
2024-07-15 17:14:48,hf_copula_syn_100000,500,0.001,4,3.0,4,0.999580243458794,0.9534231949819832,0.5714285714285714,0.9759562841530054,0.7381146620108687,0.5656248276728038,0.0074074074074074,0.375,0.9731856990394876,0.0145278450363196,0.6041064783130602,0.343114170851989,0.0132890365448504,0.8,0.9801933977992664,0.0261437908496732,0.8855251087571787,0.7700247679314246,0.0,0.0,1.0,0.0,0.0,0.0,0.9986556821943646,0.953,0.5718076682673255,0.9750618544020984,0.7380431201510111,0.5655365803140739,,
2024-07-15 17:15:00,hf_copula_syn_100000,500,0.001,4,7.0,4,0.999580243458794,0.9534231949819832,0.5714285714285714,0.9759562841530054,0.7381146620108687,0.5656248276728038,0.0074074074074074,0.375,0.9731856990394876,0.0145278450363196,0.6041064783130602,0.343114170851989,0.0132890365448504,0.8,0.9801933977992664,0.0261437908496732,0.8855251087571787,0.7700247679314246,0.0,0.0,1.0,0.0,0.0,0.0,0.9986556821943646,0.953,0.5718076682673255,0.9750618544020984,0.7380431201510111,0.5655365803140739,,
2024-07-15 17:15:24,hf_copula_syn_100000,500,0.001,8,3.0,4,0.9995787404338974,0.9500200186841052,0.5714285714285714,0.9741694892059256,0.7367961604848405,0.5634211223220796,0.0104166666666666,0.375,0.9809898612593384,0.0202702702702702,0.6065238643056445,0.3455785763502008,0.0115273775216138,0.8,0.9771257085695232,0.0227272727272727,0.8841383188481419,0.7678546401762687,0.0,0.0,0.991866124408294,0.0,0.0,0.0,0.9986551982908886,0.9496,0.5718102656657268,0.9732786509177198,0.7367266762356338,0.5633355227286911,,
2024-07-15 17:15:48,hf_copula_syn_100000,500,0.001,8,7.0,4,0.9995090475522512,0.9509542239423462,0.5,0.974627273970729,0.6895484841337649,0.4969189531743038,0.0105263157894736,0.375,0.9811899679829242,0.0204778156996587,0.6065857218840521,0.3456417061707191,0.008955223880597,0.6,0.9778592864288096,0.0176470588235294,0.7659736104183262,0.5645459791254194,0.0,0.0,0.991866124408294,0.0,0.0,0.0,0.9985847715509172,0.9504666666666668,0.5004487121533611,0.973734425703004,0.6894837424703844,0.496827686387674,,
2024-07-15 17:16:27,hf_copula_syn_100000,500,0.001,10,3.0,4,0.9995786516853932,0.9498198318430536,0.5714285714285714,0.9740641894203792,0.7367185280855926,0.5632915338153315,0.0122950819672131,0.375,0.9839247598719316,0.0238095238095238,0.6074304774638613,0.3465041793968346,0.010204081632653,0.8,0.9741247082360788,0.0201511335012594,0.8827795685157552,0.76573023214029,0.0,0.0,0.991732782185479,0.0,0.0,0.0,0.9986556703480804,0.9494,0.5718108217220609,0.9731744783007856,0.7366491469035319,0.5632058406901622,,
2024-07-15 17:17:05,hf_copula_syn_100000,500,0.001,10,7.0,4,0.9995786516853932,0.9498198318430536,0.5714285714285714,0.9740641894203792,0.7367185280855926,0.5632915338153315,0.0122950819672131,0.375,0.9839247598719316,0.0238095238095238,0.6074304774638613,0.3465041793968346,0.0101522842639593,0.8,0.9739913304434812,0.0200501253132832,0.882719131068759,0.7656357805608426,0.0,0.0,0.991866124408294,0.0,0.0,0.0,0.9986556530822908,0.9494,0.5718107861522782,0.9731744446313896,0.7366491267577163,0.5632058092063024,,
2024-07-15 17:17:26,hf_copula_syn_100000,1500,0.001,2,1.0,4,0.99958703283089,0.969104497531029,0.5714285714285714,0.9841097746908352,0.7441599280995715,0.5757962573632,0.0,0.0,1.0,0.0,0.0,0.0,0.0084925690021231,0.8,0.968856285428476,0.0168067226890756,0.8803891346119516,0.7619972304650622,0.0,0.0,1.0,0.0,0.0,0.0,0.9986569157899152,0.9684666666666668,0.5718181901903808,0.9831968744753536,0.743758841878216,0.5755128465998159,,
2024-07-15 17:17:45,hf_copula_syn_100000,1500,0.001,2,3.0,4,0.99958703283089,0.969104497531029,0.5714285714285714,0.9841097746908352,0.7441599280995715,0.5757962573632,0.0,0.0,1.0,0.0,0.0,0.0,0.0084925690021231,0.8,0.968856285428476,0.0168067226890756,0.8803891346119516,0.7619972304650622,0.0,0.0,1.0,0.0,0.0,0.0,0.9986569157899152,0.9684666666666668,0.5718181901903808,0.9831968744753536,0.743758841878216,0.5755128465998159,,
2024-07-15 17:18:04,hf_copula_syn_100000,1500,0.001,2,5.0,4,0.99958703283089,0.969104497531029,0.5714285714285714,0.9841097746908352,0.7441599280995715,0.5757962573632,0.0,0.0,1.0,0.0,0.0,0.0,0.0084925690021231,0.8,0.968856285428476,0.0168067226890756,0.8803891346119516,0.7619972304650622,0.0,0.0,1.0,0.0,0.0,0.0,0.9986569157899152,0.9684666666666668,0.5718181901903808,0.9831968744753536,0.743758841878216,0.5755128465998159,,
2024-07-15 17:18:22,hf_copula_syn_100000,1500,0.001,2,7.0,4,0.99958703283089,0.969104497531029,0.5714285714285714,0.9841097746908352,0.7441599280995715,0.5757962573632,0.0,0.0,1.0,0.0,0.0,0.0,0.0084925690021231,0.8,0.968856285428476,0.0168067226890756,0.8803891346119516,0.7619972304650622,0.0,0.0,1.0,0.0,0.0,0.0,0.9986569157899152,0.9684666666666668,0.5718181901903808,0.9831968744753536,0.743758841878216,0.5755128465998159,,
2024-07-15 17:18:41,hf_copula_syn_100000,1500,0.001,2,9.0,4,0.99958703283089,0.969104497531029,0.5714285714285714,0.9841097746908352,0.7441599280995715,0.5757962573632,0.0,0.0,1.0,0.0,0.0,0.0,0.0084925690021231,0.8,0.968856285428476,0.0168067226890756,0.8803891346119516,0.7619972304650622,0.0,0.0,1.0,0.0,0.0,0.0,0.9986569157899152,0.9684666666666668,0.5718181901903808,0.9831968744753536,0.743758841878216,0.5755128465998159,,
2024-07-15 17:19:04,hf_copula_syn_100000,1500,0.001,4,1.0,4,0.9995876572056904,0.9705725343654076,0.5714285714285714,0.9848664387039984,0.7447233558713148,0.5767499149336192,0.0180722891566265,0.375,0.9891275346851656,0.0344827586206896,0.6090343385285735,0.3481434334682339,0.0141342756183745,0.8,0.9813937979326444,0.0277777777777777,0.8860671748496924,0.7708735384841519,0.0,0.0,1.0,0.0,0.0,0.0,0.9986690587050546,0.9701333333333332,0.5718165707130476,0.9839748800917316,0.7446484547780001,0.5766542493570255,,
2024-07-15 17:19:27,hf_copula_syn_100000,1500,0.001,4,3.0,4,0.9995876572056904,0.9705725343654076,0.5714285714285714,0.9848664387039984,0.7447233558713148,0.5767499149336192,0.0180722891566265,0.375,0.9891275346851656,0.0344827586206896,0.6090343385285735,0.3481434334682339,0.0141342756183745,0.8,0.9813937979326444,0.0277777777777777,0.8860671748496924,0.7708735384841519,0.0,0.0,1.0,0.0,0.0,0.0,0.9986690587050546,0.9701333333333332,0.5718165707130476,0.9839748800917316,0.7446484547780001,0.5766542493570255,,
2024-07-15 17:19:51,hf_copula_syn_100000,1500,0.001,4,5.0,4,0.9995876572056904,0.9705725343654076,0.5714285714285714,0.9848664387039984,0.7447233558713148,0.5767499149336192,0.0180722891566265,0.375,0.9891275346851656,0.0344827586206896,0.6090343385285735,0.3481434334682339,0.0141342756183745,0.8,0.9813937979326444,0.0277777777777777,0.8860671748496924,0.7708735384841519,0.0,0.0,1.0,0.0,0.0,0.0,0.9986690587050546,0.9701333333333332,0.5718165707130476,0.9839748800917316,0.7446484547780001,0.5766542493570255,,
2024-07-15 17:20:14,hf_copula_syn_100000,1500,0.001,4,7.0,4,0.9995876572056904,0.9705725343654076,0.5714285714285714,0.9848664387039984,0.7447233558713148,0.5767499149336192,0.0180722891566265,0.375,0.9891275346851656,0.0344827586206896,0.6090343385285735,0.3481434334682339,0.0141342756183745,0.8,0.9813937979326444,0.0277777777777777,0.8860671748496924,0.7708735384841519,0.0,0.0,1.0,0.0,0.0,0.0,0.9986690587050546,0.9701333333333332,0.5718165707130476,0.9839748800917316,0.7446484547780001,0.5766542493570255,,
2024-07-15 17:20:35,hf_copula_syn_100000,1500,0.001,4,9.0,4,0.9995876572056904,0.9705725343654076,0.5714285714285714,0.9848664387039984,0.7447233558713148,0.5767499149336192,0.0180722891566265,0.375,0.9891275346851656,0.0344827586206896,0.6090343385285735,0.3481434334682339,0.0141342756183745,0.8,0.9813937979326444,0.0277777777777777,0.8860671748496924,0.7708735384841519,0.0,0.0,1.0,0.0,0.0,0.0,0.9986690587050546,0.9701333333333332,0.5718165707130476,0.9839748800917316,0.7446484547780001,0.5766542493570255,,
2024-07-15 17:21:22,hf_copula_syn_100000,1500,0.001,8,1.0,4,0.9995798613542468,0.9525557186707594,0.5714285714285714,0.975501417979294,0.7377787971513875,0.565062973163075,0.0125523012552301,0.375,0.9842582710779082,0.0242914979757085,0.6075334160803137,0.3466093206843009,0.0111731843575419,0.8,0.9763921307102368,0.0220385674931129,0.883806372780933,0.7673354735006146,0.0,0.0,0.991866124408294,0.0,0.0,0.0,0.9986573391057716,0.9521333333333334,0.5718117642916768,0.9746112516439316,0.7377088235535494,0.5649762178503213,,
2024-07-15 17:22:14,hf_copula_syn_100000,1500,0.001,8,3.0,4,0.9995812103022266,0.9556252502335512,0.5714285714285714,0.9771091324668236,0.7389665564570762,0.5670514599804239,0.0150753768844221,0.375,0.9869263607257204,0.0289855072463768,0.6083562979637386,0.3474501506637762,0.0113636363636363,0.8,0.9767922640880292,0.0224089635854341,0.8839874497244989,0.76761866599748,0.0,0.0,0.991866124408294,0.0,0.0,0.0,0.9986600959190708,0.9552,0.571813320650615,0.9762200925349144,0.738895973513205,0.5669633915867953,,
2024-07-15 17:23:07,hf_copula_syn_100000,1500,0.001,8,5.0,4,0.9995811810693844,0.955558521286534,0.5714285714285714,0.9770742358078603,0.7389407559034501,0.5670082205561991,0.0144230769230769,0.375,0.9863260405549626,0.0277777777777777,0.6081712466140692,0.347261010468034,0.0116279069767441,0.8,0.9773257752584196,0.0229226361031518,0.8842288279663447,0.7679962161445169,0.0,0.0,0.991866124408294,0.0,0.0,0.0,0.998659806910404,0.9551333333333332,0.5718131783169141,0.9761847555479556,0.7388701788054565,0.5669202174946444,,
2024-07-15 17:24:00,hf_copula_syn_100000,1500,0.001,8,7.0,4,0.9995819980493242,0.9574269318030162,0.5714285714285714,0.978050443081118,0.7396628312193589,0.5682191167933978,0.0144230769230769,0.375,0.9863260405549626,0.0277777777777777,0.6081712466140692,0.347261010468034,0.0116618075801749,0.8,0.9773924641547184,0.0229885057471264,0.8842589956137142,0.7680434067107621,0.0,0.0,0.9936662444162944,0.0,0.0,0.0,0.9986606344280308,0.957,0.5718133205545467,0.9771600736509728,0.7395915902402863,0.5681299992922104,,
2024-07-15 17:24:49,hf_copula_syn_100000,1500,0.001,8,9.0,4,0.9995819980493242,0.9574269318030162,0.5714285714285714,0.978050443081118,0.7396628312193589,0.5682191167933978,0.0144230769230769,0.375,0.9863260405549626,0.0277777777777777,0.6081712466140692,0.347261010468034,0.0116618075801749,0.8,0.9773924641547184,0.0229885057471264,0.8842589956137142,0.7680434067107621,0.0,0.0,0.9936662444162944,0.0,0.0,0.0,0.9986606344280308,0.957,0.5718133205545467,0.9771600736509728,0.7395915902402863,0.5681299992922104,,
2024-07-15 17:26:28,hf_copula_syn_100000,1500,0.001,10,1.0,4,0.9995792721408036,0.951221139730415,0.5714285714285714,0.9748008342736006,0.7372617832146249,0.5641987495420212,0.012396694214876,0.375,0.9840581643543224,0.024,0.6074716550036477,0.3465462369128885,0.0103626943005181,0.8,0.9745248416138712,0.0204603580562659,0.8829608560355873,0.7660135698005816,0.0,0.0,0.9925995066337756,0.0,0.0,0.0,0.9986563972884868,0.9508,0.5718110840305406,0.973910640280964,0.7371919773849716,0.5641123265587358,,
2024-07-15 17:28:12,hf_copula_syn_100000,1500,0.001,10,3.0,4,0.9995802140908135,0.953356466034966,0.5714285714285714,0.9759213087878684,0.7380888316785128,0.5655816050418165,0.0132743362831858,0.375,0.9851254002134472,0.0256410256410256,0.6078009748923102,0.3468826489900804,0.0103626943005181,0.8,0.9745248416138712,0.0204603580562659,0.8829608560355873,0.7660135698005816,0.0,0.0,0.9936662444162944,0.0,0.0,0.0,0.9986578064351134,0.9529333333333332,0.571811724338851,0.9750309442326937,0.7380184295742339,0.5654940708131724,,
2024-07-15 17:29:53,hf_copula_syn_100000,1500,0.001,10,5.0,4,0.999580800670719,0.9546910449753104,0.5714285714285714,0.976620362469709,0.7386052666924949,0.5664461543499006,0.013953488372093,0.375,0.9858591248665955,0.0269058295964125,0.6080272788493731,0.3471138827403075,0.0103626943005181,0.8,0.9745248416138712,0.0204603580562659,0.8829608560355873,0.7660135698005816,0.0,0.0,0.9942662844189613,0.0,0.0,0.0,0.9986587546819916,0.9542666666666668,0.5718121556613329,0.9757300200265406,0.7385345032776468,0.5663579365332357,,
2024-07-15 17:31:30,hf_copula_syn_100000,1500,0.001,10,7.0,4,0.9995813856136188,0.9560256239156546,0.5714285714285714,0.9773184624305058,0.7391213408657817,0.5673109072123789,0.015,0.375,0.9868596584845252,0.0288461538461538,0.6083357394824809,0.3474291364212282,0.010443864229765,0.8,0.9747249083027676,0.0206185567010309,0.8830514858388576,0.7661552290243242,0.0,0.0,0.9943996266417762,0.0,0.0,0.0,0.9986599242751228,0.9556,0.5718127648576401,0.9764285559998556,0.7390502905039774,0.5672220976480801,,
2024-07-15 17:33:08,hf_copula_syn_100000,1500,0.001,10,9.0,4,0.9995817941032968,0.9569598291738955,0.5714285714285714,0.9778065659837044,0.7394823784914478,0.5679163553309782,0.015228426395939,0.375,0.987059765208111,0.0292682926829268,0.6083974128421665,0.3474921781478048,0.0104986876640419,0.8,0.9748582860953652,0.0207253886010362,0.8831119005405216,0.766249664948892,0.0,0.0,0.994999666644443,0.0,0.0,0.0,0.998660472485433,0.9565333333333332,0.5718129560431571,0.976916464741084,0.7394110441918851,0.5678270457826644,,
2024-07-15 17:33:25,hf_copula_syn_100000,1000,0.001,2,1.0,4,0.99958703283089,0.969104497531029,0.5714285714285714,0.9841097746908352,0.7441599280995715,0.5757962573632,0.0,0.0,1.0,0.0,0.0,0.0,0.0084925690021231,0.8,0.968856285428476,0.0168067226890756,0.8803891346119516,0.7619972304650622,0.0,0.0,1.0,0.0,0.0,0.0,0.9986569157899152,0.9684666666666668,0.5718181901903808,0.9831968744753536,0.743758841878216,0.5755128465998159,,
2024-07-15 17:33:40,hf_copula_syn_100000,1000,0.001,2,3.0,4,0.99958703283089,0.969104497531029,0.5714285714285714,0.9841097746908352,0.7441599280995715,0.5757962573632,0.0,0.0,1.0,0.0,0.0,0.0,0.0084925690021231,0.8,0.968856285428476,0.0168067226890756,0.8803891346119516,0.7619972304650622,0.0,0.0,1.0,0.0,0.0,0.0,0.9986569157899152,0.9684666666666668,0.5718181901903808,0.9831968744753536,0.743758841878216,0.5755128465998159,,
2024-07-15 17:33:54,hf_copula_syn_100000,1000,0.001,2,5.0,4,0.99958703283089,0.969104497531029,0.5714285714285714,0.9841097746908352,0.7441599280995715,0.5757962573632,0.0,0.0,1.0,0.0,0.0,0.0,0.0084925690021231,0.8,0.968856285428476,0.0168067226890756,0.8803891346119516,0.7619972304650622,0.0,0.0,1.0,0.0,0.0,0.0,0.9986569157899152,0.9684666666666668,0.5718181901903808,0.9831968744753536,0.743758841878216,0.5755128465998159,,
2024-07-15 17:34:08,hf_copula_syn_100000,1000,0.001,2,7.0,4,0.99958703283089,0.969104497531029,0.5714285714285714,0.9841097746908352,0.7441599280995715,0.5757962573632,0.0,0.0,1.0,0.0,0.0,0.0,0.0084925690021231,0.8,0.968856285428476,0.0168067226890756,0.8803891346119516,0.7619972304650622,0.0,0.0,1.0,0.0,0.0,0.0,0.9986569157899152,0.9684666666666668,0.5718181901903808,0.9831968744753536,0.743758841878216,0.5755128465998159,,
2024-07-15 17:34:22,hf_copula_syn_100000,1000,0.001,2,9.0,4,0.99958703283089,0.969104497531029,0.5714285714285714,0.9841097746908352,0.7441599280995715,0.5757962573632,0.0,0.0,1.0,0.0,0.0,0.0,0.0084925690021231,0.8,0.968856285428476,0.0168067226890756,0.8803891346119516,0.7619972304650622,0.0,0.0,1.0,0.0,0.0,0.0,0.9986569157899152,0.9684666666666668,0.5718181901903808,0.9831968744753536,0.743758841878216,0.5755128465998159,,
2024-07-15 17:34:42,hf_copula_syn_100000,1000,0.001,4,3.0,4,0.999587118084228,0.9693046843720806,0.5714285714285714,0.9842130225625042,0.7442367842761874,0.5759262870740974,0.0179640718562874,0.375,0.98906083244397,0.0342857142857142,0.6090138029359341,0.3481224302374286,0.0132890365448504,0.8,0.9801933977992664,0.0261437908496732,0.8855251087571787,0.7700247679314246,0.0,0.0,1.0,0.0,0.0,0.0,0.9986681806245212,0.9688666666666668,0.5718161350051413,0.9833214240526814,0.744162145675348,0.5758310960915988,,
2024-07-15 17:35:00,hf_copula_syn_100000,1000,0.001,4,7.0,4,0.999587118084228,0.9693046843720806,0.5714285714285714,0.9842130225625042,0.7442367842761874,0.5759262870740974,0.0179640718562874,0.375,0.98906083244397,0.0342857142857142,0.6090138029359341,0.3481224302374286,0.0132890365448504,0.8,0.9801933977992664,0.0261437908496732,0.8855251087571787,0.7700247679314246,0.0,0.0,1.0,0.0,0.0,0.0,0.9986681806245212,0.9688666666666668,0.5718161350051413,0.9833214240526814,0.744162145675348,0.5758310960915988,,
2024-07-15 17:35:37,hf_copula_syn_100000,1000,0.001,8,3.0,4,0.9995813856136188,0.9560256239156546,0.5714285714285714,0.9773184624305058,0.7391213408657817,0.5673109072123789,0.0147783251231527,0.375,0.9866595517609392,0.0284360189573459,0.6082740598696875,0.3473660916914493,0.0116959064327485,0.8,0.977459153051017,0.0230547550432276,0.8842891622319102,0.7680905965654218,0.0,0.0,0.991866124408294,0.0,0.0,0.0,0.9986602233959228,0.9556,0.5718134006488215,0.9764291493273622,0.7390506701669816,0.5672227091467379,,
2024-07-15 17:36:15,hf_copula_syn_100000,1000,0.001,8,7.0,4,0.9995812687556704,0.9557587081275858,0.5714285714285714,0.9771789186423334,0.7390181548620868,0.5671379403555318,0.0144927536231884,0.375,0.986392742796158,0.027906976744186,0.6081918106556181,0.3472820273800954,0.0116959064327485,0.8,0.977459153051017,0.0230547550432276,0.8842891622319102,0.7680905965654218,0.0,0.0,0.991866124408294,0.0,0.0,0.0,0.9986599543422416,0.9553333333333334,0.5718132583507068,0.9762894536242118,0.7389475366039758,0.5670498588913245,,
2024-07-15 17:37:25,hf_copula_syn_100000,1000,0.001,10,3.0,4,0.999578710855217,0.949953289737088,0.5714285714285714,0.9741343916792116,0.7367702839273147,0.5633779256442777,0.0116279069767441,0.375,0.9829909284951974,0.0225563909774436,0.6071421564886588,0.3462097394112683,0.0103896103896103,0.8,0.97459153051017,0.0205128205128205,0.8829910670035888,0.7660607902534146,0.0,0.0,0.992332822188146,0.0,0.0,0.0,0.9986554354789364,0.9495333333333332,0.5718105192887515,0.9732440672623366,0.7367007711681111,0.5632921050381134,,
2024-07-15 17:38:30,hf_copula_syn_100000,1000,0.001,10,7.0,4,0.9995807420865068,0.9545575870812758,0.5714285714285714,0.9765505000511998,0.7385536394414136,0.5663596902591445,0.0135746606334841,0.375,0.9854589114194237,0.0262008733624454,0.6079038507710606,0.3469877602455212,0.0101522842639593,0.8,0.9739913304434812,0.0200501253132832,0.882719131068759,0.7656357805608426,0.0,0.0,0.9950663377558504,0.0,0.0,0.0,0.9986584239743188,0.9541333333333334,0.5718118177139934,0.97565971009205,0.7384827778087024,0.5662713599472204,,
2024-07-15 17:38:37,hf_copula_syn_100000,100,0.0001,2,1.0,4,0.9993218040013564,0.9832510342986788,0.2857142857142857,0.991221284181494,0.5300272322649844,0.3005246877855352,0.0,0.0,1.0,0.0,0.0,0.0,0.0117647058823529,0.6,0.9831943981327108,0.023076923076923,0.7680603094026058,0.5673113637412316,0.0,0.0,1.0,0.0,0.0,0.0,0.9983930252195826,0.9825333333333334,0.2863753505136632,0.9903038366239504,0.5297885602846713,0.3004333018648492,,
2024-07-15 17:38:43,hf_copula_syn_100000,100,0.0001,2,3.0,4,0.9993218040013564,0.9832510342986788,0.2857142857142857,0.991221284181494,0.5300272322649844,0.3005246877855352,0.0,0.0,1.0,0.0,0.0,0.0,0.0117647058823529,0.6,0.9831943981327108,0.023076923076923,0.7680603094026058,0.5673113637412316,0.0,0.0,1.0,0.0,0.0,0.0,0.9983930252195826,0.9825333333333334,0.2863753505136632,0.9903038366239504,0.5297885602846713,0.3004333018648492,,
2024-07-15 17:38:48,hf_copula_syn_100000,100,0.0001,2,5.0,4,0.9993218040013564,0.9832510342986788,0.2857142857142857,0.991221284181494,0.5300272322649844,0.3005246877855352,0.0,0.0,1.0,0.0,0.0,0.0,0.0117647058823529,0.6,0.9831943981327108,0.023076923076923,0.7680603094026058,0.5673113637412316,0.0,0.0,1.0,0.0,0.0,0.0,0.9983930252195826,0.9825333333333334,0.2863753505136632,0.9903038366239504,0.5297885602846713,0.3004333018648492,,
2024-07-15 17:38:54,hf_copula_syn_100000,100,0.0001,2,7.0,4,0.9993218040013564,0.9832510342986788,0.2857142857142857,0.991221284181494,0.5300272322649844,0.3005246877855352,0.0,0.0,1.0,0.0,0.0,0.0,0.0117647058823529,0.6,0.9831943981327108,0.023076923076923,0.7680603094026058,0.5673113637412316,0.0,0.0,1.0,0.0,0.0,0.0,0.9983930252195826,0.9825333333333334,0.2863753505136632,0.9903038366239504,0.5297885602846713,0.3004333018648492,,
2024-07-15 17:38:59,hf_copula_syn_100000,100,0.0001,2,9.0,4,0.9993218040013564,0.9832510342986788,0.2857142857142857,0.991221284181494,0.5300272322649844,0.3005246877855352,0.0,0.0,1.0,0.0,0.0,0.0,0.0117647058823529,0.6,0.9831943981327108,0.023076923076923,0.7680603094026058,0.5673113637412316,0.0,0.0,1.0,0.0,0.0,0.0,0.9983930252195826,0.9825333333333334,0.2863753505136632,0.9903038366239504,0.5297885602846713,0.3004333018648492,,
2024-07-15 17:39:06,hf_copula_syn_100000,100,0.0001,4,3.0,4,0.999578710855217,0.949953289737088,0.5714285714285714,0.9741343916792116,0.7367702839273147,0.5633779256442777,0.0059642147117296,0.375,0.966648879402348,0.0117416829745596,0.6020741895945054,0.3410464525406079,0.0117647058823529,0.6,0.9831943981327108,0.023076923076923,0.7680603094026058,0.5673113637412316,0.0,0.0,1.0,0.0,0.0,0.0,0.9986528732082258,0.9494666666666668,0.5718051822969635,0.9732391541189233,0.7366597579999005,0.5632231014762784,,
2024-07-15 17:39:14,hf_copula_syn_100000,100,0.0001,4,7.0,4,0.999578710855217,0.949953289737088,0.5714285714285714,0.9741343916792116,0.7367702839273147,0.5633779256442777,0.0059642147117296,0.375,0.966648879402348,0.0117416829745596,0.6020741895945054,0.3410464525406079,0.0117647058823529,0.6,0.9831943981327108,0.023076923076923,0.7680603094026058,0.5673113637412316,0.0,0.0,1.0,0.0,0.0,0.0,0.9986528732082258,0.9494666666666668,0.5718051822969635,0.9732391541189233,0.7366597579999005,0.5632231014762784,,
2024-07-15 17:39:25,hf_copula_syn_100000,100,0.0001,8,3.0,4,0.9995083233827352,0.9495529160549846,0.5,0.9738904287718576,0.6890402441276505,0.4961201721455439,0.0114503816793893,0.375,0.9827241195304164,0.0222222222222222,0.607059753915466,0.3461256016882963,0.0076530612244897,0.6,0.97405801933978,0.0151133501259445,0.7644833625422256,0.5625735587976919,0.0,0.0,0.9927328488565904,0.0,0.0,0.0,0.9985841068382152,0.9490666666666666,0.5004483210601199,0.9729983540068976,0.6889757328894004,0.4960292514920411,,
2024-07-15 17:39:34,hf_copula_syn_100000,100,0.0001,8,7.0,4,0.9995083233827352,0.9495529160549846,0.5,0.9738904287718576,0.6890402441276505,0.4961201721455439,0.0114503816793893,0.375,0.9827241195304164,0.0222222222222222,0.607059753915466,0.3461256016882963,0.0076530612244897,0.6,0.97405801933978,0.0151133501259445,0.7644833625422256,0.5625735587976919,0.0,0.0,0.9927328488565904,0.0,0.0,0.0,0.9985841068382152,0.9490666666666666,0.5004483210601199,0.9729983540068976,0.6889757328894004,0.4960292514920411,,
2024-07-15 17:39:47,hf_copula_syn_100000,100,0.0001,10,3.0,4,0.9995786516853932,0.9498198318430536,0.5714285714285714,0.9740641894203792,0.7367185280855926,0.5632915338153315,0.015,0.375,0.9868596584845252,0.0288461538461538,0.6083357394824809,0.3474291364212282,0.0091743119266055,0.8,0.9711903967989328,0.0181405895691609,0.8814489874287373,0.7636516398875206,0.0,0.0,0.991732782185479,0.0,0.0,0.0,0.9986567697144624,0.9494,0.5718114088975085,0.973176494322161,0.7366491861829129,0.5632056411364909,,
2024-07-15 17:39:59,hf_copula_syn_100000,100,0.0001,10,7.0,4,0.9995785924989464,0.9496863739490192,0.5714285714285714,0.9739939775526965,0.7366667686076711,0.563205144021929,0.015,0.375,0.9868596584845252,0.0288461538461538,0.6083357394824809,0.3474291364212282,0.0091324200913242,0.8,0.9710570190063356,0.0180586907449209,0.881388458742834,0.7635571256885563,0.0,0.0,0.991732782185479,0.0,0.0,0.0,0.9986566966193112,0.9492666666666668,0.5718113644382442,0.9731063206859468,0.7365974548376089,0.5631193004688293,,
2024-07-15 17:40:10,hf_copula_syn_100000,500,0.0001,2,1.0,4,0.9993218040013564,0.9832510342986788,0.2857142857142857,0.991221284181494,0.5300272322649844,0.3005246877855352,0.0,0.0,1.0,0.0,0.0,0.0,0.0117647058823529,0.6,0.9831943981327108,0.023076923076923,0.7680603094026058,0.5673113637412316,0.0,0.0,1.0,0.0,0.0,0.0,0.9983930252195826,0.9825333333333334,0.2863753505136632,0.9903038366239504,0.5297885602846713,0.3004333018648492,,
2024-07-15 17:40:19,hf_copula_syn_100000,500,0.0001,2,3.0,4,0.9993218040013564,0.9832510342986788,0.2857142857142857,0.991221284181494,0.5300272322649844,0.3005246877855352,0.0,0.0,1.0,0.0,0.0,0.0,0.0117647058823529,0.6,0.9831943981327108,0.023076923076923,0.7680603094026058,0.5673113637412316,0.0,0.0,1.0,0.0,0.0,0.0,0.9983930252195826,0.9825333333333334,0.2863753505136632,0.9903038366239504,0.5297885602846713,0.3004333018648492,,
2024-07-15 17:40:29,hf_copula_syn_100000,500,0.0001,2,5.0,4,0.9993218040013564,0.9832510342986788,0.2857142857142857,0.991221284181494,0.5300272322649844,0.3005246877855352,0.0,0.0,1.0,0.0,0.0,0.0,0.0117647058823529,0.6,0.9831943981327108,0.023076923076923,0.7680603094026058,0.5673113637412316,0.0,0.0,1.0,0.0,0.0,0.0,0.9983930252195826,0.9825333333333334,0.2863753505136632,0.9903038366239504,0.5297885602846713,0.3004333018648492,,
2024-07-15 17:40:39,hf_copula_syn_100000,500,0.0001,2,7.0,4,0.9993218040013564,0.9832510342986788,0.2857142857142857,0.991221284181494,0.5300272322649844,0.3005246877855352,0.0,0.0,1.0,0.0,0.0,0.0,0.0117647058823529,0.6,0.9831943981327108,0.023076923076923,0.7680603094026058,0.5673113637412316,0.0,0.0,1.0,0.0,0.0,0.0,0.9983930252195826,0.9825333333333334,0.2863753505136632,0.9903038366239504,0.5297885602846713,0.3004333018648492,,
2024-07-15 17:40:48,hf_copula_syn_100000,500,0.0001,2,9.0,4,0.9993218040013564,0.9832510342986788,0.2857142857142857,0.991221284181494,0.5300272322649844,0.3005246877855352,0.0,0.0,1.0,0.0,0.0,0.0,0.0117647058823529,0.6,0.9831943981327108,0.023076923076923,0.7680603094026058,0.5673113637412316,0.0,0.0,1.0,0.0,0.0,0.0,0.9983930252195826,0.9825333333333334,0.2863753505136632,0.9903038366239504,0.5297885602846713,0.3004333018648492,,
2024-07-15 17:41:00,hf_copula_syn_100000,500,0.0001,4,3.0,4,0.999578710855217,0.949953289737088,0.5714285714285714,0.9741343916792116,0.7367702839273147,0.5633779256442777,0.0059642147117296,0.375,0.966648879402348,0.0117416829745596,0.6020741895945054,0.3410464525406079,0.0117647058823529,0.6,0.9831943981327108,0.023076923076923,0.7680603094026058,0.5673113637412316,0.0,0.0,1.0,0.0,0.0,0.0,0.9986528732082258,0.9494666666666668,0.5718051822969635,0.9732391541189233,0.7366597579999005,0.5632231014762784,,
2024-07-15 17:41:12,hf_copula_syn_100000,500,0.0001,4,7.0,4,0.999578710855217,0.949953289737088,0.5714285714285714,0.9741343916792116,0.7367702839273147,0.5633779256442777,0.0059642147117296,0.375,0.966648879402348,0.0117416829745596,0.6020741895945054,0.3410464525406079,0.0117647058823529,0.6,0.9831943981327108,0.023076923076923,0.7680603094026058,0.5673113637412316,0.0,0.0,1.0,0.0,0.0,0.0,0.9986528732082258,0.9494666666666668,0.5718051822969635,0.9732391541189233,0.7366597579999005,0.5632231014762784,,
2024-07-15 17:41:36,hf_copula_syn_100000,500,0.0001,8,3.0,4,0.9995083233827352,0.9495529160549846,0.5,0.9738904287718576,0.6890402441276505,0.4961201721455439,0.0114503816793893,0.375,0.9827241195304164,0.0222222222222222,0.607059753915466,0.3461256016882963,0.0076530612244897,0.6,0.97405801933978,0.0151133501259445,0.7644833625422256,0.5625735587976919,0.0,0.0,0.9927328488565904,0.0,0.0,0.0,0.9985841068382152,0.9490666666666666,0.5004483210601199,0.9729983540068976,0.6889757328894004,0.4960292514920411,,
2024-07-15 17:41:57,hf_copula_syn_100000,500,0.0001,8,7.0,4,0.9995083233827352,0.9495529160549846,0.5,0.9738904287718576,0.6890402441276505,0.4961201721455439,0.0114503816793893,0.375,0.9827241195304164,0.0222222222222222,0.607059753915466,0.3461256016882963,0.0076530612244897,0.6,0.97405801933978,0.0151133501259445,0.7644833625422256,0.5625735587976919,0.0,0.0,0.9927328488565904,0.0,0.0,0.0,0.9985841068382152,0.9490666666666666,0.5004483210601199,0.9729983540068976,0.6889757328894004,0.4960292514920411,,
2024-07-15 17:42:33,hf_copula_syn_100000,500,0.0001,10,3.0,4,0.9995786516853932,0.9498198318430536,0.5714285714285714,0.9740641894203792,0.7367185280855926,0.5632915338153315,0.015,0.375,0.9868596584845252,0.0288461538461538,0.6083357394824809,0.3474291364212282,0.0091743119266055,0.8,0.9711903967989328,0.0181405895691609,0.8814489874287373,0.7636516398875206,0.0,0.0,0.991732782185479,0.0,0.0,0.0,0.9986567697144624,0.9494,0.5718114088975085,0.973176494322161,0.7366491861829129,0.5632056411364909,,
2024-07-15 17:43:10,hf_copula_syn_100000,500,0.0001,10,7.0,4,0.9995785924989464,0.9496863739490192,0.5714285714285714,0.9739939775526965,0.7366667686076711,0.563205144021929,0.015,0.375,0.9868596584845252,0.0288461538461538,0.6083357394824809,0.3474291364212282,0.0091324200913242,0.8,0.9710570190063356,0.0180586907449209,0.881388458742834,0.7635571256885563,0.0,0.0,0.991732782185479,0.0,0.0,0.0,0.9986566966193112,0.9492666666666668,0.5718113644382442,0.9731063206859468,0.7365974548376089,0.5631193004688293,,
2024-07-15 17:43:32,hf_copula_syn_100000,1500,0.0001,2,1.0,4,0.9993218040013564,0.9832510342986788,0.2857142857142857,0.991221284181494,0.5300272322649844,0.3005246877855352,0.0,0.0,1.0,0.0,0.0,0.0,0.0117647058823529,0.6,0.9831943981327108,0.023076923076923,0.7680603094026058,0.5673113637412316,0.0,0.0,1.0,0.0,0.0,0.0,0.9983930252195826,0.9825333333333334,0.2863753505136632,0.9903038366239504,0.5297885602846713,0.3004333018648492,,
2024-07-15 17:43:54,hf_copula_syn_100000,1500,0.0001,2,3.0,4,0.9993218040013564,0.9832510342986788,0.2857142857142857,0.991221284181494,0.5300272322649844,0.3005246877855352,0.0,0.0,1.0,0.0,0.0,0.0,0.0117647058823529,0.6,0.9831943981327108,0.023076923076923,0.7680603094026058,0.5673113637412316,0.0,0.0,1.0,0.0,0.0,0.0,0.9983930252195826,0.9825333333333334,0.2863753505136632,0.9903038366239504,0.5297885602846713,0.3004333018648492,,
2024-07-15 17:44:13,hf_copula_syn_100000,1500,0.0001,2,5.0,4,0.9993218040013564,0.9832510342986788,0.2857142857142857,0.991221284181494,0.5300272322649844,0.3005246877855352,0.0,0.0,1.0,0.0,0.0,0.0,0.0117647058823529,0.6,0.9831943981327108,0.023076923076923,0.7680603094026058,0.5673113637412316,0.0,0.0,1.0,0.0,0.0,0.0,0.9983930252195826,0.9825333333333334,0.2863753505136632,0.9903038366239504,0.5297885602846713,0.3004333018648492,,
2024-07-15 17:44:36,hf_copula_syn_100000,1500,0.0001,2,7.0,4,0.9993218040013564,0.9832510342986788,0.2857142857142857,0.991221284181494,0.5300272322649844,0.3005246877855352,0.0,0.0,1.0,0.0,0.0,0.0,0.0117647058823529,0.6,0.9831943981327108,0.023076923076923,0.7680603094026058,0.5673113637412316,0.0,0.0,1.0,0.0,0.0,0.0,0.9983930252195826,0.9825333333333334,0.2863753505136632,0.9903038366239504,0.5297885602846713,0.3004333018648492,,
2024-07-15 17:44:59,hf_copula_syn_100000,1500,0.0001,2,9.0,4,0.9993218040013564,0.9832510342986788,0.2857142857142857,0.991221284181494,0.5300272322649844,0.3005246877855352,0.0,0.0,1.0,0.0,0.0,0.0,0.0117647058823529,0.6,0.9831943981327108,0.023076923076923,0.7680603094026058,0.5673113637412316,0.0,0.0,1.0,0.0,0.0,0.0,0.9983930252195826,0.9825333333333334,0.2863753505136632,0.9903038366239504,0.5297885602846713,0.3004333018648492,,
2024-07-15 17:45:21,hf_copula_syn_100000,1500,0.0001,4,1.0,4,0.999578710855217,0.949953289737088,0.5714285714285714,0.9741343916792116,0.7367702839273147,0.5633779256442777,0.0059642147117296,0.375,0.966648879402348,0.0117416829745596,0.6020741895945054,0.3410464525406079,0.0117647058823529,0.6,0.9831943981327108,0.023076923076923,0.7680603094026058,0.5673113637412316,0.0,0.0,1.0,0.0,0.0,0.0,0.9986528732082258,0.9494666666666668,0.5718051822969635,0.9732391541189233,0.7366597579999005,0.5632231014762784,,
2024-07-15 17:45:46,hf_copula_syn_100000,1500,0.0001,4,3.0,4,0.999578710855217,0.949953289737088,0.5714285714285714,0.9741343916792116,0.7367702839273147,0.5633779256442777,0.0059642147117296,0.375,0.966648879402348,0.0117416829745596,0.6020741895945054,0.3410464525406079,0.0117647058823529,0.6,0.9831943981327108,0.023076923076923,0.7680603094026058,0.5673113637412316,0.0,0.0,1.0,0.0,0.0,0.0,0.9986528732082258,0.9494666666666668,0.5718051822969635,0.9732391541189233,0.7366597579999005,0.5632231014762784,,
2024-07-15 17:46:09,hf_copula_syn_100000,1500,0.0001,4,5.0,4,0.999578710855217,0.949953289737088,0.5714285714285714,0.9741343916792116,0.7367702839273147,0.5633779256442777,0.0059642147117296,0.375,0.966648879402348,0.0117416829745596,0.6020741895945054,0.3410464525406079,0.0117647058823529,0.6,0.9831943981327108,0.023076923076923,0.7680603094026058,0.5673113637412316,0.0,0.0,1.0,0.0,0.0,0.0,0.9986528732082258,0.9494666666666668,0.5718051822969635,0.9732391541189233,0.7366597579999005,0.5632231014762784,,
2024-07-15 17:46:33,hf_copula_syn_100000,1500,0.0001,4,7.0,4,0.999578710855217,0.949953289737088,0.5714285714285714,0.9741343916792116,0.7367702839273147,0.5633779256442777,0.0059642147117296,0.375,0.966648879402348,0.0117416829745596,0.6020741895945054,0.3410464525406079,0.0117647058823529,0.6,0.9831943981327108,0.023076923076923,0.7680603094026058,0.5673113637412316,0.0,0.0,1.0,0.0,0.0,0.0,0.9986528732082258,0.9494666666666668,0.5718051822969635,0.9732391541189233,0.7366597579999005,0.5632231014762784,,
2024-07-15 17:46:56,hf_copula_syn_100000,1500,0.0001,4,9.0,4,0.999578710855217,0.949953289737088,0.5714285714285714,0.9741343916792116,0.7367702839273147,0.5633779256442777,0.0059642147117296,0.375,0.966648879402348,0.0117416829745596,0.6020741895945054,0.3410464525406079,0.0117647058823529,0.6,0.9831943981327108,0.023076923076923,0.7680603094026058,0.5673113637412316,0.0,0.0,1.0,0.0,0.0,0.0,0.9986528732082258,0.9494666666666668,0.5718051822969635,0.9732391541189233,0.7366597579999005,0.5632231014762784,,
2024-07-15 17:47:44,hf_copula_syn_100000,1500,0.0001,8,1.0,4,0.9995083233827352,0.9495529160549846,0.5,0.9738904287718576,0.6890402441276505,0.4961201721455439,0.0114503816793893,0.375,0.9827241195304164,0.0222222222222222,0.607059753915466,0.3461256016882963,0.0076530612244897,0.6,0.97405801933978,0.0151133501259445,0.7644833625422256,0.5625735587976919,0.0,0.0,0.9927328488565904,0.0,0.0,0.0,0.9985841068382152,0.9490666666666666,0.5004483210601199,0.9729983540068976,0.6889757328894004,0.4960292514920411,,
2024-07-15 17:48:29,hf_copula_syn_100000,1500,0.0001,8,3.0,4,0.9995083233827352,0.9495529160549846,0.5,0.9738904287718576,0.6890402441276505,0.4961201721455439,0.0114503816793893,0.375,0.9827241195304164,0.0222222222222222,0.607059753915466,0.3461256016882963,0.0076530612244897,0.6,0.97405801933978,0.0151133501259445,0.7644833625422256,0.5625735587976919,0.0,0.0,0.9927328488565904,0.0,0.0,0.0,0.9985841068382152,0.9490666666666666,0.5004483210601199,0.9729983540068976,0.6889757328894004,0.4960292514920411,,
2024-07-15 17:49:16,hf_copula_syn_100000,1500,0.0001,8,5.0,4,0.9995083233827352,0.9495529160549846,0.5,0.9738904287718576,0.6890402441276505,0.4961201721455439,0.0114503816793893,0.375,0.9827241195304164,0.0222222222222222,0.607059753915466,0.3461256016882963,0.0076530612244897,0.6,0.97405801933978,0.0151133501259445,0.7644833625422256,0.5625735587976919,0.0,0.0,0.9927328488565904,0.0,0.0,0.0,0.9985841068382152,0.9490666666666666,0.5004483210601199,0.9729983540068976,0.6889757328894004,0.4960292514920411,,
2024-07-15 17:50:07,hf_copula_syn_100000,1500,0.0001,8,7.0,4,0.9995083233827352,0.9495529160549846,0.5,0.9738904287718576,0.6890402441276505,0.4961201721455439,0.0114503816793893,0.375,0.9827241195304164,0.0222222222222222,0.607059753915466,0.3461256016882963,0.0076530612244897,0.6,0.97405801933978,0.0151133501259445,0.7644833625422256,0.5625735587976919,0.0,0.0,0.9927328488565904,0.0,0.0,0.0,0.9985841068382152,0.9490666666666666,0.5004483210601199,0.9729983540068976,0.6889757328894004,0.4960292514920411,,
2024-07-15 17:51:00,hf_copula_syn_100000,1500,0.0001,8,9.0,4,0.9995083233827352,0.9495529160549846,0.5,0.9738904287718576,0.6890402441276505,0.4961201721455439,0.0114503816793893,0.375,0.9827241195304164,0.0222222222222222,0.607059753915466,0.3461256016882963,0.0076530612244897,0.6,0.97405801933978,0.0151133501259445,0.7644833625422256,0.5625735587976919,0.0,0.0,0.9927328488565904,0.0,0.0,0.0,0.9985841068382152,0.9490666666666666,0.5004483210601199,0.9729983540068976,0.6889757328894004,0.4960292514920411,,
2024-07-15 17:52:42,hf_copula_syn_100000,1500,0.0001,10,1.0,4,0.9995786516853932,0.9498198318430536,0.5714285714285714,0.9740641894203792,0.7367185280855926,0.5632915338153315,0.015,0.375,0.9868596584845252,0.0288461538461538,0.6083357394824809,0.3474291364212282,0.0091743119266055,0.8,0.9711903967989328,0.0181405895691609,0.8814489874287373,0.7636516398875206,0.0,0.0,0.991732782185479,0.0,0.0,0.0,0.9986567697144624,0.9494,0.5718114088975085,0.973176494322161,0.7366491861829129,0.5632056411364909,,
2024-07-15 17:54:23,hf_copula_syn_100000,1500,0.0001,10,3.0,4,0.9995786516853932,0.9498198318430536,0.5714285714285714,0.9740641894203792,0.7367185280855926,0.5632915338153315,0.015,0.375,0.9868596584845252,0.0288461538461538,0.6083357394824809,0.3474291364212282,0.0091743119266055,0.8,0.9711903967989328,0.0181405895691609,0.8814489874287373,0.7636516398875206,0.0,0.0,0.991732782185479,0.0,0.0,0.0,0.9986567697144624,0.9494,0.5718114088975085,0.973176494322161,0.7366491861829129,0.5632056411364909,,
2024-07-15 17:56:04,hf_copula_syn_100000,1500,0.0001,10,5.0,4,0.9995786516853932,0.9498198318430536,0.5714285714285714,0.9740641894203792,0.7367185280855926,0.5632915338153315,0.0122950819672131,0.375,0.9839247598719316,0.0238095238095238,0.6074304774638613,0.3465041793968346,0.010204081632653,0.8,0.9741247082360788,0.0201511335012594,0.8827795685157552,0.76573023214029,0.0,0.0,0.991732782185479,0.0,0.0,0.0,0.9986556703480804,0.9494,0.5718108217220609,0.9731744783007856,0.7366491469035319,0.5632058406901622,,
2024-07-15 17:57:43,hf_copula_syn_100000,1500,0.0001,10,7.0,4,0.9995786516853932,0.9498198318430536,0.5714285714285714,0.9740641894203792,0.7367185280855926,0.5632915338153315,0.0122950819672131,0.375,0.9839247598719316,0.0238095238095238,0.6074304774638613,0.3465041793968346,0.010204081632653,0.8,0.9741247082360788,0.0201511335012594,0.8827795685157552,0.76573023214029,0.0,0.0,0.991732782185479,0.0,0.0,0.0,0.9986556703480804,0.9494,0.5718108217220609,0.9731744783007856,0.7366491469035319,0.5632058406901622,,
2024-07-15 17:59:22,hf_copula_syn_100000,1500,0.0001,10,9.0,4,0.9995785924989464,0.9496863739490192,0.5714285714285714,0.9739939775526965,0.7366667686076711,0.563205144021929,0.0122950819672131,0.375,0.9839247598719316,0.0238095238095238,0.6074304774638613,0.3465041793968346,0.0101522842639593,0.8,0.9739913304434812,0.0200501253132832,0.882719131068759,0.7656357805608426,0.0,0.0,0.991732782185479,0.0,0.0,0.0,0.9986555939510848,0.9492666666666668,0.5718107772627967,0.9731042982947834,0.7365974155886409,0.5631195000433737,,
2024-07-15 17:59:36,hf_copula_syn_100000,1000,0.0001,2,1.0,4,0.9993218040013564,0.9832510342986788,0.2857142857142857,0.991221284181494,0.5300272322649844,0.3005246877855352,0.0,0.0,1.0,0.0,0.0,0.0,0.0117647058823529,0.6,0.9831943981327108,0.023076923076923,0.7680603094026058,0.5673113637412316,0.0,0.0,1.0,0.0,0.0,0.0,0.9983930252195826,0.9825333333333334,0.2863753505136632,0.9903038366239504,0.5297885602846713,0.3004333018648492,,
2024-07-15 17:59:51,hf_copula_syn_100000,1000,0.0001,2,3.0,4,0.9993218040013564,0.9832510342986788,0.2857142857142857,0.991221284181494,0.5300272322649844,0.3005246877855352,0.0,0.0,1.0,0.0,0.0,0.0,0.0117647058823529,0.6,0.9831943981327108,0.023076923076923,0.7680603094026058,0.5673113637412316,0.0,0.0,1.0,0.0,0.0,0.0,0.9983930252195826,0.9825333333333334,0.2863753505136632,0.9903038366239504,0.5297885602846713,0.3004333018648492,,
2024-07-15 18:00:06,hf_copula_syn_100000,1000,0.0001,2,5.0,4,0.9993218040013564,0.9832510342986788,0.2857142857142857,0.991221284181494,0.5300272322649844,0.3005246877855352,0.0,0.0,1.0,0.0,0.0,0.0,0.0117647058823529,0.6,0.9831943981327108,0.023076923076923,0.7680603094026058,0.5673113637412316,0.0,0.0,1.0,0.0,0.0,0.0,0.9983930252195826,0.9825333333333334,0.2863753505136632,0.9903038366239504,0.5297885602846713,0.3004333018648492,,
2024-07-15 18:00:21,hf_copula_syn_100000,1000,0.0001,2,7.0,4,0.9993218040013564,0.9832510342986788,0.2857142857142857,0.991221284181494,0.5300272322649844,0.3005246877855352,0.0,0.0,1.0,0.0,0.0,0.0,0.0117647058823529,0.6,0.9831943981327108,0.023076923076923,0.7680603094026058,0.5673113637412316,0.0,0.0,1.0,0.0,0.0,0.0,0.9983930252195826,0.9825333333333334,0.2863753505136632,0.9903038366239504,0.5297885602846713,0.3004333018648492,,
2024-07-15 18:00:35,hf_copula_syn_100000,1000,0.0001,2,9.0,4,0.9993218040013564,0.9832510342986788,0.2857142857142857,0.991221284181494,0.5300272322649844,0.3005246877855352,0.0,0.0,1.0,0.0,0.0,0.0,0.0117647058823529,0.6,0.9831943981327108,0.023076923076923,0.7680603094026058,0.5673113637412316,0.0,0.0,1.0,0.0,0.0,0.0,0.9983930252195826,0.9825333333333334,0.2863753505136632,0.9903038366239504,0.5297885602846713,0.3004333018648492,,
2024-07-15 18:00:55,hf_copula_syn_100000,1000,0.0001,4,3.0,4,0.999578710855217,0.949953289737088,0.5714285714285714,0.9741343916792116,0.7367702839273147,0.5633779256442777,0.0059642147117296,0.375,0.966648879402348,0.0117416829745596,0.6020741895945054,0.3410464525406079,0.0117647058823529,0.6,0.9831943981327108,0.023076923076923,0.7680603094026058,0.5673113637412316,0.0,0.0,1.0,0.0,0.0,0.0,0.9986528732082258,0.9494666666666668,0.5718051822969635,0.9732391541189233,0.7366597579999005,0.5632231014762784,,
2024-07-15 18:01:14,hf_copula_syn_100000,1000,0.0001,4,7.0,4,0.999578710855217,0.949953289737088,0.5714285714285714,0.9741343916792116,0.7367702839273147,0.5633779256442777,0.0059642147117296,0.375,0.966648879402348,0.0117416829745596,0.6020741895945054,0.3410464525406079,0.0117647058823529,0.6,0.9831943981327108,0.023076923076923,0.7680603094026058,0.5673113637412316,0.0,0.0,1.0,0.0,0.0,0.0,0.9986528732082258,0.9494666666666668,0.5718051822969635,0.9732391541189233,0.7366597579999005,0.5632231014762784,,
2024-07-15 18:01:54,hf_copula_syn_100000,1000,0.0001,8,3.0,4,0.9995083233827352,0.9495529160549846,0.5,0.9738904287718576,0.6890402441276505,0.4961201721455439,0.0114503816793893,0.375,0.9827241195304164,0.0222222222222222,0.607059753915466,0.3461256016882963,0.0076530612244897,0.6,0.97405801933978,0.0151133501259445,0.7644833625422256,0.5625735587976919,0.0,0.0,0.9927328488565904,0.0,0.0,0.0,0.9985841068382152,0.9490666666666666,0.5004483210601199,0.9729983540068976,0.6889757328894004,0.4960292514920411,,
2024-07-15 18:02:30,hf_copula_syn_100000,1000,0.0001,8,7.0,4,0.9995083233827352,0.9495529160549846,0.5,0.9738904287718576,0.6890402441276505,0.4961201721455439,0.0114503816793893,0.375,0.9827241195304164,0.0222222222222222,0.607059753915466,0.3461256016882963,0.0076530612244897,0.6,0.97405801933978,0.0151133501259445,0.7644833625422256,0.5625735587976919,0.0,0.0,0.9927328488565904,0.0,0.0,0.0,0.9985841068382152,0.9490666666666666,0.5004483210601199,0.9729983540068976,0.6889757328894004,0.4960292514920411,,
2024-07-15 18:03:44,hf_copula_syn_100000,1000,0.0001,10,3.0,4,0.9995786516853932,0.9498198318430536,0.5714285714285714,0.9740641894203792,0.7367185280855926,0.5632915338153315,0.015,0.375,0.9868596584845252,0.0288461538461538,0.6083357394824809,0.3474291364212282,0.0091743119266055,0.8,0.9711903967989328,0.0181405895691609,0.8814489874287373,0.7636516398875206,0.0,0.0,0.991732782185479,0.0,0.0,0.0,0.9986567697144624,0.9494,0.5718114088975085,0.973176494322161,0.7366491861829129,0.5632056411364909,,
2024-07-15 18:04:51,hf_copula_syn_100000,1000,0.0001,10,7.0,4,0.9995786516853932,0.9498198318430536,0.5714285714285714,0.9740641894203792,0.7367185280855926,0.5632915338153315,0.0122950819672131,0.375,0.9839247598719316,0.0238095238095238,0.6074304774638613,0.3465041793968346,0.010204081632653,0.8,0.9741247082360788,0.0201511335012594,0.8827795685157552,0.76573023214029,0.0,0.0,0.991732782185479,0.0,0.0,0.0,0.9986556703480804,0.9494,0.5718108217220609,0.9731744783007856,0.7366491469035319,0.5632058406901622,,
2024-07-15 18:04:59,hf_copula_syn_150000,100,0.1,2,1.0,4,0.9995223147263546,0.9773788869611636,0.5,0.9883265856950068,0.6990632614295947,0.512018445740425,0.0470588235294117,0.5,0.9945971184631804,0.086021505376344,0.7051939869508178,0.4727023157904066,0.0099009900990099,0.2,0.9933311103701232,0.0188679245283018,0.4457198919433871,0.1829054126189223,0.0,0.0,0.9893326221748115,0.0,0.0,0.0,0.9986178256018586,0.9768,0.5004608510081153,0.9874563149927348,0.6989354791426154,0.5118536382303618,,
2024-07-15 18:05:05,hf_copula_syn_150000,100,0.1,2,3.0,4,0.999522021167634,0.9767783264380088,0.5,0.9880193041071852,0.6988484551167043,0.511674500008006,0.0470588235294117,0.5,0.9945971184631804,0.086021505376344,0.7051939869508178,0.4727023157904066,0.009090909090909,0.2,0.9927309103034344,0.017391304347826,0.4455852130184382,0.1828068124964629,0.0,0.0,0.9893326221748115,0.0,0.0,0.0,0.9986172622901236,0.9762,0.5004606509414264,0.9871488279943352,0.698720828422642,0.5115099806472523,,
2024-07-15 18:05:12,hf_copula_syn_150000,100,0.1,2,5.0,4,0.9995222169135212,0.977178700120112,0.5,0.9882241792354152,0.698991666659951,0.5119037931554749,0.0470588235294117,0.5,0.9945971184631804,0.086021505376344,0.7051939869508178,0.4727023157904066,0.0096153846153846,0.2,0.9931310436812272,0.018348623853211,0.4456750034904868,0.182872547512503,0.0,0.0,0.9893326221748115,0.0,0.0,0.0,0.9986176326784896,0.9766,0.500460784319219,0.9873538310122806,0.6988639362319391,0.5117390816994555,,
2024-07-15 18:05:18,hf_copula_syn_150000,100,0.1,2,7.0,4,0.999522021167634,0.9767783264380088,0.5,0.9880193041071852,0.6988484551167043,0.511674500008006,0.037037037037037,0.5,0.9930629669156884,0.0689655172413793,0.7046499013395547,0.4720493548177669,0.0114942528735632,0.2,0.994264754918306,0.0217391304347826,0.4459293116444143,0.1830587619458792,0.0,0.0,0.9893326221748115,0.0,0.0,0.0,0.9986127184519218,0.9762,0.5004603440088061,0.987141180742692,0.6987206529431913,0.5115097163845499,,
2024-07-15 18:05:23,hf_copula_syn_150000,100,0.1,2,9.0,4,0.9995221843003412,0.9771119711730948,0.5,0.9881900391415848,0.6989678001070918,0.5118655765177086,0.0470588235294117,0.5,0.9945971184631804,0.086021505376344,0.7051939869508178,0.4727023157904066,0.0095238095238095,0.2,0.9930643547849284,0.0181818181818181,0.4456600396681148,0.1828615921212372,0.0,0.0,0.9893326221748115,0.0,0.0,0.0,0.998617569570718,0.9765333333333334,0.5004607620895869,0.9873196671806472,0.6988400869665885,0.5117008970787541,,
2024-07-15 18:05:30,hf_copula_syn_150000,100,0.1,4,1.0,4,0.999654409731822,0.965100760709996,0.6428571428571429,0.9820737421063354,0.7876686597797853,0.6404146179315229,0.0377358490566037,0.5,0.9931963713980788,0.0701754385964912,0.7046972298079789,0.4721061433760758,0.0176470588235294,0.6,0.988862954318106,0.0342857142857142,0.7702712331321114,0.5702458424009514,0.0,0.0,0.9829321954796988,0.0,0.0,0.0,0.9987474070885102,0.9646666666666668,0.6431819973863598,0.9812059954190492,0.7875660979642658,0.6402587695120544,,
2024-07-15 18:05:36,hf_copula_syn_150000,100,0.1,4,3.0,4,0.9996540989277066,0.9642332843987722,0.6428571428571429,0.9816242654801128,0.7873145840490658,0.6397852124876022,0.037037037037037,0.5,0.9930629669156884,0.0689655172413793,0.7046499013395547,0.4720493548177669,0.0121951219512195,0.4,0.9891963987996,0.0236686390532544,0.6290298558254925,0.3723653212847096,0.0,0.0,0.9817987865857724,0.0,0.0,0.0,0.9987449065624444,0.9637333333333332,0.6431819618248702,0.980752753987878,0.7871652470032763,0.6395639610522782,,
2024-07-15 18:05:42,hf_copula_syn_150000,100,0.1,4,5.0,4,0.9996544574982724,0.9652342186040304,0.6428571428571429,0.9821428571428572,0.7877231188429942,0.6405114581257311,0.0363636363636363,0.5,0.9929295624332978,0.0677966101694915,0.7046025696920561,0.4719925644797823,0.0127388535031847,0.4,0.9896632210736912,0.0246913580246913,0.6291782644286724,0.3725225683208173,0.0,0.0,0.9824654976998468,0.0,0.0,0.0,0.9987450868951688,0.9647333333333332,0.6431820907306453,0.9812705791209556,0.7875734247240527,0.6402895509886432,,
2024-07-15 18:05:49,hf_copula_syn_150000,100,0.1,4,7.0,4,0.999585606740797,0.9657680501801682,0.5714285714285714,0.9823858815543866,0.742877821210063,0.5736297697888385,0.037037037037037,0.5,0.9930629669156884,0.0689655172413793,0.7046499013395547,0.4720493548177669,0.0147058823529411,0.4,0.9910636878959652,0.0283687943262411,0.629623280349755,0.3729942048260836,0.0,0.0,0.9815321021401426,0.0,0.0,0.0,0.9986773152217095,0.9652666666666668,0.5718206617137009,0.9815152259389066,0.7427701562844312,0.5734704730612137,,
2024-07-15 18:05:54,hf_copula_syn_150000,100,0.1,4,9.0,4,0.9995858927462212,0.9664353396503405,0.5714285714285714,0.9827311280746396,0.7431344195463431,0.5740629655265138,0.0377358490566037,0.5,0.9931963713980788,0.0701754385964912,0.7046972298079789,0.4721061433760758,0.0068965517241379,0.2,0.9903967989329776,0.0133333333333333,0.4450610742208259,0.1824232305955936,0.0,0.0,0.982665511034069,0.0,0.0,0.0,0.9986753705497298,0.9658666666666668,0.5718205861270301,0.9818557837001324,0.7429650196354044,0.5738397711120214,,
2024-07-15 18:06:03,hf_copula_syn_150000,100,0.1,8,1.0,4,0.9995837091514604,0.961363939677032,0.5714285714285714,0.9801013639919726,0.7411820442189554,0.5707719542062325,0.036697247706422,0.5,0.9929962646744932,0.0683760683760683,0.7046262359132298,0.4720209598712341,0.0099502487562189,0.4,0.9867289096365456,0.0194174757281553,0.6282448279569186,0.3715338687643019,0.0,0.0,0.9815321021401426,0.0,0.0,0.0,0.9986736529712812,0.9608666666666666,0.571819181213086,0.97922954244729,0.7410754899128238,0.5706148228504928,,
2024-07-15 18:06:11,hf_copula_syn_150000,100,0.1,8,3.0,4,0.999583795782464,0.9615641265180837,0.5714285714285714,0.9802054282021632,0.7412592091523657,0.5709018068248074,0.0373831775700934,0.5,0.9931296691568836,0.0695652173913043,0.7046735659711111,0.4720777493193808,0.0089686098654708,0.4,0.9852617539179728,0.0175438596491228,0.6277775892521085,0.3710392606805358,0.0,0.0,0.9830655377025136,0.0,0.0,0.0,0.9986737781377262,0.9610666666666666,0.5718188655392744,0.9793335192049996,0.741152452322092,0.5707444196916348,,
2024-07-15 18:06:19,hf_copula_syn_150000,100,0.1,8,5.0,4,0.999583795782464,0.9615641265180837,0.5714285714285714,0.9802054282021632,0.7412592091523657,0.5709018068248074,0.0388349514563106,0.5,0.9933964781216648,0.072072072072072,0.704768216551252,0.4721913228766476,0.0101010101010101,0.4,0.986928976325442,0.0197044334975369,0.6283085154047944,0.3716013019789524,0.0,0.0,0.981132075471698,0.0,0.0,0.0,0.9986749298838774,0.9610666666666666,0.5718194346807095,0.9793355763854454,0.7411526797777857,0.570744667611298,,
2024-07-15 18:06:28,hf_copula_syn_150000,100,0.1,8,7.0,4,0.9995841419462156,0.96236487388229,0.5714285714285714,0.9806214727680695,0.7415677885908977,0.5714212630988448,0.04,0.5,0.9935965848452508,0.074074074074074,0.7048391961452097,0.4722764983729494,0.0101010101010101,0.4,0.986928976325442,0.0197044334975369,0.6283085154047944,0.3716013019789524,0.0,0.0,0.981732115474365,0.0,0.0,0.0,0.998675897083766,0.9618666666666666,0.5718195814069623,0.9797523003774914,0.7414610090646252,0.5712636844864111,,
2024-07-15 18:06:37,hf_copula_syn_150000,100,0.1,8,9.0,4,0.9995841995841996,0.9624983317763246,0.5714285714285714,0.9806907805276042,0.7416192060143321,0.5715078462689214,0.0408163265306122,0.5,0.9937299893276414,0.0754716981132075,0.7048865119037395,0.472333279812556,0.0097087378640776,0.4,0.9863954651550516,0.0189573459715639,0.6281386678608639,0.3714214729573635,0.0,0.0,0.9822654843656244,0.0,0.0,0.0,0.998676259284692,0.962,0.5718195102768889,0.979822039820096,0.7415123471176878,0.5713501571859563,,
2024-07-15 18:06:49,hf_copula_syn_150000,100,0.1,10,1.0,4,0.999653211263698,0.9617643133591351,0.6428571428571429,0.9803428105019726,0.7863059573652075,0.6379943573220753,0.0392156862745098,0.5,0.9934631803628602,0.0727272727272727,0.7047918772101662,0.4722197151536671,0.0138248847926267,0.6,0.985728576192064,0.027027027027027,0.7690495079741215,0.5686237249028547,0.0,0.0,0.9824654976998468,0.0,0.0,0.0,0.9987457249274624,0.9613333333333334,0.6431810637785804,0.9794756207666344,0.7862043106421701,0.6378402876782909,,
2024-07-15 18:07:02,hf_copula_syn_150000,100,0.1,10,3.0,4,0.999583477959042,0.9608301081008942,0.5714285714285714,0.9798237555714336,0.7409762317764679,0.5704257029476837,0.0380952380952381,0.5,0.9932630736392742,0.0707964601769911,0.7047208928502383,0.472134536987852,0.0093896713615023,0.4,0.9859286428809604,0.018348623853211,0.627990013576955,0.3712641038843559,0.0,0.0,0.9815321021401426,0.0,0.0,0.0,0.9986739807303848,0.9603333333333334,0.5718190567556154,0.9789531277196124,0.7408698351075222,0.5702688654126209,,
2024-07-15 18:07:13,hf_copula_syn_150000,100,0.1,10,5.0,4,0.9996529705719044,0.961097023888963,0.6428571428571429,0.9799959175341906,0.7860331333892752,0.637510476949206,0.036036036036036,0.5,0.9928628601921023,0.0672268907563025,0.7045789026759538,0.4719641686434116,0.0143540669856459,0.6,0.986262087362454,0.02803738317757,0.7692575982188752,0.5688999132644079,0.0,0.0,0.9818654576971798,0.0,0.0,0.0,0.9987439650409184,0.9606666666666668,0.6431808814422126,0.9791264548139544,0.7859316970789454,0.637356814698418,,
2024-07-15 18:07:25,hf_copula_syn_150000,100,0.1,10,7.0,4,0.99965335551858,0.9621646870412384,0.6428571428571429,0.980550833049983,0.7864696063226905,0.6382847130256404,0.036036036036036,0.5,0.9928628601921023,0.0672268907563025,0.7045789026759538,0.4719641686434116,0.0099009900990099,0.4,0.9866622207402468,0.0193236714975845,0.6282235973728612,0.3715113903144996,0.0,0.0,0.9824654976998468,0.0,0.0,0.0,0.9987428652693484,0.9616666666666668,0.6431810548226722,0.9796779478380389,0.7863207513040074,0.6380645319801977,,
2024-07-15 18:07:37,hf_copula_syn_150000,100,0.1,10,9.0,4,0.9996531390912244,0.9615641265180837,0.6428571428571429,0.9802387673888644,0.7862241201129226,0.6378491871989989,0.0363636363636363,0.5,0.9929295624332978,0.0677966101694915,0.7046025696920561,0.4719925644797823,0.0146341463414634,0.6,0.9865288429476492,0.0285714285714285,0.7693616222353371,0.5690379946366473,0.0,0.0,0.9819987999199946,0.0,0.0,0.0,0.9987444014829138,0.9611333333333332,0.6431810148247512,0.979369559874249,0.7861225528453981,0.6376952699902145,,
2024-07-15 18:07:47,hf_copula_syn_150000,500,0.1,2,1.0,4,0.9996536436686064,0.9629654344054452,0.6428571428571429,0.980966623614982,0.7867968021236944,0.6388654862624173,0.04,0.5,0.9935965848452508,0.074074074074074,0.7048391961452097,0.4722764983729494,0.0151515151515151,0.6,0.9869956652217404,0.0295566502463054,0.7695436304284795,0.5692796164910365,0.0,0.0,0.9822654843656244,0.0,0.0,0.0,0.998747017439566,0.9625333333333334,0.6431815439564255,0.980100413155863,0.7866948872231326,0.6387108524798684,,
2024-07-15 18:07:56,hf_copula_syn_150000,500,0.1,2,3.0,4,0.9996537396121884,0.963232350193514,0.6428571428571429,0.9811051451097668,0.7869058371577715,0.6390590956612384,0.0408163265306122,0.5,0.9937299893276414,0.0754716981132075,0.7048865119037395,0.472333279812556,0.0101010101010101,0.4,0.986928976325442,0.0197044334975369,0.6283085154047944,0.3716013019789524,0.0,0.0,0.9823988265884392,0.0,0.0,0.0,0.998745865166067,0.9627333333333332,0.643181601765332,0.9802362666911572,0.7867567673545747,0.6388384186885142,,
2024-07-15 18:08:07,hf_copula_syn_150000,500,0.1,2,5.0,4,0.9996537875640492,0.9633658080875483,0.6428571428571429,0.9811743917357618,0.7869603490096715,0.6391559037956295,0.0404040404040404,0.5,0.993663287086446,0.0747663551401869,0.7048628544214989,0.4723048893152122,0.0100502512562814,0.4,0.9868622874291432,0.0196078431372549,0.6282872869728126,0.3715788245965283,0.0,0.0,0.982665511034069,0.0,0.0,0.0,0.9987456762676238,0.9628666666666666,0.6431815617401343,0.9803050403072624,0.7868112086352782,0.6389351138345871,,
2024-07-15 18:08:16,hf_copula_syn_150000,500,0.1,2,7.0,4,0.9996536916470424,0.9630988922994796,0.6428571428571429,0.9810358890701468,0.7868513215293742,0.6389622898168343,0.0408163265306122,0.5,0.9937299893276414,0.0754716981132075,0.7048865119037395,0.472333279812556,0.0101522842639593,0.4,0.9869956652217404,0.0198019801980198,0.6283297431195631,0.3716237790055838,0.0,0.0,0.982198813254217,0.0,0.0,0.0,0.9987458343370764,0.9626,0.6431816106607419,0.9801671078060744,0.7867023096833354,0.638741710688574,,
2024-07-15 18:08:26,hf_copula_syn_150000,500,0.1,2,9.0,4,0.9996537635897792,0.9632990791405311,0.6428571428571429,0.9811397695993476,0.7869330935557347,0.6391074994421856,0.0408163265306122,0.5,0.9937299893276414,0.0754716981132075,0.7048865119037395,0.472333279812556,0.0100502512562814,0.4,0.9868622874291432,0.0196078431372549,0.6282872869728126,0.3715788245965283,0.0,0.0,0.982532168811254,0.0,0.0,0.0,0.9987458722016636,0.9628,0.6431815884251815,0.9802708266677608,0.786783991237089,0.6388867698001385,,
2024-07-15 18:08:38,hf_copula_syn_150000,500,0.1,4,1.0,4,0.9995833333333334,0.960496463365808,0.5714285714285714,0.9796501735520315,0.7408475699651844,0.5702093124498849,0.0347826086956521,0.5,0.9925960512273212,0.065040650406504,0.7044842266606546,0.47185058084874,0.0099009900990099,0.4,0.9866622207402468,0.0193236714975845,0.6282235973728612,0.3715113903144996,0.0,0.0,0.981132075471698,0.0,0.0,0.0,0.9986722399435596,0.96,0.5718189188678375,0.9787769629607656,0.7407412450198937,0.5700526078648225,,
2024-07-15 18:08:49,hf_copula_syn_150000,500,0.1,4,3.0,4,0.9995831306885292,0.9600293607366877,0.5714285714285714,0.9794070594642432,0.740667405881513,0.569906387126178,0.0341880341880341,0.5,0.9924626467449308,0.064,0.7044368838813491,0.4717937842818909,0.0099502487562189,0.4,0.9867289096365456,0.0194174757281553,0.6282448279569186,0.3715338687643019,0.0,0.0,0.9807320488032536,0.0,0.0,0.0,0.9986717368010388,0.9595333333333332,0.5718188432799678,0.978533552033986,0.740561230916746,0.569749942472732,,
2024-07-15 18:08:59,hf_copula_syn_150000,500,0.1,4,5.0,4,0.9996528501006736,0.960763379153877,0.6428571428571429,0.9798223825240736,0.7858966858847511,0.6372685582313986,0.0373831775700934,0.5,0.9931296691568836,0.0695652173913043,0.7046735659711111,0.4720777493193808,0.015,0.6,0.9868622874291432,0.0292682926829268,0.7694916324804877,0.5692105843439423,0.0,0.0,0.980665377691846,0.0,0.0,0.0,0.998744778468617,0.9603333333333334,0.6431811438016823,0.9789547391805542,0.7857955054239367,0.6371152859048009,,
2024-07-15 18:09:11,hf_copula_syn_150000,500,0.1,4,7.0,4,0.9995830148029744,0.9597624449486188,0.5714285714285714,0.9792680851063832,0.740564435297687,0.5697332981366946,0.0338983050847457,0.5,0.9923959445037354,0.0634920634920634,0.7044132112985018,0.471765385331088,0.0100502512562814,0.4,0.9868622874291432,0.0196078431372549,0.6282872869728126,0.3715788245965283,0.0,0.0,0.9803986932462164,0.0,0.0,0.0,0.9986714998356224,0.9592666666666668,0.5718188299409994,0.9783944999418588,0.7404583579664259,0.5695770148721424,,
2024-07-15 18:09:22,hf_copula_syn_150000,500,0.1,4,9.0,4,0.9995826086956522,0.9588282396903776,0.5714285714285714,0.9787813766561084,0.7402039254500373,0.5691275507931359,0.0333333333333333,0.5,0.9922625400213448,0.0625,0.7043658637460168,0.4717085860947255,0.0103626943005181,0.4,0.9872624208069356,0.0202020202020202,0.6284146468079609,0.3717136835541824,0.0,0.0,0.9791986132408828,0.0,0.0,0.0,0.9986708969367476,0.9583333333333334,0.5718188121644011,0.9779079147112968,0.7400982017958845,0.5689718475528309,,
2024-07-15 18:09:33,hf_copula_syn_150000,500,0.1,8,1.0,4,0.999582550615738,0.9586947817963432,0.5714285714285714,0.9787118089853196,0.7401524097089128,0.5690410236005177,0.0350877192982456,0.5,0.9926627534685164,0.0655737704918032,0.7045078968572732,0.4718789784647864,0.0090497737556561,0.4,0.98539513171057,0.0176991150442477,0.6278200798670174,0.3710842321676416,0.0,0.0,0.9805320354690312,0.0,0.0,0.0,0.9986713369433742,0.9582,0.5718184920766894,0.9778392170128768,0.7400466116981307,0.5688852821777276,,
2024-07-15 18:09:45,hf_copula_syn_150000,500,0.1,8,3.0,4,0.999512738410135,0.9581609502202056,0.5,0.9784001090215316,0.6921563949788392,0.501030071680942,0.0347826086956521,0.5,0.9925960512273212,0.065040650406504,0.7044842266606546,0.47185058084874,0.0084745762711864,0.4,0.9843947982660888,0.0165975103734439,0.62750133012324,0.3707469113245595,0.0,0.0,0.981132075471698,0.0,0.0,0.0,0.9986012354376804,0.9576666666666668,0.5004562582984414,0.977527156436786,0.6920952743744525,0.5009376795609339,,
2024-07-15 18:09:57,hf_copula_syn_150000,500,0.1,8,5.0,4,0.9995130773511408,0.9588282396903776,0.5,0.9787480416865336,0.6923973713448,0.5014109935143168,0.0373831775700934,0.5,0.9931296691568836,0.0695652173913043,0.7046735659711111,0.4720777493193808,0.0091743119266055,0.4,0.9855951983994664,0.0179372197309417,0.6278838103979004,0.3711516867298546,0.0,0.0,0.9800653376891793,0.0,0.0,0.0,0.998603194277626,0.9583333333333334,0.5004568719121961,0.9778776240368116,0.6923362543035286,0.5013185019489171,,
2024-07-15 18:10:08,hf_copula_syn_150000,500,0.1,8,7.0,4,0.9995826957852274,0.9590284265314292,0.5714285714285714,0.9788857103936792,0.7402811923399414,0.5692573453987084,0.0336134453781512,0.5,0.99232924226254,0.0629921259842519,0.7043895379200844,0.4717369859353661,0.0136986301369863,0.6,0.9855951983994664,0.0267857142857142,0.7689974766146375,0.5685546724755757,0.0,0.0,0.9810654043602908,0.0,0.0,0.0,0.998672245316742,0.9586,0.5718184164508685,0.9780146081025988,0.7402222701395197,0.5691671498263271,,
2024-07-15 18:10:20,hf_copula_syn_150000,500,0.1,8,9.0,4,0.9995835935873412,0.961097023888963,0.5714285714285714,0.9799625786698418,0.7410791451424886,0.5705988245058704,0.0392156862745098,0.5,0.9934631803628602,0.0727272727272727,0.7047918772101662,0.4722197151536671,0.0092592592592592,0.4,0.985728576192064,0.0180995475113122,0.6279262938250202,0.3711966546590332,0.0,0.0,0.9817987865857724,0.0,0.0,0.0,0.998674650352426,0.9606,0.571819114569268,0.9790927679910416,0.7409726690394761,0.5704418483359666,,
2024-07-15 18:10:32,hf_copula_syn_150000,500,0.1,10,1.0,4,0.999653211263698,0.9617643133591351,0.6428571428571429,0.9803428105019726,0.7863059573652075,0.6379943573220753,0.0392156862745098,0.5,0.9934631803628602,0.0727272727272727,0.7047918772101662,0.4722197151536671,0.0138248847926267,0.6,0.985728576192064,0.027027027027027,0.7690495079741215,0.5686237249028547,0.0,0.0,0.9824654976998468,0.0,0.0,0.0,0.9987457249274624,0.9613333333333334,0.6431810637785804,0.9794756207666344,0.7862043106421701,0.6378402876782909,,
2024-07-15 18:10:46,hf_copula_syn_150000,500,0.1,10,3.0,4,0.9996526571726294,0.9602295475777392,0.6428571428571429,0.9795446036554236,0.7856783205885425,0.6368815180527373,0.0388349514563106,0.5,0.9933964781216648,0.072072072072072,0.704768216551252,0.4721913228766476,0.0135746606334841,0.6,0.9854618206068688,0.0265486725663716,0.7689454417344064,0.5684856179135404,0.0,0.0,0.9812654176945128,0.0,0.0,0.0,0.9987448848869228,0.9598,0.6431808592801896,0.9786776500213058,0.7855772123520653,0.6367284258807268,,
2024-07-15 18:10:58,hf_copula_syn_150000,500,0.1,10,5.0,4,0.9996529705719044,0.961097023888963,0.6428571428571429,0.9799959175341906,0.7860331333892752,0.637510476949206,0.036036036036036,0.5,0.9928628601921023,0.0672268907563025,0.7045789026759538,0.4719641686434116,0.0143540669856459,0.6,0.986262087362454,0.02803738317757,0.7692575982188752,0.5688999132644079,0.0,0.0,0.9818654576971798,0.0,0.0,0.0,0.9987439650409184,0.9606666666666668,0.6431808814422126,0.9791264548139544,0.7859316970789454,0.637356814698418,,
2024-07-15 18:11:09,hf_copula_syn_150000,500,0.1,10,7.0,4,0.99965335551858,0.9621646870412384,0.6428571428571429,0.980550833049983,0.7864696063226905,0.6382847130256404,0.036036036036036,0.5,0.9928628601921023,0.0672268907563025,0.7045789026759538,0.4719641686434116,0.0099009900990099,0.4,0.9866622207402468,0.0193236714975845,0.6282235973728612,0.3715113903144996,0.0,0.0,0.9824654976998468,0.0,0.0,0.0,0.9987428652693484,0.9616666666666668,0.6431810548226722,0.9796779478380389,0.7863207513040074,0.6380645319801977,,
2024-07-15 18:11:24,hf_copula_syn_150000,500,0.1,10,9.0,4,0.999582985821518,0.9596957160016016,0.5714285714285714,0.979233335602914,0.7405386904145624,0.5696900271615386,0.0344827586206896,0.5,0.992529348986126,0.064516129032258,0.7044605556687067,0.471822182787775,0.0087719298245614,0.4,0.9849283094364788,0.0171673819742489,0.6276713501304576,0.3709268257363991,0.0,0.0,0.9821321421428096,0.0,0.0,0.0,0.9986713564826236,0.9592,0.5718183719939857,0.9783595155524932,0.740432457049909,0.5695335972422534,,
2024-07-15 18:11:38,hf_copula_syn_150000,1500,0.1,2,1.0,4,0.9996531390912244,0.9615641265180837,0.6428571428571429,0.9802387673888644,0.7862241201129226,0.6378491871989989,0.0363636363636363,0.5,0.9929295624332978,0.0677966101694915,0.7046025696920561,0.4719925644797823,0.0101522842639593,0.4,0.9869956652217404,0.0198019801980198,0.6283297431195631,0.3716237790055838,0.0,0.0,0.9814654310287352,0.0,0.0,0.0,0.9987429075288878,0.9610666666666666,0.6431811348742499,0.9793666367247912,0.7860755422190262,0.6376294652516709,,
2024-07-15 18:11:52,hf_copula_syn_150000,1500,0.1,2,3.0,4,0.999653307446956,0.962031229147204,0.6428571428571429,0.9804815016322088,0.7864150604540308,0.6381879255011316,0.0373831775700934,0.5,0.9931296691568836,0.0695652173913043,0.7046735659711111,0.4720777493193808,0.0101522842639593,0.4,0.9869956652217404,0.0198019801980198,0.6283297431195631,0.3716237790055838,0.0,0.0,0.981732115474365,0.0,0.0,0.0,0.9987436194827976,0.9615333333333334,0.6431812593767988,0.9796100876733602,0.7862663422138314,0.6379679328299693,,
2024-07-15 18:12:07,hf_copula_syn_150000,1500,0.1,2,5.0,4,0.9996535716760202,0.9627652475643934,0.6428571428571429,0.9808627077738876,0.7867150159310522,0.6387202852245171,0.0388349514563106,0.5,0.9933964781216648,0.072072072072072,0.704768216551252,0.4721913228766476,0.010204081632653,0.4,0.9870623541180392,0.0199004975124378,0.6283509701171915,0.3716462556764225,0.0,0.0,0.9821321421428096,0.0,0.0,0.0,0.9987446750104436,0.9622666666666668,0.6431814505729899,0.979992307850908,0.7865660752883828,0.6384998637490672,,
2024-07-15 18:12:23,hf_copula_syn_150000,1500,0.1,2,7.0,4,0.99965335551858,0.9621646870412384,0.6428571428571429,0.980550833049983,0.7864696063226905,0.6382847130256404,0.0384615384615384,0.5,0.9933297758804696,0.0714285714285714,0.7047445550979694,0.4721629301547093,0.0103092783505154,0.4,0.9871957319106368,0.0201005025125628,0.6283934219613178,0.3716912079507218,0.0,0.0,0.9814654310287352,0.0,0.0,0.0,0.9987442949667258,0.9616666666666668,0.6431814150103179,0.9796804476780692,0.7863208962601619,0.6380646979255493,,
2024-07-15 18:12:38,hf_copula_syn_150000,1500,0.1,2,9.0,4,0.9996534516218464,0.9624316028293074,0.6428571428571429,0.9806894676004624,0.7865786867124415,0.6384782949446184,0.0380952380952381,0.5,0.9932630736392742,0.0707964601769911,0.7047208928502383,0.472134536987852,0.0103092783505154,0.4,0.9871957319106368,0.0201005025125628,0.6283934219613178,0.3716912079507218,0.0,0.0,0.9817987865857724,0.0,0.0,0.0,0.9987441956201002,0.9619333333333332,0.6431814016594931,0.9798186157103004,0.7864298622216838,0.6382580840250472,,
2024-07-15 18:12:54,hf_copula_syn_150000,1500,0.1,4,1.0,4,0.999582985821518,0.9596957160016016,0.5714285714285714,0.979233335602914,0.7405386904145624,0.5696900271615386,0.0344827586206896,0.5,0.992529348986126,0.064516129032258,0.7044605556687067,0.471822182787775,0.0099502487562189,0.4,0.9867289096365456,0.0194174757281553,0.6282448279569186,0.3715338687643019,0.0,0.0,0.980332022134809,0.0,0.0,0.0,0.998671749255601,0.9592,0.5718188521860518,0.9783602655837448,0.7404326482091845,0.5695337995899293,,
2024-07-15 18:13:06,hf_copula_syn_150000,1500,0.1,4,3.0,4,0.9995828698553948,0.9594288002135326,0.5714285714285714,0.9790943139257744,0.740435701930591,0.5695169483497746,0.0333333333333333,0.5,0.9922625400213448,0.0625,0.7043658637460168,0.4717085860947255,0.0100502512562814,0.4,0.9868622874291432,0.0196078431372549,0.6282872869728126,0.3715788245965283,0.0,0.0,0.9801986799119942,0.0,0.0,0.0,0.9986710537050596,0.9589333333333332,0.5718187454577199,0.9782203618471564,0.7403297194984447,0.5693608367187643,,
2024-07-15 18:13:15,hf_copula_syn_150000,1500,0.1,4,5.0,4,0.9996528501006736,0.960763379153877,0.6428571428571429,0.9798223825240736,0.7858966858847511,0.6372685582313986,0.0373831775700934,0.5,0.9931296691568836,0.0695652173913043,0.7046735659711111,0.4720777493193808,0.015,0.6,0.9868622874291432,0.0292682926829268,0.7694916324804877,0.5692105843439423,0.0,0.0,0.980665377691846,0.0,0.0,0.0,0.998744778468617,0.9603333333333334,0.6431811438016823,0.9789547391805542,0.7857955054239367,0.6371152859048009,,
2024-07-15 18:13:26,hf_copula_syn_150000,1500,0.1,4,7.0,4,0.9995830148029744,0.9597624449486188,0.5714285714285714,0.9792680851063832,0.740564435297687,0.5697332981366946,0.0338983050847457,0.5,0.9923959445037354,0.0634920634920634,0.7044132112985018,0.471765385331088,0.0100502512562814,0.4,0.9868622874291432,0.0196078431372549,0.6282872869728126,0.3715788245965283,0.0,0.0,0.9803986932462164,0.0,0.0,0.0,0.9986714998356224,0.9592666666666668,0.5718188299409994,0.9783944999418588,0.7404583579664259,0.5695770148721424,,
2024-07-15 18:13:37,hf_copula_syn_150000,1500,0.1,4,9.0,4,0.9995826086956522,0.9588282396903776,0.5714285714285714,0.9787813766561084,0.7402039254500373,0.5691275507931359,0.0333333333333333,0.5,0.9922625400213448,0.0625,0.7043658637460168,0.4717085860947255,0.0103626943005181,0.4,0.9872624208069356,0.0202020202020202,0.6284146468079609,0.3717136835541824,0.0,0.0,0.9791986132408828,0.0,0.0,0.0,0.9986708969367476,0.9583333333333334,0.5718188121644011,0.9779079147112968,0.7400982017958845,0.5689718475528309,,
2024-07-15 18:13:48,hf_copula_syn_150000,1500,0.1,8,1.0,4,0.999582550615738,0.9586947817963432,0.5714285714285714,0.9787118089853196,0.7401524097089128,0.5690410236005177,0.0350877192982456,0.5,0.9926627534685164,0.0655737704918032,0.7045078968572732,0.4718789784647864,0.0090497737556561,0.4,0.98539513171057,0.0176991150442477,0.6278200798670174,0.3710842321676416,0.0,0.0,0.9805320354690312,0.0,0.0,0.0,0.9986713369433742,0.9582,0.5718184920766894,0.9778392170128768,0.7400466116981307,0.5688852821777276,,
2024-07-15 18:14:00,hf_copula_syn_150000,1500,0.1,8,3.0,4,0.999512738410135,0.9581609502202056,0.5,0.9784001090215316,0.6921563949788392,0.501030071680942,0.0347826086956521,0.5,0.9925960512273212,0.065040650406504,0.7044842266606546,0.47185058084874,0.0084745762711864,0.4,0.9843947982660888,0.0165975103734439,0.62750133012324,0.3707469113245595,0.0,0.0,0.981132075471698,0.0,0.0,0.0,0.9986012354376804,0.9576666666666668,0.5004562582984414,0.977527156436786,0.6920952743744525,0.5009376795609339,,
2024-07-15 18:14:11,hf_copula_syn_150000,1500,0.1,8,5.0,4,0.9995130773511408,0.9588282396903776,0.5,0.9787480416865336,0.6923973713448,0.5014109935143168,0.0373831775700934,0.5,0.9931296691568836,0.0695652173913043,0.7046735659711111,0.4720777493193808,0.0091743119266055,0.4,0.9855951983994664,0.0179372197309417,0.6278838103979004,0.3711516867298546,0.0,0.0,0.9800653376891793,0.0,0.0,0.0,0.998603194277626,0.9583333333333334,0.5004568719121961,0.9778776240368116,0.6923362543035286,0.5013185019489171,,
2024-07-15 18:14:23,hf_copula_syn_150000,1500,0.1,8,7.0,4,0.9995826957852274,0.9590284265314292,0.5714285714285714,0.9788857103936792,0.7402811923399414,0.5692573453987084,0.0336134453781512,0.5,0.99232924226254,0.0629921259842519,0.7043895379200844,0.4717369859353661,0.0136986301369863,0.6,0.9855951983994664,0.0267857142857142,0.7689974766146375,0.5685546724755757,0.0,0.0,0.9810654043602908,0.0,0.0,0.0,0.998672245316742,0.9586,0.5718184164508685,0.9780146081025988,0.7402222701395197,0.5691671498263271,,
2024-07-15 18:14:34,hf_copula_syn_150000,1500,0.1,8,9.0,4,0.9995835935873412,0.961097023888963,0.5714285714285714,0.9799625786698418,0.7410791451424886,0.5705988245058704,0.0392156862745098,0.5,0.9934631803628602,0.0727272727272727,0.7047918772101662,0.4722197151536671,0.0092592592592592,0.4,0.985728576192064,0.0180995475113122,0.6279262938250202,0.3711966546590332,0.0,0.0,0.9817987865857724,0.0,0.0,0.0,0.998674650352426,0.9606,0.571819114569268,0.9790927679910416,0.7409726690394761,0.5704418483359666,,
2024-07-15 18:14:45,hf_copula_syn_150000,1500,0.1,10,1.0,4,0.999653211263698,0.9617643133591351,0.6428571428571429,0.9803428105019726,0.7863059573652075,0.6379943573220753,0.0392156862745098,0.5,0.9934631803628602,0.0727272727272727,0.7047918772101662,0.4722197151536671,0.0138248847926267,0.6,0.985728576192064,0.027027027027027,0.7690495079741215,0.5686237249028547,0.0,0.0,0.9824654976998468,0.0,0.0,0.0,0.9987457249274624,0.9613333333333334,0.6431810637785804,0.9794756207666344,0.7862043106421701,0.6378402876782909,,
2024-07-15 18:14:59,hf_copula_syn_150000,1500,0.1,10,3.0,4,0.9996526571726294,0.9602295475777392,0.6428571428571429,0.9795446036554236,0.7856783205885425,0.6368815180527373,0.0388349514563106,0.5,0.9933964781216648,0.072072072072072,0.704768216551252,0.4721913228766476,0.0135746606334841,0.6,0.9854618206068688,0.0265486725663716,0.7689454417344064,0.5684856179135404,0.0,0.0,0.9812654176945128,0.0,0.0,0.0,0.9987448848869228,0.9598,0.6431808592801896,0.9786776500213058,0.7855772123520653,0.6367284258807268,,
2024-07-15 18:15:10,hf_copula_syn_150000,1500,0.1,10,5.0,4,0.9996529705719044,0.961097023888963,0.6428571428571429,0.9799959175341906,0.7860331333892752,0.637510476949206,0.036036036036036,0.5,0.9928628601921023,0.0672268907563025,0.7045789026759538,0.4719641686434116,0.0143540669856459,0.6,0.986262087362454,0.02803738317757,0.7692575982188752,0.5688999132644079,0.0,0.0,0.9818654576971798,0.0,0.0,0.0,0.9987439650409184,0.9606666666666668,0.6431808814422126,0.9791264548139544,0.7859316970789454,0.637356814698418,,
2024-07-15 18:15:21,hf_copula_syn_150000,1500,0.1,10,7.0,4,0.99965335551858,0.9621646870412384,0.6428571428571429,0.980550833049983,0.7864696063226905,0.6382847130256404,0.036036036036036,0.5,0.9928628601921023,0.0672268907563025,0.7045789026759538,0.4719641686434116,0.0099009900990099,0.4,0.9866622207402468,0.0193236714975845,0.6282235973728612,0.3715113903144996,0.0,0.0,0.9824654976998468,0.0,0.0,0.0,0.9987428652693484,0.9616666666666668,0.6431810548226722,0.9796779478380389,0.7863207513040074,0.6380645319801977,,
2024-07-15 18:15:38,hf_copula_syn_150000,1500,0.1,10,9.0,4,0.999582985821518,0.9596957160016016,0.5714285714285714,0.979233335602914,0.7405386904145624,0.5696900271615386,0.0344827586206896,0.5,0.992529348986126,0.064516129032258,0.7044605556687067,0.471822182787775,0.0087719298245614,0.4,0.9849283094364788,0.0171673819742489,0.6276713501304576,0.3709268257363991,0.0,0.0,0.9821321421428096,0.0,0.0,0.0,0.9986713564826236,0.9592,0.5718183719939857,0.9783595155524932,0.740432457049909,0.5695335972422534,,
2024-07-15 18:15:53,hf_copula_syn_150000,1000,0.1,2,1.0,4,0.9996531390912244,0.9615641265180837,0.6428571428571429,0.9802387673888644,0.7862241201129226,0.6378491871989989,0.0363636363636363,0.5,0.9929295624332978,0.0677966101694915,0.7046025696920561,0.4719925644797823,0.0101522842639593,0.4,0.9869956652217404,0.0198019801980198,0.6283297431195631,0.3716237790055838,0.0,0.0,0.9814654310287352,0.0,0.0,0.0,0.9987429075288878,0.9610666666666666,0.6431811348742499,0.9793666367247912,0.7860755422190262,0.6376294652516709,,
2024-07-15 18:16:08,hf_copula_syn_150000,1000,0.1,2,3.0,4,0.999653307446956,0.962031229147204,0.6428571428571429,0.9804815016322088,0.7864150604540308,0.6381879255011316,0.0373831775700934,0.5,0.9931296691568836,0.0695652173913043,0.7046735659711111,0.4720777493193808,0.0101522842639593,0.4,0.9869956652217404,0.0198019801980198,0.6283297431195631,0.3716237790055838,0.0,0.0,0.981732115474365,0.0,0.0,0.0,0.9987436194827976,0.9615333333333334,0.6431812593767988,0.9796100876733602,0.7862663422138314,0.6379679328299693,,
2024-07-15 18:16:21,hf_copula_syn_150000,1000,0.1,2,5.0,4,0.9996535716760202,0.9627652475643934,0.6428571428571429,0.9808627077738876,0.7867150159310522,0.6387202852245171,0.0388349514563106,0.5,0.9933964781216648,0.072072072072072,0.704768216551252,0.4721913228766476,0.010204081632653,0.4,0.9870623541180392,0.0199004975124378,0.6283509701171915,0.3716462556764225,0.0,0.0,0.9821321421428096,0.0,0.0,0.0,0.9987446750104436,0.9622666666666668,0.6431814505729899,0.979992307850908,0.7865660752883828,0.6384998637490672,,
2024-07-15 18:16:35,hf_copula_syn_150000,1000,0.1,2,7.0,4,0.99965335551858,0.9621646870412384,0.6428571428571429,0.980550833049983,0.7864696063226905,0.6382847130256404,0.0384615384615384,0.5,0.9933297758804696,0.0714285714285714,0.7047445550979694,0.4721629301547093,0.0103092783505154,0.4,0.9871957319106368,0.0201005025125628,0.6283934219613178,0.3716912079507218,0.0,0.0,0.9814654310287352,0.0,0.0,0.0,0.9987442949667258,0.9616666666666668,0.6431814150103179,0.9796804476780692,0.7863208962601619,0.6380646979255493,,
2024-07-15 18:16:49,hf_copula_syn_150000,1000,0.1,2,9.0,4,0.9996534516218464,0.9624316028293074,0.6428571428571429,0.9806894676004624,0.7865786867124415,0.6384782949446184,0.0380952380952381,0.5,0.9932630736392742,0.0707964601769911,0.7047208928502383,0.472134536987852,0.0103092783505154,0.4,0.9871957319106368,0.0201005025125628,0.6283934219613178,0.3716912079507218,0.0,0.0,0.9817987865857724,0.0,0.0,0.0,0.9987441956201002,0.9619333333333332,0.6431814016594931,0.9798186157103004,0.7864298622216838,0.6382580840250472,,
2024-07-15 18:17:05,hf_copula_syn_150000,1000,0.1,4,1.0,4,0.999582985821518,0.9596957160016016,0.5714285714285714,0.979233335602914,0.7405386904145624,0.5696900271615386,0.0344827586206896,0.5,0.992529348986126,0.064516129032258,0.7044605556687067,0.471822182787775,0.0099502487562189,0.4,0.9867289096365456,0.0194174757281553,0.6282448279569186,0.3715338687643019,0.0,0.0,0.980332022134809,0.0,0.0,0.0,0.998671749255601,0.9592,0.5718188521860518,0.9783602655837448,0.7404326482091845,0.5695337995899293,,
2024-07-15 18:17:18,hf_copula_syn_150000,1000,0.1,4,3.0,4,0.9995828698553948,0.9594288002135326,0.5714285714285714,0.9790943139257744,0.740435701930591,0.5695169483497746,0.0333333333333333,0.5,0.9922625400213448,0.0625,0.7043658637460168,0.4717085860947255,0.0100502512562814,0.4,0.9868622874291432,0.0196078431372549,0.6282872869728126,0.3715788245965283,0.0,0.0,0.9801986799119942,0.0,0.0,0.0,0.9986710537050596,0.9589333333333332,0.5718187454577199,0.9782203618471564,0.7403297194984447,0.5693608367187643,,
2024-07-15 18:17:28,hf_copula_syn_150000,1000,0.1,4,5.0,4,0.9996529223934472,0.9609635659949286,0.6428571428571429,0.9799265106151333,0.7859785572299739,0.6374137077445927,0.0377358490566037,0.5,0.9931963713980788,0.0701754385964912,0.7046972298079789,0.4721061433760758,0.0148514851485148,0.6,0.9867289096365456,0.0289855072463768,0.7694396310185272,0.5691415500620913,0.0,0.0,0.980932062137476,0.0,0.0,0.0,0.9987449892804264,0.9605333333333334,0.6431811526959097,0.9790590012748926,0.7858772956427964,0.6372602920771857,,
2024-07-15 18:17:39,hf_copula_syn_150000,1000,0.1,4,7.0,4,0.9995830148029744,0.9597624449486188,0.5714285714285714,0.9792680851063832,0.740564435297687,0.5697332981366946,0.0338983050847457,0.5,0.9923959445037354,0.0634920634920634,0.7044132112985018,0.471765385331088,0.0100502512562814,0.4,0.9868622874291432,0.0196078431372549,0.6282872869728126,0.3715788245965283,0.0,0.0,0.9803986932462164,0.0,0.0,0.0,0.9986714998356224,0.9592666666666668,0.5718188299409994,0.9783944999418588,0.7404583579664259,0.5695770148721424,,
2024-07-15 18:17:50,hf_copula_syn_150000,1000,0.1,4,9.0,4,0.9995826086956522,0.9588282396903776,0.5714285714285714,0.9787813766561084,0.7402039254500373,0.5691275507931359,0.0333333333333333,0.5,0.9922625400213448,0.0625,0.7043658637460168,0.4717085860947255,0.0103626943005181,0.4,0.9872624208069356,0.0202020202020202,0.6284146468079609,0.3717136835541824,0.0,0.0,0.9791986132408828,0.0,0.0,0.0,0.9986708969367476,0.9583333333333334,0.5718188121644011,0.9779079147112968,0.7400982017958845,0.5689718475528309,,
2024-07-15 18:18:01,hf_copula_syn_150000,1000,0.1,8,1.0,4,0.999582550615738,0.9586947817963432,0.5714285714285714,0.9787118089853196,0.7401524097089128,0.5690410236005177,0.0350877192982456,0.5,0.9926627534685164,0.0655737704918032,0.7045078968572732,0.4718789784647864,0.0090497737556561,0.4,0.98539513171057,0.0176991150442477,0.6278200798670174,0.3710842321676416,0.0,0.0,0.9805320354690312,0.0,0.0,0.0,0.9986713369433742,0.9582,0.5718184920766894,0.9778392170128768,0.7400466116981307,0.5688852821777276,,
2024-07-15 18:18:13,hf_copula_syn_150000,1000,0.1,8,3.0,4,0.999512738410135,0.9581609502202056,0.5,0.9784001090215316,0.6921563949788392,0.501030071680942,0.0347826086956521,0.5,0.9925960512273212,0.065040650406504,0.7044842266606546,0.47185058084874,0.0084745762711864,0.4,0.9843947982660888,0.0165975103734439,0.62750133012324,0.3707469113245595,0.0,0.0,0.981132075471698,0.0,0.0,0.0,0.9986012354376804,0.9576666666666668,0.5004562582984414,0.977527156436786,0.6920952743744525,0.5009376795609339,,
2024-07-15 18:18:24,hf_copula_syn_150000,1000,0.1,8,5.0,4,0.9995130773511408,0.9588282396903776,0.5,0.9787480416865336,0.6923973713448,0.5014109935143168,0.0373831775700934,0.5,0.9931296691568836,0.0695652173913043,0.7046735659711111,0.4720777493193808,0.0091743119266055,0.4,0.9855951983994664,0.0179372197309417,0.6278838103979004,0.3711516867298546,0.0,0.0,0.9800653376891793,0.0,0.0,0.0,0.998603194277626,0.9583333333333334,0.5004568719121961,0.9778776240368116,0.6923362543035286,0.5013185019489171,,
2024-07-15 18:18:35,hf_copula_syn_150000,1000,0.1,8,7.0,4,0.9995826957852274,0.9590284265314292,0.5714285714285714,0.9788857103936792,0.7402811923399414,0.5692573453987084,0.0336134453781512,0.5,0.99232924226254,0.0629921259842519,0.7043895379200844,0.4717369859353661,0.0136986301369863,0.6,0.9855951983994664,0.0267857142857142,0.7689974766146375,0.5685546724755757,0.0,0.0,0.9810654043602908,0.0,0.0,0.0,0.998672245316742,0.9586,0.5718184164508685,0.9780146081025988,0.7402222701395197,0.5691671498263271,,
2024-07-15 18:18:46,hf_copula_syn_150000,1000,0.1,8,9.0,4,0.9995835935873412,0.961097023888963,0.5714285714285714,0.9799625786698418,0.7410791451424886,0.5705988245058704,0.0392156862745098,0.5,0.9934631803628602,0.0727272727272727,0.7047918772101662,0.4722197151536671,0.0092592592592592,0.4,0.985728576192064,0.0180995475113122,0.6279262938250202,0.3711966546590332,0.0,0.0,0.9817987865857724,0.0,0.0,0.0,0.998674650352426,0.9606,0.571819114569268,0.9790927679910416,0.7409726690394761,0.5704418483359666,,
2024-07-15 18:18:58,hf_copula_syn_150000,1000,0.1,10,1.0,4,0.999653211263698,0.9617643133591351,0.6428571428571429,0.9803428105019726,0.7863059573652075,0.6379943573220753,0.0392156862745098,0.5,0.9934631803628602,0.0727272727272727,0.7047918772101662,0.4722197151536671,0.0138248847926267,0.6,0.985728576192064,0.027027027027027,0.7690495079741215,0.5686237249028547,0.0,0.0,0.9824654976998468,0.0,0.0,0.0,0.9987457249274624,0.9613333333333334,0.6431810637785804,0.9794756207666344,0.7862043106421701,0.6378402876782909,,
2024-07-15 18:19:12,hf_copula_syn_150000,1000,0.1,10,3.0,4,0.9996526571726294,0.9602295475777392,0.6428571428571429,0.9795446036554236,0.7856783205885425,0.6368815180527373,0.0388349514563106,0.5,0.9933964781216648,0.072072072072072,0.704768216551252,0.4721913228766476,0.0135746606334841,0.6,0.9854618206068688,0.0265486725663716,0.7689454417344064,0.5684856179135404,0.0,0.0,0.9812654176945128,0.0,0.0,0.0,0.9987448848869228,0.9598,0.6431808592801896,0.9786776500213058,0.7855772123520653,0.6367284258807268,,
2024-07-15 18:19:24,hf_copula_syn_150000,1000,0.1,10,5.0,4,0.9996529705719044,0.961097023888963,0.6428571428571429,0.9799959175341906,0.7860331333892752,0.637510476949206,0.036036036036036,0.5,0.9928628601921023,0.0672268907563025,0.7045789026759538,0.4719641686434116,0.0143540669856459,0.6,0.986262087362454,0.02803738317757,0.7692575982188752,0.5688999132644079,0.0,0.0,0.9818654576971798,0.0,0.0,0.0,0.9987439650409184,0.9606666666666668,0.6431808814422126,0.9791264548139544,0.7859316970789454,0.637356814698418,,
2024-07-15 18:19:35,hf_copula_syn_150000,1000,0.1,10,7.0,4,0.99965335551858,0.9621646870412384,0.6428571428571429,0.980550833049983,0.7864696063226905,0.6382847130256404,0.036036036036036,0.5,0.9928628601921023,0.0672268907563025,0.7045789026759538,0.4719641686434116,0.0099009900990099,0.4,0.9866622207402468,0.0193236714975845,0.6282235973728612,0.3715113903144996,0.0,0.0,0.9824654976998468,0.0,0.0,0.0,0.9987428652693484,0.9616666666666668,0.6431810548226722,0.9796779478380389,0.7863207513040074,0.6380645319801977,,
2024-07-15 18:19:51,hf_copula_syn_150000,1000,0.1,10,9.0,4,0.999582985821518,0.9596957160016016,0.5714285714285714,0.979233335602914,0.7405386904145624,0.5696900271615386,0.0344827586206896,0.5,0.992529348986126,0.064516129032258,0.7044605556687067,0.471822182787775,0.0087719298245614,0.4,0.9849283094364788,0.0171673819742489,0.6276713501304576,0.3709268257363991,0.0,0.0,0.9821321421428096,0.0,0.0,0.0,0.9986713564826236,0.9592,0.5718183719939857,0.9783595155524932,0.740432457049909,0.5695335972422534,,
2024-07-15 18:19:57,hf_copula_syn_150000,100,0.01,2,1.0,4,0.999327459815724,0.9915254237288136,0.2857142857142857,0.9954111539105678,0.5322527390330954,0.3032881121423001,0.0,0.0,1.0,0.0,0.0,0.0,0.0229007633587786,0.6,0.991463821273758,0.0441176470588235,0.7712835359089774,0.5715909597964243,0.0,0.0,1.0,0.0,0.0,0.0,0.998402387774349,0.9908,0.2863781069880436,0.994496809382604,0.5320130643219676,0.3031955735575661,,
2024-07-15 18:20:03,hf_copula_syn_150000,100,0.01,2,3.0,4,0.999327459815724,0.9915254237288136,0.2857142857142857,0.9954111539105678,0.5322527390330954,0.3032881121423001,0.0,0.0,1.0,0.0,0.0,0.0,0.0229007633587786,0.6,0.991463821273758,0.0441176470588235,0.7712835359089774,0.5715909597964243,0.0,0.0,1.0,0.0,0.0,0.0,0.998402387774349,0.9908,0.2863781069880436,0.994496809382604,0.5320130643219676,0.3031955735575661,,
2024-07-15 18:20:10,hf_copula_syn_150000,100,0.01,2,5.0,4,0.9993278214693824,0.9920592553049512,0.2857142857142857,0.9956802732478318,0.532396000657124,0.3034665319305722,0.0,0.0,1.0,0.0,0.0,0.0,0.024390243902439,0.6,0.991997332444148,0.046875,0.7714910235812785,0.5718667809798998,0.0,0.0,1.0,0.0,0.0,0.0,0.9984032455839784,0.9913333333333332,0.2863782848251004,0.9947665966594672,0.5321562613977044,0.303373918761097,,
2024-07-15 18:20:16,hf_copula_syn_150000,100,0.01,2,7.0,4,0.9993278214693824,0.9920592553049512,0.2857142857142857,0.9956802732478318,0.532396000657124,0.3034665319305722,0.0,0.0,1.0,0.0,0.0,0.0,0.024390243902439,0.6,0.991997332444148,0.046875,0.7714910235812785,0.5718667809798998,0.0,0.0,1.0,0.0,0.0,0.0,0.9984032455839784,0.9913333333333332,0.2863782848251004,0.9947665966594672,0.5321562613977044,0.303373918761097,,
2024-07-15 18:20:22,hf_copula_syn_150000,100,0.01,2,9.0,4,0.9993278214693824,0.9920592553049512,0.2857142857142857,0.9956802732478318,0.532396000657124,0.3034665319305722,0.0,0.0,1.0,0.0,0.0,0.0,0.024390243902439,0.6,0.991997332444148,0.046875,0.7714910235812785,0.5718667809798998,0.0,0.0,1.0,0.0,0.0,0.0,0.9984032455839784,0.9913333333333332,0.2863782848251004,0.9947665966594672,0.5321562613977044,0.303373918761097,,
2024-07-15 18:20:29,hf_copula_syn_150000,100,0.01,4,1.0,4,0.9992558013666192,0.9855865474442812,0.2142857142857142,0.9923741055531292,0.4595618753872963,0.2274867685636385,0.0172413793103448,0.125,0.9961979722518676,0.0303030303030303,0.3528806406300627,0.1136761758641428,0.0,0.0,1.0,0.0,0.0,0.0,0.0,0.0,0.9892659510634042,0.0,0.0,0.0,0.998332358020976,0.9847333333333332,0.2150163042676528,0.9914640513374412,0.4593211539786042,0.22733507487344,,
2024-07-15 18:20:35,hf_copula_syn_150000,100,0.01,4,3.0,4,0.9992558013666192,0.9855865474442812,0.2142857142857142,0.9923741055531292,0.4595618753872963,0.2274867685636385,0.0172413793103448,0.125,0.9961979722518676,0.0303030303030303,0.3528806406300627,0.1136761758641428,0.0,0.0,1.0,0.0,0.0,0.0,0.0,0.0,0.9892659510634042,0.0,0.0,0.0,0.998332358020976,0.9847333333333332,0.2150163042676528,0.9914640513374412,0.4593211539786042,0.22733507487344,,
2024-07-15 18:20:41,hf_copula_syn_150000,100,0.01,4,5.0,4,0.9992558013666192,0.9855865474442812,0.2142857142857142,0.9923741055531292,0.4595618753872963,0.2274867685636385,0.0172413793103448,0.125,0.9961979722518676,0.0303030303030303,0.3528806406300627,0.1136761758641428,0.0,0.0,1.0,0.0,0.0,0.0,0.0,0.0,0.9892659510634042,0.0,0.0,0.0,0.998332358020976,0.9847333333333332,0.2150163042676528,0.9914640513374412,0.4593211539786042,0.22733507487344,,
2024-07-15 18:20:47,hf_copula_syn_150000,100,0.01,4,7.0,4,0.9992558013666192,0.9855865474442812,0.2142857142857142,0.9923741055531292,0.4595618753872963,0.2274867685636385,0.0172413793103448,0.125,0.9961979722518676,0.0303030303030303,0.3528806406300627,0.1136761758641428,0.0,0.0,1.0,0.0,0.0,0.0,0.0,0.0,0.9892659510634042,0.0,0.0,0.0,0.998332358020976,0.9847333333333332,0.2150163042676528,0.9914640513374412,0.4593211539786042,0.22733507487344,,
2024-07-15 18:20:54,hf_copula_syn_150000,100,0.01,4,9.0,4,0.9992558013666192,0.9855865474442812,0.2142857142857142,0.9923741055531292,0.4595618753872963,0.2274867685636385,0.0172413793103448,0.125,0.9961979722518676,0.0303030303030303,0.3528806406300627,0.1136761758641428,0.0,0.0,1.0,0.0,0.0,0.0,0.0,0.0,0.9892659510634042,0.0,0.0,0.0,0.998332358020976,0.9847333333333332,0.2150163042676528,0.9914640513374412,0.4593211539786042,0.22733507487344,,
2024-07-15 18:21:03,hf_copula_syn_150000,100,0.01,8,1.0,4,0.9995877705255926,0.9708394501534766,0.5714285714285714,0.9850038928946212,0.7448257514933952,0.5769233336812212,0.0363636363636363,0.5,0.9929295624332978,0.0677966101694915,0.7046025696920561,0.4719925644797823,0.0175438596491228,0.2,0.9962654218072692,0.032258064516129,0.4463777373049129,0.1833872502349066,0.0,0.0,0.9814654310287352,0.0,0.0,0.0,0.9986800638323792,0.9702666666666668,0.5718223200312068,0.984131466808182,0.7446551614082721,0.5766977303542529,,
2024-07-15 18:21:12,hf_copula_syn_150000,100,0.01,8,3.0,4,0.9995877705255926,0.9708394501534766,0.5714285714285714,0.9850038928946212,0.7448257514933952,0.5769233336812212,0.0363636363636363,0.5,0.9929295624332978,0.0677966101694915,0.7046025696920561,0.4719925644797823,0.0175438596491228,0.2,0.9962654218072692,0.032258064516129,0.4463777373049129,0.1833872502349066,0.0,0.0,0.9814654310287352,0.0,0.0,0.0,0.9986800638323792,0.9702666666666668,0.5718223200312068,0.984131466808182,0.7446551614082721,0.5766977303542529,,
2024-07-15 18:21:20,hf_copula_syn_150000,100,0.01,8,5.0,4,0.9995877705255926,0.9708394501534766,0.5714285714285714,0.9850038928946212,0.7448257514933952,0.5769233336812212,0.0363636363636363,0.5,0.9929295624332978,0.0677966101694915,0.7046025696920561,0.4719925644797823,0.0175438596491228,0.2,0.9962654218072692,0.032258064516129,0.4463777373049129,0.1833872502349066,0.0,0.0,0.9814654310287352,0.0,0.0,0.0,0.9986800638323792,0.9702666666666668,0.5718223200312068,0.984131466808182,0.7446551614082721,0.5766977303542529,,
2024-07-15 18:21:28,hf_copula_syn_150000,100,0.01,8,7.0,4,0.9995877138734282,0.970705992259442,0.5714285714285714,0.984935170452622,0.7447745554420927,0.576836623289648,0.0363636363636363,0.5,0.9929295624332978,0.0677966101694915,0.7046025696920561,0.4719925644797823,0.0169491525423728,0.2,0.9961320440146716,0.03125,0.4463478562768441,0.183365355996736,0.0,0.0,0.9814654310287352,0.0,0.0,0.0,0.9986798089973876,0.9701333333333332,0.5718222755719427,0.9840624724856232,0.7446040031796081,0.5766110935942991,,
2024-07-15 18:21:37,hf_copula_syn_150000,100,0.01,8,9.0,4,0.9995877138734282,0.970705992259442,0.5714285714285714,0.984935170452622,0.7447745554420927,0.576836623289648,0.0363636363636363,0.5,0.9929295624332978,0.0677966101694915,0.7046025696920561,0.4719925644797823,0.0169491525423728,0.2,0.9961320440146716,0.03125,0.4463478562768441,0.183365355996736,0.0,0.0,0.9814654310287352,0.0,0.0,0.0,0.9986798089973876,0.9701333333333332,0.5718222755719427,0.9840624724856232,0.7446040031796081,0.5766110935942991,,
2024-07-15 18:21:48,hf_copula_syn_150000,100,0.01,10,1.0,4,0.9995873452544703,0.9698385159482183,0.5714285714285714,0.9844882476461424,0.744441695288957,0.5762730553608075,0.0363636363636363,0.5,0.9929295624332978,0.0677966101694915,0.7046025696920561,0.4719925644797823,0.0149253731343283,0.2,0.9955985328442816,0.0277777777777777,0.446228312155175,0.1832777719281997,0.0,0.0,0.981132075471698,0.0,0.0,0.0,0.9986787661293384,0.9692666666666668,0.5718220755111821,0.9836148093996888,0.7442714138479081,0.5760480224675028,,
2024-07-15 18:21:59,hf_copula_syn_150000,100,0.01,10,3.0,4,0.9995873452544703,0.9698385159482183,0.5714285714285714,0.9844882476461424,0.744441695288957,0.5762730553608075,0.0341880341880341,0.5,0.9924626467449308,0.064,0.7044368838813491,0.4717937842818909,0.0166666666666666,0.2,0.9960653551183728,0.0307692307692307,0.4463329150126333,0.1833544086108062,0.0,0.0,0.981132075471698,0.0,0.0,0.0,0.9986781862393556,0.9692666666666668,0.5718219820969064,0.983613781691929,0.7442713603497615,0.5760479419969581,,
2024-07-15 18:22:10,hf_copula_syn_150000,100,0.01,10,5.0,4,0.9995873736331752,0.9699052448952356,0.5714285714285714,0.984522640295323,0.7444673051998746,0.5763164036866331,0.0341880341880341,0.5,0.9924626467449308,0.064,0.7044368838813491,0.4717937842818909,0.0166666666666666,0.2,0.9960653551183728,0.0307692307692307,0.4463329150126333,0.1833544086108062,0.0,0.0,0.9811987465831056,0.0,0.0,0.0,0.9986782145915734,0.9693333333333334,0.5718219865416472,0.9836481422413036,0.7442969463580956,0.5760912498643461,,
2024-07-15 18:22:24,hf_copula_syn_150000,100,0.01,10,7.0,4,0.9995873452544703,0.9698385159482183,0.5714285714285714,0.9844882476461424,0.744441695288957,0.5762730553608075,0.0341880341880341,0.5,0.9924626467449308,0.064,0.7044368838813491,0.4717937842818909,0.0166666666666666,0.2,0.9960653551183728,0.0307692307692307,0.4463329150126333,0.1833544086108062,0.0,0.0,0.981132075471698,0.0,0.0,0.0,0.9986781862393556,0.9692666666666668,0.5718219820969064,0.983613781691929,0.7442713603497615,0.5760479419969581,,
2024-07-15 18:22:35,hf_copula_syn_150000,100,0.01,10,9.0,4,0.9995874303788764,0.97003870278927,0.5714285714285714,0.9845914186054388,0.7445185223789245,0.5764031018649424,0.0341880341880341,0.5,0.9924626467449308,0.064,0.7044368838813491,0.4717937842818909,0.0175438596491228,0.2,0.9962654218072692,0.032258064516129,0.4463777373049129,0.1833872502349066,0.0,0.0,0.981132075471698,0.0,0.0,0.0,0.9986785636819728,0.9694666666666668,0.5718220487858027,0.9837173526362458,0.7443481306752092,0.5761778780715638,,
2024-07-15 18:22:46,hf_copula_syn_150000,500,0.01,2,1.0,4,0.9995273144709298,0.9877218737488322,0.5,0.99358952844437,0.7027524008314849,0.5179476150247905,0.0392156862745098,0.5,0.9934631803628602,0.0727272727272727,0.7047918772101662,0.4722197151536671,0.0163934426229508,0.2,0.995998666222074,0.0303030303030303,0.4463179732482379,0.1833434610469801,0.0,0.0,0.998133208880592,0.0,0.0,0.0,0.9986208018243108,0.9871333333333332,0.500461722132193,0.9927110671067108,0.7026211602496372,0.5177771622525316,,
2024-07-15 18:22:56,hf_copula_syn_150000,500,0.01,2,3.0,4,0.9995273144709298,0.9877218737488322,0.5,0.99358952844437,0.7027524008314849,0.5179476150247905,0.0392156862745098,0.5,0.9934631803628602,0.0727272727272727,0.7047918772101662,0.4722197151536671,0.0163934426229508,0.2,0.995998666222074,0.0303030303030303,0.4463179732482379,0.1833434610469801,0.0,0.0,0.998133208880592,0.0,0.0,0.0,0.9986208018243108,0.9871333333333332,0.500461722132193,0.9927110671067108,0.7026211602496372,0.5177771622525316,,
2024-07-15 18:23:06,hf_copula_syn_150000,500,0.01,2,5.0,4,0.9995273144709298,0.9877218737488322,0.5,0.99358952844437,0.7027524008314849,0.5179476150247905,0.0392156862745098,0.5,0.9934631803628602,0.0727272727272727,0.7047918772101662,0.4722197151536671,0.0163934426229508,0.2,0.995998666222074,0.0303030303030303,0.4463179732482379,0.1833434610469801,0.0,0.0,0.998133208880592,0.0,0.0,0.0,0.9986208018243108,0.9871333333333332,0.500461722132193,0.9927110671067108,0.7026211602496372,0.5177771622525316,,
2024-07-15 18:23:16,hf_copula_syn_150000,500,0.01,2,7.0,4,0.9995273144709298,0.9877218737488322,0.5,0.99358952844437,0.7027524008314849,0.5179476150247905,0.0392156862745098,0.5,0.9934631803628602,0.0727272727272727,0.7047918772101662,0.4722197151536671,0.0163934426229508,0.2,0.995998666222074,0.0303030303030303,0.4463179732482379,0.1833434610469801,0.0,0.0,0.998133208880592,0.0,0.0,0.0,0.9986208018243108,0.9871333333333332,0.500461722132193,0.9927110671067108,0.7026211602496372,0.5177771622525316,,
2024-07-15 18:23:26,hf_copula_syn_150000,500,0.01,2,9.0,4,0.9995273144709298,0.9877218737488322,0.5,0.99358952844437,0.7027524008314849,0.5179476150247905,0.0392156862745098,0.5,0.9934631803628602,0.0727272727272727,0.7047918772101662,0.4722197151536671,0.0163934426229508,0.2,0.995998666222074,0.0303030303030303,0.4463179732482379,0.1833434610469801,0.0,0.0,0.998133208880592,0.0,0.0,0.0,0.9986208018243108,0.9871333333333332,0.500461722132193,0.9927110671067108,0.7026211602496372,0.5177771622525316,,
2024-07-15 18:23:36,hf_copula_syn_150000,500,0.01,4,1.0,4,0.9995224776587762,0.9777125316962498,0.5,0.9884972170686458,0.6991825697542273,0.5122095422875133,0.036697247706422,0.5,0.9929962646744932,0.0683760683760683,0.7046262359132298,0.4720209598712341,0.0138888888888888,0.2,0.9952650883627876,0.0259740259740259,0.446153580813331,0.1832230261037329,0.0,0.0,0.9893326221748115,0.0,0.0,0.0,0.9986137915080344,0.9771333333333332,0.5004606418787589,0.9876197449111735,0.6990545178752149,0.5120442989020109,,
2024-07-15 18:23:47,hf_copula_syn_150000,500,0.01,4,3.0,4,0.9995226404800872,0.978046176431336,0.5,0.9886677908937608,0.6993018577235928,0.5124006499664824,0.0363636363636363,0.5,0.9929295624332978,0.0677966101694915,0.7046025696920561,0.4719925644797823,0.0151515151515151,0.2,0.99566522174058,0.028169014084507,0.4462432569217333,0.1832887205594039,0.0,0.0,0.9893326221748115,0.0,0.0,0.0,0.9986141971267504,0.9774666666666668,0.500460739682023,0.9877905821523784,0.6991737117791937,0.512235234967756,,
2024-07-15 18:23:58,hf_copula_syn_150000,500,0.01,4,5.0,4,0.9995226404800872,0.978046176431336,0.5,0.9886677908937608,0.6993018577235928,0.5124006499664824,0.0363636363636363,0.5,0.9929295624332978,0.0677966101694915,0.7046025696920561,0.4719925644797823,0.0151515151515151,0.2,0.99566522174058,0.028169014084507,0.4462432569217333,0.1832887205594039,0.0,0.0,0.9893326221748115,0.0,0.0,0.0,0.9986141971267504,0.9774666666666668,0.500460739682023,0.9877905821523784,0.6991737117791937,0.512235234967756,,
2024-07-15 18:24:09,hf_copula_syn_150000,500,0.01,4,7.0,4,0.9995226404800872,0.978046176431336,0.5,0.9886677908937608,0.6993018577235928,0.5124006499664824,0.0363636363636363,0.5,0.9929295624332978,0.0677966101694915,0.7046025696920561,0.4719925644797823,0.0151515151515151,0.2,0.99566522174058,0.028169014084507,0.4462432569217333,0.1832887205594039,0.0,0.0,0.9893326221748115,0.0,0.0,0.0,0.9986141971267504,0.9774666666666668,0.500460739682023,0.9877905821523784,0.6991737117791937,0.512235234967756,,
2024-07-15 18:24:19,hf_copula_syn_150000,500,0.01,4,9.0,4,0.9995226730310264,0.9781129053783532,0.5,0.9887018987555226,0.6993257128757505,0.512438872838102,0.036697247706422,0.5,0.9929962646744932,0.0683760683760683,0.7046262359132298,0.4720209598712341,0.0151515151515151,0.2,0.99566522174058,0.028169014084507,0.4462432569217333,0.1832887205594039,0.0,0.0,0.9893326221748115,0.0,0.0,0.0,0.998614407573358,0.9775333333333334,0.5004607752565515,0.9878249672245129,0.6991975572885275,0.5122734373089042,,
2024-07-15 18:24:40,hf_copula_syn_150000,500,0.01,8,1.0,4,0.9996543619521636,0.9649673028159615,0.6428571428571429,0.9820046176830096,0.7876141969510405,0.6403177800273019,0.0416666666666666,0.5,0.993863393810032,0.0769230769230769,0.7049338244863953,0.472390059472487,0.0163934426229508,0.6,0.987995998666222,0.0319148936170212,0.7699335031025298,0.5697972895488894,0.0,0.0,0.982998866591106,0.0,0.0,0.0,0.9987490379174384,0.9645333333333334,0.6431820685911697,0.9811397439787368,0.7875116995746465,0.640162023894178,,
2024-07-15 18:25:01,hf_copula_syn_150000,500,0.01,8,3.0,4,0.9996544813765462,0.9653009475510476,0.6428571428571429,0.982177411141664,0.7877503469627667,0.6405598790815801,0.043010752688172,0.5,0.994063500533618,0.0792079207920792,0.705004787407014,0.4724752256254919,0.0162162162162162,0.6,0.9878626208736244,0.031578947368421,0.7698815314866143,0.5697282734124668,0.0,0.0,0.9832655510367356,0.0,0.0,0.0,0.9987498150007672,0.9648666666666668,0.6431821486344546,0.9813134827648105,0.7876477430360475,0.6404039194059082,,
2024-07-15 18:25:22,hf_copula_syn_150000,500,0.01,8,5.0,4,0.9996546484321038,0.9657680501801682,0.6428571428571429,0.9824192234591366,0.7879409174560849,0.6408988418024326,0.0421052631578947,0.5,0.9939300960512272,0.0776699029126213,0.7049574795869703,0.4724184486350742,0.0170454545454545,0.6,0.9884628209403136,0.0331491712707182,0.7701153761380096,0.5700388292151624,0.0,0.0,0.9832655510367356,0.0,0.0,0.0,0.9987497753854332,0.9653333333333334,0.643182277552086,0.9815547725225516,0.7878381883809515,0.6407426389990942,,
2024-07-15 18:25:43,hf_copula_syn_150000,500,0.01,8,7.0,4,0.9996546961325968,0.9659015080742026,0.6428571428571429,0.9824882915903076,0.7879953577033226,0.6409956934465751,0.0412371134020618,0.5,0.9937966915688368,0.0761904761904762,0.7049101685920117,0.472361669864981,0.0174418604651162,0.6,0.9887295765255084,0.0338983050847457,0.7702192843049991,0.5701768401404447,0.0,0.0,0.9832655510367356,0.0,0.0,0.0,0.9987494921635092,0.9654666666666668,0.6431822953215572,0.9816232368738198,0.787892587220817,0.6408394159699997,,
2024-07-15 18:26:04,hf_copula_syn_150000,500,0.01,8,9.0,4,0.9995860641600552,0.9668357133324436,0.5714285714285714,0.9829381635629728,0.7432883360282752,0.5743229073956462,0.0425531914893617,0.5,0.9939967982924226,0.0784313725490196,0.7049811338938166,0.4724468373527425,0.0119047619047619,0.4,0.9889296432144048,0.0231213872832369,0.6289450351865113,0.3722754580080657,0.0,0.0,0.9837989199279952,0.0,0.0,0.0,0.9986797804562684,0.9663333333333334,0.5718205995300608,0.982070291804768,0.743180238531121,0.574162936148001,,
2024-07-15 18:26:44,hf_copula_syn_150000,500,0.01,10,1.0,4,0.9995850909342368,0.9645669291338582,0.5714285714285714,0.9817638469114,0.7424157207132703,0.5728501457002914,0.0412371134020618,0.5,0.9937966915688368,0.0761904761904762,0.7049101685920117,0.472361669864981,0.0103092783505154,0.4,0.9871957319106368,0.0201005025125628,0.6283934219613178,0.3716912079507218,0.0,0.0,0.983465564370958,0.0,0.0,0.0,0.9986775744026296,0.9640666666666666,0.5718198926123363,0.9808948690757552,0.7423082159378408,0.5726913088575493,,
2024-07-15 18:27:20,hf_copula_syn_150000,500,0.01,10,3.0,4,0.999654409731822,0.965100760709996,0.6428571428571429,0.9820737421063354,0.7876686597797853,0.6404146179315229,0.0421052631578947,0.5,0.9939300960512272,0.0776699029126213,0.7049574795869703,0.4724184486350742,0.0159574468085106,0.6,0.9876625541847284,0.0310880829015544,0.7698035674838335,0.5696247452051652,0.0,0.0,0.9833988932595508,0.0,0.0,0.0,0.9987491742386928,0.9646666666666668,0.6431820196859823,0.9812089265895568,0.7875660808755984,0.6402587290424606,,
2024-07-15 18:27:57,hf_copula_syn_150000,500,0.01,10,5.0,4,0.9995854063018242,0.9653009475510476,0.5714285714285714,0.9821440695227104,0.7426981496259039,0.5733265630511821,0.0425531914893617,0.5,0.9939967982924226,0.0784313725490196,0.7049811338938166,0.4724468373527425,0.0109890109890109,0.4,0.987995998666222,0.0213903743315508,0.6286480728249224,0.3719608917099298,0.0,0.0,0.9831988799253284,0.0,0.0,0.0,0.9986788179617332,0.9648,0.5718202483125444,0.9812763619146256,0.742590503981938,0.5731674168694924,,
2024-07-15 18:28:36,hf_copula_syn_150000,500,0.01,10,7.0,4,0.9996544813765462,0.9653009475510476,0.6428571428571429,0.982177411141664,0.7877503469627667,0.6405598790815801,0.0421052631578947,0.5,0.9939300960512272,0.0776699029126213,0.7049574795869703,0.4724184486350742,0.0162162162162162,0.6,0.9878626208736244,0.031578947368421,0.7698815314866143,0.5697282734124668,0.0,0.0,0.9833988932595508,0.0,0.0,0.0,0.9987493320730176,0.9648666666666668,0.6431820863748786,0.9813126624886082,0.78764771780521,0.6404038891248468,,
2024-07-15 18:29:14,hf_copula_syn_150000,500,0.01,10,9.0,4,0.9996545768566494,0.9655678633391164,0.6428571428571429,0.9823156036794406,0.7878592500319208,0.6407535686299439,0.043010752688172,0.5,0.994063500533618,0.0792079207920792,0.705004787407014,0.4724752256254919,0.0165745856353591,0.6,0.9881293764588196,0.032258064516129,0.7699854712105234,0.5698663035505556,0.0,0.0,0.9832655510367356,0.0,0.0,0.0,0.9987500298482286,0.9651333333333332,0.6431822375529829,0.9814517726952676,0.7877565791089116,0.6405974741874064,,
2024-07-15 18:29:38,hf_copula_syn_150000,1500,0.01,2,1.0,4,0.9995213347921226,0.9753770185506472,0.5,0.9873015873015872,0.6983469834368325,0.5108721002273949,0.0404040404040404,0.5,0.993663287086446,0.0747663551401869,0.7048628544214989,0.4723048893152122,0.0175438596491228,0.4,0.992530843614538,0.0336134453781512,0.6300891503952558,0.3734881319226004,0.0,0.0,0.9891326088405894,0.0,0.0,0.0,0.9986158449877484,0.9748666666666668,0.500460072874907,0.9864311856913066,0.698281149491448,0.510771678252125,,
2024-07-15 18:30:02,hf_copula_syn_150000,1500,0.01,2,3.0,4,0.9995214983936016,0.9757106632857332,0.5,0.9874725645787608,0.6984664141122797,0.5110631299831976,0.0404040404040404,0.5,0.993663287086446,0.0747663551401869,0.7048628544214989,0.4723048893152122,0.0178571428571428,0.4,0.9926642214071356,0.0341880341880341,0.6301314851385021,0.3735330258468951,0.0,0.0,0.9893326221748115,0.0,0.0,0.0,0.9986161128642688,0.9752,0.5004601306683935,0.9866021949192912,0.6984004828098459,0.5109625446781303,,
2024-07-15 18:30:21,hf_copula_syn_150000,1500,0.01,2,5.0,4,0.999521432966432,0.9755772053916988,0.5,0.9874041805963596,0.6984186442928406,0.5109867167450509,0.0404040404040404,0.5,0.993663287086446,0.0747663551401869,0.7048628544214989,0.4723048893152122,0.0185185185185185,0.4,0.9929309769923308,0.0353982300884955,0.630216146093491,0.3736228094259718,0.0,0.0,0.9889325955063673,0.0,0.0,0.0,0.9986162679567182,0.9750666666666666,0.5004601929184773,0.986534278160574,0.6983527857958899,0.5108862326868656,,
2024-07-15 18:30:41,hf_copula_syn_150000,1500,0.01,2,7.0,4,0.9995214656822532,0.975643934338716,0.5,0.9874383737421488,0.698442529610961,0.5110249231414866,0.0404040404040404,0.5,0.993663287086446,0.0747663551401869,0.7048628544214989,0.4723048893152122,0.019047619047619,0.4,0.9931310436812272,0.0363636363636363,0.6302796343469229,0.3736901433744559,0.0,0.0,0.9887992532835522,0.0,0.0,0.0,0.9986164770088476,0.9751333333333332,0.500460250717892,0.9865687611948522,0.6983766699837978,0.5109244258686475,,
2024-07-15 18:31:04,hf_copula_syn_150000,1500,0.01,2,9.0,4,0.9995218252612884,0.9763779527559056,0.5,0.9878143459915611,0.6987052142198116,0.5114452228904458,0.0408163265306122,0.5,0.9937299893276414,0.0754716981132075,0.7048865119037395,0.472333279812556,0.0192307692307692,0.4,0.993197732577526,0.036697247706422,0.6303007956769612,0.3737125873123652,0.0,0.0,0.9893992932862192,0.0,0.0,0.0,0.998617117188271,0.9758666666666668,0.5004603485247198,0.9869448699235316,0.6986391290914474,0.5113443559607522,,
2024-07-15 18:31:29,hf_copula_syn_150000,1500,0.01,4,1.0,4,0.9996538355026308,0.9634992659815828,0.6428571428571429,0.9812436289500512,0.7870148570858588,0.6392527142200074,0.0396039603960396,0.5,0.9935298826040556,0.073394495412844,0.7048155370747922,0.4722481069857677,0.0151515151515151,0.6,0.9869956652217404,0.0295566502463054,0.7695436304284795,0.5692796164910365,0.0,0.0,0.9828655243682912,0.0,0.0,0.0,0.9987469978734236,0.9630666666666666,0.6431815483845635,0.9803767975106668,0.7869127260491614,0.6390977038826248,,
2024-07-15 18:31:55,hf_copula_syn_150000,1500,0.01,4,3.0,4,0.9996538115349995,0.9634325370345656,0.6428571428571429,0.9812090115192496,0.7869876035196802,0.6392043087215701,0.0396039603960396,0.5,0.9935298826040556,0.073394495412844,0.7048155370747922,0.4722481069857677,0.0150753768844221,0.6,0.986928976325442,0.0294117647058823,0.7695176318936852,0.5692451006843339,0.0,0.0,0.9828655243682912,0.0,0.0,0.0,0.9987469485487396,0.963,0.6431815261549314,0.9803421640942872,0.7868854892534664,0.6390493320573837,,
2024-07-15 18:32:20,hf_copula_syn_150000,1500,0.01,4,5.0,4,0.9996538834279384,0.9636327238756172,0.6428571428571429,0.9813128567545528,0.7870693613871178,0.6393495269343723,0.0388349514563106,0.5,0.9933964781216648,0.072072072072072,0.704768216551252,0.4721913228766476,0.0154639175257731,0.6,0.9872624208069356,0.0301507537688442,0.769647615785407,0.5694176743809568,0.0,0.0,0.9828655243682912,0.0,0.0,0.0,0.9987467397500244,0.9632,0.6431815661540347,0.9804454534446102,0.7869671889039123,0.6391944419728948,,
2024-07-15 18:32:45,hf_copula_syn_150000,1500,0.01,4,7.0,4,0.9996538834279384,0.9636327238756172,0.6428571428571429,0.9813128567545528,0.7870693613871178,0.6393495269343723,0.0388349514563106,0.5,0.9933964781216648,0.072072072072072,0.704768216551252,0.4721913228766476,0.0154639175257731,0.6,0.9872624208069356,0.0301507537688442,0.769647615785407,0.5694176743809568,0.0,0.0,0.9828655243682912,0.0,0.0,0.0,0.9987467397500244,0.9632,0.6431815661540347,0.9804454534446102,0.7869671889039123,0.6391944419728948,,
2024-07-15 18:33:11,hf_copula_syn_150000,1500,0.01,4,9.0,4,0.9996538834279384,0.9636327238756172,0.6428571428571429,0.9813128567545528,0.7870693613871178,0.6393495269343723,0.0384615384615384,0.5,0.9933297758804696,0.0714285714285714,0.7047445550979694,0.4721629301547093,0.0155440414507772,0.6,0.9873291097032344,0.0303030303030303,0.7696736099295212,0.5694521875192143,0.0,0.0,0.9828655243682912,0.0,0.0,0.0,0.998746567304402,0.9632,0.6431815528091381,0.9804451610031116,0.7869671849491853,0.6391944383344892,,
2024-07-15 18:33:58,hf_copula_syn_150000,1500,0.01,8,1.0,4,0.9995835646862854,0.9610302949419458,0.5714285714285714,0.979927876437368,0.7410534181408616,0.5705555433529945,0.0384615384615384,0.5,0.9933297758804696,0.0714285714285714,0.7047445550979694,0.4721629301547093,0.0095238095238095,0.4,0.9861287095698568,0.0186046511627906,0.6280537268641455,0.3713315499075439,0.0,0.0,0.9814654310287352,0.0,0.0,0.0,0.9986743074495988,0.9605333333333334,0.5718191545742994,0.9790575738745096,0.740946983288937,0.5703986222585835,,
2024-07-15 18:34:44,hf_copula_syn_150000,1500,0.01,8,3.0,4,0.9995837669094692,0.9614973975710664,0.5714285714285714,0.980170742491752,0.7412334884004659,0.5708585221097299,0.04,0.5,0.9935965848452508,0.074074074074074,0.7048391961452097,0.4722764983729494,0.0095693779904306,0.4,0.9861953984661552,0.0186915887850467,0.6280749631902725,0.3713540312036878,0.0,0.0,0.98159877325155,0.0,0.0,0.0,0.9986753451863506,0.961,0.5718193279915277,0.979301653167861,0.7411269430369664,0.5707013862986277,,
2024-07-15 18:35:38,hf_copula_syn_150000,1500,0.01,8,5.0,4,0.9995836802664446,0.9612972107300148,0.5714285714285714,0.9800666712021228,0.7411563207891589,0.5707286710178131,0.0384615384615384,0.5,0.9933297758804696,0.0714285714285714,0.7047445550979694,0.4721629301547093,0.0093896713615023,0.4,0.9859286428809604,0.018348623853211,0.627990013576955,0.3712641038843559,0.0,0.0,0.9819321288085872,0.0,0.0,0.0,0.9986743782091624,0.9608,0.5718191189985886,0.979196153755047,0.7410497686570003,0.5705715658555739,,
2024-07-15 18:36:32,hf_copula_syn_150000,1500,0.01,8,7.0,4,0.9995836224843858,0.9611637528359802,0.5714285714285714,0.979997278541298,0.7411048712510184,0.5706421061676319,0.0373831775700934,0.5,0.9931296691568836,0.0695652173913043,0.7046735659711111,0.4720777493193808,0.0097087378640776,0.4,0.9863954651550516,0.0189573459715639,0.6281386678608639,0.3714214729573635,0.0,0.0,0.9815321021401426,0.0,0.0,0.0,0.9986738517107258,0.9606666666666668,0.5718191412139827,0.9791260349792588,0.740998378828989,0.5704850888258316,,
2024-07-15 18:37:25,hf_copula_syn_150000,1500,0.01,8,9.0,4,0.9996529223934472,0.9609635659949286,0.6428571428571429,0.9799265106151333,0.7859785572299739,0.6374137077445927,0.0373831775700934,0.5,0.9931296691568836,0.0695652173913043,0.7046735659711111,0.4720777493193808,0.0144230769230769,0.6,0.9863287762587528,0.028169014084507,0.7692836055417089,0.5689344344080014,0.0,0.0,0.9813987599173278,0.0,0.0,0.0,0.9987446583862252,0.9605333333333334,0.6431810148567738,0.979058403659196,0.7858772310135911,0.6372602078951374,,
2024-07-15 18:38:31,hf_copula_syn_150000,1500,0.01,10,1.0,4,0.9995838823774188,0.9617643133591351,0.5714285714285714,0.9803094711783712,0.741336366053758,0.5710316640233558,0.0377358490566037,0.5,0.9931963713980788,0.0701754385964912,0.7046972298079789,0.4721061433760758,0.0094786729857819,0.4,0.986062020673558,0.0185185185185185,0.6280324898199321,0.3713090682556072,0.0,0.0,0.9823988265884392,0.0,0.0,0.0,0.9986742227643584,0.9612666666666668,0.5718191234219807,0.9794381154120289,0.7412296347979453,0.5708742607694863,,
2024-07-15 18:39:47,hf_copula_syn_150000,1500,0.01,10,3.0,4,0.9995836224843858,0.9611637528359802,0.5714285714285714,0.979997278541298,0.7411048712510184,0.5706421061676319,0.036697247706422,0.5,0.9929962646744932,0.0683760683760683,0.7046262359132298,0.4720209598712341,0.0093457943925233,0.4,0.9858619539846616,0.0182648401826484,0.6279687743780455,0.371241621165041,0.0,0.0,0.982198813254217,0.0,0.0,0.0,0.998673364900308,0.9606666666666668,0.5718189366752762,0.9791251699311876,0.7409982969551306,0.5704849985875284,,
2024-07-15 18:40:58,hf_copula_syn_150000,1500,0.01,10,5.0,4,0.9996531631520532,0.9616308554651009,0.6428571428571429,0.9802734507856607,0.7862514001434686,0.6378975766675276,0.0388349514563106,0.5,0.9933964781216648,0.072072072072072,0.704768216551252,0.4721913228766476,0.0142180094786729,0.6,0.9861287095698568,0.0277777777777777,0.769205580935236,0.5688308693761541,0.0,0.0,0.9819987999199946,0.0,0.0,0.0,0.9987456048437144,0.9612,0.643181130468659,0.9794062265959588,0.7861498437458071,0.6377436512579642,,
2024-07-15 18:42:19,hf_copula_syn_150000,1500,0.01,10,7.0,4,0.9996529946561176,0.9611637528359802,0.6428571428571429,0.9800306174519476,0.7860604200479676,0.6375588624102575,0.0384615384615384,0.5,0.9933297758804696,0.0714285714285714,0.7047445550979694,0.4721629301547093,0.0131004366812227,0.6,0.9849283094364788,0.0256410256410256,0.7687372669917124,0.5682093783178366,0.0,0.0,0.9827988532568838,0.0,0.0,0.0,0.9987448648271784,0.9607333333333332,0.6431807480976417,0.9791625644556348,0.7859588731743056,0.6374050308275299,,
2024-07-15 18:43:47,hf_copula_syn_150000,1500,0.01,10,9.0,4,0.9996530668887038,0.961363939677032,0.6428571428571429,0.9801347030410232,0.7861422743413965,0.637704022228393,0.0380952380952381,0.5,0.9932630736392742,0.0707964601769911,0.7047208928502383,0.472134536987852,0.0135135135135135,0.6,0.98539513171057,0.026431718061674,0.7689194229737873,0.5684510898319892,0.0,0.0,0.9825988399226616,0.0,0.0,0.0,0.9987448793244296,0.9609333333333332,0.6431808547963156,0.9792664793362996,0.7860406991691893,0.6375501205906507,,
2024-07-15 18:44:01,hf_copula_syn_150000,1000,0.01,2,1.0,4,0.9995224776587762,0.9777125316962498,0.5,0.9884972170686458,0.6991825697542273,0.5122095422875133,0.0470588235294117,0.5,0.9945971184631804,0.086021505376344,0.7051939869508178,0.4727023157904066,0.0104166666666666,0.2,0.9936645548516172,0.0198019801980198,0.4457946959872038,0.1829601842383606,0.0,0.0,0.9893326221748115,0.0,0.0,0.0,0.9986181602743992,0.9771333333333332,0.5004609621562759,0.9876270984623152,0.6990547010474929,0.5120445746778793,,
2024-07-15 18:44:17,hf_copula_syn_150000,1000,0.01,2,3.0,4,0.9995224776587762,0.9777125316962498,0.5,0.9884972170686458,0.6991825697542273,0.5122095422875133,0.0470588235294117,0.5,0.9945971184631804,0.086021505376344,0.7051939869508178,0.4727023157904066,0.0104166666666666,0.2,0.9936645548516172,0.0198019801980198,0.4457946959872038,0.1829601842383606,0.0,0.0,0.9893326221748115,0.0,0.0,0.0,0.9986181602743992,0.9771333333333332,0.5004609621562759,0.9876270984623152,0.6990547010474929,0.5120445746778793,,
2024-07-15 18:44:32,hf_copula_syn_150000,1000,0.01,2,5.0,4,0.9995224776587762,0.9777125316962498,0.5,0.9884972170686458,0.6991825697542273,0.5122095422875133,0.0470588235294117,0.5,0.9945971184631804,0.086021505376344,0.7051939869508178,0.4727023157904066,0.0104166666666666,0.2,0.9936645548516172,0.0198019801980198,0.4457946959872038,0.1829601842383606,0.0,0.0,0.9893326221748115,0.0,0.0,0.0,0.9986181602743992,0.9771333333333332,0.5004609621562759,0.9876270984623152,0.6990547010474929,0.5120445746778793,,
2024-07-15 18:44:47,hf_copula_syn_150000,1000,0.01,2,7.0,4,0.9995224776587762,0.9777125316962498,0.5,0.9884972170686458,0.6991825697542273,0.5122095422875133,0.0470588235294117,0.5,0.9945971184631804,0.086021505376344,0.7051939869508178,0.4727023157904066,0.0104166666666666,0.2,0.9936645548516172,0.0198019801980198,0.4457946959872038,0.1829601842383606,0.0,0.0,0.9893326221748115,0.0,0.0,0.0,0.9986181602743992,0.9771333333333332,0.5004609621562759,0.9876270984623152,0.6990547010474929,0.5120445746778793,,
2024-07-15 18:45:02,hf_copula_syn_150000,1000,0.01,2,9.0,4,0.9995224124991472,0.9775790738022154,0.5,0.988428971426644,0.6991348488675898,0.5121331023328521,0.0470588235294117,0.5,0.9945971184631804,0.086021505376344,0.7051939869508178,0.4727023157904066,0.010204081632653,0.2,0.9935311770590196,0.0194174757281553,0.4457647758760263,0.1829382761242744,0.0,0.0,0.9893326221748115,0.0,0.0,0.0,0.998618024313908,0.977,0.5004609176970116,0.9875587883480892,0.6990070147269792,0.5119681987644712,,
2024-07-15 18:45:20,hf_copula_syn_150000,1000,0.01,4,1.0,4,0.9996545768566494,0.9655678633391164,0.6428571428571429,0.9823156036794406,0.7878592500319208,0.6407535686299439,0.0388349514563106,0.5,0.9933964781216648,0.072072072072072,0.704768216551252,0.4721913228766476,0.0177514792899408,0.6,0.9889296432144048,0.0344827586206896,0.7702972062318822,0.5702803427306713,0.0,0.0,0.9831322088139208,0.0,0.0,0.0,0.9987481950521232,0.9651333333333332,0.6431821396738002,0.9814487084739852,0.7877565568494622,0.640597460785667,,
2024-07-15 18:45:37,hf_copula_syn_150000,1000,0.01,4,3.0,4,0.999654529123195,0.965434405445082,0.6428571428571429,0.9822465121015648,0.7878048003791358,0.6406567227107687,0.0380952380952381,0.5,0.9932630736392742,0.0707964601769911,0.7047208928502383,0.472134536987852,0.0177514792899408,0.6,0.9889296432144048,0.0344827586206896,0.7702972062318822,0.5702803427306713,0.0,0.0,0.9831322088139208,0.0,0.0,0.0,0.9987477528494272,0.965,0.643182068524743,0.981379001055238,0.7877021327770459,0.640500674970209,,
2024-07-15 18:45:54,hf_copula_syn_150000,1000,0.01,4,5.0,4,0.999585835576724,0.966301881756306,0.5714285714285714,0.982662097512978,0.7430831069676839,0.573976322307891,0.0380952380952381,0.5,0.9932630736392742,0.0707964601769911,0.7047208928502383,0.472134536987852,0.0129870129870129,0.4,0.9898632877625876,0.0251572327044025,0.629241857400662,0.37258995457083,0.0,0.0,0.9830655377025136,0.0,0.0,0.0,0.9986775352614988,0.9658,0.5718204705329467,0.9817910900782952,0.7429751611631676,0.5738166128116541,,
2024-07-15 18:46:12,hf_copula_syn_150000,1000,0.01,4,7.0,4,0.9995859213250518,0.9665020685973577,0.5714285714285714,0.9827656398425838,0.7431600745070654,0.5741062878991541,0.0380952380952381,0.5,0.9932630736392742,0.0707964601769911,0.7047208928502383,0.472134536987852,0.0132450331125827,0.4,0.990063354451484,0.0256410256410256,0.6293054439464143,0.3726573376187083,0.0,0.0,0.9830655377025136,0.0,0.0,0.0,0.9986777069365034,0.966,0.5718205372218431,0.9818946970327056,0.7430520780616946,0.5739464795627146,,
2024-07-15 18:46:32,hf_copula_syn_150000,1000,0.01,4,9.0,4,0.999586178357128,0.9671026291205124,0.5714285714285714,0.9830761404103782,0.7433909293118595,0.5744962121527876,0.0380952380952381,0.5,0.9932630736392742,0.0707964601769911,0.7047208928502383,0.472134536987852,0.0138888888888888,0.4,0.9905301767255752,0.0268456375838926,0.6294537875731865,0.3728145522776794,0.0,0.0,0.9831988799253284,0.0,0.0,0.0,0.9986781783472752,0.9666,0.5718207017187492,0.9822053093372842,0.7432827668498795,0.574336092291931,,
2024-07-15 18:47:07,hf_copula_syn_150000,1000,0.01,8,1.0,4,0.9995837669094692,0.9614973975710664,0.5714285714285714,0.980170742491752,0.7412334884004659,0.5708585221097299,0.0396039603960396,0.5,0.9935298826040556,0.073394495412844,0.7048155370747922,0.4722481069857677,0.0096618357487922,0.4,0.9863287762587528,0.0188679245283018,0.6281174336885589,0.3713989927285976,0.0,0.0,0.9815321021401426,0.0,0.0,0.0,0.9986751647844814,0.961,0.5718193324315224,0.9793013495044894,0.7411269445756282,0.5707013861437293,,
2024-07-15 18:47:43,hf_copula_syn_150000,1000,0.01,8,3.0,4,0.9995838535164376,0.961697584412118,0.5714285714285714,0.980274792545232,0.7413106479789189,0.5709883777816205,0.0404040404040404,0.5,0.993663287086446,0.0747663551401869,0.7048628544214989,0.4723048893152122,0.0098039215686274,0.4,0.9865288429476492,0.0191387559808612,0.6281811340521615,0.371466432347517,0.0,0.0,0.9813987599173278,0.0,0.0,0.0,0.998675725381894,0.9612,0.5718194613799945,0.979406124380258,0.7412040786078474,0.5708311733807748,,
2024-07-15 18:48:19,hf_copula_syn_150000,1000,0.01,8,5.0,4,0.9996532834061438,0.9619645002001868,0.6428571428571429,0.9804468323868468,0.7863877861009106,0.6381395325976226,0.0392156862745098,0.5,0.9934631803628602,0.0727272727272727,0.7047918772101662,0.4722197151536671,0.0150753768844221,0.6,0.986928976325442,0.0294117647058823,0.7695176318936852,0.5692451006843339,0.0,0.0,0.9814654310287352,0.0,0.0,0.0,0.9987462138332726,0.9615333333333334,0.6431813972408468,0.9795803404769756,0.7862862190456931,0.6379855345821748,,
2024-07-15 18:48:54,hf_copula_syn_150000,1000,0.01,8,7.0,4,0.9996532353145156,0.9618310423061524,0.6428571428571429,0.980377486821969,0.7863332345565974,0.6380427485080943,0.0392156862745098,0.5,0.9934631803628602,0.0727272727272727,0.7047918772101662,0.4722197151536671,0.0148514851485148,0.6,0.9867289096365456,0.0289855072463768,0.7694396310185272,0.5691415500620913,0.0,0.0,0.9815321021401426,0.0,0.0,0.0,0.9987460911559513,0.9614,0.6431813349966912,0.9795109175488051,0.7862316924158629,0.6378888063075893,,
2024-07-15 18:49:32,hf_copula_syn_150000,1000,0.01,8,9.0,4,0.9996533314844346,0.9620979580942212,0.6428571428571429,0.9805161685198408,0.786442333861258,0.6382363189771377,0.0388349514563106,0.5,0.9933964781216648,0.072072072072072,0.704768216551252,0.4721913228766476,0.0150753768844221,0.6,0.986928976325442,0.0294117647058823,0.7695176318936852,0.5692451006843339,0.0,0.0,0.9816654443629576,0.0,0.0,0.0,0.9987460588081206,0.9616666666666668,0.6431813750005404,0.9796492624558962,0.7863407032757792,0.6380822154851881,,
2024-07-15 18:50:44,hf_copula_syn_150000,1000,0.01,10,1.0,4,0.9995835935873412,0.961097023888963,0.5714285714285714,0.9799625786698418,0.7410791451424886,0.5705988245058704,0.0363636363636363,0.5,0.9929295624332978,0.0677966101694915,0.7046025696920561,0.4719925644797823,0.0093896713615023,0.4,0.9859286428809604,0.018348623853211,0.627990013576955,0.3712641038843559,0.0,0.0,0.9821321421428096,0.0,0.0,0.0,0.9986731727298408,0.9606,0.5718189188856391,0.9790902213297916,0.7409725893153838,0.5704417496720156,,
2024-07-15 18:51:54,hf_copula_syn_150000,1000,0.01,10,3.0,4,0.9995837380324684,0.9614306686240492,0.5714285714285714,0.9801360544217688,0.7412077667560267,0.5708152379035383,0.0377358490566037,0.5,0.9931963713980788,0.0701754385964912,0.7046972298079789,0.4721061433760758,0.0094786729857819,0.4,0.986062020673558,0.0185185185185185,0.6280324898199321,0.3713090682556072,0.0,0.0,0.982065471031402,0.0,0.0,0.0,0.9986740785541304,0.9609333333333332,0.5718191011982768,0.979264860511066,0.7411011555262254,0.5706580366473808,,
2024-07-15 18:53:07,hf_copula_syn_150000,1000,0.01,10,5.0,4,0.9995837669094692,0.9614973975710664,0.5714285714285714,0.980170742491752,0.7412334884004659,0.5708585221097299,0.0388349514563106,0.5,0.9933964781216648,0.072072072072072,0.704768216551252,0.4721913228766476,0.0094339622641509,0.4,0.9859953317772592,0.0184331797235023,0.6280112520575596,0.3712865862478778,0.0,0.0,0.9819987999199946,0.0,0.0,0.0,0.998674678688552,0.961,0.57181918124749,0.979300499297106,0.7411268839441386,0.5707013183900442,,
2024-07-15 18:54:20,hf_copula_syn_150000,1000,0.01,10,7.0,4,0.9996531872095444,0.961697584412118,0.6428571428571429,0.9803081318232834,0.7862786792275307,0.6379459667085531,0.0388349514563106,0.5,0.9933964781216648,0.072072072072072,0.704768216551252,0.4721913228766476,0.0134529147982062,0.6,0.9853284428142716,0.0263157894736842,0.7688934033327135,0.5684165612167488,0.0,0.0,0.9828655243682912,0.0,0.0,0.0,0.9987453738471914,0.9612666666666668,0.6431809214947038,0.979440387935178,0.7861769933101899,0.6377918580322315,,
2024-07-15 18:55:28,hf_copula_syn_150000,1000,0.01,10,9.0,4,0.9996532834061438,0.9619645002001868,0.6428571428571429,0.9804468323868468,0.7863877861009106,0.6381395325976226,0.0384615384615384,0.5,0.9933297758804696,0.0714285714285714,0.7047445550979694,0.4721629301547093,0.013953488372093,0.6,0.9858619539846616,0.0272727272727272,0.7691015358135731,0.5686927751953773,0.0,0.0,0.982665511034069,0.0,0.0,0.0,0.9987454376582682,0.9615333333333334,0.6431810504230095,0.9795789348238052,0.78628605510854,0.6379853201883459,,
2024-07-15 18:55:34,hf_copula_syn_150000,100,0.001,2,1.0,4,0.9992638201044036,0.9963299079140532,0.2142857142857142,0.997794707297514,0.4620598077971972,0.2301958521120637,0.0172413793103448,0.125,0.9961979722518676,0.0303030303030303,0.3528806406300627,0.1136761758641428,0.0,0.0,1.0,0.0,0.0,0.0,0.0,0.0,1.0,0.0,0.0,0.0,0.9983403692746052,0.9954666666666668,0.2150170198709153,0.9968795938535312,0.4618167549849225,0.2300416299438867,,
2024-07-15 18:55:40,hf_copula_syn_150000,100,0.001,2,3.0,4,0.9992638201044036,0.9963299079140532,0.2142857142857142,0.997794707297514,0.4620598077971972,0.2301958521120637,0.0172413793103448,0.125,0.9961979722518676,0.0303030303030303,0.3528806406300627,0.1136761758641428,0.0,0.0,1.0,0.0,0.0,0.0,0.0,0.0,1.0,0.0,0.0,0.0,0.9983403692746052,0.9954666666666668,0.2150170198709153,0.9968795938535312,0.4618167549849225,0.2300416299438867,,
2024-07-15 18:55:46,hf_copula_syn_150000,100,0.001,2,5.0,4,0.9992638201044036,0.9963299079140532,0.2142857142857142,0.997794707297514,0.4620598077971972,0.2301958521120637,0.0172413793103448,0.125,0.9961979722518676,0.0303030303030303,0.3528806406300627,0.1136761758641428,0.0,0.0,1.0,0.0,0.0,0.0,0.0,0.0,1.0,0.0,0.0,0.0,0.9983403692746052,0.9954666666666668,0.2150170198709153,0.9968795938535312,0.4618167549849225,0.2300416299438867,,
2024-07-15 18:55:51,hf_copula_syn_150000,100,0.001,2,7.0,4,0.9992638201044036,0.9963299079140532,0.2142857142857142,0.997794707297514,0.4620598077971972,0.2301958521120637,0.0172413793103448,0.125,0.9961979722518676,0.0303030303030303,0.3528806406300627,0.1136761758641428,0.0,0.0,1.0,0.0,0.0,0.0,0.0,0.0,1.0,0.0,0.0,0.0,0.9983403692746052,0.9954666666666668,0.2150170198709153,0.9968795938535312,0.4618167549849225,0.2300416299438867,,
2024-07-15 18:55:57,hf_copula_syn_150000,100,0.001,2,9.0,4,0.9992638201044036,0.9963299079140532,0.2142857142857142,0.997794707297514,0.4620598077971972,0.2301958521120637,0.0172413793103448,0.125,0.9961979722518676,0.0303030303030303,0.3528806406300627,0.1136761758641428,0.0,0.0,1.0,0.0,0.0,0.0,0.0,0.0,1.0,0.0,0.0,0.0,0.9983403692746052,0.9954666666666668,0.2150170198709153,0.9968795938535312,0.4618167549849225,0.2300416299438867,,
2024-07-15 18:56:06,hf_copula_syn_150000,100,0.001,4,3.0,4,0.9992534781133356,0.9825170158814894,0.2142857142857142,0.9908145755526396,0.4588456827148245,0.2267136532449755,0.0172413793103448,0.125,0.9961979722518676,0.0303030303030303,0.3528806406300627,0.1136761758641428,0.0,0.0,1.0,0.0,0.0,0.0,0.0,0.0,0.9861990799386626,0.0,0.0,0.0,0.998330036936062,0.9816666666666668,0.2150160998095778,0.9899059768982854,0.4586056297526267,0.2265626811290745,,
2024-07-15 18:56:14,hf_copula_syn_150000,100,0.001,4,7.0,4,0.9992534781133356,0.9825170158814894,0.2142857142857142,0.9908145755526396,0.4588456827148245,0.2267136532449755,0.0172413793103448,0.125,0.9961979722518676,0.0303030303030303,0.3528806406300627,0.1136761758641428,0.0,0.0,1.0,0.0,0.0,0.0,0.0,0.0,0.9861990799386626,0.0,0.0,0.0,0.998330036936062,0.9816666666666668,0.2150160998095778,0.9899059768982854,0.4586056297526267,0.2265626811290745,,
2024-07-15 18:56:26,hf_copula_syn_150000,100,0.001,8,3.0,4,0.9995877138734282,0.970705992259442,0.5714285714285714,0.984935170452622,0.7447745554420927,0.576836623289648,0.036036036036036,0.5,0.9928628601921023,0.0672268907563025,0.7045789026759538,0.4719641686434116,0.0175438596491228,0.2,0.9962654218072692,0.032258064516129,0.4463777373049129,0.1833872502349066,0.0,0.0,0.9813987599173278,0.0,0.0,0.0,0.9986798325129153,0.9701333333333332,0.5718222800119375,0.9840625046567748,0.7446040005175423,0.5766110857479324,,
2024-07-15 18:56:35,hf_copula_syn_150000,100,0.001,8,7.0,4,0.999587912087912,0.9711730948885626,0.5714285714285714,0.9851756582955392,0.7449537262287073,0.5771401185656582,0.0384615384615384,0.5,0.9933297758804696,0.0714285714285714,0.7047445550979694,0.4721629301547093,0.0175438596491228,0.2,0.9962654218072692,0.032258064516129,0.4463777373049129,0.1833872502349066,0.0,0.0,0.9813987599173278,0.0,0.0,0.0,0.9986813241436926,0.9706,0.571822529033638,0.9843050089407308,0.7447830924260478,0.5769144037678244,,
2024-07-15 18:56:50,hf_copula_syn_150000,100,0.001,10,3.0,4,0.9995875438234688,0.9703056185773388,0.5714285714285714,0.9847289472793146,0.744620946168428,0.5765765043281927,0.0363636363636363,0.5,0.9929295624332978,0.0677966101694915,0.7046025696920561,0.4719925644797823,0.015625,0.2,0.9957985995331776,0.0289855072463768,0.4462731449534416,0.1833106172881235,0.0,0.0,0.9813987599173278,0.0,0.0,0.0,0.9986791977219608,0.9697333333333332,0.5718221599790413,0.9838556869563598,0.7444505123708243,0.576351199164305,,
2024-07-15 18:57:03,hf_copula_syn_150000,100,0.001,10,7.0,4,0.9995875438234688,0.9703056185773388,0.5714285714285714,0.9847289472793146,0.744620946168428,0.5765765043281927,0.0363636363636363,0.5,0.9929295624332978,0.0677966101694915,0.7046025696920561,0.4719925644797823,0.015625,0.2,0.9957985995331776,0.0289855072463768,0.4462731449534416,0.1833106172881235,0.0,0.0,0.9813987599173278,0.0,0.0,0.0,0.9986791977219608,0.9697333333333332,0.5718221599790413,0.9838556869563598,0.7444505123708243,0.576351199164305,,
2024-07-15 18:57:16,hf_copula_syn_150000,500,0.001,2,1.0,4,0.9993218040013564,0.9832510342986788,0.2857142857142857,0.991221284181494,0.5300272322649844,0.3005246877855352,0.0,0.0,1.0,0.0,0.0,0.0,0.0117647058823529,0.6,0.9831943981327108,0.023076923076923,0.7680603094026058,0.5673113637412316,0.0,0.0,1.0,0.0,0.0,0.0,0.9983930252195826,0.9825333333333334,0.2863753505136632,0.9903038366239504,0.5297885602846713,0.3004333018648492,,
2024-07-15 18:57:27,hf_copula_syn_150000,500,0.001,2,3.0,4,0.9993218040013564,0.9832510342986788,0.2857142857142857,0.991221284181494,0.5300272322649844,0.3005246877855352,0.0,0.0,1.0,0.0,0.0,0.0,0.0117647058823529,0.6,0.9831943981327108,0.023076923076923,0.7680603094026058,0.5673113637412316,0.0,0.0,1.0,0.0,0.0,0.0,0.9983930252195826,0.9825333333333334,0.2863753505136632,0.9903038366239504,0.5297885602846713,0.3004333018648492,,
2024-07-15 18:57:38,hf_copula_syn_150000,500,0.001,2,5.0,4,0.9993218040013564,0.9832510342986788,0.2857142857142857,0.991221284181494,0.5300272322649844,0.3005246877855352,0.0,0.0,1.0,0.0,0.0,0.0,0.0117647058823529,0.6,0.9831943981327108,0.023076923076923,0.7680603094026058,0.5673113637412316,0.0,0.0,1.0,0.0,0.0,0.0,0.9983930252195826,0.9825333333333334,0.2863753505136632,0.9903038366239504,0.5297885602846713,0.3004333018648492,,
2024-07-15 18:57:49,hf_copula_syn_150000,500,0.001,2,7.0,4,0.9993218040013564,0.9832510342986788,0.2857142857142857,0.991221284181494,0.5300272322649844,0.3005246877855352,0.0,0.0,1.0,0.0,0.0,0.0,0.0117647058823529,0.6,0.9831943981327108,0.023076923076923,0.7680603094026058,0.5673113637412316,0.0,0.0,1.0,0.0,0.0,0.0,0.9983930252195826,0.9825333333333334,0.2863753505136632,0.9903038366239504,0.5297885602846713,0.3004333018648492,,
2024-07-15 18:57:59,hf_copula_syn_150000,500,0.001,2,9.0,4,0.9993218040013564,0.9832510342986788,0.2857142857142857,0.991221284181494,0.5300272322649844,0.3005246877855352,0.0,0.0,1.0,0.0,0.0,0.0,0.0117647058823529,0.6,0.9831943981327108,0.023076923076923,0.7680603094026058,0.5673113637412316,0.0,0.0,1.0,0.0,0.0,0.0,0.9983930252195826,0.9825333333333334,0.2863753505136632,0.9903038366239504,0.5297885602846713,0.3004333018648492,,
2024-07-15 18:58:12,hf_copula_syn_150000,500,0.001,4,3.0,4,0.9992558013666192,0.9855865474442812,0.2142857142857142,0.9923741055531292,0.4595618753872963,0.2274867685636385,0.0172413793103448,0.125,0.9961979722518676,0.0303030303030303,0.3528806406300627,0.1136761758641428,0.0,0.0,1.0,0.0,0.0,0.0,0.0,0.0,0.9892659510634042,0.0,0.0,0.0,0.998332358020976,0.9847333333333332,0.2150163042676528,0.9914640513374412,0.4593211539786042,0.22733507487344,,
2024-07-15 18:58:26,hf_copula_syn_150000,500,0.001,4,7.0,4,0.9992558013666192,0.9855865474442812,0.2142857142857142,0.9923741055531292,0.4595618753872963,0.2274867685636385,0.0172413793103448,0.125,0.9961979722518676,0.0303030303030303,0.3528806406300627,0.1136761758641428,0.0,0.0,1.0,0.0,0.0,0.0,0.0,0.0,0.9892659510634042,0.0,0.0,0.0,0.998332358020976,0.9847333333333332,0.2150163042676528,0.9914640513374412,0.4593211539786042,0.22733507487344,,
2024-07-15 18:58:51,hf_copula_syn_150000,500,0.001,8,3.0,4,0.9995877422014566,0.9707727212064594,0.5714285714285714,0.9849695328368316,0.7448001539076331,0.5768799782309916,0.0363636363636363,0.5,0.9929295624332978,0.0677966101694915,0.7046025696920561,0.4719925644797823,0.0175438596491228,0.2,0.9962654218072692,0.032258064516129,0.4463777373049129,0.1833872502349066,0.0,0.0,0.9813987599173278,0.0,0.0,0.0,0.998680035534679,0.9702,0.5718223155864661,0.9840971388197798,0.7446295877135901,0.5766544153691101,,
2024-07-15 18:59:15,hf_copula_syn_150000,500,0.001,8,7.0,4,0.9995877422014566,0.9707727212064594,0.5714285714285714,0.9849695328368316,0.7448001539076331,0.5768799782309916,0.0363636363636363,0.5,0.9929295624332978,0.0677966101694915,0.7046025696920561,0.4719925644797823,0.0175438596491228,0.2,0.9962654218072692,0.032258064516129,0.4463777373049129,0.1833872502349066,0.0,0.0,0.9813987599173278,0.0,0.0,0.0,0.998680035534679,0.9702,0.5718223155864661,0.9840971388197798,0.7446295877135901,0.5766544153691101,,
2024-07-15 18:59:54,hf_copula_syn_150000,500,0.001,10,3.0,4,0.9995872884853488,0.969705058054184,0.5714285714285714,0.9844194553583524,0.7443904728238817,0.576186360235814,0.036697247706422,0.5,0.9929962646744932,0.0683760683760683,0.7046262359132298,0.4720209598712341,0.0151515151515151,0.2,0.99566522174058,0.028169014084507,0.4462432569217333,0.1832887205594039,0.0,0.0,0.9808653910260684,0.0,0.0,0.0,0.998678962719923,0.9691333333333332,0.5718221155363797,0.9835465207745134,0.7442202567940405,0.5759614270517117,,
2024-07-15 19:00:32,hf_copula_syn_150000,500,0.001,10,7.0,4,0.9995872600949302,0.9696383291071669,0.5714285714285714,0.9843850557192696,0.7443648602695423,0.5761430134366463,0.0341880341880341,0.5,0.9924626467449308,0.064,0.7044368838813491,0.4717937842818909,0.0169491525423728,0.2,0.9961320440146716,0.03125,0.4463478562768441,0.183365355996736,0.0,0.0,0.9808653910260684,0.0,0.0,0.0,0.998678195321256,0.9690666666666666,0.5718219865475753,0.9835108463339316,0.744194602023453,0.575918025094388,,
2024-07-15 19:00:54,hf_copula_syn_150000,1500,0.001,2,1.0,4,0.9993281827342962,0.992593086881089,0.2857142857142857,0.9959492484349368,0.5325392237414708,0.3036449680031957,0.0303030303030303,0.125,0.9978655282817502,0.048780487804878,0.3531758641742365,0.1138456607664963,0.024390243902439,0.4,0.9946648882960988,0.0459770114942528,0.6307661653247101,0.3742062639308134,0.0,0.0,1.0,0.0,0.0,0.0,0.9984197681278734,0.9918666666666668,0.286378035625468,0.995061037733725,0.5324408029819798,0.3035470191401118,,
2024-07-15 19:01:15,hf_copula_syn_150000,1500,0.001,2,3.0,4,0.9993281827342962,0.992593086881089,0.2857142857142857,0.9959492484349368,0.5325392237414708,0.3036449680031957,0.0303030303030303,0.125,0.9978655282817502,0.048780487804878,0.3531758641742365,0.1138456607664963,0.024390243902439,0.4,0.9946648882960988,0.0459770114942528,0.6307661653247101,0.3742062639308134,0.0,0.0,1.0,0.0,0.0,0.0,0.9984197681278734,0.9918666666666668,0.286378035625468,0.995061037733725,0.5324408029819798,0.3035470191401118,,
2024-07-15 19:01:37,hf_copula_syn_150000,1500,0.001,2,5.0,4,0.9993281827342962,0.992593086881089,0.2857142857142857,0.9959492484349368,0.5325392237414708,0.3036449680031957,0.0303030303030303,0.125,0.9978655282817502,0.048780487804878,0.3531758641742365,0.1138456607664963,0.024390243902439,0.4,0.9946648882960988,0.0459770114942528,0.6307661653247101,0.3742062639308134,0.0,0.0,1.0,0.0,0.0,0.0,0.9984197681278734,0.9918666666666668,0.286378035625468,0.995061037733725,0.5324408029819798,0.3035470191401118,,
2024-07-15 19:01:59,hf_copula_syn_150000,1500,0.001,2,7.0,4,0.9993281827342962,0.992593086881089,0.2857142857142857,0.9959492484349368,0.5325392237414708,0.3036449680031957,0.0303030303030303,0.125,0.9978655282817502,0.048780487804878,0.3531758641742365,0.1138456607664963,0.024390243902439,0.4,0.9946648882960988,0.0459770114942528,0.6307661653247101,0.3742062639308134,0.0,0.0,1.0,0.0,0.0,0.0,0.9984197681278734,0.9918666666666668,0.286378035625468,0.995061037733725,0.5324408029819798,0.3035470191401118,,
2024-07-15 19:02:19,hf_copula_syn_150000,1500,0.001,2,9.0,4,0.9993281827342962,0.992593086881089,0.2857142857142857,0.9959492484349368,0.5325392237414708,0.3036449680031957,0.0303030303030303,0.125,0.9978655282817502,0.048780487804878,0.3531758641742365,0.1138456607664963,0.024390243902439,0.4,0.9946648882960988,0.0459770114942528,0.6307661653247101,0.3742062639308134,0.0,0.0,1.0,0.0,0.0,0.0,0.9984197681278734,0.9918666666666668,0.286378035625468,0.995061037733725,0.5324408029819798,0.3035470191401118,,
2024-07-15 19:02:42,hf_copula_syn_150000,1500,0.001,4,1.0,4,0.9995231282784932,0.979047110636594,0.5,0.9891791673689532,0.6996595996041911,0.5129740397946754,0.0388349514563106,0.5,0.9933964781216648,0.072072072072072,0.704768216551252,0.4721913228766476,0.0175438596491228,0.2,0.9962654218072692,0.032258064516129,0.4463777373049129,0.1833872502349066,0.0,0.0,0.9892659510634042,0.0,0.0,0.0,0.9986167999527596,0.9784666666666668,0.5004611843256715,0.9883051246060196,0.6995312529391562,0.5128082284798129,,
2024-07-15 19:03:06,hf_copula_syn_150000,1500,0.001,4,3.0,4,0.9995231282784932,0.979047110636594,0.5,0.9891791673689532,0.6996595996041911,0.5129740397946754,0.0388349514563106,0.5,0.9933964781216648,0.072072072072072,0.704768216551252,0.4721913228766476,0.0175438596491228,0.2,0.9962654218072692,0.032258064516129,0.4463777373049129,0.1833872502349066,0.0,0.0,0.9892659510634042,0.0,0.0,0.0,0.9986167999527596,0.9784666666666668,0.5004611843256715,0.9883051246060196,0.6995312529391562,0.5128082284798129,,
2024-07-15 19:03:32,hf_copula_syn_150000,1500,0.001,4,5.0,4,0.9995231282784932,0.979047110636594,0.5,0.9891791673689532,0.6996595996041911,0.5129740397946754,0.0388349514563106,0.5,0.9933964781216648,0.072072072072072,0.704768216551252,0.4721913228766476,0.0175438596491228,0.2,0.9962654218072692,0.032258064516129,0.4463777373049129,0.1833872502349066,0.0,0.0,0.9892659510634042,0.0,0.0,0.0,0.9986167999527596,0.9784666666666668,0.5004611843256715,0.9883051246060196,0.6995312529391562,0.5128082284798129,,
2024-07-15 19:03:59,hf_copula_syn_150000,1500,0.001,4,7.0,4,0.9995231282784932,0.979047110636594,0.5,0.9891791673689532,0.6996595996041911,0.5129740397946754,0.0388349514563106,0.5,0.9933964781216648,0.072072072072072,0.704768216551252,0.4721913228766476,0.0175438596491228,0.2,0.9962654218072692,0.032258064516129,0.4463777373049129,0.1833872502349066,0.0,0.0,0.9892659510634042,0.0,0.0,0.0,0.9986167999527596,0.9784666666666668,0.5004611843256715,0.9883051246060196,0.6995312529391562,0.5128082284798129,,
2024-07-15 19:04:24,hf_copula_syn_150000,1500,0.001,4,9.0,4,0.9995231282784932,0.979047110636594,0.5,0.9891791673689532,0.6996595996041911,0.5129740397946754,0.0388349514563106,0.5,0.9933964781216648,0.072072072072072,0.704768216551252,0.4721913228766476,0.0175438596491228,0.2,0.9962654218072692,0.032258064516129,0.4463777373049129,0.1833872502349066,0.0,0.0,0.9892659510634042,0.0,0.0,0.0,0.9986167999527596,0.9784666666666668,0.5004611843256715,0.9883051246060196,0.6995312529391562,0.5128082284798129,,
2024-07-15 19:05:15,hf_copula_syn_150000,1500,0.001,8,1.0,4,0.9995874587458746,0.9701054317362872,0.5714285714285714,0.9846258042668472,0.7445441296472386,0.576446451717426,0.036036036036036,0.5,0.9928628601921023,0.0672268907563025,0.7045789026759538,0.4719641686434116,0.0161290322580645,0.2,0.9959319773257752,0.0298507462686567,0.4463030309836076,0.1833325133052575,0.0,0.0,0.981132075471698,0.0,0.0,0.0,0.9986791060143504,0.9695333333333334,0.5718221510848139,0.9837526247733578,0.7443737648846561,0.5762212600902012,,
2024-07-15 19:06:08,hf_copula_syn_150000,1500,0.001,8,3.0,4,0.9995875438234688,0.9703056185773388,0.5714285714285714,0.9847289472793146,0.744620946168428,0.5765765043281927,0.036036036036036,0.5,0.9928628601921023,0.0672268907563025,0.7045789026759538,0.4719641686434116,0.0166666666666666,0.2,0.9960653551183728,0.0307692307692307,0.4463329150126333,0.1833544086108062,0.0,0.0,0.9811987465831056,0.0,0.0,0.0,0.9986793702240082,0.9697333333333332,0.571822199988819,0.9838559776805136,0.7444505196717688,0.5763511986169665,,
2024-07-15 19:07:03,hf_copula_syn_150000,1500,0.001,8,5.0,4,0.99958751546817,0.9702388896303216,0.5714285714285714,0.9846945686035488,0.7445953415418995,0.5765331529490513,0.036036036036036,0.5,0.9928628601921023,0.0672268907563025,0.7045789026759538,0.4719641686434116,0.0166666666666666,0.2,0.9960653551183728,0.0307692307692307,0.4463329150126333,0.1833544086108062,0.0,0.0,0.981132075471698,0.0,0.0,0.0,0.9986793418951744,0.9696666666666668,0.5718221955440782,0.983821631091512,0.7444249389428919,0.5763078876991122,,
2024-07-15 19:07:57,hf_copula_syn_150000,1500,0.001,8,7.0,4,0.9995877422014566,0.9707727212064594,0.5714285714285714,0.9849695328368316,0.7448001539076331,0.5768799782309916,0.036036036036036,0.5,0.9928628601921023,0.0672268907563025,0.7045789026759538,0.4719641686434116,0.0166666666666666,0.2,0.9960653551183728,0.0307692307692307,0.4463329150126333,0.1833544086108062,0.0,0.0,0.9816654443629576,0.0,0.0,0.0,0.9986795684168436,0.9702,0.5718222311020041,0.9840963386915104,0.7446295601504174,0.576654389277456,,
2024-07-15 19:08:51,hf_copula_syn_150000,1500,0.001,8,9.0,4,0.9995877138734282,0.970705992259442,0.5714285714285714,0.984935170452622,0.7447745554420927,0.576836623289648,0.036036036036036,0.5,0.9928628601921023,0.0672268907563025,0.7045789026759538,0.4719641686434116,0.0163934426229508,0.2,0.995998666222074,0.0303030303030303,0.4463179732482379,0.1833434610469801,0.0,0.0,0.9816654443629576,0.0,0.0,0.0,0.998679449040573,0.9701333333333332,0.571822208872372,0.984061852978704,0.74460398059619,0.5766110711515364,,
2024-07-15 19:10:37,hf_copula_syn_150000,1500,0.001,10,1.0,4,0.999587316871862,0.9697717870012011,0.5714285714285714,0.9844538526672312,0.7444160844969896,0.5762297075438676,0.0439560439560439,0.5,0.9941969050160084,0.0808080808080808,0.7050520920527817,0.4725320008362339,0.0229885057471264,0.4,0.9943314438146048,0.0434782608695652,0.630660429649619,0.3740940798205382,0.0,0.0,0.981132075471698,0.0,0.0,0.0,0.9986854747681404,0.9692666666666668,0.5718223290642164,0.9835926194681294,0.7443075440771038,0.5760686082438795,,
2024-07-15 19:12:19,hf_copula_syn_150000,1500,0.001,10,3.0,4,0.9995873736331752,0.9699052448952356,0.5714285714285714,0.984522640295323,0.7444673051998746,0.5763164036866331,0.0412371134020618,0.5,0.9937966915688368,0.0761904761904762,0.7049101685920117,0.472361669864981,0.025,0.4,0.9947982660886964,0.0470588235294117,0.6308084546322112,0.3742511350843746,0.0,0.0,0.9811987465831056,0.0,0.0,0.0,0.9986847518782652,0.9694,0.57182227566921,0.9836600736928588,0.7443586906231479,0.5761551849788149,,
2024-07-15 19:14:01,hf_copula_syn_150000,1500,0.001,10,5.0,4,0.9995874303788764,0.97003870278927,0.5714285714285714,0.9845914186054388,0.7445185223789245,0.5764031018649424,0.0404040404040404,0.5,0.993663287086446,0.0747663551401869,0.7048628544214989,0.4723048893152122,0.0263157894736842,0.4,0.9950650216738912,0.0493827160493827,0.6308930247431466,0.3743408731219843,0.0,0.0,0.9811987465831056,0.0,0.0,0.0,0.998684802861896,0.9695333333333334,0.5718222934386811,0.9837288029094984,0.74440986295531,0.5762418018685439,,
2024-07-15 19:15:39,hf_copula_syn_150000,1500,0.001,10,7.0,4,0.9995874303788764,0.97003870278927,0.5714285714285714,0.9845914186054388,0.7445185223789245,0.5764031018649424,0.0380952380952381,0.5,0.9932630736392742,0.0707964601769911,0.7047208928502383,0.472134536987852,0.0285714285714285,0.4,0.995465155051684,0.0533333333333333,0.6310198586579298,0.3744754695046176,0.0,0.0,0.9811987465831056,0.0,0.0,0.0,0.998684323380364,0.9695333333333334,0.5718222133693018,0.9837280025046125,0.7444098295204435,0.5762417558794302,,
2024-07-15 19:17:21,hf_copula_syn_150000,1500,0.001,10,9.0,4,0.9995874020079768,0.9699719738422528,0.5714285714285714,0.9845570306150094,0.7444929142298334,0.5763597525213447,0.036697247706422,0.5,0.9929962646744932,0.0683760683760683,0.7046262359132298,0.4720209598712341,0.0298507462686567,0.4,0.99566522174058,0.0555555555555555,0.6310832660562568,0.3745427628927327,0.0,0.0,0.9811987465831056,0.0,0.0,0.0,0.9986839758803024,0.9694666666666668,0.5718221377600836,0.9836930964747544,0.7443842159243914,0.5761984088518871,,
2024-07-15 19:17:36,hf_copula_syn_150000,1000,0.001,2,1.0,4,0.9992638201044036,0.9963299079140532,0.2142857142857142,0.997794707297514,0.4620598077971972,0.2301958521120637,0.0454545454545454,0.125,0.9985992529348986,0.0666666666666666,0.3533056843823239,0.1139202121000463,0.0277777777777777,0.2,0.9976658886295432,0.048780487804878,0.4466913674181634,0.1836170967737273,0.0,0.0,1.0,0.0,0.0,0.0,0.998364675555808,0.9955333333333334,0.2150175225168227,0.9969152479555268,0.4619658787973964,0.2301029657954704,,
2024-07-15 19:17:52,hf_copula_syn_150000,1000,0.001,2,3.0,4,0.9992638201044036,0.9963299079140532,0.2142857142857142,0.997794707297514,0.4620598077971972,0.2301958521120637,0.0454545454545454,0.125,0.9985992529348986,0.0666666666666666,0.3533056843823239,0.1139202121000463,0.0277777777777777,0.2,0.9976658886295432,0.048780487804878,0.4466913674181634,0.1836170967737273,0.0,0.0,1.0,0.0,0.0,0.0,0.998364675555808,0.9955333333333334,0.2150175225168227,0.9969152479555268,0.4619658787973964,0.2301029657954704,,
2024-07-15 19:18:08,hf_copula_syn_150000,1000,0.001,2,5.0,4,0.9992638201044036,0.9963299079140532,0.2142857142857142,0.997794707297514,0.4620598077971972,0.2301958521120637,0.0454545454545454,0.125,0.9985992529348986,0.0666666666666666,0.3533056843823239,0.1139202121000463,0.0277777777777777,0.2,0.9976658886295432,0.048780487804878,0.4466913674181634,0.1836170967737273,0.0,0.0,1.0,0.0,0.0,0.0,0.998364675555808,0.9955333333333334,0.2150175225168227,0.9969152479555268,0.4619658787973964,0.2301029657954704,,
2024-07-15 19:18:24,hf_copula_syn_150000,1000,0.001,2,7.0,4,0.9992638201044036,0.9963299079140532,0.2142857142857142,0.997794707297514,0.4620598077971972,0.2301958521120637,0.0454545454545454,0.125,0.9985992529348986,0.0666666666666666,0.3533056843823239,0.1139202121000463,0.0277777777777777,0.2,0.9976658886295432,0.048780487804878,0.4466913674181634,0.1836170967737273,0.0,0.0,1.0,0.0,0.0,0.0,0.998364675555808,0.9955333333333334,0.2150175225168227,0.9969152479555268,0.4619658787973964,0.2301029657954704,,
2024-07-15 19:18:41,hf_copula_syn_150000,1000,0.001,2,9.0,4,0.9992638201044036,0.9963299079140532,0.2142857142857142,0.997794707297514,0.4620598077971972,0.2301958521120637,0.0454545454545454,0.125,0.9985992529348986,0.0666666666666666,0.3533056843823239,0.1139202121000463,0.0277777777777777,0.2,0.9976658886295432,0.048780487804878,0.4466913674181634,0.1836170967737273,0.0,0.0,1.0,0.0,0.0,0.0,0.998364675555808,0.9955333333333334,0.2150175225168227,0.9969152479555268,0.4619658787973964,0.2301029657954704,,
2024-07-15 19:19:02,hf_copula_syn_150000,1000,0.001,4,3.0,4,0.9992558013666192,0.9855865474442812,0.2142857142857142,0.9923741055531292,0.4595618753872963,0.2274867685636385,0.0172413793103448,0.125,0.9961979722518676,0.0303030303030303,0.3528806406300627,0.1136761758641428,0.0,0.0,1.0,0.0,0.0,0.0,0.0,0.0,0.9892659510634042,0.0,0.0,0.0,0.998332358020976,0.9847333333333332,0.2150163042676528,0.9914640513374412,0.4593211539786042,0.22733507487344,,
2024-07-15 19:19:21,hf_copula_syn_150000,1000,0.001,4,7.0,4,0.9992558013666192,0.9855865474442812,0.2142857142857142,0.9923741055531292,0.4595618753872963,0.2274867685636385,0.0172413793103448,0.125,0.9961979722518676,0.0303030303030303,0.3528806406300627,0.1136761758641428,0.0,0.0,1.0,0.0,0.0,0.0,0.0,0.0,0.9892659510634042,0.0,0.0,0.0,0.998332358020976,0.9847333333333332,0.2150163042676528,0.9914640513374412,0.4593211539786042,0.22733507487344,,
2024-07-15 19:20:03,hf_copula_syn_150000,1000,0.001,8,3.0,4,0.99958782716219,0.970972908047511,0.5714285714285714,0.9850726060318856,0.7448769440259477,0.5770100461083381,0.0363636363636363,0.5,0.9929295624332978,0.0677966101694915,0.7046025696920561,0.4719925644797823,0.0175438596491228,0.2,0.9962654218072692,0.032258064516129,0.4463777373049129,0.1833872502349066,0.0,0.0,0.98159877325155,0.0,0.0,0.0,0.9986801204161156,0.9704,0.5718223289206884,0.984200115813185,0.7447063061611275,0.5767843618497711,,
2024-07-15 19:20:43,hf_copula_syn_150000,1000,0.001,8,7.0,4,0.9995877705255926,0.9708394501534766,0.5714285714285714,0.9850038928946212,0.7448257514933952,0.5769233336812212,0.0363636363636363,0.5,0.9929295624332978,0.0677966101694915,0.7046025696920561,0.4719925644797823,0.0169491525423728,0.2,0.9961320440146716,0.03125,0.4463478562768441,0.183365355996736,0.0,0.0,0.98159877325155,0.0,0.0,0.0,0.9986798655966768,0.9702666666666668,0.5718222844614241,0.9841311307866766,0.7446551514479294,0.5766977230561735,,
2024-07-15 19:21:54,hf_copula_syn_150000,1000,0.001,10,3.0,4,0.9995875438234688,0.9703056185773388,0.5714285714285714,0.9847289472793146,0.744620946168428,0.5765765043281927,0.0363636363636363,0.5,0.9929295624332978,0.0677966101694915,0.7046025696920561,0.4719925644797823,0.0163934426229508,0.2,0.995998666222074,0.0303030303030303,0.4463179732482379,0.1833434610469801,0.0,0.0,0.9811987465831056,0.0,0.0,0.0,0.9986794538695016,0.9697333333333332,0.5718222133337154,0.983856126130712,0.7444505273135893,0.5763512101122246,,
2024-07-15 19:23:09,hf_copula_syn_150000,1000,0.001,10,7.0,4,0.9995875721748694,0.970372347524356,0.5714285714285714,0.984763323627006,0.744646549914543,0.5766198562162204,0.0363636363636363,0.5,0.9929295624332978,0.0677966101694915,0.7046025696920561,0.4719925644797823,0.0166666666666666,0.2,0.9960653551183728,0.0307692307692307,0.4463329150126333,0.1833544086108062,0.0,0.0,0.9811987465831056,0.0,0.0,0.0,0.9986795732691224,0.9698,0.5718222355633475,0.9838906257939678,0.7444761121434628,0.5763945251876781,,
2024-07-15 19:23:16,hf_copula_syn_150000,100,0.0001,2,1.0,4,0.9990666666666668,1.0,0.0,0.9995331154538784,0.0,0.0,0.0,0.0,1.0,0.0,0.0,0.0,0.0,0.0,1.0,0.0,0.0,0.0,0.0,0.0,1.0,0.0,0.0,0.0,0.9981342044444445,0.9990666666666668,0.0009333333333333,0.9986002178794549,0.0,0.0,,
2024-07-15 19:23:22,hf_copula_syn_150000,100,0.0001,2,3.0,4,0.9990666666666668,1.0,0.0,0.9995331154538784,0.0,0.0,0.0,0.0,1.0,0.0,0.0,0.0,0.0,0.0,1.0,0.0,0.0,0.0,0.0,0.0,1.0,0.0,0.0,0.0,0.9981342044444445,0.9990666666666668,0.0009333333333333,0.9986002178794549,0.0,0.0,,
2024-07-15 19:23:28,hf_copula_syn_150000,100,0.0001,2,5.0,4,0.9990666666666668,1.0,0.0,0.9995331154538784,0.0,0.0,0.0,0.0,1.0,0.0,0.0,0.0,0.0,0.0,1.0,0.0,0.0,0.0,0.0,0.0,1.0,0.0,0.0,0.0,0.9981342044444445,0.9990666666666668,0.0009333333333333,0.9986002178794549,0.0,0.0,,
2024-07-15 19:23:34,hf_copula_syn_150000,100,0.0001,2,7.0,4,0.9990666666666668,1.0,0.0,0.9995331154538784,0.0,0.0,0.0,0.0,1.0,0.0,0.0,0.0,0.0,0.0,1.0,0.0,0.0,0.0,0.0,0.0,1.0,0.0,0.0,0.0,0.9981342044444445,0.9990666666666668,0.0009333333333333,0.9986002178794549,0.0,0.0,,
2024-07-15 19:23:40,hf_copula_syn_150000,100,0.0001,2,9.0,4,0.9990666666666668,1.0,0.0,0.9995331154538784,0.0,0.0,0.0,0.0,1.0,0.0,0.0,0.0,0.0,0.0,1.0,0.0,0.0,0.0,0.0,0.0,1.0,0.0,0.0,0.0,0.9981342044444445,0.9990666666666668,0.0009333333333333,0.9986002178794549,0.0,0.0,,
2024-07-15 19:23:48,hf_copula_syn_150000,100,0.0001,4,3.0,4,0.999318011321012,0.977779260643267,0.2857142857142857,0.9884313130291073,0.5285503789052974,0.2986994110267381,0.0172413793103448,0.125,0.9961979722518676,0.0303030303030303,0.3528806406300627,0.1136761758641428,0.0,0.0,1.0,0.0,0.0,0.0,0.0,0.0,0.9813987599173278,0.0,0.0,0.0,0.9983945099127446,0.9769333333333332,0.2863776845501478,0.9875249387531084,0.5282452682266552,0.298481252203574,,
2024-07-15 19:23:56,hf_copula_syn_150000,100,0.0001,4,7.0,4,0.999318011321012,0.977779260643267,0.2857142857142857,0.9884313130291073,0.5285503789052974,0.2986994110267381,0.0172413793103448,0.125,0.9961979722518676,0.0303030303030303,0.3528806406300627,0.1136761758641428,0.0,0.0,1.0,0.0,0.0,0.0,0.0,0.0,0.9813987599173278,0.0,0.0,0.0,0.9983945099127446,0.9769333333333332,0.2863776845501478,0.9875249387531084,0.5282452682266552,0.298481252203574,,
2024-07-15 19:24:08,hf_copula_syn_150000,100,0.0001,8,3.0,4,0.9995879403887096,0.9712398238355798,0.5714285714285714,0.9852100043997698,0.7449793185377046,0.5771834770692036,0.0388349514563106,0.5,0.9933964781216648,0.072072072072072,0.704768216551252,0.4721913228766476,0.0175438596491228,0.2,0.9962654218072692,0.032258064516129,0.4463777373049129,0.1833872502349066,0.0,0.0,0.9813987599173278,0.0,0.0,0.0,0.9986815515716732,0.9706666666666668,0.5718225646081666,0.9843396661889404,0.7448086734683317,0.5769577369462182,,
2024-07-15 19:24:18,hf_copula_syn_150000,100,0.0001,8,7.0,4,0.9995879403887096,0.9712398238355798,0.5714285714285714,0.9852100043997698,0.7449793185377046,0.5771834770692036,0.0388349514563106,0.5,0.9933964781216648,0.072072072072072,0.704768216551252,0.4721913228766476,0.0175438596491228,0.2,0.9962654218072692,0.032258064516129,0.4463777373049129,0.1833872502349066,0.0,0.0,0.9813987599173278,0.0,0.0,0.0,0.9986815515716732,0.9706666666666668,0.5718225646081666,0.9843396661889404,0.7448086734683317,0.5769577369462182,,
2024-07-15 19:24:33,hf_copula_syn_150000,100,0.0001,10,3.0,4,0.9995875438234688,0.9703056185773388,0.5714285714285714,0.9847289472793146,0.744620946168428,0.5765765043281927,0.0363636363636363,0.5,0.9929295624332978,0.0677966101694915,0.7046025696920561,0.4719925644797823,0.015625,0.2,0.9957985995331776,0.0289855072463768,0.4462731449534416,0.1833106172881235,0.0,0.0,0.9813987599173278,0.0,0.0,0.0,0.9986791977219608,0.9697333333333332,0.5718221599790413,0.9838556869563598,0.7444505123708243,0.576351199164305,,
2024-07-15 19:24:46,hf_copula_syn_150000,100,0.0001,10,7.0,4,0.9995875438234688,0.9703056185773388,0.5714285714285714,0.9847289472793146,0.744620946168428,0.5765765043281927,0.0363636363636363,0.5,0.9929295624332978,0.0677966101694915,0.7046025696920561,0.4719925644797823,0.015625,0.2,0.9957985995331776,0.0289855072463768,0.4462731449534416,0.1833106172881235,0.0,0.0,0.9813987599173278,0.0,0.0,0.0,0.9986791977219608,0.9697333333333332,0.5718221599790413,0.9838556869563598,0.7444505123708243,0.576351199164305,,
2024-07-15 19:24:59,hf_copula_syn_150000,500,0.0001,2,1.0,4,0.9990666666666668,1.0,0.0,0.9995331154538784,0.0,0.0,0.0,0.0,1.0,0.0,0.0,0.0,0.0,0.0,1.0,0.0,0.0,0.0,0.0,0.0,1.0,0.0,0.0,0.0,0.9981342044444445,0.9990666666666668,0.0009333333333333,0.9986002178794549,0.0,0.0,,
2024-07-15 19:25:10,hf_copula_syn_150000,500,0.0001,2,3.0,4,0.9990666666666668,1.0,0.0,0.9995331154538784,0.0,0.0,0.0,0.0,1.0,0.0,0.0,0.0,0.0,0.0,1.0,0.0,0.0,0.0,0.0,0.0,1.0,0.0,0.0,0.0,0.9981342044444445,0.9990666666666668,0.0009333333333333,0.9986002178794549,0.0,0.0,,
2024-07-15 19:25:21,hf_copula_syn_150000,500,0.0001,2,5.0,4,0.9990666666666668,1.0,0.0,0.9995331154538784,0.0,0.0,0.0,0.0,1.0,0.0,0.0,0.0,0.0,0.0,1.0,0.0,0.0,0.0,0.0,0.0,1.0,0.0,0.0,0.0,0.9981342044444445,0.9990666666666668,0.0009333333333333,0.9986002178794549,0.0,0.0,,
2024-07-15 19:25:31,hf_copula_syn_150000,500,0.0001,2,7.0,4,0.9990666666666668,1.0,0.0,0.9995331154538784,0.0,0.0,0.0,0.0,1.0,0.0,0.0,0.0,0.0,0.0,1.0,0.0,0.0,0.0,0.0,0.0,1.0,0.0,0.0,0.0,0.9981342044444445,0.9990666666666668,0.0009333333333333,0.9986002178794549,0.0,0.0,,
2024-07-15 19:25:41,hf_copula_syn_150000,500,0.0001,2,9.0,4,0.9990666666666668,1.0,0.0,0.9995331154538784,0.0,0.0,0.0,0.0,1.0,0.0,0.0,0.0,0.0,0.0,1.0,0.0,0.0,0.0,0.0,0.0,1.0,0.0,0.0,0.0,0.9981342044444445,0.9990666666666668,0.0009333333333333,0.9986002178794549,0.0,0.0,,
2024-07-15 19:25:56,hf_copula_syn_150000,500,0.0001,4,3.0,4,0.999318011321012,0.977779260643267,0.2857142857142857,0.9884313130291073,0.5285503789052974,0.2986994110267381,0.0172413793103448,0.125,0.9961979722518676,0.0303030303030303,0.3528806406300627,0.1136761758641428,0.0,0.0,1.0,0.0,0.0,0.0,0.0,0.0,0.9813987599173278,0.0,0.0,0.0,0.9983945099127446,0.9769333333333332,0.2863776845501478,0.9875249387531084,0.5282452682266552,0.298481252203574,,
2024-07-15 19:26:09,hf_copula_syn_150000,500,0.0001,4,7.0,4,0.999318011321012,0.977779260643267,0.2857142857142857,0.9884313130291073,0.5285503789052974,0.2986994110267381,0.0172413793103448,0.125,0.9961979722518676,0.0303030303030303,0.3528806406300627,0.1136761758641428,0.0,0.0,1.0,0.0,0.0,0.0,0.0,0.0,0.9813987599173278,0.0,0.0,0.0,0.9983945099127446,0.9769333333333332,0.2863776845501478,0.9875249387531084,0.5282452682266552,0.298481252203574,,
2024-07-15 19:26:35,hf_copula_syn_150000,500,0.0001,8,3.0,4,0.999587912087912,0.9711730948885626,0.5714285714285714,0.9851756582955392,0.7449537262287073,0.5771401185656582,0.0384615384615384,0.5,0.9933297758804696,0.0714285714285714,0.7047445550979694,0.4721629301547093,0.0175438596491228,0.2,0.9962654218072692,0.032258064516129,0.4463777373049129,0.1833872502349066,0.0,0.0,0.9813987599173278,0.0,0.0,0.0,0.9986813241436926,0.9706,0.571822529033638,0.9843050089407308,0.7447830924260478,0.5769144037678244,,
2024-07-15 19:26:58,hf_copula_syn_150000,500,0.0001,8,7.0,4,0.9995879403887096,0.9712398238355798,0.5714285714285714,0.9852100043997698,0.7449793185377046,0.5771834770692036,0.0388349514563106,0.5,0.9933964781216648,0.072072072072072,0.704768216551252,0.4721913228766476,0.0175438596491228,0.2,0.9962654218072692,0.032258064516129,0.4463777373049129,0.1833872502349066,0.0,0.0,0.9813987599173278,0.0,0.0,0.0,0.9986815515716732,0.9706666666666668,0.5718225646081666,0.9843396661889404,0.7448086734683317,0.5769577369462182,,
2024-07-15 19:27:41,hf_copula_syn_150000,500,0.0001,10,3.0,4,0.9995875438234688,0.9703056185773388,0.5714285714285714,0.9847289472793146,0.744620946168428,0.5765765043281927,0.0363636363636363,0.5,0.9929295624332978,0.0677966101694915,0.7046025696920561,0.4719925644797823,0.015625,0.2,0.9957985995331776,0.0289855072463768,0.4462731449534416,0.1833106172881235,0.0,0.0,0.9813987599173278,0.0,0.0,0.0,0.9986791977219608,0.9697333333333332,0.5718221599790413,0.9838556869563598,0.7444505123708243,0.576351199164305,,
2024-07-15 19:28:19,hf_copula_syn_150000,500,0.0001,10,7.0,4,0.9995875438234688,0.9703056185773388,0.5714285714285714,0.9847289472793146,0.744620946168428,0.5765765043281927,0.0363636363636363,0.5,0.9929295624332978,0.0677966101694915,0.7046025696920561,0.4719925644797823,0.015625,0.2,0.9957985995331776,0.0289855072463768,0.4462731449534416,0.1833106172881235,0.0,0.0,0.9813987599173278,0.0,0.0,0.0,0.9986791977219608,0.9697333333333332,0.5718221599790413,0.9838556869563598,0.7444505123708243,0.576351199164305,,
2024-07-15 19:28:41,hf_copula_syn_150000,1500,0.0001,2,1.0,4,0.9992638201044036,0.9963299079140532,0.2142857142857142,0.997794707297514,0.4620598077971972,0.2301958521120637,0.0,0.0,1.0,0.0,0.0,0.0,0.0344827586206896,0.4,0.9962654218072692,0.0634920634920634,0.6312734500380225,0.3747446238442713,0.0,0.0,1.0,0.0,0.0,0.0,0.99834266812518,0.9955333333333334,0.21501780275965,0.9968845962585338,0.4618389764599324,0.2301059175247072,,
2024-07-15 19:29:05,hf_copula_syn_150000,1500,0.0001,2,3.0,4,0.9992638201044036,0.9963299079140532,0.2142857142857142,0.997794707297514,0.4620598077971972,0.2301958521120637,0.0,0.0,1.0,0.0,0.0,0.0,0.0344827586206896,0.4,0.9962654218072692,0.0634920634920634,0.6312734500380225,0.3747446238442713,0.0,0.0,1.0,0.0,0.0,0.0,0.99834266812518,0.9955333333333334,0.21501780275965,0.9968845962585338,0.4618389764599324,0.2301059175247072,,
2024-07-15 19:29:23,hf_copula_syn_150000,1500,0.0001,2,5.0,4,0.9992638201044036,0.9963299079140532,0.2142857142857142,0.997794707297514,0.4620598077971972,0.2301958521120637,0.0,0.0,1.0,0.0,0.0,0.0,0.0344827586206896,0.4,0.9962654218072692,0.0634920634920634,0.6312734500380225,0.3747446238442713,0.0,0.0,1.0,0.0,0.0,0.0,0.99834266812518,0.9955333333333334,0.21501780275965,0.9968845962585338,0.4618389764599324,0.2301059175247072,,
2024-07-15 19:29:47,hf_copula_syn_150000,1500,0.0001,2,7.0,4,0.9992638201044036,0.9963299079140532,0.2142857142857142,0.997794707297514,0.4620598077971972,0.2301958521120637,0.0,0.0,1.0,0.0,0.0,0.0,0.0344827586206896,0.4,0.9962654218072692,0.0634920634920634,0.6312734500380225,0.3747446238442713,0.0,0.0,1.0,0.0,0.0,0.0,0.99834266812518,0.9955333333333334,0.21501780275965,0.9968845962585338,0.4618389764599324,0.2301059175247072,,
2024-07-15 19:30:07,hf_copula_syn_150000,1500,0.0001,2,9.0,4,0.9992638201044036,0.9963299079140532,0.2142857142857142,0.997794707297514,0.4620598077971972,0.2301958521120637,0.0,0.0,1.0,0.0,0.0,0.0,0.0344827586206896,0.4,0.9962654218072692,0.0634920634920634,0.6312734500380225,0.3747446238442713,0.0,0.0,1.0,0.0,0.0,0.0,0.99834266812518,0.9955333333333334,0.21501780275965,0.9968845962585338,0.4618389764599324,0.2301059175247072,,
2024-07-15 19:30:33,hf_copula_syn_150000,1500,0.0001,4,1.0,4,0.9992558013666192,0.9855865474442812,0.2142857142857142,0.9923741055531292,0.4595618753872963,0.2274867685636385,0.0172413793103448,0.125,0.9961979722518676,0.0303030303030303,0.3528806406300627,0.1136761758641428,0.0,0.0,1.0,0.0,0.0,0.0,0.0,0.0,0.9892659510634042,0.0,0.0,0.0,0.998332358020976,0.9847333333333332,0.2150163042676528,0.9914640513374412,0.4593211539786042,0.22733507487344,,
2024-07-15 19:30:57,hf_copula_syn_150000,1500,0.0001,4,3.0,4,0.9992558013666192,0.9855865474442812,0.2142857142857142,0.9923741055531292,0.4595618753872963,0.2274867685636385,0.0172413793103448,0.125,0.9961979722518676,0.0303030303030303,0.3528806406300627,0.1136761758641428,0.0,0.0,1.0,0.0,0.0,0.0,0.0,0.0,0.9892659510634042,0.0,0.0,0.0,0.998332358020976,0.9847333333333332,0.2150163042676528,0.9914640513374412,0.4593211539786042,0.22733507487344,,
2024-07-15 19:31:23,hf_copula_syn_150000,1500,0.0001,4,5.0,4,0.9992558013666192,0.9855865474442812,0.2142857142857142,0.9923741055531292,0.4595618753872963,0.2274867685636385,0.0172413793103448,0.125,0.9961979722518676,0.0303030303030303,0.3528806406300627,0.1136761758641428,0.0,0.0,1.0,0.0,0.0,0.0,0.0,0.0,0.9892659510634042,0.0,0.0,0.0,0.998332358020976,0.9847333333333332,0.2150163042676528,0.9914640513374412,0.4593211539786042,0.22733507487344,,
2024-07-15 19:31:45,hf_copula_syn_150000,1500,0.0001,4,7.0,4,0.9992558013666192,0.9855865474442812,0.2142857142857142,0.9923741055531292,0.4595618753872963,0.2274867685636385,0.0172413793103448,0.125,0.9961979722518676,0.0303030303030303,0.3528806406300627,0.1136761758641428,0.0,0.0,1.0,0.0,0.0,0.0,0.0,0.0,0.9892659510634042,0.0,0.0,0.0,0.998332358020976,0.9847333333333332,0.2150163042676528,0.9914640513374412,0.4593211539786042,0.22733507487344,,
2024-07-15 19:32:08,hf_copula_syn_150000,1500,0.0001,4,9.0,4,0.9992558013666192,0.9855865474442812,0.2142857142857142,0.9923741055531292,0.4595618753872963,0.2274867685636385,0.0172413793103448,0.125,0.9961979722518676,0.0303030303030303,0.3528806406300627,0.1136761758641428,0.0,0.0,1.0,0.0,0.0,0.0,0.0,0.0,0.9892659510634042,0.0,0.0,0.0,0.998332358020976,0.9847333333333332,0.2150163042676528,0.9914640513374412,0.4593211539786042,0.22733507487344,,
2024-07-15 19:33:03,hf_copula_syn_150000,1500,0.0001,8,1.0,4,0.999587912087912,0.9711730948885626,0.5714285714285714,0.9851756582955392,0.7449537262287073,0.5771401185656582,0.0384615384615384,0.5,0.9933297758804696,0.0714285714285714,0.7047445550979694,0.4721629301547093,0.0175438596491228,0.2,0.9962654218072692,0.032258064516129,0.4463777373049129,0.1833872502349066,0.0,0.0,0.9813987599173278,0.0,0.0,0.0,0.9986813241436926,0.9706,0.571822529033638,0.9843050089407308,0.7447830924260478,0.5769144037678244,,
2024-07-15 19:33:54,hf_copula_syn_150000,1500,0.0001,8,3.0,4,0.999587912087912,0.9711730948885626,0.5714285714285714,0.9851756582955392,0.7449537262287073,0.5771401185656582,0.0384615384615384,0.5,0.9933297758804696,0.0714285714285714,0.7047445550979694,0.4721629301547093,0.0175438596491228,0.2,0.9962654218072692,0.032258064516129,0.4463777373049129,0.1833872502349066,0.0,0.0,0.9813987599173278,0.0,0.0,0.0,0.9986813241436926,0.9706,0.571822529033638,0.9843050089407308,0.7447830924260478,0.5769144037678244,,
2024-07-15 19:34:43,hf_copula_syn_150000,1500,0.0001,8,5.0,4,0.999587912087912,0.9711730948885626,0.5714285714285714,0.9851756582955392,0.7449537262287073,0.5771401185656582,0.0384615384615384,0.5,0.9933297758804696,0.0714285714285714,0.7047445550979694,0.4721629301547093,0.0175438596491228,0.2,0.9962654218072692,0.032258064516129,0.4463777373049129,0.1833872502349066,0.0,0.0,0.9813987599173278,0.0,0.0,0.0,0.9986813241436926,0.9706,0.571822529033638,0.9843050089407308,0.7447830924260478,0.5769144037678244,,
2024-07-15 19:35:31,hf_copula_syn_150000,1500,0.0001,8,7.0,4,0.999587912087912,0.9711730948885626,0.5714285714285714,0.9851756582955392,0.7449537262287073,0.5771401185656582,0.0384615384615384,0.5,0.9933297758804696,0.0714285714285714,0.7047445550979694,0.4721629301547093,0.0175438596491228,0.2,0.9962654218072692,0.032258064516129,0.4463777373049129,0.1833872502349066,0.0,0.0,0.9813987599173278,0.0,0.0,0.0,0.9986813241436926,0.9706,0.571822529033638,0.9843050089407308,0.7447830924260478,0.5769144037678244,,
2024-07-15 19:36:22,hf_copula_syn_150000,1500,0.0001,8,9.0,4,0.999587912087912,0.9711730948885626,0.5714285714285714,0.9851756582955392,0.7449537262287073,0.5771401185656582,0.0384615384615384,0.5,0.9933297758804696,0.0714285714285714,0.7047445550979694,0.4721629301547093,0.0175438596491228,0.2,0.9962654218072692,0.032258064516129,0.4463777373049129,0.1833872502349066,0.0,0.0,0.9813987599173278,0.0,0.0,0.0,0.9986813241436926,0.9706,0.571822529033638,0.9843050089407308,0.7447830924260478,0.5769144037678244,,
2024-07-15 19:38:01,hf_copula_syn_150000,1500,0.0001,10,1.0,4,0.9995875438234688,0.9703056185773388,0.5714285714285714,0.9847289472793146,0.744620946168428,0.5765765043281927,0.0363636363636363,0.5,0.9929295624332978,0.0677966101694915,0.7046025696920561,0.4719925644797823,0.015625,0.2,0.9957985995331776,0.0289855072463768,0.4462731449534416,0.1833106172881235,0.0,0.0,0.9813987599173278,0.0,0.0,0.0,0.9986791977219608,0.9697333333333332,0.5718221599790413,0.9838556869563598,0.7444505123708243,0.576351199164305,,
2024-07-15 19:39:37,hf_copula_syn_150000,1500,0.0001,10,3.0,4,0.9995875438234688,0.9703056185773388,0.5714285714285714,0.9847289472793146,0.744620946168428,0.5765765043281927,0.0363636363636363,0.5,0.9929295624332978,0.0677966101694915,0.7046025696920561,0.4719925644797823,0.015625,0.2,0.9957985995331776,0.0289855072463768,0.4462731449534416,0.1833106172881235,0.0,0.0,0.9813987599173278,0.0,0.0,0.0,0.9986791977219608,0.9697333333333332,0.5718221599790413,0.9838556869563598,0.7444505123708243,0.576351199164305,,
2024-07-15 19:41:15,hf_copula_syn_150000,1500,0.0001,10,5.0,4,0.9995875438234688,0.9703056185773388,0.5714285714285714,0.9847289472793146,0.744620946168428,0.5765765043281927,0.0363636363636363,0.5,0.9929295624332978,0.0677966101694915,0.7046025696920561,0.4719925644797823,0.015625,0.2,0.9957985995331776,0.0289855072463768,0.4462731449534416,0.1833106172881235,0.0,0.0,0.9813987599173278,0.0,0.0,0.0,0.9986791977219608,0.9697333333333332,0.5718221599790413,0.9838556869563598,0.7444505123708243,0.576351199164305,,
2024-07-15 19:42:52,hf_copula_syn_150000,1500,0.0001,10,7.0,4,0.9995875438234688,0.9703056185773388,0.5714285714285714,0.9847289472793146,0.744620946168428,0.5765765043281927,0.0363636363636363,0.5,0.9929295624332978,0.0677966101694915,0.7046025696920561,0.4719925644797823,0.015625,0.2,0.9957985995331776,0.0289855072463768,0.4462731449534416,0.1833106172881235,0.0,0.0,0.9813987599173278,0.0,0.0,0.0,0.9986791977219608,0.9697333333333332,0.5718221599790413,0.9838556869563598,0.7444505123708243,0.576351199164305,,
2024-07-15 19:44:30,hf_copula_syn_150000,1500,0.0001,10,9.0,4,0.9995875438234688,0.9703056185773388,0.5714285714285714,0.9847289472793146,0.744620946168428,0.5765765043281927,0.0363636363636363,0.5,0.9929295624332978,0.0677966101694915,0.7046025696920561,0.4719925644797823,0.015625,0.2,0.9957985995331776,0.0289855072463768,0.4462731449534416,0.1833106172881235,0.0,0.0,0.9813987599173278,0.0,0.0,0.0,0.9986791977219608,0.9697333333333332,0.5718221599790413,0.9838556869563598,0.7444505123708243,0.576351199164305,,
2024-07-15 19:44:45,hf_copula_syn_150000,1000,0.0001,2,1.0,4,0.9992638201044036,0.9963299079140532,0.2142857142857142,0.997794707297514,0.4620598077971972,0.2301958521120637,0.0172413793103448,0.125,0.9961979722518676,0.0303030303030303,0.3528806406300627,0.1136761758641428,0.0,0.0,1.0,0.0,0.0,0.0,0.0,0.0,1.0,0.0,0.0,0.0,0.9983403692746052,0.9954666666666668,0.2150170198709153,0.9968795938535312,0.4618167549849225,0.2300416299438867,,
2024-07-15 19:44:59,hf_copula_syn_150000,1000,0.0001,2,3.0,4,0.9992638201044036,0.9963299079140532,0.2142857142857142,0.997794707297514,0.4620598077971972,0.2301958521120637,0.0172413793103448,0.125,0.9961979722518676,0.0303030303030303,0.3528806406300627,0.1136761758641428,0.0,0.0,1.0,0.0,0.0,0.0,0.0,0.0,1.0,0.0,0.0,0.0,0.9983403692746052,0.9954666666666668,0.2150170198709153,0.9968795938535312,0.4618167549849225,0.2300416299438867,,
2024-07-15 19:45:14,hf_copula_syn_150000,1000,0.0001,2,5.0,4,0.9992638201044036,0.9963299079140532,0.2142857142857142,0.997794707297514,0.4620598077971972,0.2301958521120637,0.0172413793103448,0.125,0.9961979722518676,0.0303030303030303,0.3528806406300627,0.1136761758641428,0.0,0.0,1.0,0.0,0.0,0.0,0.0,0.0,1.0,0.0,0.0,0.0,0.9983403692746052,0.9954666666666668,0.2150170198709153,0.9968795938535312,0.4618167549849225,0.2300416299438867,,
2024-07-15 19:45:32,hf_copula_syn_150000,1000,0.0001,2,7.0,4,0.9992638201044036,0.9963299079140532,0.2142857142857142,0.997794707297514,0.4620598077971972,0.2301958521120637,0.0172413793103448,0.125,0.9961979722518676,0.0303030303030303,0.3528806406300627,0.1136761758641428,0.0,0.0,1.0,0.0,0.0,0.0,0.0,0.0,1.0,0.0,0.0,0.0,0.9983403692746052,0.9954666666666668,0.2150170198709153,0.9968795938535312,0.4618167549849225,0.2300416299438867,,
2024-07-15 19:45:47,hf_copula_syn_150000,1000,0.0001,2,9.0,4,0.9992638201044036,0.9963299079140532,0.2142857142857142,0.997794707297514,0.4620598077971972,0.2301958521120637,0.0172413793103448,0.125,0.9961979722518676,0.0303030303030303,0.3528806406300627,0.1136761758641428,0.0,0.0,1.0,0.0,0.0,0.0,0.0,0.0,1.0,0.0,0.0,0.0,0.9983403692746052,0.9954666666666668,0.2150170198709153,0.9968795938535312,0.4618167549849225,0.2300416299438867,,
2024-07-15 19:46:07,hf_copula_syn_150000,1000,0.0001,4,3.0,4,0.9992534781133356,0.9825170158814894,0.2142857142857142,0.9908145755526396,0.4588456827148245,0.2267136532449755,0.0172413793103448,0.125,0.9961979722518676,0.0303030303030303,0.3528806406300627,0.1136761758641428,0.0,0.0,1.0,0.0,0.0,0.0,0.0,0.0,0.9861990799386626,0.0,0.0,0.0,0.998330036936062,0.9816666666666668,0.2150160998095778,0.9899059768982854,0.4586056297526267,0.2265626811290745,,
2024-07-15 19:46:27,hf_copula_syn_150000,1000,0.0001,4,7.0,4,0.9992534781133356,0.9825170158814894,0.2142857142857142,0.9908145755526396,0.4588456827148245,0.2267136532449755,0.0172413793103448,0.125,0.9961979722518676,0.0303030303030303,0.3528806406300627,0.1136761758641428,0.0,0.0,1.0,0.0,0.0,0.0,0.0,0.0,0.9861990799386626,0.0,0.0,0.0,0.998330036936062,0.9816666666666668,0.2150160998095778,0.9899059768982854,0.4586056297526267,0.2265626811290745,,
2024-07-15 19:47:04,hf_copula_syn_150000,1000,0.0001,8,3.0,4,0.999587912087912,0.9711730948885626,0.5714285714285714,0.9851756582955392,0.7449537262287073,0.5771401185656582,0.0384615384615384,0.5,0.9933297758804696,0.0714285714285714,0.7047445550979694,0.4721629301547093,0.0175438596491228,0.2,0.9962654218072692,0.032258064516129,0.4463777373049129,0.1833872502349066,0.0,0.0,0.9813987599173278,0.0,0.0,0.0,0.9986813241436926,0.9706,0.571822529033638,0.9843050089407308,0.7447830924260478,0.5769144037678244,,
2024-07-15 19:47:44,hf_copula_syn_150000,1000,0.0001,8,7.0,4,0.999587912087912,0.9711730948885626,0.5714285714285714,0.9851756582955392,0.7449537262287073,0.5771401185656582,0.0384615384615384,0.5,0.9933297758804696,0.0714285714285714,0.7047445550979694,0.4721629301547093,0.0175438596491228,0.2,0.9962654218072692,0.032258064516129,0.4463777373049129,0.1833872502349066,0.0,0.0,0.9813987599173278,0.0,0.0,0.0,0.9986813241436926,0.9706,0.571822529033638,0.9843050089407308,0.7447830924260478,0.5769144037678244,,
2024-07-15 19:48:53,hf_copula_syn_150000,1000,0.0001,10,3.0,4,0.9995875438234688,0.9703056185773388,0.5714285714285714,0.9847289472793146,0.744620946168428,0.5765765043281927,0.0363636363636363,0.5,0.9929295624332978,0.0677966101694915,0.7046025696920561,0.4719925644797823,0.015625,0.2,0.9957985995331776,0.0289855072463768,0.4462731449534416,0.1833106172881235,0.0,0.0,0.9813987599173278,0.0,0.0,0.0,0.9986791977219608,0.9697333333333332,0.5718221599790413,0.9838556869563598,0.7444505123708243,0.576351199164305,,
2024-07-15 19:49:59,hf_copula_syn_150000,1000,0.0001,10,7.0,4,0.9995875438234688,0.9703056185773388,0.5714285714285714,0.9847289472793146,0.744620946168428,0.5765765043281927,0.0363636363636363,0.5,0.9929295624332978,0.0677966101694915,0.7046025696920561,0.4719925644797823,0.015625,0.2,0.9957985995331776,0.0289855072463768,0.4462731449534416,0.1833106172881235,0.0,0.0,0.9813987599173278,0.0,0.0,0.0,0.9986791977219608,0.9697333333333332,0.5718221599790413,0.9838556869563598,0.7444505123708243,0.576351199164305,,
2024-07-15 19:50:08,hf_copula_syn_300000,100,0.1,2,1.0,4,0.9992591594827588,0.9900573868944348,0.2142857142857142,0.9946369913521488,0.4606030333535828,0.228613550227587,0.0,0.0,0.9948639274279616,0.0,0.0,0.0,0.037037037037037,0.4,0.996532177392464,0.0677966101694915,0.6313579578630379,0.3748343305721224,0.0,0.0,0.998599906660444,0.0,0.0,0.0,0.9983388632795872,0.9892666666666666,0.2150150590999173,0.99373126236361,0.4603835898417405,0.2285251223575653,,
2024-07-15 19:50:16,hf_copula_syn_300000,100,0.1,2,3.0,4,0.9992591594827588,0.9900573868944348,0.2142857142857142,0.9946369913521488,0.4606030333535828,0.228613550227587,0.0,0.0,0.9948639274279616,0.0,0.0,0.0,0.037037037037037,0.4,0.996532177392464,0.0677966101694915,0.6313579578630379,0.3748343305721224,0.0,0.0,0.998599906660444,0.0,0.0,0.0,0.9983388632795872,0.9892666666666666,0.2150150590999173,0.99373126236361,0.4603835898417405,0.2285251223575653,,
2024-07-15 19:50:24,hf_copula_syn_300000,100,0.1,2,5.0,4,0.9992591594827588,0.9900573868944348,0.2142857142857142,0.9946369913521488,0.4606030333535828,0.228613550227587,0.0,0.0,0.9948639274279616,0.0,0.0,0.0,0.037037037037037,0.4,0.996532177392464,0.0677966101694915,0.6313579578630379,0.3748343305721224,0.0,0.0,0.998599906660444,0.0,0.0,0.0,0.9983388632795872,0.9892666666666666,0.2150150590999173,0.99373126236361,0.4603835898417405,0.2285251223575653,,
2024-07-15 19:50:31,hf_copula_syn_300000,100,0.1,2,7.0,4,0.9992591594827588,0.9900573868944348,0.2142857142857142,0.9946369913521488,0.4606030333535828,0.228613550227587,0.0,0.0,0.9948639274279616,0.0,0.0,0.0,0.037037037037037,0.4,0.996532177392464,0.0677966101694915,0.6313579578630379,0.3748343305721224,0.0,0.0,0.998599906660444,0.0,0.0,0.0,0.9983388632795872,0.9892666666666666,0.2150150590999173,0.99373126236361,0.4603835898417405,0.2285251223575653,,
2024-07-15 19:50:39,hf_copula_syn_300000,100,0.1,2,9.0,4,0.9992591594827588,0.9900573868944348,0.2142857142857142,0.9946369913521488,0.4606030333535828,0.228613550227587,0.0,0.0,0.9948639274279616,0.0,0.0,0.0,0.037037037037037,0.4,0.996532177392464,0.0677966101694915,0.6313579578630379,0.3748343305721224,0.0,0.0,0.998599906660444,0.0,0.0,0.0,0.9983388632795872,0.9892666666666666,0.2150150590999173,0.99373126236361,0.4603835898417405,0.2285251223575653,,
2024-07-15 19:50:47,hf_copula_syn_300000,100,0.1,4,1.0,4,0.999256304509499,0.9862538369144536,0.2142857142857142,0.9927124962219162,0.4597174218041339,0.2276548905442023,0.0,0.0,0.9949306296691568,0.0,0.0,0.0,0.0224719101123595,0.4,0.9941980660220072,0.0425531914893617,0.6306181304155495,0.3740492036858791,0.0,0.0,0.9970664710980732,0.0,0.0,0.0,0.9983311559286608,0.9854666666666668,0.215014214408285,0.9918001489559388,0.4594985582539219,0.2275670957142563,,
2024-07-15 19:50:56,hf_copula_syn_300000,100,0.1,4,3.0,4,0.999256354786371,0.9863205658614708,0.2142857142857142,0.9927463227886358,0.4597329735512944,0.227671703791836,0.0,0.0,0.9949306296691568,0.0,0.0,0.0,0.0217391304347826,0.4,0.9939979993331112,0.0412371134020618,0.6305546762440545,0.373981886815445,0.0,0.0,0.9973331555437028,0.0,0.0,0.0,0.9983309618987152,0.9855333333333334,0.2150141654983517,0.9918335052585004,0.4595140743347278,0.2275838708305688,,
2024-07-15 19:51:03,hf_copula_syn_300000,100,0.1,4,5.0,4,0.999256354786371,0.9863205658614708,0.2142857142857142,0.9927463227886358,0.4597329735512944,0.227671703791836,0.0,0.0,0.9949973319103522,0.0,0.0,0.0,0.021505376344086,0.4,0.9939313104368124,0.0408163265306122,0.6305335234344999,0.3739594471470484,0.0,0.0,0.9973331555437028,0.0,0.0,0.0,0.998330883980685,0.9855333333333334,0.2150141788432483,0.99183336499621,0.4595140672837913,0.2275838633506793,,
2024-07-15 19:51:12,hf_copula_syn_300000,100,0.1,4,7.0,4,0.9992564050564456,0.986387294808488,0.2142857142857142,0.9927801470835153,0.4597485247723915,0.227688517230302,0.0,0.0,0.9949973319103522,0.0,0.0,0.0,0.0217391304347826,0.4,0.9939979993331112,0.0412371134020618,0.6305546762440545,0.373981886815445,0.0,0.0,0.9973331555437028,0.0,0.0,0.0,0.9983310121218713,0.9856,0.2150142010728804,0.991867297984038,0.4595296110413519,0.2276006685764922,,
2024-07-15 19:51:20,hf_copula_syn_300000,100,0.1,4,9.0,4,0.9992564050564456,0.986387294808488,0.2142857142857142,0.9927801470835153,0.4597485247723915,0.227688517230302,0.0,0.0,0.9949973319103522,0.0,0.0,0.0,0.0217391304347826,0.4,0.9939979993331112,0.0412371134020618,0.6305546762440545,0.373981886815445,0.0,0.0,0.9973331555437028,0.0,0.0,0.0,0.9983310121218713,0.9856,0.2150142010728804,0.991867297984038,0.4595296110413519,0.2276006685764922,,
2024-07-15 19:51:30,hf_copula_syn_300000,100,0.1,8,1.0,4,0.9992562039353574,0.986120379020419,0.2142857142857142,0.9926448362720404,0.4596863167314095,0.2276212646214316,0.0,0.0,0.996264674493063,0.0,0.0,0.0,0.0232558139534883,0.4,0.9943981327109036,0.0439560439560439,0.6306815782027896,0.3741165173541785,0.0,0.0,0.9953996933128876,0.0,0.0,0.0,0.9983313167496688,0.9853333333333332,0.2150148814692351,0.9917330197728385,0.4594675033618611,0.2275335236135696,,
2024-07-15 19:51:40,hf_copula_syn_300000,100,0.1,8,3.0,4,0.9992562542258284,0.9861871079674362,0.2142857142857142,0.9926786673831274,0.4597018695308568,0.2276380774874008,0.0,0.0,0.9964647812166488,0.0,0.0,0.0,0.0219780219780219,0.4,0.99406468822941,0.0416666666666666,0.6305758283440335,0.3740043261280492,0.0,0.0,0.9955997066471098,0.0,0.0,0.0,0.9983309410625436,0.9854,0.2150148903788828,0.9917660561824588,0.4594830063954093,0.2275502833904552,,
2024-07-15 19:51:51,hf_copula_syn_300000,100,0.1,8,5.0,4,0.9992565055762082,0.9865207527025224,0.2142857142857142,0.9928477888586684,0.4597796256366092,0.2277221446797307,0.0,0.0,0.9965981856990396,0.0,0.0,0.0,0.0224719101123595,0.4,0.9941980660220072,0.0425531914893617,0.6306181304155495,0.3740492036858791,0.0,0.0,0.9956663777585172,0.0,0.0,0.0,0.9983313568077078,0.9857333333333334,0.215015010431945,0.9919353153195634,0.4595607040294868,0.2276342870792582,,
2024-07-15 19:52:01,hf_copula_syn_300000,100,0.1,8,7.0,4,0.999256153638085,0.9860536500734018,0.2142857142857142,0.9926110028884264,0.4596707634057387,0.2276044519462946,0.0,0.0,0.9964647812166488,0.0,0.0,0.0,0.0219780219780219,0.4,0.99406468822941,0.0416666666666666,0.6305758283440335,0.3740043261280492,0.0,0.0,0.9954663644242948,0.0,0.0,0.0,0.9983308405686822,0.9852666666666666,0.2150148814894013,0.991698454841286,0.4594519293026747,0.2275166892331874,,
2024-07-15 19:52:11,hf_copula_syn_300000,100,0.1,8,9.0,4,0.9992561033340096,0.9859869211263846,0.2142857142857142,0.9925771672320558,0.4596552095537911,0.2275876394619898,0.0,0.0,0.996264674493063,0.0,0.0,0.0,0.0222222222222222,0.4,0.9941313771257084,0.0421052631578947,0.630596979734508,0.3740267650848605,0.0,0.0,0.9955330355357024,0.0,0.0,0.0,0.9983308717116386,0.9852,0.2150148014401882,0.991664796963692,0.459436397018119,0.2274998999201869,,
2024-07-15 19:52:24,hf_copula_syn_300000,100,0.1,10,1.0,4,0.9992562542258284,0.9861871079674362,0.2142857142857142,0.9926786673831274,0.4597018695308568,0.2276380774874008,0.0,0.0,0.9963980789754536,0.0,0.0,0.0,0.0240963855421686,0.4,0.9945981993998,0.0454545454545454,0.6307450196077017,0.3741838278203439,0.0,0.0,0.995133008867258,0.0,0.0,0.0,0.9983316471837316,0.9854,0.2150150015282256,0.9917673188087212,0.4594830627924972,0.2275503432243527,,
2024-07-15 19:52:39,hf_copula_syn_300000,100,0.1,10,3.0,4,0.9992561033340096,0.9859869211263846,0.2142857142857142,0.9925771672320558,0.4596552095537911,0.2275876394619898,0.0,0.0,0.996264674493063,0.0,0.0,0.0,0.0235294117647058,0.4,0.9944648216072024,0.0444444444444444,0.6307027260468128,0.3741389545320264,0.0,0.0,0.9951996799786652,0.0,0.0,0.0,0.998331307441486,0.9852,0.2150148903646449,0.9916655766907876,0.4594364322668897,0.2274999373166693,,
2024-07-15 19:52:52,hf_copula_syn_300000,100,0.1,10,5.0,4,0.999256153638085,0.9860536500734018,0.2142857142857142,0.9926110028884264,0.4596707634057387,0.2276044519462946,0.0,0.0,0.9964647812166488,0.0,0.0,0.0,0.0232558139534883,0.4,0.9943981327109036,0.0439560439560439,0.6306815782027896,0.3741165173541785,0.0,0.0,0.995133008867258,0.0,0.0,0.0,0.9983312664993406,0.9852666666666666,0.2150149704138579,0.9916992179670492,0.4594519645526276,0.2275167266302628,,
2024-07-15 19:53:06,hf_copula_syn_300000,100,0.1,10,7.0,4,0.9992565558258988,0.9865874816495396,0.2142857142857142,0.9928816063393996,0.4597951752798365,0.2277389586906934,0.0,0.0,0.9966648879402348,0.0,0.0,0.0,0.0235294117647058,0.4,0.9944648216072024,0.0444444444444444,0.6307027260468128,0.3741389545320264,0.0,0.0,0.9953996933128876,0.0,0.0,0.0,0.9983317595110496,0.9858,0.215015117146039,0.9919697316549644,0.4595762673582576,0.2276511153140927,,
2024-07-15 19:53:20,hf_copula_syn_300000,100,0.1,10,9.0,4,0.9992564553197242,0.9864540237555052,0.2142857142857142,0.9928139691067832,0.4597640754674786,0.2277053308596002,0.0,0.0,0.996531483457844,0.0,0.0,0.0,0.0229885057471264,0.4,0.9943314438146048,0.0434782608695652,0.630660429649619,0.3740940798205382,0.0,0.0,0.9955330355357024,0.0,0.0,0.0,0.9983314787966748,0.9856666666666668,0.215015010427199,0.99190183548924,0.4595451824735921,0.2276175039107381,,
2024-07-15 19:53:34,hf_copula_syn_300000,500,0.1,2,1.0,4,0.9992561033340096,0.9859869211263846,0.2142857142857142,0.9925771672320558,0.4596552095537911,0.2275876394619898,0.0,0.0,0.996064567769477,0.0,0.0,0.0,0.0217391304347826,0.4,0.9939979993331112,0.0412371134020618,0.6305546762440545,0.373981886815445,0.0,0.0,0.9958663910927396,0.0,0.0,0.0,0.9983307106810428,0.9852,0.2150146724810419,0.99166450758044,0.4594363829169555,0.2274998849607638,,
2024-07-15 19:53:47,hf_copula_syn_300000,500,0.1,2,3.0,4,0.999256153638085,0.9860536500734018,0.2142857142857142,0.9926110028884264,0.4596707634057387,0.2276044519462946,0.0,0.0,0.996064567769477,0.0,0.0,0.0,0.0217391304347826,0.4,0.9939979993331112,0.0412371134020618,0.6305546762440545,0.373981886815445,0.0,0.0,0.9959330622041468,0.0,0.0,0.0,0.9983307609381676,0.9852666666666666,0.2150146769257826,0.9916983116568644,0.4594519222519747,0.2275166817534165,,
2024-07-15 19:53:59,hf_copula_syn_300000,500,0.1,2,5.0,4,0.9992561033340096,0.9859869211263846,0.2142857142857142,0.9925771672320558,0.4596552095537911,0.2275876394619898,0.0,0.0,0.996064567769477,0.0,0.0,0.0,0.021505376344086,0.4,0.9939313104368124,0.0408163265306122,0.6305335234344999,0.3739594471470484,0.0,0.0,0.9959330622041468,0.0,0.0,0.0,0.9983306327630126,0.9852,0.2150146546961505,0.9916643673181496,0.459436375866019,0.2274998774808743,,
2024-07-15 19:54:12,hf_copula_syn_300000,500,0.1,2,7.0,4,0.9992562039353574,0.986120379020419,0.2142857142857142,0.9926448362720404,0.4596863167314095,0.2276212646214316,0.0,0.0,0.996064567769477,0.0,0.0,0.0,0.0219780219780219,0.4,0.99406468822941,0.0416666666666666,0.6305758283440335,0.3740043261280492,0.0,0.0,0.9959330622041468,0.0,0.0,0.0,0.9983308908190104,0.9853333333333332,0.2150146991554147,0.9917322566470752,0.4594674681119082,0.2275334862164942,,
2024-07-15 19:54:24,hf_copula_syn_300000,500,0.1,2,9.0,4,0.999256153638085,0.9860536500734018,0.2142857142857142,0.9926110028884264,0.4596707634057387,0.2276044519462946,0.0,0.0,0.996064567769477,0.0,0.0,0.0,0.0219780219780219,0.4,0.99406468822941,0.0416666666666666,0.6305758283440335,0.3740043261280492,0.0,0.0,0.9958663910927396,0.0,0.0,0.0,0.9983308405686822,0.9852666666666666,0.215014694710674,0.991698454841286,0.4594519293026747,0.2275166892331874,,
2024-07-15 19:54:39,hf_copula_syn_300000,500,0.1,4,1.0,4,0.9992562542258284,0.9861871079674362,0.2142857142857142,0.9926786673831274,0.4597018695308568,0.2276380774874008,0.0,0.0,0.9964647812166488,0.0,0.0,0.0,0.0222222222222222,0.4,0.9941313771257084,0.0421052631578947,0.630596979734508,0.3740267650848605,0.0,0.0,0.9955330355357024,0.0,0.0,0.0,0.998331022462625,0.9854,0.2150149081637741,0.9917662023812892,0.4594830134458728,0.2275502908701075,,
2024-07-15 19:54:53,hf_copula_syn_300000,500,0.1,4,3.0,4,0.999256354786371,0.9863205658614708,0.2142857142857142,0.9927463227886358,0.4597329735512944,0.227671703791836,0.0,0.0,0.9963980789754536,0.0,0.0,0.0,0.0219780219780219,0.4,0.99406468822941,0.0416666666666666,0.6305758283440335,0.3740043261280492,0.0,0.0,0.995799719981332,0.0,0.0,0.0,0.9983310415292296,0.9855333333333334,0.2150148681385764,0.991833648442922,0.4595140813854279,0.2275838783103397,,
2024-07-15 19:55:08,hf_copula_syn_300000,500,0.1,4,5.0,4,0.9992565055762082,0.9865207527025224,0.2142857142857142,0.9928477888586684,0.4597796256366092,0.2277221446797307,0.0,0.0,0.9965981856990396,0.0,0.0,0.0,0.0227272727272727,0.4,0.994264754918306,0.043010752688172,0.6306392803872294,0.3740716419311051,0.0,0.0,0.9955997066471098,0.0,0.0,0.0,0.9983314419285796,0.9857333333333334,0.2150150282168363,0.9919354678399628,0.4595607110794774,0.2276342945586733,,
2024-07-15 19:55:22,hf_copula_syn_300000,500,0.1,4,7.0,4,0.9992566060687976,0.9866542105965568,0.2142857142857142,0.992915421549206,0.459810724397214,0.2277557728924883,0.0,0.0,0.9967982924226254,0.0,0.0,0.0,0.0222222222222222,0.4,0.9941313771257084,0.0421052631578947,0.630596979734508,0.3740267650848605,0.0,0.0,0.9956663777585172,0.0,0.0,0.0,0.9983313739772076,0.9858666666666668,0.2150150949258988,0.9920027355768126,0.4595917667143548,0.2276678764261503,,
2024-07-15 19:55:37,hf_copula_syn_300000,500,0.1,4,9.0,4,0.9992564553197242,0.9864540237555052,0.2142857142857142,0.9928139691067832,0.4597640754674786,0.2277053308596002,0.0,0.0,0.9964647812166488,0.0,0.0,0.0,0.0219780219780219,0.4,0.99406468822941,0.0416666666666666,0.6305758283440335,0.3740043261280492,0.0,0.0,0.9958663910927396,0.0,0.0,0.0,0.9983311419687516,0.9856666666666668,0.2150149081578458,0.9919012316245056,0.4595451542731569,0.2276174739928406,,
2024-07-15 19:55:50,hf_copula_syn_300000,500,0.1,8,1.0,4,0.99925605302313,0.9859201921793674,0.2142857142857142,0.9925433293027006,0.4596396551755129,0.2275708271685173,0.0,0.0,0.9963313767342584,0.0,0.0,0.0,0.0222222222222222,0.4,0.9941313771257084,0.0421052631578947,0.630596979734508,0.3740267650848605,0.0,0.0,0.9953996933128876,0.0,0.0,0.0,0.998330821447716,0.9851333333333332,0.2150148281252353,0.991630990616404,0.4594208571572606,0.2274831033181883,,
2024-07-15 19:56:04,hf_copula_syn_300000,500,0.1,8,3.0,4,0.999256153638085,0.9860536500734018,0.2142857142857142,0.9926110028884264,0.4596707634057387,0.2276044519462946,0.0,0.0,0.9964647812166488,0.0,0.0,0.0,0.0224719101123595,0.4,0.9941980660220072,0.0425531914893617,0.6306181304155495,0.3740492036858791,0.0,0.0,0.99533302220148,0.0,0.0,0.0,0.9983310051980602,0.9852666666666666,0.2150149170591839,0.9916987503495602,0.4594519434033652,0.2275167041923733,,
2024-07-15 19:56:19,hf_copula_syn_300000,500,0.1,8,5.0,4,0.9992562039353574,0.986120379020419,0.2142857142857142,0.9926448362720404,0.4596863167314095,0.2276212646214316,0.0,0.0,0.9965981856990396,0.0,0.0,0.0,0.0232558139534883,0.4,0.9943981327109036,0.0439560439560439,0.6306815782027896,0.3741165173541785,0.0,0.0,0.9950663377558504,0.0,0.0,0.0,0.9983313167496688,0.9853333333333332,0.2150150371181744,0.9917330197728385,0.4594675033618611,0.2275335236135696,,
2024-07-15 19:56:34,hf_copula_syn_300000,500,0.1,8,7.0,4,0.9992558517115412,0.9856532763912984,0.2142857142857142,0.9924079548508468,0.4595774323980279,0.2275035799029497,0.0,0.0,0.9963980789754536,0.0,0.0,0.0,0.0217391304347826,0.4,0.9939979993331112,0.0412371134020618,0.6305546762440545,0.373981886815445,0.0,0.0,0.9951996799786652,0.0,0.0,0.0,0.998330459293422,0.9848666666666668,0.2150148059062774,0.9914954531307866,0.4593586783532045,0.2274159038573121,,
2024-07-15 19:56:49,hf_copula_syn_300000,500,0.1,8,9.0,4,0.9992556502909732,0.9853863606032296,0.2142857142857142,0.9922725440129014,0.4595152011949805,0.227436335690698,0.0,0.0,0.9961312700106724,0.0,0.0,0.0,0.0217391304347826,0.4,0.9939979993331112,0.0412371134020618,0.6305546762440545,0.373981886815445,0.0,0.0,0.9951996799786652,0.0,0.0,0.0,0.9983302580608464,0.9846,0.2150146636081629,0.9913601686762902,0.4592965052326132,0.2273487224063252,,
2024-07-15 19:57:06,hf_copula_syn_300000,500,0.1,10,1.0,4,0.9992558517115412,0.9856532763912984,0.2142857142857142,0.9924079548508468,0.4595774323980279,0.2275035799029497,0.0,0.0,0.9959978655282816,0.0,0.0,0.0,0.0238095238095238,0.4,0.9945315105035012,0.0449438202247191,0.6307238731817597,0.3741613913540815,0.0,0.0,0.9950663377558504,0.0,0.0,0.0,0.9983311494245468,0.9848666666666668,0.2150147614066809,0.9914966886997274,0.4593587347521837,0.2274159636921583,,
2024-07-15 19:57:23,hf_copula_syn_300000,500,0.1,10,3.0,4,0.9992558013666192,0.9855865474442812,0.2142857142857142,0.9923741055531292,0.4595618753872963,0.2274867685636385,0.0,0.0,0.996264674493063,0.0,0.0,0.0,0.0227272727272727,0.4,0.994264754918306,0.043010752688172,0.6306392803872294,0.3740716419311051,0.0,0.0,0.994999666644443,0.0,0.0,0.0,0.9983307383762527,0.9848,0.2150148103415263,0.9914622266388424,0.4593431640637305,0.2273991381269561,,
2024-07-15 19:57:40,hf_copula_syn_300000,500,0.1,10,5.0,4,0.9992562542258284,0.9861871079674362,0.2142857142857142,0.9926786673831274,0.4597018695308568,0.2276380774874008,0.0,0.0,0.9963980789754536,0.0,0.0,0.0,0.0232558139534883,0.4,0.9943981327109036,0.0439560439560439,0.6306815782027896,0.3741165173541785,0.0,0.0,0.99533302220148,0.0,0.0,0.0,0.998331366993202,0.9854,0.2150149481735516,0.991766819308222,0.4594830416453622,0.2275503207875306,,
2024-07-15 19:58:00,hf_copula_syn_300000,500,0.1,10,7.0,4,0.9992562039353574,0.986120379020419,0.2142857142857142,0.9926448362720404,0.4596863167314095,0.2276212646214316,0.0,0.0,0.9963980789754536,0.0,0.0,0.0,0.0232558139534883,0.4,0.9943981327109036,0.0439560439560439,0.6306815782027896,0.3741165173541785,0.0,0.0,0.9952663510900728,0.0,0.0,0.0,0.9983313167496688,0.9853333333333332,0.2150149437288108,0.9917330197728385,0.4594675033618611,0.2275335236135696,,
2024-07-15 19:58:19,hf_copula_syn_300000,500,0.1,10,9.0,4,0.999256304509499,0.9862538369144536,0.2142857142857142,0.9927124962219162,0.4597174218041339,0.2276548905442023,0.0,0.0,0.9965981856990396,0.0,0.0,0.0,0.0229885057471264,0.4,0.9943314438146048,0.0434782608695652,0.630660429649619,0.3740940798205382,0.0,0.0,0.9952663510900728,0.0,0.0,0.0,0.9983313281272058,0.9854666666666668,0.2150150282227646,0.991800457312399,0.4594985723536666,0.2275671106729678,,
2024-07-15 19:58:43,hf_copula_syn_300000,1500,0.1,2,1.0,4,0.9992562542258284,0.9861871079674362,0.2142857142857142,0.9926786673831274,0.4597018695308568,0.2276380774874008,0.0,0.0,0.996264674493063,0.0,0.0,0.0,0.0222222222222222,0.4,0.9941313771257084,0.0421052631578947,0.630596979734508,0.3740267650848605,0.0,0.0,0.9957330488699246,0.0,0.0,0.0,0.998331022462625,0.9854,0.2150148147744105,0.9917662023812892,0.4594830134458728,0.2275502908701075,,
2024-07-15 19:59:06,hf_copula_syn_300000,1500,0.1,2,3.0,4,0.999256153638085,0.9860536500734018,0.2142857142857142,0.9926110028884264,0.4596707634057387,0.2276044519462946,0.0,0.0,0.996264674493063,0.0,0.0,0.0,0.0222222222222222,0.4,0.9941313771257084,0.0421052631578947,0.630596979734508,0.3740267650848605,0.0,0.0,0.9955997066471098,0.0,0.0,0.0,0.9983309219687636,0.9852666666666666,0.215014805884929,0.9916986010401164,0.4594519363531382,0.2275166967128397,,
2024-07-15 19:59:25,hf_copula_syn_300000,1500,0.1,2,5.0,4,0.9992561033340096,0.9859869211263846,0.2142857142857142,0.9925771672320558,0.4596552095537911,0.2275876394619898,0.0,0.0,0.9961979722518676,0.0,0.0,0.0,0.021505376344086,0.4,0.9939313104368124,0.0408163265306122,0.6305335234344999,0.3739594471470484,0.0,0.0,0.995799719981332,0.0,0.0,0.0,0.9983306327630126,0.9852,0.2150147169557263,0.9916643673181496,0.459436375866019,0.2274998774808743,,
2024-07-15 19:59:51,hf_copula_syn_300000,1500,0.1,2,7.0,4,0.9992561033340096,0.9859869211263846,0.2142857142857142,0.9925771672320558,0.4596552095537911,0.2275876394619898,0.0,0.0,0.9961979722518676,0.0,0.0,0.0,0.0219780219780219,0.4,0.99406468822941,0.0416666666666666,0.6305758283440335,0.3740043261280492,0.0,0.0,0.9956663777585172,0.0,0.0,0.0,0.9983307903115572,0.9852,0.215014752525509,0.9916646507648617,0.4594363899676555,0.2274998924405346,,
2024-07-15 20:00:17,hf_copula_syn_300000,1500,0.1,2,9.0,4,0.999256304509499,0.9862538369144536,0.2142857142857142,0.9927124962219162,0.4597174218041339,0.2276548905442023,0.0,0.0,0.9961979722518676,0.0,0.0,0.0,0.0219780219780219,0.4,0.99406468822941,0.0416666666666666,0.6305758283440335,0.3740043261280492,0.0,0.0,0.9959330622041468,0.0,0.0,0.0,0.9983309912992828,0.9854666666666668,0.215014770304472,0.9917998534476646,0.4594985441532314,0.2275670807550703,,
2024-07-15 20:00:32,hf_copula_syn_300000,1500,0.1,4,1.0,4,0.9992564050564456,0.986387294808488,0.2142857142857142,0.9927801470835153,0.4597485247723915,0.227688517230302,0.0,0.0,0.9966648879402348,0.0,0.0,0.0,0.0224719101123595,0.4,0.9941980660220072,0.0425531914893617,0.6306181304155495,0.3740492036858791,0.0,0.0,0.9954663644242948,0.0,0.0,0.0,0.9983312563817638,0.9856,0.2150150326722514,0.9918677366767338,0.4595296321927424,0.227600691015449,,
2024-07-15 20:00:48,hf_copula_syn_300000,1500,0.1,4,3.0,4,0.999256354786371,0.9863205658614708,0.2142857142857142,0.9927463227886358,0.4597329735512944,0.227671703791836,0.0,0.0,0.9964647812166488,0.0,0.0,0.0,0.0217391304347826,0.4,0.9939979993331112,0.0412371134020618,0.6305546762440545,0.373981886815445,0.0,0.0,0.995799719981332,0.0,0.0,0.0,0.9983309618987152,0.9855333333333334,0.2150148814834729,0.9918335052585004,0.4595140743347278,0.2275838708305688,,
2024-07-15 20:01:06,hf_copula_syn_300000,1500,0.1,4,5.0,4,0.999256354786371,0.9863205658614708,0.2142857142857142,0.9927463227886358,0.4597329735512944,0.227671703791836,0.0,0.0,0.9964647812166488,0.0,0.0,0.0,0.0229885057471264,0.4,0.9943314438146048,0.0434782608695652,0.630660429649619,0.3740940798205382,0.0,0.0,0.9954663644242948,0.0,0.0,0.0,0.9983313783571528,0.9855333333333334,0.2150149704079297,0.9918342523076564,0.459514109585863,0.2275839082282371,,
2024-07-15 20:01:25,hf_copula_syn_300000,1500,0.1,4,7.0,4,0.9992564553197242,0.9864540237555052,0.2142857142857142,0.9928139691067832,0.4597640754674786,0.2277053308596002,0.0,0.0,0.99673159018143,0.0,0.0,0.0,0.0224719101123595,0.4,0.9941980660220072,0.0425531914893617,0.6306181304155495,0.3740492036858791,0.0,0.0,0.9954663644242948,0.0,0.0,0.0,0.99833130659813,0.9856666666666668,0.21501506824678,0.99190152713278,0.4595451683738474,0.2276174889520266,,
2024-07-15 20:01:42,hf_copula_syn_300000,1500,0.1,4,9.0,4,0.9992564553197242,0.9864540237555052,0.2142857142857142,0.9928139691067832,0.4597640754674786,0.2277053308596002,0.0,0.0,0.996531483457844,0.0,0.0,0.0,0.0222222222222222,0.4,0.9941313771257084,0.0421052631578947,0.630596979734508,0.3740267650848605,0.0,0.0,0.9957330488699246,0.0,0.0,0.0,0.9983312233688332,0.9856666666666668,0.215014957072525,0.991901377823336,0.4595451613236205,0.2276174814724929,,
2024-07-15 20:01:55,hf_copula_syn_300000,1500,0.1,8,1.0,4,0.99925605302313,0.9859201921793674,0.2142857142857142,0.9925433293027006,0.4596396551755129,0.2275708271685173,0.0,0.0,0.9963313767342584,0.0,0.0,0.0,0.0222222222222222,0.4,0.9941313771257084,0.0421052631578947,0.630596979734508,0.3740267650848605,0.0,0.0,0.9953996933128876,0.0,0.0,0.0,0.998330821447716,0.9851333333333332,0.2150148281252353,0.991630990616404,0.4594208571572606,0.2274831033181883,,
2024-07-15 20:02:09,hf_copula_syn_300000,1500,0.1,8,3.0,4,0.999256153638085,0.9860536500734018,0.2142857142857142,0.9926110028884264,0.4596707634057387,0.2276044519462946,0.0,0.0,0.9964647812166488,0.0,0.0,0.0,0.0224719101123595,0.4,0.9941980660220072,0.0425531914893617,0.6306181304155495,0.3740492036858791,0.0,0.0,0.99533302220148,0.0,0.0,0.0,0.9983310051980602,0.9852666666666666,0.2150149170591839,0.9916987503495602,0.4594519434033652,0.2275167041923733,,
2024-07-15 20:02:23,hf_copula_syn_300000,1500,0.1,8,5.0,4,0.9992562039353574,0.986120379020419,0.2142857142857142,0.9926448362720404,0.4596863167314095,0.2276212646214316,0.0,0.0,0.9965981856990396,0.0,0.0,0.0,0.0232558139534883,0.4,0.9943981327109036,0.0439560439560439,0.6306815782027896,0.3741165173541785,0.0,0.0,0.9950663377558504,0.0,0.0,0.0,0.9983313167496688,0.9853333333333332,0.2150150371181744,0.9917330197728385,0.4594675033618611,0.2275335236135696,,
2024-07-15 20:02:39,hf_copula_syn_300000,1500,0.1,8,7.0,4,0.9992558517115412,0.9856532763912984,0.2142857142857142,0.9924079548508468,0.4595774323980279,0.2275035799029497,0.0,0.0,0.9963980789754536,0.0,0.0,0.0,0.0217391304347826,0.4,0.9939979993331112,0.0412371134020618,0.6305546762440545,0.373981886815445,0.0,0.0,0.9951996799786652,0.0,0.0,0.0,0.998330459293422,0.9848666666666668,0.2150148059062774,0.9914954531307866,0.4593586783532045,0.2274159038573121,,
2024-07-15 20:02:55,hf_copula_syn_300000,1500,0.1,8,9.0,4,0.9992556502909732,0.9853863606032296,0.2142857142857142,0.9922725440129014,0.4595152011949805,0.227436335690698,0.0,0.0,0.9961312700106724,0.0,0.0,0.0,0.0217391304347826,0.4,0.9939979993331112,0.0412371134020618,0.6305546762440545,0.373981886815445,0.0,0.0,0.9951996799786652,0.0,0.0,0.0,0.9983302580608464,0.9846,0.2150146636081629,0.9913601686762902,0.4592965052326132,0.2273487224063252,,
2024-07-15 20:03:12,hf_copula_syn_300000,1500,0.1,10,1.0,4,0.9992558517115412,0.9856532763912984,0.2142857142857142,0.9924079548508468,0.4595774323980279,0.2275035799029497,0.0,0.0,0.9959978655282816,0.0,0.0,0.0,0.0238095238095238,0.4,0.9945315105035012,0.0449438202247191,0.6307238731817597,0.3741613913540815,0.0,0.0,0.9950663377558504,0.0,0.0,0.0,0.9983311494245468,0.9848666666666668,0.2150147614066809,0.9914966886997274,0.4593587347521837,0.2274159636921583,,
2024-07-15 20:03:29,hf_copula_syn_300000,1500,0.1,10,3.0,4,0.9992558013666192,0.9855865474442812,0.2142857142857142,0.9923741055531292,0.4595618753872963,0.2274867685636385,0.0,0.0,0.996264674493063,0.0,0.0,0.0,0.0227272727272727,0.4,0.994264754918306,0.043010752688172,0.6306392803872294,0.3740716419311051,0.0,0.0,0.994999666644443,0.0,0.0,0.0,0.9983307383762527,0.9848,0.2150148103415263,0.9914622266388424,0.4593431640637305,0.2273991381269561,,
2024-07-15 20:03:47,hf_copula_syn_300000,1500,0.1,10,5.0,4,0.9992564553197242,0.9864540237555052,0.2142857142857142,0.9928139691067832,0.4597640754674786,0.2277053308596002,0.0,0.0,0.9965981856990396,0.0,0.0,0.0,0.0235294117647058,0.4,0.9944648216072024,0.0444444444444444,0.6307027260468128,0.3741389545320264,0.0,0.0,0.99533302220148,0.0,0.0,0.0,0.9983316590986806,0.9856666666666668,0.2150150771267696,0.9919021575504317,0.4595451965723912,0.2276175188689753,,
2024-07-15 20:04:07,hf_copula_syn_300000,1500,0.1,10,7.0,4,0.9992562039353574,0.986120379020419,0.2142857142857142,0.9926448362720404,0.4596863167314095,0.2276212646214316,0.0,0.0,0.9963980789754536,0.0,0.0,0.0,0.0232558139534883,0.4,0.9943981327109036,0.0439560439560439,0.6306815782027896,0.3741165173541785,0.0,0.0,0.9952663510900728,0.0,0.0,0.0,0.9983313167496688,0.9853333333333332,0.2150149437288108,0.9917330197728385,0.4594675033618611,0.2275335236135696,,
2024-07-15 20:04:25,hf_copula_syn_300000,1500,0.1,10,9.0,4,0.999256304509499,0.9862538369144536,0.2142857142857142,0.9927124962219162,0.4597174218041339,0.2276548905442023,0.0,0.0,0.9965981856990396,0.0,0.0,0.0,0.0229885057471264,0.4,0.9943314438146048,0.0434782608695652,0.630660429649619,0.3740940798205382,0.0,0.0,0.9952663510900728,0.0,0.0,0.0,0.9983313281272058,0.9854666666666668,0.2150150282227646,0.991800457312399,0.4594985723536666,0.2275671106729678,,
2024-07-15 20:04:43,hf_copula_syn_300000,1000,0.1,2,1.0,4,0.999256153638085,0.9860536500734018,0.2142857142857142,0.9926110028884264,0.4596707634057387,0.2276044519462946,0.0,0.0,0.9961979722518676,0.0,0.0,0.0,0.0217391304347826,0.4,0.9939979993331112,0.0412371134020618,0.6305546762440545,0.373981886815445,0.0,0.0,0.995799719981332,0.0,0.0,0.0,0.9983307609381676,0.9852666666666666,0.2150147391853584,0.9916983116568644,0.4594519222519747,0.2275166817534165,,
2024-07-15 20:05:01,hf_copula_syn_300000,1000,0.1,2,3.0,4,0.9992562542258284,0.9861871079674362,0.2142857142857142,0.9926786673831274,0.4597018695308568,0.2276380774874008,0.0,0.0,0.9961312700106724,0.0,0.0,0.0,0.0219780219780219,0.4,0.99406468822941,0.0416666666666666,0.6305758283440335,0.3740043261280492,0.0,0.0,0.9959330622041468,0.0,0.0,0.0,0.9983309410625436,0.9854,0.2150147347299434,0.9917660561824588,0.4594830063954093,0.2275502833904552,,
2024-07-15 20:05:20,hf_copula_syn_300000,1000,0.1,2,5.0,4,0.99925605302313,0.9859201921793674,0.2142857142857142,0.9925433293027006,0.4596396551755129,0.2275708271685173,0.0,0.0,0.9961979722518676,0.0,0.0,0.0,0.0212765957446808,0.4,0.9938646215405136,0.0404040404040404,0.6305123699152979,0.373937007122859,0.0,0.0,0.995799719981332,0.0,0.0,0.0,0.99833050623889,0.9851333333333332,0.2150146947260942,0.9916304235421528,0.4594208289539875,0.2274830733988676,,
2024-07-15 20:05:38,hf_copula_syn_300000,1000,0.1,2,7.0,4,0.999256153638085,0.9860536500734018,0.2142857142857142,0.9926110028884264,0.4596707634057387,0.2276044519462946,0.0,0.0,0.9961979722518676,0.0,0.0,0.0,0.021505376344086,0.4,0.9939313104368124,0.0408163265306122,0.6305335234344999,0.3739594471470484,0.0,0.0,0.9958663910927396,0.0,0.0,0.0,0.9983306830201374,0.9852666666666666,0.215014721400467,0.991698171394574,0.4594519152010382,0.2275166742735271,,
2024-07-15 20:05:57,hf_copula_syn_300000,1000,0.1,2,9.0,4,0.9992561033340096,0.9859869211263846,0.2142857142857142,0.9925771672320558,0.4596552095537911,0.2275876394619898,0.0,0.0,0.9961312700106724,0.0,0.0,0.0,0.021505376344086,0.4,0.9939313104368124,0.0408163265306122,0.6305335234344999,0.3739594471470484,0.0,0.0,0.9958663910927396,0.0,0.0,0.0,0.9983306327630126,0.9852,0.2150146858259384,0.9916643673181496,0.459436375866019,0.2274998774808743,,
2024-07-15 20:06:12,hf_copula_syn_300000,1000,0.1,4,1.0,4,0.9992564050564456,0.986387294808488,0.2142857142857142,0.9927801470835153,0.4597485247723915,0.227688517230302,0.0,0.0,0.9966648879402348,0.0,0.0,0.0,0.0224719101123595,0.4,0.9941980660220072,0.0425531914893617,0.6306181304155495,0.3740492036858791,0.0,0.0,0.9954663644242948,0.0,0.0,0.0,0.9983312563817638,0.9856,0.2150150326722514,0.9918677366767338,0.4595296321927424,0.227600691015449,,
2024-07-15 20:06:26,hf_copula_syn_300000,1000,0.1,4,3.0,4,0.999256354786371,0.9863205658614708,0.2142857142857142,0.9927463227886358,0.4597329735512944,0.227671703791836,0.0,0.0,0.9964647812166488,0.0,0.0,0.0,0.0217391304347826,0.4,0.9939979993331112,0.0412371134020618,0.6305546762440545,0.373981886815445,0.0,0.0,0.995799719981332,0.0,0.0,0.0,0.9983309618987152,0.9855333333333334,0.2150148814834729,0.9918335052585004,0.4595140743347278,0.2275838708305688,,
2024-07-15 20:06:43,hf_copula_syn_300000,1000,0.1,4,5.0,4,0.999256354786371,0.9863205658614708,0.2142857142857142,0.9927463227886358,0.4597329735512944,0.227671703791836,0.0,0.0,0.9964647812166488,0.0,0.0,0.0,0.0229885057471264,0.4,0.9943314438146048,0.0434782608695652,0.630660429649619,0.3740940798205382,0.0,0.0,0.9954663644242948,0.0,0.0,0.0,0.9983313783571528,0.9855333333333334,0.2150149704079297,0.9918342523076564,0.459514109585863,0.2275839082282371,,
2024-07-15 20:06:59,hf_copula_syn_300000,1000,0.1,4,7.0,4,0.9992566060687976,0.9866542105965568,0.2142857142857142,0.992915421549206,0.459810724397214,0.2277557728924883,0.0,0.0,0.9967982924226254,0.0,0.0,0.0,0.0229885057471264,0.4,0.9943314438146048,0.0434782608695652,0.630660429649619,0.3740940798205382,0.0,0.0,0.9954663644242948,0.0,0.0,0.0,0.9983316294050492,0.9858666666666668,0.2150151482805728,0.9920031932427164,0.4595917878643265,0.2276678988643955,,
2024-07-15 20:07:18,hf_copula_syn_300000,1000,0.1,4,9.0,4,0.9992564553197242,0.9864540237555052,0.2142857142857142,0.9928139691067832,0.4597640754674786,0.2277053308596002,0.0,0.0,0.996531483457844,0.0,0.0,0.0,0.0222222222222222,0.4,0.9941313771257084,0.0421052631578947,0.630596979734508,0.3740267650848605,0.0,0.0,0.9957330488699246,0.0,0.0,0.0,0.9983312233688332,0.9856666666666668,0.215014957072525,0.991901377823336,0.4595451613236205,0.2276174814724929,,
2024-07-15 20:07:30,hf_copula_syn_300000,1000,0.1,8,1.0,4,0.99925605302313,0.9859201921793674,0.2142857142857142,0.9925433293027006,0.4596396551755129,0.2275708271685173,0.0,0.0,0.9963313767342584,0.0,0.0,0.0,0.0222222222222222,0.4,0.9941313771257084,0.0421052631578947,0.630596979734508,0.3740267650848605,0.0,0.0,0.9953996933128876,0.0,0.0,0.0,0.998330821447716,0.9851333333333332,0.2150148281252353,0.991630990616404,0.4594208571572606,0.2274831033181883,,
2024-07-15 20:07:45,hf_copula_syn_300000,1000,0.1,8,3.0,4,0.999256153638085,0.9860536500734018,0.2142857142857142,0.9926110028884264,0.4596707634057387,0.2276044519462946,0.0,0.0,0.9964647812166488,0.0,0.0,0.0,0.0224719101123595,0.4,0.9941980660220072,0.0425531914893617,0.6306181304155495,0.3740492036858791,0.0,0.0,0.99533302220148,0.0,0.0,0.0,0.9983310051980602,0.9852666666666666,0.2150149170591839,0.9916987503495602,0.4594519434033652,0.2275167041923733,,
2024-07-15 20:07:58,hf_copula_syn_300000,1000,0.1,8,5.0,4,0.9992562039353574,0.986120379020419,0.2142857142857142,0.9926448362720404,0.4596863167314095,0.2276212646214316,0.0,0.0,0.9965981856990396,0.0,0.0,0.0,0.0232558139534883,0.4,0.9943981327109036,0.0439560439560439,0.6306815782027896,0.3741165173541785,0.0,0.0,0.9950663377558504,0.0,0.0,0.0,0.9983313167496688,0.9853333333333332,0.2150150371181744,0.9917330197728385,0.4594675033618611,0.2275335236135696,,
2024-07-15 20:08:14,hf_copula_syn_300000,1000,0.1,8,7.0,4,0.9992558517115412,0.9856532763912984,0.2142857142857142,0.9924079548508468,0.4595774323980279,0.2275035799029497,0.0,0.0,0.9963980789754536,0.0,0.0,0.0,0.0217391304347826,0.4,0.9939979993331112,0.0412371134020618,0.6305546762440545,0.373981886815445,0.0,0.0,0.9951996799786652,0.0,0.0,0.0,0.998330459293422,0.9848666666666668,0.2150148059062774,0.9914954531307866,0.4593586783532045,0.2274159038573121,,
2024-07-15 20:08:29,hf_copula_syn_300000,1000,0.1,8,9.0,4,0.9992556502909732,0.9853863606032296,0.2142857142857142,0.9922725440129014,0.4595152011949805,0.227436335690698,0.0,0.0,0.9961312700106724,0.0,0.0,0.0,0.0217391304347826,0.4,0.9939979993331112,0.0412371134020618,0.6305546762440545,0.373981886815445,0.0,0.0,0.9951996799786652,0.0,0.0,0.0,0.9983302580608464,0.9846,0.2150146636081629,0.9913601686762902,0.4592965052326132,0.2273487224063252,,
2024-07-15 20:08:47,hf_copula_syn_300000,1000,0.1,10,1.0,4,0.9992558517115412,0.9856532763912984,0.2142857142857142,0.9924079548508468,0.4595774323980279,0.2275035799029497,0.0,0.0,0.9959978655282816,0.0,0.0,0.0,0.0238095238095238,0.4,0.9945315105035012,0.0449438202247191,0.6307238731817597,0.3741613913540815,0.0,0.0,0.9950663377558504,0.0,0.0,0.0,0.9983311494245468,0.9848666666666668,0.2150147614066809,0.9914966886997274,0.4593587347521837,0.2274159636921583,,
2024-07-15 20:09:04,hf_copula_syn_300000,1000,0.1,10,3.0,4,0.9992558013666192,0.9855865474442812,0.2142857142857142,0.9923741055531292,0.4595618753872963,0.2274867685636385,0.0,0.0,0.996264674493063,0.0,0.0,0.0,0.0227272727272727,0.4,0.994264754918306,0.043010752688172,0.6306392803872294,0.3740716419311051,0.0,0.0,0.994999666644443,0.0,0.0,0.0,0.9983307383762527,0.9848,0.2150148103415263,0.9914622266388424,0.4593431640637305,0.2273991381269561,,
2024-07-15 20:09:21,hf_copula_syn_300000,1000,0.1,10,5.0,4,0.9992562542258284,0.9861871079674362,0.2142857142857142,0.9926786673831274,0.4597018695308568,0.2276380774874008,0.0,0.0,0.9963980789754536,0.0,0.0,0.0,0.0232558139534883,0.4,0.9943981327109036,0.0439560439560439,0.6306815782027896,0.3741165173541785,0.0,0.0,0.99533302220148,0.0,0.0,0.0,0.998331366993202,0.9854,0.2150149481735516,0.991766819308222,0.4594830416453622,0.2275503207875306,,
2024-07-15 20:09:42,hf_copula_syn_300000,1000,0.1,10,7.0,4,0.9992562039353574,0.986120379020419,0.2142857142857142,0.9926448362720404,0.4596863167314095,0.2276212646214316,0.0,0.0,0.9963980789754536,0.0,0.0,0.0,0.0232558139534883,0.4,0.9943981327109036,0.0439560439560439,0.6306815782027896,0.3741165173541785,0.0,0.0,0.9952663510900728,0.0,0.0,0.0,0.9983313167496688,0.9853333333333332,0.2150149437288108,0.9917330197728385,0.4594675033618611,0.2275335236135696,,
2024-07-15 20:09:59,hf_copula_syn_300000,1000,0.1,10,9.0,4,0.999256304509499,0.9862538369144536,0.2142857142857142,0.9927124962219162,0.4597174218041339,0.2276548905442023,0.0,0.0,0.9965981856990396,0.0,0.0,0.0,0.0229885057471264,0.4,0.9943314438146048,0.0434782608695652,0.630660429649619,0.3740940798205382,0.0,0.0,0.9952663510900728,0.0,0.0,0.0,0.9983313281272058,0.9854666666666668,0.2150150282227646,0.991800457312399,0.4594985723536666,0.2275671106729678,,
2024-07-15 20:10:08,hf_copula_syn_300000,100,0.01,2,1.0,4,0.9990666666666668,1.0,0.0,0.9995331154538784,0.0,0.0,0.0,0.0,1.0,0.0,0.0,0.0,0.0,0.0,1.0,0.0,0.0,0.0,0.0,0.0,1.0,0.0,0.0,0.0,0.9981342044444445,0.9990666666666668,0.0009333333333333,0.9986002178794549,0.0,0.0,,
2024-07-15 20:10:15,hf_copula_syn_300000,100,0.01,2,3.0,4,0.9990666666666668,1.0,0.0,0.9995331154538784,0.0,0.0,0.0,0.0,1.0,0.0,0.0,0.0,0.0,0.0,1.0,0.0,0.0,0.0,0.0,0.0,1.0,0.0,0.0,0.0,0.9981342044444445,0.9990666666666668,0.0009333333333333,0.9986002178794549,0.0,0.0,,
2024-07-15 20:10:23,hf_copula_syn_300000,100,0.01,2,5.0,4,0.9990666666666668,1.0,0.0,0.9995331154538784,0.0,0.0,0.0,0.0,1.0,0.0,0.0,0.0,0.0,0.0,1.0,0.0,0.0,0.0,0.0,0.0,1.0,0.0,0.0,0.0,0.9981342044444445,0.9990666666666668,0.0009333333333333,0.9986002178794549,0.0,0.0,,
2024-07-15 20:10:32,hf_copula_syn_300000,100,0.01,2,7.0,4,0.9990666666666668,1.0,0.0,0.9995331154538784,0.0,0.0,0.0,0.0,1.0,0.0,0.0,0.0,0.0,0.0,1.0,0.0,0.0,0.0,0.0,0.0,1.0,0.0,0.0,0.0,0.9981342044444445,0.9990666666666668,0.0009333333333333,0.9986002178794549,0.0,0.0,,
2024-07-15 20:10:40,hf_copula_syn_300000,100,0.01,2,9.0,4,0.9990666666666668,1.0,0.0,0.9995331154538784,0.0,0.0,0.0,0.0,1.0,0.0,0.0,0.0,0.0,0.0,1.0,0.0,0.0,0.0,0.0,0.0,1.0,0.0,0.0,0.0,0.9981342044444445,0.9990666666666668,0.0009333333333333,0.9986002178794549,0.0,0.0,,
2024-07-15 20:10:48,hf_copula_syn_300000,100,0.01,4,1.0,4,0.9990644837955228,0.9976644868543976,0.0,0.9983639945243898,0.0,0.0,0.0,0.0,0.9976654215581644,0.0,0.0,0.0,0.0,0.0,1.0,0.0,0.0,0.0,0.0,0.0,1.0,0.0,0.0,0.0,0.9981320236106472,0.9967333333333334,0.000932088224831,0.9974321881295004,0.0,0.0,,
2024-07-15 20:10:56,hf_copula_syn_300000,100,0.01,4,3.0,4,0.9990644837955228,0.9976644868543976,0.0,0.9983639945243898,0.0,0.0,0.0,0.0,0.9976654215581644,0.0,0.0,0.0,0.0,0.0,1.0,0.0,0.0,0.0,0.0,0.0,1.0,0.0,0.0,0.0,0.9981320236106472,0.9967333333333334,0.000932088224831,0.9974321881295004,0.0,0.0,,
2024-07-15 20:11:05,hf_copula_syn_300000,100,0.01,4,5.0,4,0.9990644837955228,0.9976644868543976,0.0,0.9983639945243898,0.0,0.0,0.0,0.0,0.9976654215581644,0.0,0.0,0.0,0.0,0.0,1.0,0.0,0.0,0.0,0.0,0.0,1.0,0.0,0.0,0.0,0.9981320236106472,0.9967333333333334,0.000932088224831,0.9974321881295004,0.0,0.0,,
2024-07-15 20:11:13,hf_copula_syn_300000,100,0.01,4,7.0,4,0.9990644837955228,0.9976644868543976,0.0,0.9983639945243898,0.0,0.0,0.0,0.0,0.9976654215581644,0.0,0.0,0.0,0.0,0.0,1.0,0.0,0.0,0.0,0.0,0.0,1.0,0.0,0.0,0.0,0.9981320236106472,0.9967333333333334,0.000932088224831,0.9974321881295004,0.0,0.0,,
2024-07-15 20:11:22,hf_copula_syn_300000,100,0.01,4,9.0,4,0.9990644837955228,0.9976644868543976,0.0,0.9983639945243898,0.0,0.0,0.0,0.0,0.9976654215581644,0.0,0.0,0.0,0.0,0.0,1.0,0.0,0.0,0.0,0.0,0.0,1.0,0.0,0.0,0.0,0.9981320236106472,0.9967333333333334,0.000932088224831,0.9974321881295004,0.0,0.0,,
2024-07-15 20:11:32,hf_copula_syn_300000,100,0.01,8,1.0,4,0.999260106275644,0.991325236887762,0.2142857142857142,0.9952768565973268,0.4608978590489968,0.2289332412362624,0.0,0.0,0.9968649946638208,0.0,0.0,0.0,0.0327868852459016,0.4,0.9960653551183728,0.0606060606060606,0.6312100617443841,0.3746773400625595,0.0,0.0,0.9983332222148144,0.0,0.0,0.0,0.9983383924715352,0.9905333333333334,0.2150159529493888,0.9943681335513712,0.4606780910677993,0.2288444626577961,,
2024-07-15 20:11:43,hf_copula_syn_300000,100,0.01,8,3.0,4,0.99925856025883,0.9892566395302282,0.2142857142857142,0.994232445845349,0.4604167303797944,0.2284116756116422,0.0,0.0,0.9947972251867664,0.0,0.0,0.0,0.0327868852459016,0.4,0.9960653551183728,0.0606060606060606,0.6312100617443841,0.3746773400625595,0.0,0.0,0.9983332222148144,0.0,0.0,0.0,0.9983368478976704,0.9884666666666668,0.215014850139001,0.993324697582762,0.4601974114520215,0.2283233838277588,,
2024-07-15 20:11:53,hf_copula_syn_300000,100,0.01,8,5.0,4,0.99925856025883,0.9892566395302282,0.2142857142857142,0.994232445845349,0.4604167303797944,0.2284116756116422,0.0,0.0,0.9947972251867664,0.0,0.0,0.0,0.0327868852459016,0.4,0.9960653551183728,0.0606060606060606,0.6312100617443841,0.3746773400625595,0.0,0.0,0.9983332222148144,0.0,0.0,0.0,0.9983368478976704,0.9884666666666668,0.215014850139001,0.993324697582762,0.4601974114520215,0.2283233838277588,,
2024-07-15 20:12:04,hf_copula_syn_300000,100,0.01,8,7.0,4,0.99925856025883,0.9892566395302282,0.2142857142857142,0.994232445845349,0.4604167303797944,0.2284116756116422,0.0,0.0,0.9947972251867664,0.0,0.0,0.0,0.0327868852459016,0.4,0.9960653551183728,0.0606060606060606,0.6312100617443841,0.3746773400625595,0.0,0.0,0.9983332222148144,0.0,0.0,0.0,0.9983368478976704,0.9884666666666668,0.215014850139001,0.993324697582762,0.4601974114520215,0.2283233838277588,,
2024-07-15 20:12:13,hf_copula_syn_300000,100,0.01,8,9.0,4,0.99925856025883,0.9892566395302282,0.2142857142857142,0.994232445845349,0.4604167303797944,0.2284116756116422,0.0,0.0,0.9947972251867664,0.0,0.0,0.0,0.0327868852459016,0.4,0.9960653551183728,0.0606060606060606,0.6312100617443841,0.3746773400625595,0.0,0.0,0.9983332222148144,0.0,0.0,0.0,0.9983368478976704,0.9884666666666668,0.215014850139001,0.993324697582762,0.4601974114520215,0.2283233838277588,,
2024-07-15 20:12:26,hf_copula_syn_300000,100,0.01,10,1.0,4,0.9992573588981908,0.987655144801815,0.2142857142857142,0.9934223773407612,0.4600438980921467,0.2280080088192819,0.0,0.0,0.9947972251867664,0.0,0.0,0.0,0.0235294117647058,0.4,0.9944648216072024,0.0444444444444444,0.6307027260468128,0.3741389545320264,0.0,0.0,0.9983332222148144,0.0,0.0,0.0,0.9983325618338073,0.9868666666666668,0.2150143166278306,0.9925099979367248,0.4598247580292763,0.2279199143292279,,
2024-07-15 20:12:40,hf_copula_syn_300000,100,0.01,10,3.0,4,0.999257258609048,0.9875216869077806,0.2142857142857142,0.9933548127265404,0.4600128150950441,0.227974374881557,0.0,0.0,0.9947972251867664,0.0,0.0,0.0,0.0229885057471264,0.4,0.9943314438146048,0.0434782608695652,0.630660429649619,0.3740940798205382,0.0,0.0,0.9983332222148144,0.0,0.0,0.0,0.9983322813362618,0.9867333333333334,0.2150142721685664,0.992442174321619,0.459793689944172,0.227886296824941,,
2024-07-15 20:12:53,hf_copula_syn_300000,100,0.01,10,5.0,4,0.9992573087570048,0.9875884158547978,0.2142857142857142,0.9933885961673994,0.4600283568561207,0.2279911917550033,0.0,0.0,0.9947972251867664,0.0,0.0,0.0,0.0232558139534883,0.4,0.9943981327109036,0.0439560439560439,0.6306815782027896,0.3741165173541785,0.0,0.0,0.9983332222148144,0.0,0.0,0.0,0.9983324205401496,0.9868,0.2150142943981985,0.9924760854922952,0.4598092242491226,0.2279031054818167,,
2024-07-15 20:13:07,hf_copula_syn_300000,100,0.01,10,7.0,4,0.9992573087570048,0.9875884158547978,0.2142857142857142,0.9933885961673994,0.4600283568561207,0.2279911917550033,0.0,0.0,0.9947972251867664,0.0,0.0,0.0,0.0232558139534883,0.4,0.9943981327109036,0.0439560439560439,0.6306815782027896,0.3741165173541785,0.0,0.0,0.9983332222148144,0.0,0.0,0.0,0.9983324205401496,0.9868,0.2150142943981985,0.9924760854922952,0.4598092242491226,0.2279031054818167,,
2024-07-15 20:13:21,hf_copula_syn_300000,100,0.01,10,9.0,4,0.9992573087570048,0.9875884158547978,0.2142857142857142,0.9933885961673994,0.4600283568561207,0.2279911917550033,0.0,0.0,0.9947972251867664,0.0,0.0,0.0,0.0232558139534883,0.4,0.9943981327109036,0.0439560439560439,0.6306815782027896,0.3741165173541785,0.0,0.0,0.9983332222148144,0.0,0.0,0.0,0.9983324205401496,0.9868,0.2150142943981985,0.9924760854922952,0.4598092242491226,0.2279031054818167,,
2024-07-15 20:13:34,hf_copula_syn_300000,500,0.01,2,1.0,4,0.9992629321897616,0.9951287868677432,0.2142857142857142,0.9971915747241724,0.4617812067421439,0.22989272760493,0.0,0.0,0.9976654215581644,0.0,0.0,0.0,0.048780487804878,0.4,0.997399133044348,0.0869565217391304,0.6316325302086169,0.3751258381225442,0.0,0.0,1.0,0.0,0.0,0.0,0.998346546948986,0.9943333333333332,0.2150169355548934,0.9962898480950096,0.4615607551259208,0.2298032030052063,,
2024-07-15 20:13:48,hf_copula_syn_300000,500,0.01,2,3.0,4,0.9992629321897616,0.9951287868677432,0.2142857142857142,0.9971915747241724,0.4617812067421439,0.22989272760493,0.0,0.0,0.9976654215581644,0.0,0.0,0.0,0.048780487804878,0.4,0.997399133044348,0.0869565217391304,0.6316325302086169,0.3751258381225442,0.0,0.0,1.0,0.0,0.0,0.0,0.998346546948986,0.9943333333333332,0.2150169355548934,0.9962898480950096,0.4615607551259208,0.2298032030052063,,
2024-07-15 20:14:02,hf_copula_syn_300000,500,0.01,2,5.0,4,0.9992629321897616,0.9951287868677432,0.2142857142857142,0.9971915747241724,0.4617812067421439,0.22989272760493,0.0,0.0,0.9976654215581644,0.0,0.0,0.0,0.048780487804878,0.4,0.997399133044348,0.0869565217391304,0.6316325302086169,0.3751258381225442,0.0,0.0,1.0,0.0,0.0,0.0,0.998346546948986,0.9943333333333332,0.2150169355548934,0.9962898480950096,0.4615607551259208,0.2298032030052063,,
2024-07-15 20:14:13,hf_copula_syn_300000,500,0.01,2,7.0,4,0.9992629321897616,0.9951287868677432,0.2142857142857142,0.9971915747241724,0.4617812067421439,0.22989272760493,0.0,0.0,0.9976654215581644,0.0,0.0,0.0,0.048780487804878,0.4,0.997399133044348,0.0869565217391304,0.6316325302086169,0.3751258381225442,0.0,0.0,1.0,0.0,0.0,0.0,0.998346546948986,0.9943333333333332,0.2150169355548934,0.9962898480950096,0.4615607551259208,0.2298032030052063,,
2024-07-15 20:14:26,hf_copula_syn_300000,500,0.01,2,9.0,4,0.9992629321897616,0.9951287868677432,0.2142857142857142,0.9971915747241724,0.4617812067421439,0.22989272760493,0.0,0.0,0.9976654215581644,0.0,0.0,0.0,0.048780487804878,0.4,0.997399133044348,0.0869565217391304,0.6316325302086169,0.3751258381225442,0.0,0.0,1.0,0.0,0.0,0.0,0.998346546948986,0.9943333333333332,0.2150169355548934,0.9962898480950096,0.4615607551259208,0.2298032030052063,,
2024-07-15 20:14:41,hf_copula_syn_300000,500,0.01,4,1.0,4,0.9992599071519882,0.991058321099693,0.2142857142857142,0.9951422158196256,0.4608358061562149,0.2288659321410476,0.0,0.0,0.9964647812166488,0.0,0.0,0.0,0.032258064516129,0.4,0.995998666222074,0.0597014925373134,0.6311889308985302,0.3746549114237367,0.0,0.0,0.9985332355490366,0.0,0.0,0.0,0.9983380172601518,0.9902666666666666,0.2150157306068071,0.9942333169157064,0.4606160890474353,0.2287772089081906,,
2024-07-15 20:14:56,hf_copula_syn_300000,500,0.01,4,3.0,4,0.9992602555480834,0.9915254237288136,0.2142857142857142,0.9953778135048232,0.46094439323651,0.2289837250614121,0.0,0.0,0.996931696905016,0.0,0.0,0.0,0.032258064516129,0.4,0.995998666222074,0.0597014925373134,0.6311889308985302,0.3746549114237367,0.0,0.0,0.9985332355490366,0.0,0.0,0.0,0.9983383653310772,0.9907333333333334,0.2150159796285075,0.9944686947097312,0.4607245747797887,0.228894891888496,,
2024-07-15 20:15:12,hf_copula_syn_300000,500,0.01,4,5.0,4,0.9992601560398172,0.9913919658347792,0.2142857142857142,0.995310511154284,0.4609133709668489,0.2289500689871467,0.0,0.0,0.996931696905016,0.0,0.0,0.0,0.032258064516129,0.4,0.995998666222074,0.0597014925373134,0.6311889308985302,0.3746549114237367,0.0,0.0,0.9983998933262216,0.0,0.0,0.0,0.9983382659156854,0.9906,0.215015970739026,0.9944014551747192,0.460693581464246,0.2288612672265666,,
2024-07-15 20:15:26,hf_copula_syn_300000,500,0.01,4,7.0,4,0.9992602057972964,0.9914586947817964,0.2142857142857142,0.9953441634567074,0.460928882362669,0.2289668969288632,0.0,0.0,0.996931696905016,0.0,0.0,0.0,0.032258064516129,0.4,0.995998666222074,0.0597014925373134,0.6311889308985302,0.3746549114237367,0.0,0.0,0.9984665644376292,0.0,0.0,0.0,0.9983383156267244,0.9906666666666668,0.2150159751837668,0.9944350760683268,0.4607090783827633,0.2288780794622042,,
2024-07-15 20:15:41,hf_copula_syn_300000,500,0.01,4,9.0,4,0.9992602555480834,0.9915254237288136,0.2142857142857142,0.9953778135048232,0.46094439323651,0.2289837250614121,0.0,0.0,0.996931696905016,0.0,0.0,0.0,0.032258064516129,0.4,0.995998666222074,0.0597014925373134,0.6311889308985302,0.3746549114237367,0.0,0.0,0.9985332355490366,0.0,0.0,0.0,0.9983383653310772,0.9907333333333334,0.2150159796285075,0.9944686947097312,0.4607245747797887,0.228894891888496,,
2024-07-15 20:16:08,hf_copula_syn_300000,500,0.01,8,1.0,4,0.9992579100047224,0.9883891632190044,0.2142857142857142,0.9937938206581904,0.4602148170503029,0.2281930091212749,0.0,0.0,0.9964647812166488,0.0,0.0,0.0,0.0232558139534883,0.4,0.9943981327109036,0.0439560439560439,0.6306815782027896,0.3741165173541785,0.0,0.0,0.9974664977665176,0.0,0.0,0.0,0.9983330212267024,0.9876,0.2150151259797846,0.9928809317735616,0.4599955104137902,0.2281047344852131,,
2024-07-15 20:16:33,hf_copula_syn_300000,500,0.01,8,3.0,4,0.9992576596031854,0.9880555184839184,0.2142857142857142,0.9936250167762718,0.4601371344852186,0.2281089152124308,0.0,0.0,0.996064567769477,0.0,0.0,0.0,0.0229885057471264,0.4,0.9943314438146048,0.0434782608695652,0.630660429649619,0.3740940798205382,0.0,0.0,0.9975998399893328,0.0,0.0,0.0,0.998332681956138,0.9872666666666666,0.2150148991924621,0.992712126180904,0.4599178933029156,0.2280207115848394,,
2024-07-15 20:16:59,hf_copula_syn_300000,500,0.01,8,5.0,4,0.9992577597840756,0.9881889763779528,0.2142857142857142,0.9936925451251426,0.4601682090849154,0.2281425522034717,0.0,0.0,0.996264674493063,0.0,0.0,0.0,0.0229885057471264,0.4,0.9943314438146048,0.0434782608695652,0.630660429649619,0.3740940798205382,0.0,0.0,0.9975331688779252,0.0,0.0,0.0,0.998332782043526,0.9874,0.2150150014713073,0.9927795915033156,0.4599489388996527,0.2280543171813553,,
2024-07-15 20:17:23,hf_copula_syn_300000,500,0.01,8,7.0,4,0.9992578098643816,0.98825570532497,0.2142857142857142,0.9937263059012984,0.4601837455978791,0.2281593709852405,0.0,0.0,0.996264674493063,0.0,0.0,0.0,0.0229885057471264,0.4,0.9943314438146048,0.0434782608695652,0.630660429649619,0.3740940798205382,0.0,0.0,0.9975998399893328,0.0,0.0,0.0,0.9983328320770906,0.9874666666666668,0.215015005916048,0.9928133207694138,0.459964460911871,0.2280711202655945,,
2024-07-15 20:17:48,hf_copula_syn_300000,500,0.01,8,9.0,4,0.99925785993793,0.9883224342719872,0.2142857142857142,0.9937600644122384,0.4601992815863239,0.2281761899578416,0.0,0.0,0.9963313767342584,0.0,0.0,0.0,0.0229885057471264,0.4,0.9943314438146048,0.0434782608695652,0.630660429649619,0.3740940798205382,0.0,0.0,0.9975998399893328,0.0,0.0,0.0,0.9983328821039036,0.9875333333333334,0.2150150414905767,0.9928470477724102,0.4599799824000599,0.2280879235404878,,
2024-07-15 20:18:30,hf_copula_syn_300000,500,0.01,10,1.0,4,0.99925705794948,0.9872547711197116,0.2142857142857142,0.993219656283566,0.4599506427991668,0.2279071092960939,0.0,0.0,0.9963313767342584,0.0,0.0,0.0,0.0224719101123595,0.4,0.9941980660220072,0.0425531914893617,0.6306181304155495,0.3740492036858791,0.0,0.0,0.9966664444296286,0.0,0.0,0.0,0.9983319086654312,0.9864666666666668,0.2150149348049418,0.992306835668198,0.4597315615760261,0.2278190790619796,,
2024-07-15 20:19:11,hf_copula_syn_300000,500,0.01,10,3.0,4,0.9992571081245356,0.9873215000667288,0.2142857142857142,0.9932534487966972,0.4599661866609782,0.2279239254062113,0.0,0.0,0.996064567769477,0.0,0.0,0.0,0.0232558139534883,0.4,0.9943981327109036,0.0439560439560439,0.6306815782027896,0.3741165173541785,0.0,0.0,0.9967997866524436,0.0,0.0,0.0,0.9983322200949372,0.9865333333333334,0.2150148680852051,0.992341064259139,0.4597471120794956,0.2278359019149503,,
2024-07-15 20:19:51,hf_copula_syn_300000,500,0.01,10,5.0,4,0.9992569073836384,0.98705458427866,0.2142857142857142,0.9931182651314244,0.4599040080616187,0.2278566621107352,0.0,0.0,0.9959978655282816,0.0,0.0,0.0,0.0219780219780219,0.4,0.99406468822941,0.0416666666666666,0.6305758283440335,0.3740043261280492,0.0,0.0,0.9969331288752584,0.0,0.0,0.0,0.99833159361074,0.9862666666666666,0.2150147302519975,0.992205243639524,0.4596849562635425,0.2277686640014745,,
2024-07-15 20:20:30,hf_copula_syn_300000,500,0.01,10,7.0,4,0.99925705794948,0.9872547711197116,0.2142857142857142,0.993219656283566,0.4599506427991668,0.2279071092960939,0.0,0.0,0.996064567769477,0.0,0.0,0.0,0.0224719101123595,0.4,0.9941980660220072,0.0425531914893617,0.6306181304155495,0.3740492036858791,0.0,0.0,0.9969331288752584,0.0,0.0,0.0,0.9983319086654312,0.9864666666666668,0.2150148102857903,0.992306835668198,0.4597315615760261,0.2278190790619796,,
2024-07-15 20:21:12,hf_copula_syn_300000,500,0.01,10,9.0,4,0.9992567567567568,0.9868543974376084,0.2142857142857142,0.9930168535553616,0.4598573685947807,0.2278062166428666,0.0,0.0,0.9954642475987192,0.0,0.0,0.0,0.0222222222222222,0.4,0.9941313771257084,0.0421052631578947,0.630596979734508,0.3740267650848605,0.0,0.0,0.997199813320888,0.0,0.0,0.0,0.9983315245245244,0.9860666666666666,0.2150144856643635,0.992104072913096,0.4596383673773371,0.2277182730956949,,
2024-07-15 20:21:38,hf_copula_syn_300000,1500,0.01,2,1.0,4,0.9992580101180438,0.9885226211130388,0.2142857142857142,0.9938613263560432,0.4602458864050759,0.2282266480206382,0.0,0.0,0.9949973319103522,0.0,0.0,0.0,0.0298507462686567,0.4,0.99566522174058,0.0555555555555555,0.6310832660562568,0.3745427628927327,0.0,0.0,0.9977998533235548,0.0,0.0,0.0,0.9983353195573564,0.9877333333333334,0.2150147879268682,0.9929522409699626,0.4600266846664499,0.2281384840701165,,
2024-07-15 20:22:05,hf_copula_syn_300000,1500,0.01,2,3.0,4,0.9992580101180438,0.9885226211130388,0.2142857142857142,0.9938613263560432,0.4602458864050759,0.2282266480206382,0.0,0.0,0.9949973319103522,0.0,0.0,0.0,0.0298507462686567,0.4,0.99566522174058,0.0555555555555555,0.6310832660562568,0.3745427628927327,0.0,0.0,0.9977998533235548,0.0,0.0,0.0,0.9983353195573564,0.9877333333333334,0.2150147879268682,0.9929522409699626,0.4600266846664499,0.2281384840701165,,
2024-07-15 20:22:32,hf_copula_syn_300000,1500,0.01,2,5.0,4,0.9992580101180438,0.9885226211130388,0.2142857142857142,0.9938613263560432,0.4602458864050759,0.2282266480206382,0.0,0.0,0.9949973319103522,0.0,0.0,0.0,0.0298507462686567,0.4,0.99566522174058,0.0555555555555555,0.6310832660562568,0.3745427628927327,0.0,0.0,0.9977998533235548,0.0,0.0,0.0,0.9983353195573564,0.9877333333333334,0.2150147879268682,0.9929522409699626,0.4600266846664499,0.2281384840701165,,
2024-07-15 20:22:58,hf_copula_syn_300000,1500,0.01,2,7.0,4,0.9992580101180438,0.9885226211130388,0.2142857142857142,0.9938613263560432,0.4602458864050759,0.2282266480206382,0.0,0.0,0.9949973319103522,0.0,0.0,0.0,0.0298507462686567,0.4,0.99566522174058,0.0555555555555555,0.6310832660562568,0.3745427628927327,0.0,0.0,0.9977998533235548,0.0,0.0,0.0,0.9983353195573564,0.9877333333333334,0.2150147879268682,0.9929522409699626,0.4600266846664499,0.2281384840701165,,
2024-07-15 20:23:21,hf_copula_syn_300000,1500,0.01,2,9.0,4,0.9992580101180438,0.9885226211130388,0.2142857142857142,0.9938613263560432,0.4602458864050759,0.2282266480206382,0.0,0.0,0.9949973319103522,0.0,0.0,0.0,0.0298507462686567,0.4,0.99566522174058,0.0555555555555555,0.6310832660562568,0.3745427628927327,0.0,0.0,0.9977998533235548,0.0,0.0,0.0,0.9983353195573564,0.9877333333333334,0.2150147879268682,0.9929522409699626,0.4600266846664499,0.2281384840701165,,
2024-07-15 20:23:49,hf_copula_syn_300000,1500,0.01,4,1.0,4,0.999256153638085,0.9860536500734018,0.2142857142857142,0.9926110028884264,0.4596707634057387,0.2276044519462946,0.0,0.0,0.996064567769477,0.0,0.0,0.0,0.0206185567010309,0.4,0.9936645548516172,0.0392156862745098,0.6304489050990943,0.3738696849155342,0.0,0.0,0.996266417761184,0.0,0.0,0.0,0.9983303874135898,0.9852666666666666,0.2150145880013259,0.991697637847822,0.4594518869949264,0.2275166443527832,,
2024-07-15 20:24:19,hf_copula_syn_300000,1500,0.01,4,3.0,4,0.999256153638085,0.9860536500734018,0.2142857142857142,0.9926110028884264,0.4596707634057387,0.2276044519462946,0.0,0.0,0.996064567769477,0.0,0.0,0.0,0.0204081632653061,0.4,0.9935978659553184,0.0388349514563106,0.6304277487405892,0.373847243468174,0.0,0.0,0.9963330888725916,0.0,0.0,0.0,0.9983303172824444,0.9852666666666666,0.2150145702164346,0.9916975109362158,0.4594518799428069,0.2275166368723008,,
2024-07-15 20:24:50,hf_copula_syn_300000,1500,0.01,4,5.0,4,0.999256153638085,0.9860536500734018,0.2142857142857142,0.9926110028884264,0.4596707634057387,0.2276044519462946,0.0,0.0,0.996064567769477,0.0,0.0,0.0,0.0206185567010309,0.4,0.9936645548516172,0.0392156862745098,0.6304489050990943,0.3738696849155342,0.0,0.0,0.996266417761184,0.0,0.0,0.0,0.9983303874135898,0.9852666666666666,0.2150145880013259,0.991697637847822,0.4594518869949264,0.2275166443527832,,
2024-07-15 20:25:23,hf_copula_syn_300000,1500,0.01,4,7.0,4,0.9992561033340096,0.9859869211263846,0.2142857142857142,0.9925771672320558,0.4596552095537911,0.2275876394619898,0.0,0.0,0.996064567769477,0.0,0.0,0.0,0.0202020202020202,0.4,0.9935311770590196,0.0384615384615384,0.6304065916720795,0.3738248016650209,0.0,0.0,0.9963330888725916,0.0,0.0,0.0,0.9983301983109651,0.9852,0.2150145479868025,0.9916635823887932,0.4594363335554315,0.227499832599047,,
2024-07-15 20:25:53,hf_copula_syn_300000,1500,0.01,4,9.0,4,0.999256153638085,0.9860536500734018,0.2142857142857142,0.9926110028884264,0.4596707634057387,0.2276044519462946,0.0,0.0,0.996064567769477,0.0,0.0,0.0,0.0202020202020202,0.4,0.9935311770590196,0.0384615384615384,0.6304065916720795,0.3738248016650209,0.0,0.0,0.9963997599839988,0.0,0.0,0.0,0.9983302485680902,0.9852666666666666,0.2150145524315432,0.9916973864652175,0.4594518728904507,0.2275166293916997,,
2024-07-15 20:26:58,hf_copula_syn_300000,1500,0.01,8,1.0,4,0.9992564553197242,0.9864540237555052,0.2142857142857142,0.9928139691067832,0.4597640754674786,0.2277053308596002,0.0,0.0,0.9964647812166488,0.0,0.0,0.0,0.0232558139534883,0.4,0.9943981327109036,0.0439560439560439,0.6306815782027896,0.3741165173541785,0.0,0.0,0.9955330355357024,0.0,0.0,0.0,0.9983315678994102,0.9856666666666668,0.2150149970823025,0.9919019947502687,0.4595451895231098,0.227617511389916,,
2024-07-15 20:28:02,hf_copula_syn_300000,1500,0.01,8,3.0,4,0.999256304509499,0.9862538369144536,0.2142857142857142,0.9927124962219162,0.4597174218041339,0.2276548905442023,0.0,0.0,0.9964647812166488,0.0,0.0,0.0,0.0219780219780219,0.4,0.99406468822941,0.0416666666666666,0.6305758283440335,0.3740043261280492,0.0,0.0,0.9956663777585172,0.0,0.0,0.0,0.9983309912992828,0.9854666666666668,0.2150148948236235,0.9917998534476646,0.4594985441532314,0.2275670807550703,,
2024-07-15 20:29:04,hf_copula_syn_300000,1500,0.01,8,5.0,4,0.9992562039353574,0.986120379020419,0.2142857142857142,0.9926448362720404,0.4596863167314095,0.2276212646214316,0.0,0.0,0.9964647812166488,0.0,0.0,0.0,0.0222222222222222,0.4,0.9941313771257084,0.0421052631578947,0.630596979734508,0.3740267650848605,0.0,0.0,0.9954663644242948,0.0,0.0,0.0,0.9983309722190918,0.9853333333333332,0.2150149037190333,0.9917324028459056,0.4594674751623717,0.2275334936961465,,
2024-07-15 20:30:07,hf_copula_syn_300000,1500,0.01,8,7.0,4,0.9992562542258284,0.9861871079674362,0.2142857142857142,0.9926786673831274,0.4597018695308568,0.2276380774874008,0.0,0.0,0.9963980789754536,0.0,0.0,0.0,0.0222222222222222,0.4,0.9941313771257084,0.0421052631578947,0.630596979734508,0.3740267650848605,0.0,0.0,0.9955997066471098,0.0,0.0,0.0,0.998331022462625,0.9854,0.2150148770339862,0.9917662023812892,0.4594830134458728,0.2275502908701075,,
2024-07-15 20:31:09,hf_copula_syn_300000,1500,0.01,8,9.0,4,0.9992564050564456,0.986387294808488,0.2142857142857142,0.9927801470835153,0.4597485247723915,0.227688517230302,0.0,0.0,0.9964647812166488,0.0,0.0,0.0,0.0219780219780219,0.4,0.99406468822941,0.0416666666666666,0.6305758283440335,0.3740043261280492,0.0,0.0,0.995799719981332,0.0,0.0,0.0,0.9983310917523855,0.9856,0.215014903713105,0.9918674411684596,0.4595296180920519,0.2276006760562631,,
2024-07-15 20:32:46,hf_copula_syn_300000,1500,0.01,10,1.0,4,0.999256656304906,0.986720939543574,0.2142857142857142,0.992949234488316,0.459826272988795,0.2277725872851155,0.0,0.0,0.9963980789754536,0.0,0.0,0.0,0.0240963855421686,0.4,0.9945981993998,0.0454545454545454,0.6307450196077017,0.3741838278203439,0.0,0.0,0.9956663777585172,0.0,0.0,0.0,0.9983320488875356,0.9859333333333332,0.2150150370861517,0.9920376333846116,0.4596073501405413,0.2276847274795896,,
2024-07-15 20:34:26,hf_copula_syn_300000,1500,0.01,10,3.0,4,0.9992566060687976,0.9866542105965568,0.2142857142857142,0.992915421549206,0.459810724397214,0.2277557728924883,0.0,0.0,0.9965981856990396,0.0,0.0,0.0,0.0232558139534883,0.4,0.9943981327109036,0.0439560439560439,0.6306815782027896,0.3741165173541785,0.0,0.0,0.9955997066471098,0.0,0.0,0.0,0.9983317185077848,0.9858666666666668,0.2150150726761005,0.9920033525037452,0.4595917949138442,0.2276679063435734,,
2024-07-15 20:36:06,hf_copula_syn_300000,1500,0.01,10,5.0,4,0.9992564553197242,0.9864540237555052,0.2142857142857142,0.9928139691067832,0.4597640754674786,0.2277053308596002,0.0,0.0,0.9964647812166488,0.0,0.0,0.0,0.0219780219780219,0.4,0.99406468822941,0.0416666666666666,0.6305758283440335,0.3740043261280492,0.0,0.0,0.9958663910927396,0.0,0.0,0.0,0.9983311419687516,0.9856666666666668,0.2150149081578458,0.9919012316245056,0.4595451542731569,0.2276174739928406,,
2024-07-15 20:37:42,hf_copula_syn_300000,1500,0.01,10,7.0,4,0.999256354786371,0.9863205658614708,0.2142857142857142,0.9927463227886358,0.4597329735512944,0.227671703791836,0.0,0.0,0.996531483457844,0.0,0.0,0.0,0.0219780219780219,0.4,0.99406468822941,0.0416666666666666,0.6305758283440335,0.3740043261280492,0.0,0.0,0.9956663777585172,0.0,0.0,0.0,0.9983310415292296,0.9855333333333334,0.2150149303981521,0.991833648442922,0.4595140813854279,0.2275838783103397,,
2024-07-15 20:39:38,hf_copula_syn_300000,1500,0.01,10,9.0,4,0.999256304509499,0.9862538369144536,0.2142857142857142,0.9927124962219162,0.4597174218041339,0.2276548905442023,0.0,0.0,0.996531483457844,0.0,0.0,0.0,0.0229885057471264,0.4,0.9943314438146048,0.0434782608695652,0.630660429649619,0.3740940798205382,0.0,0.0,0.99533302220148,0.0,0.0,0.0,0.9983313281272058,0.9854666666666668,0.2150149970929767,0.991800457312399,0.4594985723536666,0.2275671106729678,,
2024-07-15 20:39:58,hf_copula_syn_300000,1000,0.01,2,1.0,4,0.9992589598490972,0.989790471106366,0.2142857142857142,0.994502179014415,0.4605409407362403,0.2285462556356228,0.0,0.0,0.9948639274279616,0.0,0.0,0.0,0.037037037037037,0.4,0.996532177392464,0.0677966101694915,0.6313579578630379,0.3748343305721224,0.0,0.0,0.9983332222148144,0.0,0.0,0.0,0.9983386638322505,0.989,0.2150150413209543,0.9935965758507248,0.4603215551775075,0.2284578905738869,,
2024-07-15 20:40:18,hf_copula_syn_300000,1000,0.01,2,3.0,4,0.9992589598490972,0.989790471106366,0.2142857142857142,0.994502179014415,0.4605409407362403,0.2285462556356228,0.0,0.0,0.9948639274279616,0.0,0.0,0.0,0.037037037037037,0.4,0.996532177392464,0.0677966101694915,0.6313579578630379,0.3748343305721224,0.0,0.0,0.9983332222148144,0.0,0.0,0.0,0.9983386638322505,0.989,0.2150150413209543,0.9935965758507248,0.4603215551775075,0.2284578905738869,,
2024-07-15 20:40:39,hf_copula_syn_300000,1000,0.01,2,5.0,4,0.9992589598490972,0.989790471106366,0.2142857142857142,0.994502179014415,0.4605409407362403,0.2285462556356228,0.0,0.0,0.9948639274279616,0.0,0.0,0.0,0.037037037037037,0.4,0.996532177392464,0.0677966101694915,0.6313579578630379,0.3748343305721224,0.0,0.0,0.9983332222148144,0.0,0.0,0.0,0.9983386638322505,0.989,0.2150150413209543,0.9935965758507248,0.4603215551775075,0.2284578905738869,,
2024-07-15 20:40:59,hf_copula_syn_300000,1000,0.01,2,7.0,4,0.9992589598490972,0.989790471106366,0.2142857142857142,0.994502179014415,0.4605409407362403,0.2285462556356228,0.0,0.0,0.9948639274279616,0.0,0.0,0.0,0.037037037037037,0.4,0.996532177392464,0.0677966101694915,0.6313579578630379,0.3748343305721224,0.0,0.0,0.9983332222148144,0.0,0.0,0.0,0.9983386638322505,0.989,0.2150150413209543,0.9935965758507248,0.4603215551775075,0.2284578905738869,,
2024-07-15 20:41:19,hf_copula_syn_300000,1000,0.01,2,9.0,4,0.9992589598490972,0.989790471106366,0.2142857142857142,0.994502179014415,0.4605409407362403,0.2285462556356228,0.0,0.0,0.9948639274279616,0.0,0.0,0.0,0.037037037037037,0.4,0.996532177392464,0.0677966101694915,0.6313579578630379,0.3748343305721224,0.0,0.0,0.9983332222148144,0.0,0.0,0.0,0.9983386638322505,0.989,0.2150150413209543,0.9935965758507248,0.4603215551775075,0.2284578905738869,,
2024-07-15 20:41:41,hf_copula_syn_300000,1000,0.01,4,1.0,4,0.9992564050564456,0.986387294808488,0.2142857142857142,0.9927801470835153,0.4597485247723915,0.227688517230302,0.0,0.0,0.9955309498399146,0.0,0.0,0.0,0.02,0.4,0.9934644881627208,0.038095238095238,0.6303854338934938,0.3738023595060752,0.0,0.0,0.9973331555437028,0.0,0.0,0.0,0.9983304324117264,0.9856,0.2150143078320527,0.9918662506922692,0.4595295546272351,0.2276006087340558,,
2024-07-15 20:42:05,hf_copula_syn_300000,1000,0.01,4,3.0,4,0.9992564050564456,0.986387294808488,0.2142857142857142,0.9927801470835153,0.4597485247723915,0.227688517230302,0.0,0.0,0.9953308431163288,0.0,0.0,0.0,0.0206185567010309,0.4,0.9936645548516172,0.0392156862745098,0.6304489050990943,0.3738696849155342,0.0,0.0,0.9973331555437028,0.0,0.0,0.0,0.9983306385972932,0.9856,0.2150142677973631,0.9918666241749956,0.4595295757843036,0.2276006311758589,,
2024-07-15 20:42:29,hf_copula_syn_300000,1000,0.01,4,5.0,4,0.9992564050564456,0.986387294808488,0.2142857142857142,0.9927801470835153,0.4597485247723915,0.227688517230302,0.0,0.0,0.9956643543223052,0.0,0.0,0.0,0.0196078431372549,0.4,0.9933311103701232,0.0373831775700934,0.6303431162058085,0.3737574741208057,0.0,0.0,0.9973331555437028,0.0,0.0,0.0,0.998330301692772,0.9856,0.2150143345218458,0.9918660133387608,0.4595295405213392,0.2276005937722607,,
2024-07-15 20:42:52,hf_copula_syn_300000,1000,0.01,4,7.0,4,0.9992564050564456,0.986387294808488,0.2142857142857142,0.9927801470835153,0.4597485247723915,0.227688517230302,0.0,0.0,0.9953308431163288,0.0,0.0,0.0,0.0206185567010309,0.4,0.9936645548516172,0.0392156862745098,0.6304489050990943,0.3738696849155342,0.0,0.0,0.9973331555437028,0.0,0.0,0.0,0.9983306385972932,0.9856,0.2150142677973631,0.9918666241749956,0.4595295757843036,0.2276006311758589,,
2024-07-15 20:43:12,hf_copula_syn_300000,1000,0.01,4,9.0,4,0.9992564050564456,0.986387294808488,0.2142857142857142,0.9927801470835153,0.4597485247723915,0.227688517230302,0.0,0.0,0.9952641408751334,0.0,0.0,0.0,0.0208333333333333,0.4,0.993731243747916,0.0396039603960396,0.6304700607476666,0.3738921260071019,0.0,0.0,0.9973331555437028,0.0,0.0,0.0,0.998330710189504,0.9856,0.2150142544524665,0.9918667535997028,0.4595295828361865,0.2276006386562228,,
2024-07-15 20:43:56,hf_copula_syn_300000,1000,0.01,8,1.0,4,0.999256656304906,0.986720939543574,0.2142857142857142,0.992949234488316,0.459826272988795,0.2277725872851155,0.0,0.0,0.9965981856990396,0.0,0.0,0.0,0.0229885057471264,0.4,0.9943314438146048,0.0434782608695652,0.630660429649619,0.3740940798205382,0.0,0.0,0.9957330488699246,0.0,0.0,0.0,0.9983316795942706,0.9859333333333332,0.21501505933595,0.9920369746230834,0.4596073219438887,0.2276846975635896,,
2024-07-15 20:44:41,hf_copula_syn_300000,1000,0.01,8,3.0,4,0.9992565055762082,0.9865207527025224,0.2142857142857142,0.9928477888586684,0.4597796256366092,0.2277221446797307,0.0,0.0,0.9964647812166488,0.0,0.0,0.0,0.0229885057471264,0.4,0.9943314438146048,0.0434782608695652,0.630660429649619,0.3740940798205382,0.0,0.0,0.9956663777585172,0.0,0.0,0.0,0.9983315290062528,0.9857333333333334,0.2150149837421519,0.9919356236760234,0.4595607181292316,0.2276343020379698,,
2024-07-15 20:45:23,hf_copula_syn_300000,1000,0.01,8,5.0,4,0.999256304509499,0.9862538369144536,0.2142857142857142,0.9927124962219162,0.4597174218041339,0.2276548905442023,0.0,0.0,0.9963980789754536,0.0,0.0,0.0,0.0224719101123595,0.4,0.9941980660220072,0.0425531914893617,0.6306181304155495,0.3740492036858791,0.0,0.0,0.9955997066471098,0.0,0.0,0.0,0.9983311559286608,0.9854666666666668,0.2150148992636183,0.9918001489559388,0.4594985582539219,0.2275670957142563,,
2024-07-15 20:46:07,hf_copula_syn_300000,1000,0.01,8,7.0,4,0.999256304509499,0.9862538369144536,0.2142857142857142,0.9927124962219162,0.4597174218041339,0.2276548905442023,0.0,0.0,0.9963980789754536,0.0,0.0,0.0,0.0222222222222222,0.4,0.9941313771257084,0.0421052631578947,0.630596979734508,0.3740267650848605,0.0,0.0,0.9956663777585172,0.0,0.0,0.0,0.9983310726993642,0.9854666666666668,0.215014881478727,0.991799999646495,0.459498551203695,0.2275670882347226,,
2024-07-15 20:46:48,hf_copula_syn_300000,1000,0.01,8,9.0,4,0.9992562039353574,0.986120379020419,0.2142857142857142,0.9926448362720404,0.4596863167314095,0.2276212646214316,0.0,0.0,0.9963313767342584,0.0,0.0,0.0,0.0219780219780219,0.4,0.99406468822941,0.0416666666666666,0.6305758283440335,0.3740043261280492,0.0,0.0,0.9956663777585172,0.0,0.0,0.0,0.9983308908190104,0.9853333333333332,0.2150148236745662,0.9917322566470752,0.4594674681119082,0.2275334862164942,,
2024-07-15 20:48:09,hf_copula_syn_300000,1000,0.01,10,1.0,4,0.999256656304906,0.986720939543574,0.2142857142857142,0.992949234488316,0.459826272988795,0.2277725872851155,0.0,0.0,0.9963313767342584,0.0,0.0,0.0,0.0238095238095238,0.4,0.9945315105035012,0.0449438202247191,0.6307238731817597,0.3741613913540815,0.0,0.0,0.995799719981332,0.0,0.0,0.0,0.998331953266958,0.9859333333333332,0.2150149881714724,0.9920374631428684,0.4596073430917327,0.2276847200007675,,
2024-07-15 20:49:35,hf_copula_syn_300000,1000,0.01,10,3.0,4,0.9992564553197242,0.9864540237555052,0.2142857142857142,0.9928139691067832,0.4597640754674786,0.2277053308596002,0.0,0.0,0.996531483457844,0.0,0.0,0.0,0.0217391304347826,0.4,0.9939979993331112,0.0412371134020618,0.6305546762440545,0.373981886815445,0.0,0.0,0.9958663910927396,0.0,0.0,0.0,0.9983310623382372,0.9856666666666668,0.2150149215027423,0.9919010884400842,0.4595451472224569,0.2276174665130698,,
2024-07-15 20:50:59,hf_copula_syn_300000,1000,0.01,10,5.0,4,0.9992565055762082,0.9865207527025224,0.2142857142857142,0.9928477888586684,0.4597796256366092,0.2277221446797307,0.0,0.0,0.9964647812166488,0.0,0.0,0.0,0.0219780219780219,0.4,0.99406468822941,0.0416666666666666,0.6305758283440335,0.3740043261280492,0.0,0.0,0.9959330622041468,0.0,0.0,0.0,0.9983311921783298,0.9857333333333334,0.2150149126025866,0.9919350198112892,0.4595606899287964,0.2276342721200723,,
2024-07-15 20:52:19,hf_copula_syn_300000,1000,0.01,10,7.0,4,0.9992564553197242,0.9864540237555052,0.2142857142857142,0.9928139691067832,0.4597640754674786,0.2277053308596002,0.0,0.0,0.996531483457844,0.0,0.0,0.0,0.0222222222222222,0.4,0.9941313771257084,0.0421052631578947,0.630596979734508,0.3740267650848605,0.0,0.0,0.9957330488699246,0.0,0.0,0.0,0.9983312233688332,0.9856666666666668,0.215014957072525,0.991901377823336,0.4595451613236205,0.2276174814724929,,
2024-07-15 20:53:37,hf_copula_syn_300000,1000,0.01,10,9.0,4,0.999256304509499,0.9862538369144536,0.2142857142857142,0.9927124962219162,0.4597174218041339,0.2276548905442023,0.0,0.0,0.9963980789754536,0.0,0.0,0.0,0.0222222222222222,0.4,0.9941313771257084,0.0421052631578947,0.630596979734508,0.3740267650848605,0.0,0.0,0.9956663777585172,0.0,0.0,0.0,0.9983310726993642,0.9854666666666668,0.215014881478727,0.991799999646495,0.459498551203695,0.2275670882347226,,
2024-07-15 20:53:45,hf_copula_syn_300000,100,0.001,2,1.0,4,0.9990666666666668,1.0,0.0,0.9995331154538784,0.0,0.0,0.0,0.0,1.0,0.0,0.0,0.0,0.0,0.0,1.0,0.0,0.0,0.0,0.0,0.0,1.0,0.0,0.0,0.0,0.9981342044444445,0.9990666666666668,0.0009333333333333,0.9986002178794549,0.0,0.0,,
2024-07-15 20:53:52,hf_copula_syn_300000,100,0.001,2,3.0,4,0.9990666666666668,1.0,0.0,0.9995331154538784,0.0,0.0,0.0,0.0,1.0,0.0,0.0,0.0,0.0,0.0,1.0,0.0,0.0,0.0,0.0,0.0,1.0,0.0,0.0,0.0,0.9981342044444445,0.9990666666666668,0.0009333333333333,0.9986002178794549,0.0,0.0,,
2024-07-15 20:54:00,hf_copula_syn_300000,100,0.001,2,5.0,4,0.9990666666666668,1.0,0.0,0.9995331154538784,0.0,0.0,0.0,0.0,1.0,0.0,0.0,0.0,0.0,0.0,1.0,0.0,0.0,0.0,0.0,0.0,1.0,0.0,0.0,0.0,0.9981342044444445,0.9990666666666668,0.0009333333333333,0.9986002178794549,0.0,0.0,,
2024-07-15 20:54:08,hf_copula_syn_300000,100,0.001,2,7.0,4,0.9990666666666668,1.0,0.0,0.9995331154538784,0.0,0.0,0.0,0.0,1.0,0.0,0.0,0.0,0.0,0.0,1.0,0.0,0.0,0.0,0.0,0.0,1.0,0.0,0.0,0.0,0.9981342044444445,0.9990666666666668,0.0009333333333333,0.9986002178794549,0.0,0.0,,
2024-07-15 20:54:16,hf_copula_syn_300000,100,0.001,2,9.0,4,0.9990666666666668,1.0,0.0,0.9995331154538784,0.0,0.0,0.0,0.0,1.0,0.0,0.0,0.0,0.0,0.0,1.0,0.0,0.0,0.0,0.0,0.0,1.0,0.0,0.0,0.0,0.9981342044444445,0.9990666666666668,0.0009333333333333,0.9986002178794549,0.0,0.0,,
2024-07-15 20:54:26,hf_copula_syn_300000,100,0.001,4,3.0,4,0.9990644837955228,0.9976644868543976,0.0,0.9983639945243898,0.0,0.0,0.0,0.0,0.9976654215581644,0.0,0.0,0.0,0.0,0.0,1.0,0.0,0.0,0.0,0.0,0.0,1.0,0.0,0.0,0.0,0.9981320236106472,0.9967333333333334,0.000932088224831,0.9974321881295004,0.0,0.0,,
2024-07-15 20:54:36,hf_copula_syn_300000,100,0.001,4,7.0,4,0.9990644837955228,0.9976644868543976,0.0,0.9983639945243898,0.0,0.0,0.0,0.0,0.9976654215581644,0.0,0.0,0.0,0.0,0.0,1.0,0.0,0.0,0.0,0.0,0.0,1.0,0.0,0.0,0.0,0.9981320236106472,0.9967333333333334,0.000932088224831,0.9974321881295004,0.0,0.0,,
2024-07-15 20:54:50,hf_copula_syn_300000,100,0.001,8,3.0,4,0.9992608023654324,0.9922594421460028,0.2142857142857142,0.9957478153145612,0.4611149784131942,0.2291688471143769,0.0,0.0,0.9947972251867664,0.0,0.0,0.0,0.048780487804878,0.4,0.997399133044348,0.0869565217391304,0.6316325302086169,0.3751258381225442,0.0,0.0,1.0,0.0,0.0,0.0,0.998344419112493,0.9914666666666668,0.215015405850162,0.9948474361941808,0.4608951486100782,0.2290799981364444,,
2024-07-15 20:55:03,hf_copula_syn_300000,100,0.001,8,7.0,4,0.9992608023654324,0.9922594421460028,0.2142857142857142,0.9957478153145612,0.4611149784131942,0.2291688471143769,0.0,0.0,0.9947972251867664,0.0,0.0,0.0,0.048780487804878,0.4,0.997399133044348,0.0869565217391304,0.6316325302086169,0.3751258381225442,0.0,0.0,1.0,0.0,0.0,0.0,0.998344419112493,0.9914666666666668,0.215015405850162,0.9948474361941808,0.4608951486100782,0.2290799981364444,,
2024-07-15 20:55:19,hf_copula_syn_300000,100,0.001,10,3.0,4,0.9992573087570048,0.9875884158547978,0.2142857142857142,0.9933885961673994,0.4600283568561207,0.2279911917550033,0.0,0.0,0.9947972251867664,0.0,0.0,0.0,0.0232558139534883,0.4,0.9943981327109036,0.0439560439560439,0.6306815782027896,0.3741165173541785,0.0,0.0,0.9983332222148144,0.0,0.0,0.0,0.9983324205401496,0.9868,0.2150142943981985,0.9924760854922952,0.4598092242491226,0.2279031054818167,,
2024-07-15 20:55:35,hf_copula_syn_300000,100,0.001,10,7.0,4,0.9992573087570048,0.9875884158547978,0.2142857142857142,0.9933885961673994,0.4600283568561207,0.2279911917550033,0.0,0.0,0.9947972251867664,0.0,0.0,0.0,0.0232558139534883,0.4,0.9943981327109036,0.0439560439560439,0.6306815782027896,0.3741165173541785,0.0,0.0,0.9983332222148144,0.0,0.0,0.0,0.9983324205401496,0.9868,0.2150142943981985,0.9924760854922952,0.4598092242491226,0.2279031054818167,,
2024-07-15 20:55:50,hf_copula_syn_300000,500,0.001,2,1.0,4,0.9990666666666668,1.0,0.0,0.9995331154538784,0.0,0.0,0.0,0.0,1.0,0.0,0.0,0.0,0.0,0.0,1.0,0.0,0.0,0.0,0.0,0.0,1.0,0.0,0.0,0.0,0.9981342044444445,0.9990666666666668,0.0009333333333333,0.9986002178794549,0.0,0.0,,
2024-07-15 20:56:03,hf_copula_syn_300000,500,0.001,2,3.0,4,0.9990666666666668,1.0,0.0,0.9995331154538784,0.0,0.0,0.0,0.0,1.0,0.0,0.0,0.0,0.0,0.0,1.0,0.0,0.0,0.0,0.0,0.0,1.0,0.0,0.0,0.0,0.9981342044444445,0.9990666666666668,0.0009333333333333,0.9986002178794549,0.0,0.0,,
2024-07-15 20:56:16,hf_copula_syn_300000,500,0.001,2,5.0,4,0.9990666666666668,1.0,0.0,0.9995331154538784,0.0,0.0,0.0,0.0,1.0,0.0,0.0,0.0,0.0,0.0,1.0,0.0,0.0,0.0,0.0,0.0,1.0,0.0,0.0,0.0,0.9981342044444445,0.9990666666666668,0.0009333333333333,0.9986002178794549,0.0,0.0,,
2024-07-15 20:56:29,hf_copula_syn_300000,500,0.001,2,7.0,4,0.9990666666666668,1.0,0.0,0.9995331154538784,0.0,0.0,0.0,0.0,1.0,0.0,0.0,0.0,0.0,0.0,1.0,0.0,0.0,0.0,0.0,0.0,1.0,0.0,0.0,0.0,0.9981342044444445,0.9990666666666668,0.0009333333333333,0.9986002178794549,0.0,0.0,,
2024-07-15 20:56:42,hf_copula_syn_300000,500,0.001,2,9.0,4,0.9990666666666668,1.0,0.0,0.9995331154538784,0.0,0.0,0.0,0.0,1.0,0.0,0.0,0.0,0.0,0.0,1.0,0.0,0.0,0.0,0.0,0.0,1.0,0.0,0.0,0.0,0.9981342044444445,0.9990666666666668,0.0009333333333333,0.9986002178794549,0.0,0.0,,
2024-07-15 20:56:58,hf_copula_syn_300000,500,0.001,4,3.0,4,0.9990644837955228,0.9976644868543976,0.0,0.9983639945243898,0.0,0.0,0.0,0.0,0.9976654215581644,0.0,0.0,0.0,0.0,0.0,1.0,0.0,0.0,0.0,0.0,0.0,1.0,0.0,0.0,0.0,0.9981320236106472,0.9967333333333334,0.000932088224831,0.9974321881295004,0.0,0.0,,
2024-07-15 20:57:14,hf_copula_syn_300000,500,0.001,4,7.0,4,0.9990644837955228,0.9976644868543976,0.0,0.9983639945243898,0.0,0.0,0.0,0.0,0.9976654215581644,0.0,0.0,0.0,0.0,0.0,1.0,0.0,0.0,0.0,0.0,0.0,1.0,0.0,0.0,0.0,0.9981320236106472,0.9967333333333334,0.000932088224831,0.9974321881295004,0.0,0.0,,
2024-07-15 20:57:43,hf_copula_syn_300000,500,0.001,8,3.0,4,0.9992595584275712,0.9905912184705724,0.2142857142857142,0.9949065076067288,0.4607271934834351,0.2287481485714631,0.0,0.0,0.9947972251867664,0.0,0.0,0.0,0.048780487804878,0.4,0.997399133044348,0.0869565217391304,0.6316325302086169,0.3751258381225442,0.0,0.0,0.9983332222148144,0.0,0.0,0.0,0.9983431763356404,0.9898,0.215015294731643,0.9940069137068756,0.4605077256129201,0.2286596922455039,,
2024-07-15 20:58:09,hf_copula_syn_300000,500,0.001,8,7.0,4,0.9992595584275712,0.9905912184705724,0.2142857142857142,0.9949065076067288,0.4607271934834351,0.2287481485714631,0.0,0.0,0.9947972251867664,0.0,0.0,0.0,0.048780487804878,0.4,0.997399133044348,0.0869565217391304,0.6316325302086169,0.3751258381225442,0.0,0.0,0.9983332222148144,0.0,0.0,0.0,0.9983431763356404,0.9898,0.215015294731643,0.9940069137068756,0.4605077256129201,0.2286596922455039,,
2024-07-15 20:58:52,hf_copula_syn_300000,500,0.001,10,3.0,4,0.9992573087570048,0.9875884158547978,0.2142857142857142,0.9933885961673994,0.4600283568561207,0.2279911917550033,0.0,0.0,0.9947972251867664,0.0,0.0,0.0,0.0232558139534883,0.4,0.9943981327109036,0.0439560439560439,0.6306815782027896,0.3741165173541785,0.0,0.0,0.9983332222148144,0.0,0.0,0.0,0.9983324205401496,0.9868,0.2150142943981985,0.9924760854922952,0.4598092242491226,0.2279031054818167,,
2024-07-15 20:59:37,hf_copula_syn_300000,500,0.001,10,7.0,4,0.9992573087570048,0.9875884158547978,0.2142857142857142,0.9933885961673994,0.4600283568561207,0.2279911917550033,0.0,0.0,0.9947972251867664,0.0,0.0,0.0,0.0232558139534883,0.4,0.9943981327109036,0.0439560439560439,0.6306815782027896,0.3741165173541785,0.0,0.0,0.9983332222148144,0.0,0.0,0.0,0.9983324205401496,0.9868,0.2150142943981985,0.9924760854922952,0.4598092242491226,0.2279031054818167,,
2024-07-15 21:00:03,hf_copula_syn_300000,1500,0.001,2,1.0,4,0.9990666666666668,1.0,0.0,0.9995331154538784,0.0,0.0,0.0,0.0,1.0,0.0,0.0,0.0,0.0,0.0,1.0,0.0,0.0,0.0,0.0,0.0,1.0,0.0,0.0,0.0,0.9981342044444445,0.9990666666666668,0.0009333333333333,0.9986002178794549,0.0,0.0,,
2024-07-15 21:00:25,hf_copula_syn_300000,1500,0.001,2,3.0,4,0.9990666666666668,1.0,0.0,0.9995331154538784,0.0,0.0,0.0,0.0,1.0,0.0,0.0,0.0,0.0,0.0,1.0,0.0,0.0,0.0,0.0,0.0,1.0,0.0,0.0,0.0,0.9981342044444445,0.9990666666666668,0.0009333333333333,0.9986002178794549,0.0,0.0,,
2024-07-15 21:00:48,hf_copula_syn_300000,1500,0.001,2,5.0,4,0.9990666666666668,1.0,0.0,0.9995331154538784,0.0,0.0,0.0,0.0,1.0,0.0,0.0,0.0,0.0,0.0,1.0,0.0,0.0,0.0,0.0,0.0,1.0,0.0,0.0,0.0,0.9981342044444445,0.9990666666666668,0.0009333333333333,0.9986002178794549,0.0,0.0,,
2024-07-15 21:01:13,hf_copula_syn_300000,1500,0.001,2,7.0,4,0.9990666666666668,1.0,0.0,0.9995331154538784,0.0,0.0,0.0,0.0,1.0,0.0,0.0,0.0,0.0,0.0,1.0,0.0,0.0,0.0,0.0,0.0,1.0,0.0,0.0,0.0,0.9981342044444445,0.9990666666666668,0.0009333333333333,0.9986002178794549,0.0,0.0,,
2024-07-15 21:01:39,hf_copula_syn_300000,1500,0.001,2,9.0,4,0.9990666666666668,1.0,0.0,0.9995331154538784,0.0,0.0,0.0,0.0,1.0,0.0,0.0,0.0,0.0,0.0,1.0,0.0,0.0,0.0,0.0,0.0,1.0,0.0,0.0,0.0,0.9981342044444445,0.9990666666666668,0.0009333333333333,0.9986002178794549,0.0,0.0,,
2024-07-15 21:02:11,hf_copula_syn_300000,1500,0.001,4,1.0,4,0.9992629321897616,0.9951287868677432,0.2142857142857142,0.9971915747241724,0.4617812067421439,0.22989272760493,0.0,0.0,0.9976654215581644,0.0,0.0,0.0,0.048780487804878,0.4,0.997399133044348,0.0869565217391304,0.6316325302086169,0.3751258381225442,0.0,0.0,1.0,0.0,0.0,0.0,0.998346546948986,0.9943333333333332,0.2150169355548934,0.9962898480950096,0.4615607551259208,0.2298032030052063,,
2024-07-15 21:02:42,hf_copula_syn_300000,1500,0.001,4,3.0,4,0.9992629321897616,0.9951287868677432,0.2142857142857142,0.9971915747241724,0.4617812067421439,0.22989272760493,0.0,0.0,0.9976654215581644,0.0,0.0,0.0,0.048780487804878,0.4,0.997399133044348,0.0869565217391304,0.6316325302086169,0.3751258381225442,0.0,0.0,1.0,0.0,0.0,0.0,0.998346546948986,0.9943333333333332,0.2150169355548934,0.9962898480950096,0.4615607551259208,0.2298032030052063,,
2024-07-15 21:03:11,hf_copula_syn_300000,1500,0.001,4,5.0,4,0.9992629321897616,0.9951287868677432,0.2142857142857142,0.9971915747241724,0.4617812067421439,0.22989272760493,0.0,0.0,0.9976654215581644,0.0,0.0,0.0,0.048780487804878,0.4,0.997399133044348,0.0869565217391304,0.6316325302086169,0.3751258381225442,0.0,0.0,1.0,0.0,0.0,0.0,0.998346546948986,0.9943333333333332,0.2150169355548934,0.9962898480950096,0.4615607551259208,0.2298032030052063,,
2024-07-15 21:03:42,hf_copula_syn_300000,1500,0.001,4,7.0,4,0.9992629321897616,0.9951287868677432,0.2142857142857142,0.9971915747241724,0.4617812067421439,0.22989272760493,0.0,0.0,0.9976654215581644,0.0,0.0,0.0,0.048780487804878,0.4,0.997399133044348,0.0869565217391304,0.6316325302086169,0.3751258381225442,0.0,0.0,1.0,0.0,0.0,0.0,0.998346546948986,0.9943333333333332,0.2150169355548934,0.9962898480950096,0.4615607551259208,0.2298032030052063,,
2024-07-15 21:04:13,hf_copula_syn_300000,1500,0.001,4,9.0,4,0.9992629321897616,0.9951287868677432,0.2142857142857142,0.9971915747241724,0.4617812067421439,0.22989272760493,0.0,0.0,0.9976654215581644,0.0,0.0,0.0,0.048780487804878,0.4,0.997399133044348,0.0869565217391304,0.6316325302086169,0.3751258381225442,0.0,0.0,1.0,0.0,0.0,0.0,0.998346546948986,0.9943333333333332,0.2150169355548934,0.9962898480950096,0.4615607551259208,0.2298032030052063,,
2024-07-15 21:05:15,hf_copula_syn_300000,1500,0.001,8,1.0,4,0.9992602057972964,0.9914586947817964,0.2142857142857142,0.9953441634567074,0.460928882362669,0.2289668969288632,0.0,0.0,0.9969983991462114,0.0,0.0,0.0,0.0327868852459016,0.4,0.9960653551183728,0.0606060606060606,0.6312100617443841,0.3746773400625595,0.0,0.0,0.9983332222148144,0.0,0.0,0.0,0.9983384919003008,0.9906666666666668,0.215016024098446,0.9944353775910164,0.4607090854263787,0.2288780869384171,,
2024-07-15 21:06:15,hf_copula_syn_300000,1500,0.001,8,3.0,4,0.9992602057972964,0.9914586947817964,0.2142857142857142,0.9953441634567074,0.460928882362669,0.2289668969288632,0.0,0.0,0.9969983991462114,0.0,0.0,0.0,0.0327868852459016,0.4,0.9960653551183728,0.0606060606060606,0.6312100617443841,0.3746773400625595,0.0,0.0,0.9983332222148144,0.0,0.0,0.0,0.9983384919003008,0.9906666666666668,0.215016024098446,0.9944353775910164,0.4607090854263787,0.2288780869384171,,
2024-07-15 21:07:18,hf_copula_syn_300000,1500,0.001,8,5.0,4,0.9992602057972964,0.9914586947817964,0.2142857142857142,0.9953441634567074,0.460928882362669,0.2289668969288632,0.0,0.0,0.9969983991462114,0.0,0.0,0.0,0.0327868852459016,0.4,0.9960653551183728,0.0606060606060606,0.6312100617443841,0.3746773400625595,0.0,0.0,0.9983332222148144,0.0,0.0,0.0,0.9983384919003008,0.9906666666666668,0.215016024098446,0.9944353775910164,0.4607090854263787,0.2288780869384171,,
2024-07-15 21:08:21,hf_copula_syn_300000,1500,0.001,8,7.0,4,0.9992602057972964,0.9914586947817964,0.2142857142857142,0.9953441634567074,0.460928882362669,0.2289668969288632,0.0,0.0,0.9969983991462114,0.0,0.0,0.0,0.0327868852459016,0.4,0.9960653551183728,0.0606060606060606,0.6312100617443841,0.3746773400625595,0.0,0.0,0.9983332222148144,0.0,0.0,0.0,0.9983384919003008,0.9906666666666668,0.215016024098446,0.9944353775910164,0.4607090854263787,0.2288780869384171,,
2024-07-15 21:09:24,hf_copula_syn_300000,1500,0.001,8,9.0,4,0.9992602057972964,0.9914586947817964,0.2142857142857142,0.9953441634567074,0.460928882362669,0.2289668969288632,0.0,0.0,0.9969983991462114,0.0,0.0,0.0,0.0327868852459016,0.4,0.9960653551183728,0.0606060606060606,0.6312100617443841,0.3746773400625595,0.0,0.0,0.9983332222148144,0.0,0.0,0.0,0.9983384919003008,0.9906666666666668,0.215016024098446,0.9944353775910164,0.4607090854263787,0.2288780869384171,,
2024-07-15 21:11:26,hf_copula_syn_300000,1500,0.001,10,1.0,4,0.9992571081245356,0.9873215000667288,0.2142857142857142,0.9932534487966972,0.4599661866609782,0.2279239254062113,0.0,0.0,0.9948639274279616,0.0,0.0,0.0,0.0235294117647058,0.4,0.9944648216072024,0.0444444444444444,0.6307027260468128,0.3741389545320264,0.0,0.0,0.9979331955463696,0.0,0.0,0.0,0.9983323112942076,0.9865333333333334,0.2150143255339147,0.9923412270593018,0.4597471191287769,0.2278359093940095,,
2024-07-15 21:13:18,hf_copula_syn_300000,1500,0.001,10,3.0,4,0.9992571081245356,0.9873215000667288,0.2142857142857142,0.9932534487966972,0.4599661866609782,0.2279239254062113,0.0,0.0,0.9947972251867664,0.0,0.0,0.0,0.0235294117647058,0.4,0.9944648216072024,0.0444444444444444,0.6307027260468128,0.3741389545320264,0.0,0.0,0.9979998666577772,0.0,0.0,0.0,0.9983323112942076,0.9865333333333334,0.2150142944041267,0.9923412270593018,0.4597471191287769,0.2278359093940095,,
2024-07-15 21:15:11,hf_copula_syn_300000,1500,0.001,10,5.0,4,0.9992573588981908,0.987655144801815,0.2142857142857142,0.9934223773407612,0.4600438980921467,0.2280080088192819,0.0,0.0,0.9948639274279616,0.0,0.0,0.0,0.0232558139534883,0.4,0.9943981327109036,0.0439560439560439,0.6306815782027896,0.3741165173541785,0.0,0.0,0.9983332222148144,0.0,0.0,0.0,0.9983324706345368,0.9868666666666668,0.2150143299727271,0.992509835136562,0.459824750979995,0.2279199068501687,,
2024-07-15 21:17:00,hf_copula_syn_300000,1500,0.001,10,7.0,4,0.9992573588981908,0.987655144801815,0.2142857142857142,0.9934223773407612,0.4600438980921467,0.2280080088192819,0.0,0.0,0.9948639274279616,0.0,0.0,0.0,0.0232558139534883,0.4,0.9943981327109036,0.0439560439560439,0.6306815782027896,0.3741165173541785,0.0,0.0,0.9983332222148144,0.0,0.0,0.0,0.9983324706345368,0.9868666666666668,0.2150143299727271,0.992509835136562,0.459824750979995,0.2279199068501687,,
2024-07-15 21:18:52,hf_copula_syn_300000,1500,0.001,10,9.0,4,0.9992573087570048,0.9875884158547978,0.2142857142857142,0.9933885961673994,0.4600283568561207,0.2279911917550033,0.0,0.0,0.9947972251867664,0.0,0.0,0.0,0.0232558139534883,0.4,0.9943981327109036,0.0439560439560439,0.6306815782027896,0.3741165173541785,0.0,0.0,0.9983332222148144,0.0,0.0,0.0,0.9983324205401496,0.9868,0.2150142943981985,0.9924760854922952,0.4598092242491226,0.2279031054818167,,
2024-07-15 21:19:10,hf_copula_syn_300000,1000,0.001,2,1.0,4,0.9990666666666668,1.0,0.0,0.9995331154538784,0.0,0.0,0.0,0.0,1.0,0.0,0.0,0.0,0.0,0.0,1.0,0.0,0.0,0.0,0.0,0.0,1.0,0.0,0.0,0.0,0.9981342044444445,0.9990666666666668,0.0009333333333333,0.9986002178794549,0.0,0.0,,
2024-07-15 21:19:28,hf_copula_syn_300000,1000,0.001,2,3.0,4,0.9990666666666668,1.0,0.0,0.9995331154538784,0.0,0.0,0.0,0.0,1.0,0.0,0.0,0.0,0.0,0.0,1.0,0.0,0.0,0.0,0.0,0.0,1.0,0.0,0.0,0.0,0.9981342044444445,0.9990666666666668,0.0009333333333333,0.9986002178794549,0.0,0.0,,
2024-07-15 21:19:48,hf_copula_syn_300000,1000,0.001,2,5.0,4,0.9990666666666668,1.0,0.0,0.9995331154538784,0.0,0.0,0.0,0.0,1.0,0.0,0.0,0.0,0.0,0.0,1.0,0.0,0.0,0.0,0.0,0.0,1.0,0.0,0.0,0.0,0.9981342044444445,0.9990666666666668,0.0009333333333333,0.9986002178794549,0.0,0.0,,
2024-07-15 21:20:07,hf_copula_syn_300000,1000,0.001,2,7.0,4,0.9990666666666668,1.0,0.0,0.9995331154538784,0.0,0.0,0.0,0.0,1.0,0.0,0.0,0.0,0.0,0.0,1.0,0.0,0.0,0.0,0.0,0.0,1.0,0.0,0.0,0.0,0.9981342044444445,0.9990666666666668,0.0009333333333333,0.9986002178794549,0.0,0.0,,
2024-07-15 21:20:25,hf_copula_syn_300000,1000,0.001,2,9.0,4,0.9990666666666668,1.0,0.0,0.9995331154538784,0.0,0.0,0.0,0.0,1.0,0.0,0.0,0.0,0.0,0.0,1.0,0.0,0.0,0.0,0.0,0.0,1.0,0.0,0.0,0.0,0.9981342044444445,0.9990666666666668,0.0009333333333333,0.9986002178794549,0.0,0.0,,
2024-07-15 21:20:49,hf_copula_syn_300000,1000,0.001,4,3.0,4,0.9990644837955228,0.9976644868543976,0.0,0.9983639945243898,0.0,0.0,0.0,0.0,0.9976654215581644,0.0,0.0,0.0,0.0,0.0,1.0,0.0,0.0,0.0,0.0,0.0,1.0,0.0,0.0,0.0,0.9981320236106472,0.9967333333333334,0.000932088224831,0.9974321881295004,0.0,0.0,,
2024-07-15 21:21:12,hf_copula_syn_300000,1000,0.001,4,7.0,4,0.9990644837955228,0.9976644868543976,0.0,0.9983639945243898,0.0,0.0,0.0,0.0,0.9976654215581644,0.0,0.0,0.0,0.0,0.0,1.0,0.0,0.0,0.0,0.0,0.0,1.0,0.0,0.0,0.0,0.9981320236106472,0.9967333333333334,0.000932088224831,0.9974321881295004,0.0,0.0,,
2024-07-15 21:21:57,hf_copula_syn_300000,1000,0.001,8,3.0,4,0.9992594587316548,0.990457760576538,0.2142857142857142,0.9948391420911528,0.4606961565880189,0.2287144978405007,0.0,0.0,0.9959978655282816,0.0,0.0,0.0,0.0327868852459016,0.4,0.9960653551183728,0.0606060606060606,0.6312100617443841,0.3746773400625595,0.0,0.0,0.9983332222148144,0.0,0.0,0.0,0.9983377455319206,0.9896666666666668,0.2150154904805165,0.9939308275787364,0.4604765768624516,0.2286259234225371,,
2024-07-15 21:22:43,hf_copula_syn_300000,1000,0.001,8,7.0,4,0.9992587101556708,0.98945682637128,0.2142857142857142,0.994333612740989,0.4604633131899279,0.2284621416893931,0.0,0.0,0.9949973319103522,0.0,0.0,0.0,0.0327868852459016,0.4,0.9960653551183728,0.0606060606060606,0.6312100617443841,0.3746773400625595,0.0,0.0,0.9983332222148144,0.0,0.0,0.0,0.9983369976546076,0.9886666666666668,0.2150149568625869,0.993425770055966,0.4602439507848654,0.2283738028038372,,
2024-07-15 21:24:04,hf_copula_syn_300000,1000,0.001,10,3.0,4,0.9992573087570048,0.9875884158547978,0.2142857142857142,0.9933885961673994,0.4600283568561207,0.2279911917550033,0.0,0.0,0.9947972251867664,0.0,0.0,0.0,0.0232558139534883,0.4,0.9943981327109036,0.0439560439560439,0.6306815782027896,0.3741165173541785,0.0,0.0,0.9983332222148144,0.0,0.0,0.0,0.9983324205401496,0.9868,0.2150142943981985,0.9924760854922952,0.4598092242491226,0.2279031054818167,,
2024-07-15 21:25:25,hf_copula_syn_300000,1000,0.001,10,7.0,4,0.9992573087570048,0.9875884158547978,0.2142857142857142,0.9933885961673994,0.4600283568561207,0.2279911917550033,0.0,0.0,0.9947972251867664,0.0,0.0,0.0,0.0232558139534883,0.4,0.9943981327109036,0.0439560439560439,0.6306815782027896,0.3741165173541785,0.0,0.0,0.9983332222148144,0.0,0.0,0.0,0.9983324205401496,0.9868,0.2150142943981985,0.9924760854922952,0.4598092242491226,0.2279031054818167,,
2024-07-15 21:25:34,hf_copula_syn_300000,100,0.0001,2,1.0,4,0.9990666666666668,1.0,0.0,0.9995331154538784,0.0,0.0,0.0,0.0,1.0,0.0,0.0,0.0,0.0,0.0,1.0,0.0,0.0,0.0,0.0,0.0,1.0,0.0,0.0,0.0,0.9981342044444445,0.9990666666666668,0.0009333333333333,0.9986002178794549,0.0,0.0,,
2024-07-15 21:25:42,hf_copula_syn_300000,100,0.0001,2,3.0,4,0.9990666666666668,1.0,0.0,0.9995331154538784,0.0,0.0,0.0,0.0,1.0,0.0,0.0,0.0,0.0,0.0,1.0,0.0,0.0,0.0,0.0,0.0,1.0,0.0,0.0,0.0,0.9981342044444445,0.9990666666666668,0.0009333333333333,0.9986002178794549,0.0,0.0,,
2024-07-15 21:25:50,hf_copula_syn_300000,100,0.0001,2,5.0,4,0.9990666666666668,1.0,0.0,0.9995331154538784,0.0,0.0,0.0,0.0,1.0,0.0,0.0,0.0,0.0,0.0,1.0,0.0,0.0,0.0,0.0,0.0,1.0,0.0,0.0,0.0,0.9981342044444445,0.9990666666666668,0.0009333333333333,0.9986002178794549,0.0,0.0,,
2024-07-15 21:25:59,hf_copula_syn_300000,100,0.0001,2,7.0,4,0.9990666666666668,1.0,0.0,0.9995331154538784,0.0,0.0,0.0,0.0,1.0,0.0,0.0,0.0,0.0,0.0,1.0,0.0,0.0,0.0,0.0,0.0,1.0,0.0,0.0,0.0,0.9981342044444445,0.9990666666666668,0.0009333333333333,0.9986002178794549,0.0,0.0,,
2024-07-15 21:26:07,hf_copula_syn_300000,100,0.0001,2,9.0,4,0.9990666666666668,1.0,0.0,0.9995331154538784,0.0,0.0,0.0,0.0,1.0,0.0,0.0,0.0,0.0,0.0,1.0,0.0,0.0,0.0,0.0,0.0,1.0,0.0,0.0,0.0,0.9981342044444445,0.9990666666666668,0.0009333333333333,0.9986002178794549,0.0,0.0,,
2024-07-15 21:26:17,hf_copula_syn_300000,100,0.0001,4,3.0,4,0.9990644837955228,0.9976644868543976,0.0,0.9983639945243898,0.0,0.0,0.0,0.0,0.9976654215581644,0.0,0.0,0.0,0.0,0.0,1.0,0.0,0.0,0.0,0.0,0.0,1.0,0.0,0.0,0.0,0.9981320236106472,0.9967333333333334,0.000932088224831,0.9974321881295004,0.0,0.0,,
2024-07-15 21:26:27,hf_copula_syn_300000,100,0.0001,4,7.0,4,0.9990644837955228,0.9976644868543976,0.0,0.9983639945243898,0.0,0.0,0.0,0.0,0.9976654215581644,0.0,0.0,0.0,0.0,0.0,1.0,0.0,0.0,0.0,0.0,0.0,1.0,0.0,0.0,0.0,0.9981320236106472,0.9967333333333334,0.000932088224831,0.9974321881295004,0.0,0.0,,
2024-07-15 21:26:40,hf_copula_syn_300000,100,0.0001,8,3.0,4,0.9992608023654324,0.9922594421460028,0.2142857142857142,0.9957478153145612,0.4611149784131942,0.2291688471143769,0.0,0.0,0.9947972251867664,0.0,0.0,0.0,0.048780487804878,0.4,0.997399133044348,0.0869565217391304,0.6316325302086169,0.3751258381225442,0.0,0.0,1.0,0.0,0.0,0.0,0.998344419112493,0.9914666666666668,0.215015405850162,0.9948474361941808,0.4608951486100782,0.2290799981364444,,
2024-07-15 21:26:52,hf_copula_syn_300000,100,0.0001,8,7.0,4,0.9992608023654324,0.9922594421460028,0.2142857142857142,0.9957478153145612,0.4611149784131942,0.2291688471143769,0.0,0.0,0.9947972251867664,0.0,0.0,0.0,0.048780487804878,0.4,0.997399133044348,0.0869565217391304,0.6316325302086169,0.3751258381225442,0.0,0.0,1.0,0.0,0.0,0.0,0.998344419112493,0.9914666666666668,0.215015405850162,0.9948474361941808,0.4608951486100782,0.2290799981364444,,
2024-07-15 21:27:09,hf_copula_syn_300000,100,0.0001,10,3.0,4,0.9992573087570048,0.9875884158547978,0.2142857142857142,0.9933885961673994,0.4600283568561207,0.2279911917550033,0.0,0.0,0.9947972251867664,0.0,0.0,0.0,0.0232558139534883,0.4,0.9943981327109036,0.0439560439560439,0.6306815782027896,0.3741165173541785,0.0,0.0,0.9983332222148144,0.0,0.0,0.0,0.9983324205401496,0.9868,0.2150142943981985,0.9924760854922952,0.4598092242491226,0.2279031054818167,,
2024-07-15 21:27:25,hf_copula_syn_300000,100,0.0001,10,7.0,4,0.9992573087570048,0.9875884158547978,0.2142857142857142,0.9933885961673994,0.4600283568561207,0.2279911917550033,0.0,0.0,0.9947972251867664,0.0,0.0,0.0,0.0232558139534883,0.4,0.9943981327109036,0.0439560439560439,0.6306815782027896,0.3741165173541785,0.0,0.0,0.9983332222148144,0.0,0.0,0.0,0.9983324205401496,0.9868,0.2150142943981985,0.9924760854922952,0.4598092242491226,0.2279031054818167,,
2024-07-15 21:27:39,hf_copula_syn_300000,500,0.0001,2,1.0,4,0.9990666666666668,1.0,0.0,0.9995331154538784,0.0,0.0,0.0,0.0,1.0,0.0,0.0,0.0,0.0,0.0,1.0,0.0,0.0,0.0,0.0,0.0,1.0,0.0,0.0,0.0,0.9981342044444445,0.9990666666666668,0.0009333333333333,0.9986002178794549,0.0,0.0,,
2024-07-15 21:27:52,hf_copula_syn_300000,500,0.0001,2,3.0,4,0.9990666666666668,1.0,0.0,0.9995331154538784,0.0,0.0,0.0,0.0,1.0,0.0,0.0,0.0,0.0,0.0,1.0,0.0,0.0,0.0,0.0,0.0,1.0,0.0,0.0,0.0,0.9981342044444445,0.9990666666666668,0.0009333333333333,0.9986002178794549,0.0,0.0,,
2024-07-15 21:28:06,hf_copula_syn_300000,500,0.0001,2,5.0,4,0.9990666666666668,1.0,0.0,0.9995331154538784,0.0,0.0,0.0,0.0,1.0,0.0,0.0,0.0,0.0,0.0,1.0,0.0,0.0,0.0,0.0,0.0,1.0,0.0,0.0,0.0,0.9981342044444445,0.9990666666666668,0.0009333333333333,0.9986002178794549,0.0,0.0,,
2024-07-15 21:28:19,hf_copula_syn_300000,500,0.0001,2,7.0,4,0.9990666666666668,1.0,0.0,0.9995331154538784,0.0,0.0,0.0,0.0,1.0,0.0,0.0,0.0,0.0,0.0,1.0,0.0,0.0,0.0,0.0,0.0,1.0,0.0,0.0,0.0,0.9981342044444445,0.9990666666666668,0.0009333333333333,0.9986002178794549,0.0,0.0,,
2024-07-15 21:28:32,hf_copula_syn_300000,500,0.0001,2,9.0,4,0.9990666666666668,1.0,0.0,0.9995331154538784,0.0,0.0,0.0,0.0,1.0,0.0,0.0,0.0,0.0,0.0,1.0,0.0,0.0,0.0,0.0,0.0,1.0,0.0,0.0,0.0,0.9981342044444445,0.9990666666666668,0.0009333333333333,0.9986002178794549,0.0,0.0,,
2024-07-15 21:28:48,hf_copula_syn_300000,500,0.0001,4,3.0,4,0.9990644837955228,0.9976644868543976,0.0,0.9983639945243898,0.0,0.0,0.0,0.0,0.9976654215581644,0.0,0.0,0.0,0.0,0.0,1.0,0.0,0.0,0.0,0.0,0.0,1.0,0.0,0.0,0.0,0.9981320236106472,0.9967333333333334,0.000932088224831,0.9974321881295004,0.0,0.0,,
2024-07-15 21:29:05,hf_copula_syn_300000,500,0.0001,4,7.0,4,0.9990644837955228,0.9976644868543976,0.0,0.9983639945243898,0.0,0.0,0.0,0.0,0.9976654215581644,0.0,0.0,0.0,0.0,0.0,1.0,0.0,0.0,0.0,0.0,0.0,1.0,0.0,0.0,0.0,0.9981320236106472,0.9967333333333334,0.000932088224831,0.9974321881295004,0.0,0.0,,
2024-07-15 21:29:34,hf_copula_syn_300000,500,0.0001,8,3.0,4,0.9992608023654324,0.9922594421460028,0.2142857142857142,0.9957478153145612,0.4611149784131942,0.2291688471143769,0.0,0.0,0.9947972251867664,0.0,0.0,0.0,0.048780487804878,0.4,0.997399133044348,0.0869565217391304,0.6316325302086169,0.3751258381225442,0.0,0.0,1.0,0.0,0.0,0.0,0.998344419112493,0.9914666666666668,0.215015405850162,0.9948474361941808,0.4608951486100782,0.2290799981364444,,
2024-07-15 21:30:00,hf_copula_syn_300000,500,0.0001,8,7.0,4,0.9992608023654324,0.9922594421460028,0.2142857142857142,0.9957478153145612,0.4611149784131942,0.2291688471143769,0.0,0.0,0.9947972251867664,0.0,0.0,0.0,0.048780487804878,0.4,0.997399133044348,0.0869565217391304,0.6316325302086169,0.3751258381225442,0.0,0.0,1.0,0.0,0.0,0.0,0.998344419112493,0.9914666666666668,0.215015405850162,0.9948474361941808,0.4608951486100782,0.2290799981364444,,
2024-07-15 21:30:45,hf_copula_syn_300000,500,0.0001,10,3.0,4,0.9992573087570048,0.9875884158547978,0.2142857142857142,0.9933885961673994,0.4600283568561207,0.2279911917550033,0.0,0.0,0.9947972251867664,0.0,0.0,0.0,0.0232558139534883,0.4,0.9943981327109036,0.0439560439560439,0.6306815782027896,0.3741165173541785,0.0,0.0,0.9983332222148144,0.0,0.0,0.0,0.9983324205401496,0.9868,0.2150142943981985,0.9924760854922952,0.4598092242491226,0.2279031054818167,,
2024-07-15 21:31:29,hf_copula_syn_300000,500,0.0001,10,7.0,4,0.9992573087570048,0.9875884158547978,0.2142857142857142,0.9933885961673994,0.4600283568561207,0.2279911917550033,0.0,0.0,0.9947972251867664,0.0,0.0,0.0,0.0232558139534883,0.4,0.9943981327109036,0.0439560439560439,0.6306815782027896,0.3741165173541785,0.0,0.0,0.9983332222148144,0.0,0.0,0.0,0.9983324205401496,0.9868,0.2150142943981985,0.9924760854922952,0.4598092242491226,0.2279031054818167,,
2024-07-15 21:31:57,hf_copula_syn_300000,1500,0.0001,2,1.0,4,0.9990666666666668,1.0,0.0,0.9995331154538784,0.0,0.0,0.0,0.0,1.0,0.0,0.0,0.0,0.0,0.0,1.0,0.0,0.0,0.0,0.0,0.0,1.0,0.0,0.0,0.0,0.9981342044444445,0.9990666666666668,0.0009333333333333,0.9986002178794549,0.0,0.0,,
2024-07-15 21:32:22,hf_copula_syn_300000,1500,0.0001,2,3.0,4,0.9990666666666668,1.0,0.0,0.9995331154538784,0.0,0.0,0.0,0.0,1.0,0.0,0.0,0.0,0.0,0.0,1.0,0.0,0.0,0.0,0.0,0.0,1.0,0.0,0.0,0.0,0.9981342044444445,0.9990666666666668,0.0009333333333333,0.9986002178794549,0.0,0.0,,
2024-07-15 21:32:44,hf_copula_syn_300000,1500,0.0001,2,5.0,4,0.9990666666666668,1.0,0.0,0.9995331154538784,0.0,0.0,0.0,0.0,1.0,0.0,0.0,0.0,0.0,0.0,1.0,0.0,0.0,0.0,0.0,0.0,1.0,0.0,0.0,0.0,0.9981342044444445,0.9990666666666668,0.0009333333333333,0.9986002178794549,0.0,0.0,,
2024-07-15 21:33:12,hf_copula_syn_300000,1500,0.0001,2,7.0,4,0.9990666666666668,1.0,0.0,0.9995331154538784,0.0,0.0,0.0,0.0,1.0,0.0,0.0,0.0,0.0,0.0,1.0,0.0,0.0,0.0,0.0,0.0,1.0,0.0,0.0,0.0,0.9981342044444445,0.9990666666666668,0.0009333333333333,0.9986002178794549,0.0,0.0,,
2024-07-15 21:33:35,hf_copula_syn_300000,1500,0.0001,2,9.0,4,0.9990666666666668,1.0,0.0,0.9995331154538784,0.0,0.0,0.0,0.0,1.0,0.0,0.0,0.0,0.0,0.0,1.0,0.0,0.0,0.0,0.0,0.0,1.0,0.0,0.0,0.0,0.9981342044444445,0.9990666666666668,0.0009333333333333,0.9986002178794549,0.0,0.0,,
2024-07-15 21:34:05,hf_copula_syn_300000,1500,0.0001,4,1.0,4,0.9990644837955228,0.9976644868543976,0.0,0.9983639945243898,0.0,0.0,0.0,0.0,0.9976654215581644,0.0,0.0,0.0,0.0,0.0,1.0,0.0,0.0,0.0,0.0,0.0,1.0,0.0,0.0,0.0,0.9981320236106472,0.9967333333333334,0.000932088224831,0.9974321881295004,0.0,0.0,,
2024-07-15 21:34:36,hf_copula_syn_300000,1500,0.0001,4,3.0,4,0.9990644837955228,0.9976644868543976,0.0,0.9983639945243898,0.0,0.0,0.0,0.0,0.9976654215581644,0.0,0.0,0.0,0.0,0.0,1.0,0.0,0.0,0.0,0.0,0.0,1.0,0.0,0.0,0.0,0.9981320236106472,0.9967333333333334,0.000932088224831,0.9974321881295004,0.0,0.0,,
2024-07-15 21:35:07,hf_copula_syn_300000,1500,0.0001,4,5.0,4,0.9990644837955228,0.9976644868543976,0.0,0.9983639945243898,0.0,0.0,0.0,0.0,0.9976654215581644,0.0,0.0,0.0,0.0,0.0,1.0,0.0,0.0,0.0,0.0,0.0,1.0,0.0,0.0,0.0,0.9981320236106472,0.9967333333333334,0.000932088224831,0.9974321881295004,0.0,0.0,,
2024-07-15 21:35:38,hf_copula_syn_300000,1500,0.0001,4,7.0,4,0.9990644837955228,0.9976644868543976,0.0,0.9983639945243898,0.0,0.0,0.0,0.0,0.9976654215581644,0.0,0.0,0.0,0.0,0.0,1.0,0.0,0.0,0.0,0.0,0.0,1.0,0.0,0.0,0.0,0.9981320236106472,0.9967333333333334,0.000932088224831,0.9974321881295004,0.0,0.0,,
2024-07-15 21:36:07,hf_copula_syn_300000,1500,0.0001,4,9.0,4,0.9990644837955228,0.9976644868543976,0.0,0.9983639945243898,0.0,0.0,0.0,0.0,0.9976654215581644,0.0,0.0,0.0,0.0,0.0,1.0,0.0,0.0,0.0,0.0,0.0,1.0,0.0,0.0,0.0,0.9981320236106472,0.9967333333333334,0.000932088224831,0.9974321881295004,0.0,0.0,,
2024-07-15 21:37:07,hf_copula_syn_300000,1500,0.0001,8,1.0,4,0.9992595584275712,0.9905912184705724,0.2142857142857142,0.9949065076067288,0.4607271934834351,0.2287481485714631,0.0,0.0,0.9947972251867664,0.0,0.0,0.0,0.048780487804878,0.4,0.997399133044348,0.0869565217391304,0.6316325302086169,0.3751258381225442,0.0,0.0,0.9983332222148144,0.0,0.0,0.0,0.9983431763356404,0.9898,0.215015294731643,0.9940069137068756,0.4605077256129201,0.2286596922455039,,
2024-07-15 21:38:05,hf_copula_syn_300000,1500,0.0001,8,3.0,4,0.9992595584275712,0.9905912184705724,0.2142857142857142,0.9949065076067288,0.4607271934834351,0.2287481485714631,0.0,0.0,0.9947972251867664,0.0,0.0,0.0,0.048780487804878,0.4,0.997399133044348,0.0869565217391304,0.6316325302086169,0.3751258381225442,0.0,0.0,0.9983332222148144,0.0,0.0,0.0,0.9983431763356404,0.9898,0.215015294731643,0.9940069137068756,0.4605077256129201,0.2286596922455039,,
2024-07-15 21:39:02,hf_copula_syn_300000,1500,0.0001,8,5.0,4,0.9992595584275712,0.9905912184705724,0.2142857142857142,0.9949065076067288,0.4607271934834351,0.2287481485714631,0.0,0.0,0.9947972251867664,0.0,0.0,0.0,0.048780487804878,0.4,0.997399133044348,0.0869565217391304,0.6316325302086169,0.3751258381225442,0.0,0.0,0.9983332222148144,0.0,0.0,0.0,0.9983431763356404,0.9898,0.215015294731643,0.9940069137068756,0.4605077256129201,0.2286596922455039,,
2024-07-15 21:40:04,hf_copula_syn_300000,1500,0.0001,8,7.0,4,0.9992595584275712,0.9905912184705724,0.2142857142857142,0.9949065076067288,0.4607271934834351,0.2287481485714631,0.0,0.0,0.9947972251867664,0.0,0.0,0.0,0.048780487804878,0.4,0.997399133044348,0.0869565217391304,0.6316325302086169,0.3751258381225442,0.0,0.0,0.9983332222148144,0.0,0.0,0.0,0.9983431763356404,0.9898,0.215015294731643,0.9940069137068756,0.4605077256129201,0.2286596922455039,,
2024-07-15 21:41:06,hf_copula_syn_300000,1500,0.0001,8,9.0,4,0.9992595584275712,0.9905912184705724,0.2142857142857142,0.9949065076067288,0.4607271934834351,0.2287481485714631,0.0,0.0,0.9947972251867664,0.0,0.0,0.0,0.048780487804878,0.4,0.997399133044348,0.0869565217391304,0.6316325302086169,0.3751258381225442,0.0,0.0,0.9983332222148144,0.0,0.0,0.0,0.9983431763356404,0.9898,0.215015294731643,0.9940069137068756,0.4605077256129201,0.2286596922455039,,
2024-07-15 21:42:56,hf_copula_syn_300000,1500,0.0001,10,1.0,4,0.9992573087570048,0.9875884158547978,0.2142857142857142,0.9933885961673994,0.4600283568561207,0.2279911917550033,0.0,0.0,0.9947972251867664,0.0,0.0,0.0,0.0232558139534883,0.4,0.9943981327109036,0.0439560439560439,0.6306815782027896,0.3741165173541785,0.0,0.0,0.9983332222148144,0.0,0.0,0.0,0.9983324205401496,0.9868,0.2150142943981985,0.9924760854922952,0.4598092242491226,0.2279031054818167,,
2024-07-15 21:44:49,hf_copula_syn_300000,1500,0.0001,10,3.0,4,0.9992573087570048,0.9875884158547978,0.2142857142857142,0.9933885961673994,0.4600283568561207,0.2279911917550033,0.0,0.0,0.9947972251867664,0.0,0.0,0.0,0.0232558139534883,0.4,0.9943981327109036,0.0439560439560439,0.6306815782027896,0.3741165173541785,0.0,0.0,0.9983332222148144,0.0,0.0,0.0,0.9983324205401496,0.9868,0.2150142943981985,0.9924760854922952,0.4598092242491226,0.2279031054818167,,
2024-07-15 21:46:40,hf_copula_syn_300000,1500,0.0001,10,5.0,4,0.9992573087570048,0.9875884158547978,0.2142857142857142,0.9933885961673994,0.4600283568561207,0.2279911917550033,0.0,0.0,0.9947972251867664,0.0,0.0,0.0,0.0232558139534883,0.4,0.9943981327109036,0.0439560439560439,0.6306815782027896,0.3741165173541785,0.0,0.0,0.9983332222148144,0.0,0.0,0.0,0.9983324205401496,0.9868,0.2150142943981985,0.9924760854922952,0.4598092242491226,0.2279031054818167,,
2024-07-15 21:48:30,hf_copula_syn_300000,1500,0.0001,10,7.0,4,0.9992573087570048,0.9875884158547978,0.2142857142857142,0.9933885961673994,0.4600283568561207,0.2279911917550033,0.0,0.0,0.9947972251867664,0.0,0.0,0.0,0.0232558139534883,0.4,0.9943981327109036,0.0439560439560439,0.6306815782027896,0.3741165173541785,0.0,0.0,0.9983332222148144,0.0,0.0,0.0,0.9983324205401496,0.9868,0.2150142943981985,0.9924760854922952,0.4598092242491226,0.2279031054818167,,
2024-07-15 21:50:23,hf_copula_syn_300000,1500,0.0001,10,9.0,4,0.9992573087570048,0.9875884158547978,0.2142857142857142,0.9933885961673994,0.4600283568561207,0.2279911917550033,0.0,0.0,0.9947972251867664,0.0,0.0,0.0,0.0232558139534883,0.4,0.9943981327109036,0.0439560439560439,0.6306815782027896,0.3741165173541785,0.0,0.0,0.9983332222148144,0.0,0.0,0.0,0.9983324205401496,0.9868,0.2150142943981985,0.9924760854922952,0.4598092242491226,0.2279031054818167,,
2024-07-15 21:50:43,hf_copula_syn_300000,1000,0.0001,2,1.0,4,0.9990666666666668,1.0,0.0,0.9995331154538784,0.0,0.0,0.0,0.0,1.0,0.0,0.0,0.0,0.0,0.0,1.0,0.0,0.0,0.0,0.0,0.0,1.0,0.0,0.0,0.0,0.9981342044444445,0.9990666666666668,0.0009333333333333,0.9986002178794549,0.0,0.0,,
2024-07-15 21:51:09,hf_copula_syn_300000,1000,0.0001,2,3.0,4,0.9990666666666668,1.0,0.0,0.9995331154538784,0.0,0.0,0.0,0.0,1.0,0.0,0.0,0.0,0.0,0.0,1.0,0.0,0.0,0.0,0.0,0.0,1.0,0.0,0.0,0.0,0.9981342044444445,0.9990666666666668,0.0009333333333333,0.9986002178794549,0.0,0.0,,
2024-07-15 21:51:28,hf_copula_syn_300000,1000,0.0001,2,5.0,4,0.9990666666666668,1.0,0.0,0.9995331154538784,0.0,0.0,0.0,0.0,1.0,0.0,0.0,0.0,0.0,0.0,1.0,0.0,0.0,0.0,0.0,0.0,1.0,0.0,0.0,0.0,0.9981342044444445,0.9990666666666668,0.0009333333333333,0.9986002178794549,0.0,0.0,,
2024-07-15 21:51:47,hf_copula_syn_300000,1000,0.0001,2,7.0,4,0.9990666666666668,1.0,0.0,0.9995331154538784,0.0,0.0,0.0,0.0,1.0,0.0,0.0,0.0,0.0,0.0,1.0,0.0,0.0,0.0,0.0,0.0,1.0,0.0,0.0,0.0,0.9981342044444445,0.9990666666666668,0.0009333333333333,0.9986002178794549,0.0,0.0,,
2024-07-15 21:52:07,hf_copula_syn_300000,1000,0.0001,2,9.0,4,0.9990666666666668,1.0,0.0,0.9995331154538784,0.0,0.0,0.0,0.0,1.0,0.0,0.0,0.0,0.0,0.0,1.0,0.0,0.0,0.0,0.0,0.0,1.0,0.0,0.0,0.0,0.9981342044444445,0.9990666666666668,0.0009333333333333,0.9986002178794549,0.0,0.0,,
2024-07-15 21:52:31,hf_copula_syn_300000,1000,0.0001,4,3.0,4,0.9990644837955228,0.9976644868543976,0.0,0.9983639945243898,0.0,0.0,0.0,0.0,0.9976654215581644,0.0,0.0,0.0,0.0,0.0,1.0,0.0,0.0,0.0,0.0,0.0,1.0,0.0,0.0,0.0,0.9981320236106472,0.9967333333333334,0.000932088224831,0.9974321881295004,0.0,0.0,,
2024-07-15 21:52:56,hf_copula_syn_300000,1000,0.0001,4,7.0,4,0.9990644837955228,0.9976644868543976,0.0,0.9983639945243898,0.0,0.0,0.0,0.0,0.9976654215581644,0.0,0.0,0.0,0.0,0.0,1.0,0.0,0.0,0.0,0.0,0.0,1.0,0.0,0.0,0.0,0.9981320236106472,0.9967333333333334,0.000932088224831,0.9974321881295004,0.0,0.0,,
2024-07-15 21:53:37,hf_copula_syn_300000,1000,0.0001,8,3.0,4,0.9992608023654324,0.9922594421460028,0.2142857142857142,0.9957478153145612,0.4611149784131942,0.2291688471143769,0.0,0.0,0.9947972251867664,0.0,0.0,0.0,0.048780487804878,0.4,0.997399133044348,0.0869565217391304,0.6316325302086169,0.3751258381225442,0.0,0.0,1.0,0.0,0.0,0.0,0.998344419112493,0.9914666666666668,0.215015405850162,0.9948474361941808,0.4608951486100782,0.2290799981364444,,
2024-07-15 21:54:20,hf_copula_syn_300000,1000,0.0001,8,7.0,4,0.9992608023654324,0.9922594421460028,0.2142857142857142,0.9957478153145612,0.4611149784131942,0.2291688471143769,0.0,0.0,0.9947972251867664,0.0,0.0,0.0,0.048780487804878,0.4,0.997399133044348,0.0869565217391304,0.6316325302086169,0.3751258381225442,0.0,0.0,1.0,0.0,0.0,0.0,0.998344419112493,0.9914666666666668,0.215015405850162,0.9948474361941808,0.4608951486100782,0.2290799981364444,,
2024-07-15 21:55:39,hf_copula_syn_300000,1000,0.0001,10,3.0,4,0.9992573087570048,0.9875884158547978,0.2142857142857142,0.9933885961673994,0.4600283568561207,0.2279911917550033,0.0,0.0,0.9947972251867664,0.0,0.0,0.0,0.0232558139534883,0.4,0.9943981327109036,0.0439560439560439,0.6306815782027896,0.3741165173541785,0.0,0.0,0.9983332222148144,0.0,0.0,0.0,0.9983324205401496,0.9868,0.2150142943981985,0.9924760854922952,0.4598092242491226,0.2279031054818167,,
2024-07-15 21:56:57,hf_copula_syn_300000,1000,0.0001,10,7.0,4,0.9992573087570048,0.9875884158547978,0.2142857142857142,0.9933885961673994,0.4600283568561207,0.2279911917550033,0.0,0.0,0.9947972251867664,0.0,0.0,0.0,0.0232558139534883,0.4,0.9943981327109036,0.0439560439560439,0.6306815782027896,0.3741165173541785,0.0,0.0,0.9983332222148144,0.0,0.0,0.0,0.9983324205401496,0.9868,0.2150142943981985,0.9924760854922952,0.4598092242491226,0.2279031054818167,,
2024-07-22 00:06:38,hf_copula_syn_100000_2,100,0.1,2,1.0,4,0.9993904503894344,0.9846523421860404,0.3571428571428571,0.991966656582972,0.5930105823513849,0.3737286466447189,0.0101010101010101,0.125,0.9934631803628602,0.0186915887850467,0.3523959386050831,0.1133980701304658,0.0147058823529411,0.4,0.9910636878959652,0.0283687943262411,0.629623280349755,0.3729942048260836,0.0,0.0,1.0,0.0,0.0,0.0,0.9984679751352424,0.9839333333333332,0.3577363920683493,0.9910602461489552,0.5928549247352296,0.3735646436135287,,
2024-07-22 00:06:43,hf_copula_syn_100000_2,100,0.1,2,3.0,4,0.9993904503894344,0.9846523421860404,0.3571428571428571,0.991966656582972,0.5930105823513849,0.3737286466447189,0.01,0.125,0.9933964781216648,0.0185185185185185,0.352384108275626,0.1133912847279666,0.0148148148148148,0.4,0.991130376792264,0.0285714285714285,0.6296444637387878,0.3730166597935668,0.0,0.0,1.0,0.0,0.0,0.0,0.9984679575740094,0.9839333333333332,0.3577363787234528,0.9910602213895616,0.5928549254868503,0.3735646474796366,,
2024-07-22 00:06:46,hf_copula_syn_100000_2,100,0.1,2,5.0,4,0.9993904503894344,0.9846523421860404,0.3571428571428571,0.991966656582972,0.5930105823513849,0.3737286466447189,0.0099009900990099,0.125,0.9933297758804696,0.018348623853211,0.3523722775489847,0.1133844992142376,0.0149253731343283,0.4,0.9911970656885628,0.0287769784172661,0.6296656464151631,0.3730391144052575,0.0,0.0,1.0,0.0,0.0,0.0,0.998467941621502,0.9839333333333332,0.3577363653785562,0.9910601992956888,0.5928549262380214,0.3735646513455665,,
2024-07-22 00:06:50,hf_copula_syn_100000_2,100,0.1,2,7.0,4,0.9993904503894344,0.9846523421860404,0.3571428571428571,0.991966656582972,0.5930105823513849,0.3737286466447189,0.0103092783505154,0.125,0.9935965848452508,0.019047619047619,0.3524195980726048,0.1134116406017752,0.0144927536231884,0.4,0.9909303101033676,0.0279720279720279,0.629580911433429,0.3729492938237387,0.0,0.0,1.0,0.0,0.0,0.0,0.9984680151687324,0.9839333333333332,0.3577364187581424,0.9910603037763106,0.5928549232306402,0.3735646358807793,,
2024-07-22 00:06:54,hf_copula_syn_100000_2,100,0.1,2,9.0,4,0.9993904503894344,0.9846523421860404,0.3571428571428571,0.991966656582972,0.5930105823513849,0.3737286466447189,0.010204081632653,0.125,0.9935298826040556,0.0188679245283018,0.3524077685373961,0.1134048554217354,0.0145985401459854,0.4,0.9909969989996664,0.028169014084507,0.6296020962479927,0.3729717495028075,0.0,0.0,1.0,0.0,0.0,0.0,0.9984679943259906,0.9839333333333332,0.3577364054132458,0.991060273601271,0.5928549239831595,0.373564639747243,,
2024-07-22 00:06:58,hf_copula_syn_100000_2,100,0.1,4,1.0,4,0.9994567062818336,0.9820499132523688,0.4285714285714285,0.9906768536905524,0.6487515196521818,0.4441732555882139,0.0109890109890109,0.125,0.9939967982924226,0.0202020202020202,0.3524905669469083,0.1134523493461898,0.0108695652173913,0.4,0.9878626208736244,0.0211640211640211,0.6286056381782221,0.3719159479746556,0.0,0.0,1.0,0.0,0.0,0.0,0.9985333640169038,0.9813333333333332,0.4290975144041424,0.9897700510449368,0.6485435484156041,0.4439431737853078,,
2024-07-22 00:07:02,hf_copula_syn_100000_2,100,0.1,4,3.0,4,0.9994568169473113,0.9822501000934204,0.4285714285714285,0.9907787574880528,0.6488176389490855,0.4442722256338402,0.0109890109890109,0.125,0.9939967982924226,0.0202020202020202,0.3524905669469083,0.1134523493461898,0.011049723756906,0.4,0.9880626875625208,0.021505376344086,0.6286692890741589,0.3719833630438778,0.0,0.0,1.0,0.0,0.0,0.0,0.9985335346319404,0.9815333333333334,0.4290975810930387,0.9898719735172864,0.6486096272181295,0.4440420739305812,,
2024-07-22 00:07:06,hf_copula_syn_100000_2,100,0.1,4,5.0,4,0.9994564848155444,0.9816495395702656,0.4285714285714285,0.9904729843460696,0.6486192608380619,0.4439753258019023,0.0099009900990099,0.125,0.9933297758804696,0.018348623853211,0.3523722775489847,0.1133844992142376,0.0111111111111111,0.4,0.9881293764588196,0.0216216216216216,0.6286905046074164,0.3720058340220331,0.0,0.0,1.0,0.0,0.0,0.0,0.9985326429948064,0.9809333333333332,0.4290972475773845,0.9895655360339424,0.648411378244175,0.4437454225087421,,
2024-07-22 00:07:11,hf_copula_syn_100000_2,100,0.1,4,7.0,4,0.999457111834962,0.9827839316695582,0.4285714285714285,0.9910504003768252,0.6489939241415653,0.4445361625487481,0.0108695652173913,0.125,0.9939300960512272,0.02,0.3524787397934851,0.1134455648335284,0.0116279069767441,0.4,0.9886628876292096,0.0225988700564971,0.6288602031069257,0.3721855890387381,0.0,0.0,1.0,0.0,0.0,0.0,0.998533958267691,0.9820666666666666,0.429097745585199,0.9901436196264924,0.6487858052079587,0.4443058282946268,,
2024-07-22 00:07:16,hf_copula_syn_100000_2,100,0.1,4,9.0,4,0.999456374014678,0.981449352729214,0.4285714285714285,0.9903710187866136,0.6485531213167223,0.4438763660612173,0.009009009009009,0.125,0.9926627534685164,0.0168067226890756,0.3522539484286366,0.1133166379593129,0.0115606936416184,0.4,0.9885961987329108,0.0224719101123595,0.6288389932988924,0.3721631209069245,0.0,0.0,1.0,0.0,0.0,0.0,0.9985322064349496,0.9807333333333332,0.4290970474395227,0.9894631267245512,0.6483452868404216,0.4436465713667741,,
2024-07-22 00:07:21,hf_copula_syn_100000_2,100,0.1,8,1.0,4,0.9993880465084654,0.9807820632590418,0.3571428571428571,0.9899976425420132,0.5918439898375252,0.3721240992819385,0.0,0.0,0.99232924226254,0.0,0.0,0.0,0.0114285714285714,0.4,0.9884628209403136,0.0222222222222222,0.6287965715365545,0.3721181835759191,0.0,0.0,0.9997999866657776,0.0,0.0,0.0,0.9984590938555336,0.98,0.3577349070114882,0.9890810521497148,0.5915012009708557,0.3719008228504673,,
2024-07-22 00:07:27,hf_copula_syn_100000_2,100,0.1,8,3.0,4,0.9994562262098968,0.981182436941145,0.4285714285714285,0.990235032662132,0.648464924794751,0.4437444250836065,0.0093457943925233,0.125,0.9929295624332978,0.017391304347826,0.3523012848460281,0.1133437837960394,0.0166666666666666,0.6,0.9881960653551184,0.0324324324324324,0.7700114539492715,0.5699008097508551,0.0,0.0,0.9999333288885924,0.0,0.0,0.0,0.9985339403779993,0.9805333333333334,0.4290970519151039,0.9893308994714436,0.648304255368177,0.4435806805748032,,
2024-07-22 00:07:33,hf_copula_syn_100000_2,100,0.1,8,5.0,4,0.999456374014678,0.981449352729214,0.4285714285714285,0.9903710187866136,0.6485531213167223,0.4438763660612173,0.0086206896551724,0.125,0.99232924226254,0.0161290322580645,0.3521947689600422,0.1132827031607358,0.0059523809523809,0.2,0.988862954318106,0.0115606936416184,0.4447163037978495,0.1821710438324389,0.0,0.0,1.0,0.0,0.0,0.0,0.998530129893731,0.9806666666666668,0.4290969584854079,0.9894591282174976,0.6482838810482047,0.4435832225758566,,
2024-07-22 00:07:41,hf_copula_syn_100000_2,100,0.1,8,7.0,4,0.9993882129019102,0.9810489790471106,0.3571428571428571,0.9901336835370576,0.5919245183078398,0.3722347233709471,0.0088495575221238,0.125,0.992529348986126,0.0165289256198347,0.3522302778343533,0.1133030643735712,0.0056818181818181,0.2,0.988329443147716,0.011049723756906,0.4445963209806657,0.1820833046382805,0.0,0.0,1.0,0.0,0.0,0.0,0.998462064273274,0.9802666666666666,0.3577349826100323,0.989222057434006,0.5917081103459244,0.3720084270316795,,
2024-07-22 00:07:49,hf_copula_syn_100000_2,100,0.1,8,9.0,4,0.9993882129019102,0.9810489790471106,0.3571428571428571,0.9901336835370576,0.5919245183078398,0.3722347233709471,0.0087719298245614,0.125,0.9924626467449308,0.0163934426229508,0.3522184419406745,0.1132962774138558,0.0116279069767441,0.4,0.9886628876292096,0.0225988700564971,0.6288602031069257,0.3721855890387381,0.0,0.0,0.9997999866657776,0.0,0.0,0.0,0.9984640049014336,0.9803333333333332,0.3577350448494418,0.9892258348918408,0.5917695253274898,0.3720717908401011,,
2024-07-22 00:08:00,hf_copula_syn_100000_2,100,0.1,10,1.0,4,0.9994564109533192,0.9815160816762312,0.4285714285714285,0.9904050095949904,0.6485751685732452,0.4439093522597812,0.008,0.125,0.9917289220917824,0.0150375939849624,0.3520882208502193,0.1132216135158246,0.0065359477124183,0.2,0.9898632877625876,0.0126582278481012,0.4449411843744266,0.1823355241343646,0.0,0.0,0.9996666444429628,0.0,0.0,0.0,0.998530030285667,0.9807333333333332,0.4290969495354279,0.9894928710454431,0.6483059258618217,0.4436162002329253,,
2024-07-22 00:08:17,hf_copula_syn_100000_2,100,0.1,10,3.0,4,0.9993878800244848,0.9805151474709728,0.3571428571428571,0.989861564889353,0.5917634504087196,0.37201348028179,0.0078740157480314,0.125,0.9915955176093916,0.0148148148148148,0.3520645391134613,0.1132080368156506,0.0123456790123456,0.4,0.9893297765921976,0.0239520958083832,0.6290722618562028,0.3724102507882754,0.0,0.0,0.9994666311087406,0.0,0.0,0.0,0.9984634327045316,0.9798,0.3577347824531868,0.9889535793619604,0.5916085963631508,0.3718507820700913,,
2024-07-22 00:08:37,hf_copula_syn_100000_2,100,0.1,10,5.0,4,0.999388379204893,0.9813158948351794,0.3571428571428571,0.9902696878892968,0.5920050358241351,0.3723453525488152,0.0081967213114754,0.125,0.9919290288153682,0.0153846153846153,0.3521237404690587,0.1132419777318625,0.0062111801242236,0.2,0.9893297765921976,0.0120481927710843,0.4448212622148805,0.1822478062877689,0.0,0.0,0.9998666577771852,0.0,0.0,0.0,0.9984620586957093,0.9805333333333334,0.3577349869942745,0.9893576573730622,0.5917885708730211,0.3721189752099892,,
2024-07-22 00:08:56,hf_copula_syn_100000_2,100,0.1,10,7.0,4,0.999455930359086,0.9806486053650072,0.4285714285714285,0.9899629504883798,0.6482884957546757,0.4434805614482805,0.0,0.0,0.9915288153681964,0.0,0.0,0.0,0.0119047619047619,0.4,0.9889296432144048,0.0231213872832369,0.6289450351865113,0.3722754580080657,0.0,0.0,0.9999333288885924,0.0,0.0,0.0,0.9985270730780524,0.9798666666666668,0.4290965493759556,0.9890466921970184,0.6478930748370335,0.4431907380769315,,
2024-07-22 00:09:13,hf_copula_syn_100000_2,100,0.1,10,9.0,4,0.9993880881153114,0.980848792206059,0.3571428571428571,0.9900316562268472,0.5918641229822876,0.37215175482711,0.0079365079365079,0.125,0.991662219850587,0.0149253731343283,0.3520763801809536,0.1132148252213525,0.0061728395061728,0.2,0.9892630876958988,0.0119760479041916,0.4448062696716175,0.1822368407564108,0.0,0.0,0.9997333155543704,0.0,0.0,0.0,0.9984616163171388,0.9800666666666666,0.3577348135770463,0.9891195788960084,0.5916477592934912,0.3719255400429749,,
2024-07-22 00:09:29,hf_copula_syn_100000_2,500,0.1,2,1.0,4,0.9994559673580414,0.9807153343120244,0.4285714285714285,0.9899969687784176,0.6483105520103852,0.4435135430668705,0.0096153846153846,0.125,0.9931296691568836,0.0178571428571428,0.3523367829855555,0.1133641420056723,0.0157068062827225,0.6,0.987462487495832,0.0306122448979591,0.769725595584231,0.5695212121946617,0.0,0.0,1.0,0.0,0.0,0.0,0.9985335055957296,0.9800666666666666,0.4290969185574775,0.9890926994987144,0.6481499503112959,0.4433498983731427,,
2024-07-22 00:09:47,hf_copula_syn_100000_2,500,0.1,2,3.0,4,0.999456041340858,0.980848792206059,0.4285714285714285,0.9900649984844913,0.6483546622708215,0.4435795074490441,0.0097087378640776,0.125,0.9931963713980788,0.018018018018018,0.3523486149039894,0.1133709278530904,0.0157894736842105,0.6,0.9875291763921308,0.0307692307692307,0.7697515870950046,0.5695557237318519,0.0,0.0,1.0,0.0,0.0,0.0,0.9985336568536954,0.9802,0.4290969763616382,0.9891608038391052,0.6481940343763493,0.443415816311524,,
2024-07-22 00:10:05,hf_copula_syn_100000_2,500,0.1,2,5.0,4,0.999456041340858,0.980848792206059,0.4285714285714285,0.9900649984844913,0.6483546622708215,0.4435795074490441,0.0099009900990099,0.125,0.9933297758804696,0.018348623853211,0.3523722775489847,0.1133844992142376,0.015625,0.6,0.9873957985995332,0.0304568527918781,0.7696996031957661,0.5694867001237824,0.0,0.0,1.0,0.0,0.0,0.0,0.9985337045636592,0.9802,0.4290970030514313,0.9891608760362248,0.6481940296684602,0.4434158005417138,,
2024-07-22 00:10:25,hf_copula_syn_100000_2,500,0.1,2,7.0,4,0.9994560783247212,0.9809155211530762,0.4285714285714285,0.99009900990099,0.6483767162757013,0.4436124902126276,0.01,0.125,0.9933964781216648,0.0185185185185185,0.352384108275626,0.1133912847279666,0.015625,0.6,0.9873957985995332,0.0304568527918781,0.7696996031957661,0.5694867001237824,0.0,0.0,1.0,0.0,0.0,0.0,0.9985337943182848,0.9802666666666666,0.42909703862596,0.9891949463192228,0.648216069399323,0.4434487561403253,,
2024-07-22 00:10:44,hf_copula_syn_100000_2,500,0.1,2,9.0,4,0.999456041340858,0.980848792206059,0.4285714285714285,0.9900649984844913,0.6483546622708215,0.4435795074490441,0.0099009900990099,0.125,0.9933297758804696,0.018348623853211,0.3523722775489847,0.1133844992142376,0.015625,0.6,0.9873957985995332,0.0304568527918781,0.7696996031957661,0.5694867001237824,0.0,0.0,1.0,0.0,0.0,0.0,0.9985337045636592,0.9802,0.4290970030514313,0.9891608760362248,0.6481940296684602,0.4434158005417138,,
2024-07-22 00:11:05,hf_copula_syn_100000_2,500,0.1,4,1.0,4,0.9994557823129252,0.9803816895769384,0.4285714285714285,0.989826854409486,0.6482002632267742,0.4433486387905652,0.008695652173913,0.125,0.9923959445037354,0.016260162601626,0.3522066056492509,0.1132894903429107,0.0114942528735632,0.4,0.9885295098366124,0.0223463687150838,0.6288177827754594,0.3721406524193181,0.0,0.0,0.9992666177745184,0.0,0.0,0.0,0.9985314260148838,0.9796666666666668,0.4290968340196276,0.9889191368883298,0.6479927257650339,0.44311931467335,,
2024-07-22 00:11:28,hf_copula_syn_100000_2,500,0.1,4,3.0,4,0.9994557082596272,0.980248231682904,0.4285714285714285,0.9897587926155506,0.6481561424587126,0.4432826797516947,0.0084745762711864,0.125,0.9921958377801494,0.0158730158730158,0.3521710943881094,0.113269128462697,0.0171428571428571,0.6,0.9885295098366124,0.0333333333333333,0.7701413544940743,0.5700733327470167,0.0,0.0,0.9993999599973332,0.0,0.0,0.0,0.9985331169916438,0.9796,0.4290967361855233,0.9888545944620194,0.647995735094256,0.4431193838966889,,
2024-07-22 00:11:49,hf_copula_syn_100000_2,500,0.1,4,5.0,4,0.9994551522168494,0.9792472974776458,0.4285714285714285,0.9892480366712731,0.6478251409174434,0.4427880356223868,0.0072992700729927,0.125,0.9909284951974386,0.0137931034482758,0.3519461065272349,0.1131401466409975,0.0115606936416184,0.4,0.9885961987329108,0.0224719101123595,0.6288389932988924,0.3721631209069245,0.0,0.0,0.999533302220148,0.0,0.0,0.0,0.9985300739166998,0.9785333333333334,0.4290960913885928,0.9883395854622564,0.647617821707168,0.4425591625743167,,
2024-07-22 00:12:09,hf_copula_syn_100000_2,500,0.1,4,7.0,4,0.9993877967485204,0.9803816895769384,0.3571428571428571,0.9897935123117864,0.5917231765834844,0.3719581726900381,0.0085470085470085,0.125,0.9922625400213448,0.016,0.3521829318730084,0.1132759158673313,0.0112994350282485,0.4,0.988329443147716,0.0219780219780219,0.6287541469120393,0.3720732448217428,0.0,0.0,0.9996666444429628,0.0,0.0,0.0,0.9984633596877898,0.9796666666666668,0.3577348180882139,0.988885564374288,0.5915683172313093,0.3717954499655972,,
2024-07-22 00:12:29,hf_copula_syn_100000_2,500,0.1,4,9.0,4,0.999455485978764,0.9798478580008008,0.4285714285714285,0.9895545521935442,0.6480237621307242,0.4430848117950303,0.0078125,0.125,0.9915288153681964,0.0147058823529411,0.3520526976477023,0.1132012482987191,0.0115606936416184,0.4,0.9885961987329108,0.0224719101123595,0.6288389932988924,0.3721631209069245,0.0,0.0,0.999533302220148,0.0,0.0,0.0,0.998530681089731,0.9791333333333332,0.4290964115593505,0.9886463017187892,0.6478163143892472,0.4428556943434166,,
2024-07-22 00:12:44,hf_copula_syn_100000_2,500,0.1,8,1.0,4,0.9994555230381814,0.979914586947818,0.4285714285714285,0.9895885979985848,0.6480458273966492,0.4431177888336464,0.0075757575757575,0.125,0.9912620064034152,0.0142857142857142,0.3520053278011952,0.1131740931186956,0.0120481927710843,0.4,0.9890630210070024,0.023391812865497,0.6289874469357882,0.3723203903579731,0.0,0.0,0.9993999599973332,0.0,0.0,0.0,0.9985307543516432,0.9792,0.4290964159791792,0.9886803982923604,0.6478383832815515,0.4428886785438509,,
2024-07-22 00:13:02,hf_copula_syn_100000_2,500,0.1,8,3.0,4,0.9994554489143012,0.9797811290537836,0.4285714285714285,0.9895205040940795,0.6480016961134494,0.4430518351380786,0.0074626865671641,0.125,0.9911286019210246,0.0140845070422535,0.3519816404872959,0.1131605148613056,0.0117647058823529,0.4,0.9887962654218072,0.0228571428571428,0.6289026205770835,0.3722305242349874,0.0,0.0,0.9996666444429628,0.0,0.0,0.0,0.998530525496778,0.9790666666666666,0.4290962736905566,0.9886120824083,0.6477942522788624,0.4428227492079541,,
2024-07-22 00:13:22,hf_copula_syn_100000_2,500,0.1,8,5.0,4,0.9994557823129252,0.9803816895769384,0.4285714285714285,0.989826854409486,0.6482002632267742,0.4433486387905652,0.0,0.0,0.9913954108858056,0.0,0.0,0.0,0.0058823529411764,0.2,0.9887295765255084,0.0114285714285714,0.4446863111285322,0.1821491101012775,0.0,0.0,0.9999333288885924,0.0,0.0,0.0,0.9985249177004136,0.9795333333333334,0.4290964115380021,0.9889068255358466,0.6477435050848054,0.4429955630977278,,
2024-07-22 00:13:42,hf_copula_syn_100000_2,500,0.1,8,7.0,4,0.999455597141885,0.9800480448418524,0.4285714285714285,0.9896566827263232,0.6480899556747567,0.4431837440558722,0.0077519379844961,0.125,0.991462113127001,0.0145985401459854,0.3520408557836365,0.1131944596705578,0.0057471264367816,0.2,0.9884628209403136,0.0111731843575419,0.4446263197203497,0.1821052405041983,0.0,0.0,0.9998666577771852,0.0,0.0,0.0,0.9985288219936234,0.9792666666666666,0.4290963537492616,0.9887445134386424,0.6478210356124515,0.4428911780200791,,
2024-07-22 00:14:01,hf_copula_syn_100000_2,500,0.1,8,9.0,4,0.9994557823129252,0.9803816895769384,0.4285714285714285,0.989826854409486,0.6482002632267742,0.4433486387905652,0.0081967213114754,0.125,0.9919290288153682,0.0153846153846153,0.3521237404690587,0.1132419777318625,0.0116959064327485,0.4,0.9887295765255084,0.0227272727272727,0.628881412199632,0.3722080568147591,0.0,0.0,0.999533302220148,0.0,0.0,0.0,0.9985312271362768,0.9796666666666668,0.4290966694657865,0.988918796897818,0.6479927027800793,0.4431193118014226,,
2024-07-22 00:14:23,hf_copula_syn_100000_2,500,0.1,10,1.0,4,0.9994564109533192,0.9815160816762312,0.4285714285714285,0.9904050095949904,0.6485751685732452,0.4439093522597812,0.008,0.125,0.9917289220917824,0.0150375939849624,0.3520882208502193,0.1132216135158246,0.0065359477124183,0.2,0.9898632877625876,0.0126582278481012,0.4449411843744266,0.1823355241343646,0.0,0.0,0.9996666444429628,0.0,0.0,0.0,0.998530030285667,0.9807333333333332,0.4290969495354279,0.9894928710454431,0.6483059258618217,0.4436162002329253,,
2024-07-22 00:14:51,hf_copula_syn_100000_2,500,0.1,10,3.0,4,0.9993874217261094,0.9797811290537836,0.3571428571428571,0.989487162207696,0.59154191043824,0.371709304270815,0.0072463768115942,0.125,0.9908617929562432,0.0136986301369863,0.3519342610765971,0.1131333570117687,0.0127388535031847,0.4,0.9896632210736912,0.0246913580246913,0.6291782644286724,0.3725225683208173,0.0,0.0,0.9991332755517034,0.0,0.0,0.0,0.9984627711512988,0.9790666666666666,0.3577344800578285,0.98857917724505,0.5913872290158814,0.3715468875666755,,
2024-07-22 00:15:12,hf_copula_syn_100000_2,500,0.1,10,5.0,4,0.9993878800244848,0.9805151474709728,0.3571428571428571,0.989861564889353,0.5917634504087196,0.37201348028179,0.0074074074074074,0.125,0.9910618996798292,0.0139860139860139,0.3519697962325441,0.1131537255657659,0.0127388535031847,0.4,0.9896632210736912,0.0246913580246913,0.6291782644286724,0.3725225683208173,0.0,0.0,0.9996666444429628,0.0,0.0,0.0,0.9984633149049136,0.9798,0.3577346223393405,0.9889533837555904,0.5916085811678051,0.371850790543269,,
2024-07-22 00:15:36,hf_copula_syn_100000_2,500,0.1,10,7.0,4,0.99945567122542,0.9801815027358868,0.4285714285714285,0.9897247582791496,0.6481340809483856,0.4432497008047559,0.0072463768115942,0.125,0.9908617929562432,0.0136986301369863,0.3519342610765971,0.1131333570117687,0.0122699386503067,0.4,0.9892630876958988,0.0238095238095238,0.6290510591981858,0.3723877862143889,0.0,0.0,0.9998666577771852,0.0,0.0,0.0,0.998530800646126,0.9794666666666668,0.429096300334089,0.988816257615432,0.6479265377651408,0.4430204681364825,,
2024-07-22 00:16:05,hf_copula_syn_100000_2,500,0.1,10,9.0,4,0.999455263516274,0.9794474843186974,0.4285714285714285,0.9893502291722835,0.6478913547541408,0.4428869575782875,0.0066225165562913,0.125,0.9899946638207044,0.0125786163522012,0.3517802339211059,0.1130450817098895,0.0063694267515923,0.2,0.9895965321773924,0.0123456790123456,0.4448812273354299,0.1822916666342376,0.0,0.0,0.9995999733315556,0.0,0.0,0.0,0.9985280937547392,0.9786666666666668,0.4290959312344141,0.9884376594467814,0.6476225660235733,0.4425946510170044,,
2024-07-22 00:16:36,hf_copula_syn_100000_2,1500,0.1,2,1.0,4,0.9994546322176018,0.9783130922194048,0.4285714285714285,0.9887708649468894,0.6475160534863997,0.4423264452462574,0.0069444444444444,0.125,0.9904615795090717,0.0131578947368421,0.3518631799984675,0.1130926169005718,0.0112994350282485,0.4,0.988329443147716,0.0219780219780219,0.6287541469120393,0.3720732448217428,0.0,0.0,0.9993332888859258,0.0,0.0,0.0,0.9985292780762453,0.9776,0.4290957401141417,0.9878623556907912,0.6473089502481155,0.4420979477079817,,
2024-07-22 00:17:07,hf_copula_syn_100000_2,1500,0.1,2,3.0,4,0.9994548180455228,0.9786467369544908,0.4285714285714285,0.9889413351314902,0.6476264587888246,0.4424912903645668,0.0071428571428571,0.125,0.9907283884738528,0.0135135135135135,0.3519105689791535,0.113119777419622,0.0116959064327485,0.4,0.9887295765255084,0.0227272727272727,0.628881412199632,0.3722080568147591,0.0,0.0,0.9989999333288886,0.0,0.0,0.0,0.9985297017079672,0.9779333333333332,0.429095993566345,0.9880331061834838,0.6474193202014771,0.4422626983937886,,
2024-07-22 00:17:42,hf_copula_syn_100000_2,1500,0.1,2,5.0,4,0.9994548923412374,0.9787801948485252,0.4285714285714285,0.9890095071134786,0.6476706156401213,0.4425572310835421,0.0071942446043165,0.125,0.990795090715048,0.0136054421768707,0.35192241522725,0.1131265672713102,0.0057471264367816,0.2,0.9884628209403136,0.0111731843575419,0.4446263197203497,0.1821052405041983,0.0,0.0,0.9992666177745184,0.0,0.0,0.0,0.99852782041432,0.978,0.4290959580013083,0.9880974122041196,0.6474020237935518,0.4422652135839103,,
2024-07-22 00:18:13,hf_copula_syn_100000_2,1500,0.1,2,7.0,4,0.9994550779919624,0.9791138395836114,0.4285714285714285,0.9891798968550916,0.6477809945995675,0.4427220895601087,0.0079365079365079,0.125,0.991662219850587,0.0149253731343283,0.3520763801809536,0.1132148252213525,0.0109289617486338,0.4,0.9879293097699232,0.0212765957446808,0.6286268558596342,0.3719384200201889,0.0,0.0,0.9993332888859258,0.0,0.0,0.0,0.9985301290439856,0.9784,0.4290962470778646,0.98827171468228,0.6475737153593243,0.4424932429899774,,
2024-07-22 00:18:33,hf_copula_syn_100000_2,1500,0.1,2,9.0,4,0.9994558563460754,0.9805151474709728,0.4285714285714285,0.9898949070331446,0.6482443809918909,0.4434145993560939,0.009009009009009,0.125,0.9926627534685164,0.0168067226890756,0.3522539484286366,0.1133166379593129,0.0106951871657754,0.4,0.9876625541847284,0.0208333333333333,0.6285419808365161,0.371848529703299,0.0,0.0,1.0,0.0,0.0,0.0,0.9985314007473458,0.9798,0.4290967362246733,0.9889869131497924,0.6480367356690725,0.4431851307801743,,
2024-07-22 00:18:52,hf_copula_syn_100000_2,1500,0.1,4,1.0,4,0.9994557823129252,0.9803816895769384,0.4285714285714285,0.989826854409486,0.6482002632267742,0.4433486387905652,0.008695652173913,0.125,0.9923959445037354,0.016260162601626,0.3522066056492509,0.1132894903429107,0.0114942528735632,0.4,0.9885295098366124,0.0223463687150838,0.6288177827754594,0.3721406524193181,0.0,0.0,0.9992666177745184,0.0,0.0,0.0,0.9985314260148838,0.9796666666666668,0.4290968340196276,0.9889191368883298,0.6479927257650339,0.44311931467335,,
2024-07-22 00:19:18,hf_copula_syn_100000_2,1500,0.1,4,3.0,4,0.9994551522168494,0.9792472974776458,0.4285714285714285,0.9892480366712731,0.6478251409174434,0.4427880356223868,0.0074074074074074,0.125,0.9910618996798292,0.0139860139860139,0.3519697962325441,0.1131537255657659,0.0176470588235294,0.6,0.988862954318106,0.0342857142857142,0.7702712331321114,0.5702458424009514,0.0,0.0,0.9991999466631108,0.0,0.0,0.0,0.9985321603783388,0.9786,0.4290962292324747,0.988343626282601,0.6476649784216219,0.4426251973902413,,
2024-07-22 00:19:43,hf_copula_syn_100000_2,1500,0.1,4,5.0,4,0.9994548180455228,0.9786467369544908,0.4285714285714285,0.9889413351314902,0.6476264587888246,0.4424912903645668,0.0068027210884353,0.125,0.9902614727854856,0.0129032258064516,0.3518276340741098,0.113072245343372,0.0119760479041916,0.4,0.9889963321107036,0.0232558139534883,0.6289662414186324,0.3722979243609157,0.0,0.0,0.9991999466631108,0.0,0.0,0.0,0.9985296136825622,0.9779333333333332,0.4290958467973952,0.9880329568771156,0.6474193042459342,0.4422627029991966,,
2024-07-22 00:20:00,hf_copula_syn_100000_2,1500,0.1,4,7.0,4,0.9993877967485204,0.9803816895769384,0.3571428571428571,0.9897935123117864,0.5917231765834844,0.3719581726900381,0.0085470085470085,0.125,0.9922625400213448,0.016,0.3521829318730084,0.1132759158673313,0.0112994350282485,0.4,0.988329443147716,0.0219780219780219,0.6287541469120393,0.3720732448217428,0.0,0.0,0.9996666444429628,0.0,0.0,0.0,0.9984633596877898,0.9796666666666668,0.3577348180882139,0.988885564374288,0.5915683172313093,0.3717954499655972,,
2024-07-22 00:20:23,hf_copula_syn_100000_2,1500,0.1,4,9.0,4,0.999455485978764,0.9798478580008008,0.4285714285714285,0.9895545521935442,0.6480237621307242,0.4430848117950303,0.0078125,0.125,0.9915288153681964,0.0147058823529411,0.3520526976477023,0.1132012482987191,0.0115606936416184,0.4,0.9885961987329108,0.0224719101123595,0.6288389932988924,0.3721631209069245,0.0,0.0,0.999533302220148,0.0,0.0,0.0,0.998530681089731,0.9791333333333332,0.4290964115593505,0.9886463017187892,0.6478163143892472,0.4428556943434166,,
2024-07-22 00:20:40,hf_copula_syn_100000_2,1500,0.1,8,1.0,4,0.9994555230381814,0.979914586947818,0.4285714285714285,0.9895885979985848,0.6480458273966492,0.4431177888336464,0.0075757575757575,0.125,0.9912620064034152,0.0142857142857142,0.3520053278011952,0.1131740931186956,0.0120481927710843,0.4,0.9890630210070024,0.023391812865497,0.6289874469357882,0.3723203903579731,0.0,0.0,0.9993999599973332,0.0,0.0,0.0,0.9985307543516432,0.9792,0.4290964159791792,0.9886803982923604,0.6478383832815515,0.4428886785438509,,
2024-07-22 00:20:58,hf_copula_syn_100000_2,1500,0.1,8,3.0,4,0.9994554489143012,0.9797811290537836,0.4285714285714285,0.9895205040940795,0.6480016961134494,0.4430518351380786,0.0074626865671641,0.125,0.9911286019210246,0.0140845070422535,0.3519816404872959,0.1131605148613056,0.0117647058823529,0.4,0.9887962654218072,0.0228571428571428,0.6289026205770835,0.3722305242349874,0.0,0.0,0.9996666444429628,0.0,0.0,0.0,0.998530525496778,0.9790666666666666,0.4290962736905566,0.9886120824083,0.6477942522788624,0.4428227492079541,,
2024-07-22 00:21:15,hf_copula_syn_100000_2,1500,0.1,8,5.0,4,0.9994557823129252,0.9803816895769384,0.4285714285714285,0.989826854409486,0.6482002632267742,0.4433486387905652,0.0,0.0,0.9913954108858056,0.0,0.0,0.0,0.0058823529411764,0.2,0.9887295765255084,0.0114285714285714,0.4446863111285322,0.1821491101012775,0.0,0.0,0.9999333288885924,0.0,0.0,0.0,0.9985249177004136,0.9795333333333334,0.4290964115380021,0.9889068255358466,0.6477435050848054,0.4429955630977278,,
2024-07-22 00:21:32,hf_copula_syn_100000_2,1500,0.1,8,7.0,4,0.999455597141885,0.9800480448418524,0.4285714285714285,0.9896566827263232,0.6480899556747567,0.4431837440558722,0.0077519379844961,0.125,0.991462113127001,0.0145985401459854,0.3520408557836365,0.1131944596705578,0.0057471264367816,0.2,0.9884628209403136,0.0111731843575419,0.4446263197203497,0.1821052405041983,0.0,0.0,0.9998666577771852,0.0,0.0,0.0,0.9985288219936234,0.9792666666666666,0.4290963537492616,0.9887445134386424,0.6478210356124515,0.4428911780200791,,
2024-07-22 00:21:53,hf_copula_syn_100000_2,1500,0.1,8,9.0,4,0.9994557823129252,0.9803816895769384,0.4285714285714285,0.989826854409486,0.6482002632267742,0.4433486387905652,0.0081967213114754,0.125,0.9919290288153682,0.0153846153846153,0.3521237404690587,0.1132419777318625,0.0116959064327485,0.4,0.9887295765255084,0.0227272727272727,0.628881412199632,0.3722080568147591,0.0,0.0,0.999533302220148,0.0,0.0,0.0,0.9985312271362768,0.9796666666666668,0.4290966694657865,0.988918796897818,0.6479927027800793,0.4431193118014226,,
2024-07-22 00:22:11,hf_copula_syn_100000_2,1500,0.1,10,1.0,4,0.9994564109533192,0.9815160816762312,0.4285714285714285,0.9904050095949904,0.6485751685732452,0.4439093522597812,0.008,0.125,0.9917289220917824,0.0150375939849624,0.3520882208502193,0.1132216135158246,0.0065359477124183,0.2,0.9898632877625876,0.0126582278481012,0.4449411843744266,0.1823355241343646,0.0,0.0,0.9996666444429628,0.0,0.0,0.0,0.998530030285667,0.9807333333333332,0.4290969495354279,0.9894928710454431,0.6483059258618217,0.4436162002329253,,
2024-07-22 00:22:36,hf_copula_syn_100000_2,1500,0.1,10,3.0,4,0.9993874217261094,0.9797811290537836,0.3571428571428571,0.989487162207696,0.59154191043824,0.371709304270815,0.0072463768115942,0.125,0.9908617929562432,0.0136986301369863,0.3519342610765971,0.1131333570117687,0.0127388535031847,0.4,0.9896632210736912,0.0246913580246913,0.6291782644286724,0.3725225683208173,0.0,0.0,0.9991332755517034,0.0,0.0,0.0,0.9984627711512988,0.9790666666666666,0.3577344800578285,0.98857917724505,0.5913872290158814,0.3715468875666755,,
2024-07-22 00:23:01,hf_copula_syn_100000_2,1500,0.1,10,5.0,4,0.9993878800244848,0.9805151474709728,0.3571428571428571,0.989861564889353,0.5917634504087196,0.37201348028179,0.0074074074074074,0.125,0.9910618996798292,0.0139860139860139,0.3519697962325441,0.1131537255657659,0.0127388535031847,0.4,0.9896632210736912,0.0246913580246913,0.6291782644286724,0.3725225683208173,0.0,0.0,0.9996666444429628,0.0,0.0,0.0,0.9984633149049136,0.9798,0.3577346223393405,0.9889533837555904,0.5916085811678051,0.371850790543269,,
2024-07-22 00:23:27,hf_copula_syn_100000_2,1500,0.1,10,7.0,4,0.99945567122542,0.9801815027358868,0.4285714285714285,0.9897247582791496,0.6481340809483856,0.4432497008047559,0.0072463768115942,0.125,0.9908617929562432,0.0136986301369863,0.3519342610765971,0.1131333570117687,0.0122699386503067,0.4,0.9892630876958988,0.0238095238095238,0.6290510591981858,0.3723877862143889,0.0,0.0,0.9998666577771852,0.0,0.0,0.0,0.998530800646126,0.9794666666666668,0.429096300334089,0.988816257615432,0.6479265377651408,0.4430204681364825,,
2024-07-22 00:23:56,hf_copula_syn_100000_2,1500,0.1,10,9.0,4,0.999455263516274,0.9794474843186974,0.4285714285714285,0.9893502291722835,0.6478913547541408,0.4428869575782875,0.0066225165562913,0.125,0.9899946638207044,0.0125786163522012,0.3517802339211059,0.1130450817098895,0.0063694267515923,0.2,0.9895965321773924,0.0123456790123456,0.4448812273354299,0.1822916666342376,0.0,0.0,0.9995999733315556,0.0,0.0,0.0,0.9985280937547392,0.9786666666666668,0.4290959312344141,0.9884376594467814,0.6476225660235733,0.4425946510170044,,
2024-07-22 00:24:22,hf_copula_syn_100000_2,1000,0.1,2,1.0,4,0.9994546322176018,0.9783130922194048,0.4285714285714285,0.9887708649468894,0.6475160534863997,0.4423264452462574,0.0069444444444444,0.125,0.9904615795090717,0.0131578947368421,0.3518631799984675,0.1130926169005718,0.0112994350282485,0.4,0.988329443147716,0.0219780219780219,0.6287541469120393,0.3720732448217428,0.0,0.0,0.9993332888859258,0.0,0.0,0.0,0.9985292780762453,0.9776,0.4290957401141417,0.9878623556907912,0.6473089502481155,0.4420979477079817,,
2024-07-22 00:24:52,hf_copula_syn_100000_2,1000,0.1,2,3.0,4,0.9994550037468491,0.9789803816895768,0.4285714285714285,0.9891117478510028,0.647736845272912,0.4426561450244885,0.0074074074074074,0.125,0.9910618996798292,0.0139860139860139,0.3519697962325441,0.1131537255657659,0.0113636363636363,0.4,0.9883961320440148,0.0220994475138121,0.6287753595821054,0.3720957143767274,0.0,0.0,0.9993332888859258,0.0,0.0,0.0,0.9985299175727572,0.9782666666666666,0.4290960825145316,0.9882034025763056,0.6475295998951753,0.4424273798475597,,
2024-07-22 00:25:22,hf_copula_syn_100000_2,1000,0.1,2,5.0,4,0.9994551522168494,0.9792472974776458,0.4285714285714285,0.9892480366712731,0.6478251409174434,0.4427880356223868,0.0076923076923076,0.125,0.9913954108858056,0.0144927536231884,0.3520290135212234,0.1131876709311668,0.0111731843575419,0.4,0.9881960653551184,0.0217391304347826,0.6287117194247673,0.3720283046443958,0.0,0.0,0.9994666311087406,0.0,0.0,0.0,0.998530154367002,0.9785333333333334,0.4290962025877599,0.988339714349124,0.6476178234996065,0.4425591429818507,,
2024-07-22 00:25:50,hf_copula_syn_100000_2,1000,0.1,2,7.0,4,0.9994551522168494,0.9792472974776458,0.4285714285714285,0.9892480366712731,0.6478251409174434,0.4427880356223868,0.008,0.125,0.9917289220917824,0.0150375939849624,0.3520882208502193,0.1132216135158246,0.0108695652173913,0.4,0.9878626208736244,0.0211640211640211,0.6286056381782221,0.3719159479746556,0.0,0.0,0.9994666311087406,0.0,0.0,0.0,0.998530217263186,0.9785333333333334,0.4290962693122426,0.98833981322756,0.6476178197164332,0.4425591236323392,,
2024-07-22 00:26:09,hf_copula_syn_100000_2,1000,0.1,2,9.0,4,0.9994558563460754,0.9805151474709728,0.4285714285714285,0.9898949070331446,0.6482443809918909,0.4434145993560939,0.009009009009009,0.125,0.9926627534685164,0.0168067226890756,0.3522539484286366,0.1133166379593129,0.0106951871657754,0.4,0.9876625541847284,0.0208333333333333,0.6285419808365161,0.371848529703299,0.0,0.0,1.0,0.0,0.0,0.0,0.9985314007473458,0.9798,0.4290967362246733,0.9889869131497924,0.6480367356690725,0.4431851307801743,,
2024-07-22 00:26:28,hf_copula_syn_100000_2,1000,0.1,4,1.0,4,0.9994557823129252,0.9803816895769384,0.4285714285714285,0.989826854409486,0.6482002632267742,0.4433486387905652,0.008695652173913,0.125,0.9923959445037354,0.016260162601626,0.3522066056492509,0.1132894903429107,0.0114942528735632,0.4,0.9885295098366124,0.0223463687150838,0.6288177827754594,0.3721406524193181,0.0,0.0,0.9992666177745184,0.0,0.0,0.0,0.9985314260148838,0.9796666666666668,0.4290968340196276,0.9889191368883298,0.6479927257650339,0.44311931467335,,
2024-07-22 00:26:53,hf_copula_syn_100000_2,1000,0.1,4,3.0,4,0.9994551522168494,0.9792472974776458,0.4285714285714285,0.9892480366712731,0.6478251409174434,0.4427880356223868,0.0074074074074074,0.125,0.9910618996798292,0.0139860139860139,0.3519697962325441,0.1131537255657659,0.0176470588235294,0.6,0.988862954318106,0.0342857142857142,0.7702712331321114,0.5702458424009514,0.0,0.0,0.9991999466631108,0.0,0.0,0.0,0.9985321603783388,0.9786,0.4290962292324747,0.988343626282601,0.6476649784216219,0.4426251973902413,,
2024-07-22 00:27:18,hf_copula_syn_100000_2,1000,0.1,4,5.0,4,0.9994548180455228,0.9786467369544908,0.4285714285714285,0.9889413351314902,0.6476264587888246,0.4424912903645668,0.0068027210884353,0.125,0.9902614727854856,0.0129032258064516,0.3518276340741098,0.113072245343372,0.0119760479041916,0.4,0.9889963321107036,0.0232558139534883,0.6289662414186324,0.3722979243609157,0.0,0.0,0.9991999466631108,0.0,0.0,0.0,0.9985296136825622,0.9779333333333332,0.4290958467973952,0.9880329568771156,0.6474193042459342,0.4422627029991966,,
2024-07-22 00:27:37,hf_copula_syn_100000_2,1000,0.1,4,7.0,4,0.9993877967485204,0.9803816895769384,0.3571428571428571,0.9897935123117864,0.5917231765834844,0.3719581726900381,0.0085470085470085,0.125,0.9922625400213448,0.016,0.3521829318730084,0.1132759158673313,0.0112994350282485,0.4,0.988329443147716,0.0219780219780219,0.6287541469120393,0.3720732448217428,0.0,0.0,0.9996666444429628,0.0,0.0,0.0,0.9984633596877898,0.9796666666666668,0.3577348180882139,0.988885564374288,0.5915683172313093,0.3717954499655972,,
2024-07-22 00:27:56,hf_copula_syn_100000_2,1000,0.1,4,9.0,4,0.999455485978764,0.9798478580008008,0.4285714285714285,0.9895545521935442,0.6480237621307242,0.4430848117950303,0.0078125,0.125,0.9915288153681964,0.0147058823529411,0.3520526976477023,0.1132012482987191,0.0115606936416184,0.4,0.9885961987329108,0.0224719101123595,0.6288389932988924,0.3721631209069245,0.0,0.0,0.999533302220148,0.0,0.0,0.0,0.998530681089731,0.9791333333333332,0.4290964115593505,0.9886463017187892,0.6478163143892472,0.4428556943434166,,
2024-07-22 00:28:12,hf_copula_syn_100000_2,1000,0.1,8,1.0,4,0.9994555230381814,0.979914586947818,0.4285714285714285,0.9895885979985848,0.6480458273966492,0.4431177888336464,0.0075757575757575,0.125,0.9912620064034152,0.0142857142857142,0.3520053278011952,0.1131740931186956,0.0120481927710843,0.4,0.9890630210070024,0.023391812865497,0.6289874469357882,0.3723203903579731,0.0,0.0,0.9993999599973332,0.0,0.0,0.0,0.9985307543516432,0.9792,0.4290964159791792,0.9886803982923604,0.6478383832815515,0.4428886785438509,,
2024-07-22 00:28:30,hf_copula_syn_100000_2,1000,0.1,8,3.0,4,0.9994554489143012,0.9797811290537836,0.4285714285714285,0.9895205040940795,0.6480016961134494,0.4430518351380786,0.0074626865671641,0.125,0.9911286019210246,0.0140845070422535,0.3519816404872959,0.1131605148613056,0.0117647058823529,0.4,0.9887962654218072,0.0228571428571428,0.6289026205770835,0.3722305242349874,0.0,0.0,0.9996666444429628,0.0,0.0,0.0,0.998530525496778,0.9790666666666666,0.4290962736905566,0.9886120824083,0.6477942522788624,0.4428227492079541,,
2024-07-22 00:28:48,hf_copula_syn_100000_2,1000,0.1,8,5.0,4,0.9994557823129252,0.9803816895769384,0.4285714285714285,0.989826854409486,0.6482002632267742,0.4433486387905652,0.0,0.0,0.9913954108858056,0.0,0.0,0.0,0.0058823529411764,0.2,0.9887295765255084,0.0114285714285714,0.4446863111285322,0.1821491101012775,0.0,0.0,0.9999333288885924,0.0,0.0,0.0,0.9985249177004136,0.9795333333333334,0.4290964115380021,0.9889068255358466,0.6477435050848054,0.4429955630977278,,
2024-07-22 00:29:08,hf_copula_syn_100000_2,1000,0.1,8,7.0,4,0.999455597141885,0.9800480448418524,0.4285714285714285,0.9896566827263232,0.6480899556747567,0.4431837440558722,0.0077519379844961,0.125,0.991462113127001,0.0145985401459854,0.3520408557836365,0.1131944596705578,0.0057471264367816,0.2,0.9884628209403136,0.0111731843575419,0.4446263197203497,0.1821052405041983,0.0,0.0,0.9998666577771852,0.0,0.0,0.0,0.9985288219936234,0.9792666666666666,0.4290963537492616,0.9887445134386424,0.6478210356124515,0.4428911780200791,,
2024-07-22 00:29:25,hf_copula_syn_100000_2,1000,0.1,8,9.0,4,0.9994557823129252,0.9803816895769384,0.4285714285714285,0.989826854409486,0.6482002632267742,0.4433486387905652,0.0081967213114754,0.125,0.9919290288153682,0.0153846153846153,0.3521237404690587,0.1132419777318625,0.0116959064327485,0.4,0.9887295765255084,0.0227272727272727,0.628881412199632,0.3722080568147591,0.0,0.0,0.999533302220148,0.0,0.0,0.0,0.9985312271362768,0.9796666666666668,0.4290966694657865,0.988918796897818,0.6479927027800793,0.4431193118014226,,
2024-07-22 00:29:45,hf_copula_syn_100000_2,1000,0.1,10,1.0,4,0.9994564109533192,0.9815160816762312,0.4285714285714285,0.9904050095949904,0.6485751685732452,0.4439093522597812,0.008,0.125,0.9917289220917824,0.0150375939849624,0.3520882208502193,0.1132216135158246,0.0065359477124183,0.2,0.9898632877625876,0.0126582278481012,0.4449411843744266,0.1823355241343646,0.0,0.0,0.9996666444429628,0.0,0.0,0.0,0.998530030285667,0.9807333333333332,0.4290969495354279,0.9894928710454431,0.6483059258618217,0.4436162002329253,,
2024-07-22 00:30:11,hf_copula_syn_100000_2,1000,0.1,10,3.0,4,0.9993874217261094,0.9797811290537836,0.3571428571428571,0.989487162207696,0.59154191043824,0.371709304270815,0.0072463768115942,0.125,0.9908617929562432,0.0136986301369863,0.3519342610765971,0.1131333570117687,0.0127388535031847,0.4,0.9896632210736912,0.0246913580246913,0.6291782644286724,0.3725225683208173,0.0,0.0,0.9991332755517034,0.0,0.0,0.0,0.9984627711512988,0.9790666666666666,0.3577344800578285,0.98857917724505,0.5913872290158814,0.3715468875666755,,
2024-07-22 00:30:37,hf_copula_syn_100000_2,1000,0.1,10,5.0,4,0.9993878800244848,0.9805151474709728,0.3571428571428571,0.989861564889353,0.5917634504087196,0.37201348028179,0.0074074074074074,0.125,0.9910618996798292,0.0139860139860139,0.3519697962325441,0.1131537255657659,0.0127388535031847,0.4,0.9896632210736912,0.0246913580246913,0.6291782644286724,0.3725225683208173,0.0,0.0,0.9996666444429628,0.0,0.0,0.0,0.9984633149049136,0.9798,0.3577346223393405,0.9889533837555904,0.5916085811678051,0.371850790543269,,
2024-07-22 00:31:00,hf_copula_syn_100000_2,1000,0.1,10,7.0,4,0.99945567122542,0.9801815027358868,0.4285714285714285,0.9897247582791496,0.6481340809483856,0.4432497008047559,0.0072463768115942,0.125,0.9908617929562432,0.0136986301369863,0.3519342610765971,0.1131333570117687,0.0122699386503067,0.4,0.9892630876958988,0.0238095238095238,0.6290510591981858,0.3723877862143889,0.0,0.0,0.9998666577771852,0.0,0.0,0.0,0.998530800646126,0.9794666666666668,0.429096300334089,0.988816257615432,0.6479265377651408,0.4430204681364825,,
2024-07-22 00:31:30,hf_copula_syn_100000_2,1000,0.1,10,9.0,4,0.999455263516274,0.9794474843186974,0.4285714285714285,0.9893502291722835,0.6478913547541408,0.4428869575782875,0.0066225165562913,0.125,0.9899946638207044,0.0125786163522012,0.3517802339211059,0.1130450817098895,0.0063694267515923,0.2,0.9895965321773924,0.0123456790123456,0.4448812273354299,0.1822916666342376,0.0,0.0,0.9995999733315556,0.0,0.0,0.0,0.9985280937547392,0.9786666666666668,0.4290959312344141,0.9884376594467814,0.6476225660235733,0.4425946510170044,,
2024-07-22 00:31:39,hf_copula_syn_100000_2,100,0.01,2,1.0,4,0.9993218040013564,0.9832510342986788,0.2857142857142857,0.991221284181494,0.5300272322649844,0.3005246877855352,0.0,0.0,1.0,0.0,0.0,0.0,0.0117647058823529,0.6,0.9831943981327108,0.023076923076923,0.7680603094026058,0.5673113637412316,0.0,0.0,1.0,0.0,0.0,0.0,0.9983930252195826,0.9825333333333334,0.2863753505136632,0.9903038366239504,0.5297885602846713,0.3004333018648492,,
2024-07-22 00:31:47,hf_copula_syn_100000_2,100,0.01,2,3.0,4,0.9993218040013564,0.9832510342986788,0.2857142857142857,0.991221284181494,0.5300272322649844,0.3005246877855352,0.0,0.0,1.0,0.0,0.0,0.0,0.0117647058823529,0.6,0.9831943981327108,0.023076923076923,0.7680603094026058,0.5673113637412316,0.0,0.0,1.0,0.0,0.0,0.0,0.9983930252195826,0.9825333333333334,0.2863753505136632,0.9903038366239504,0.5297885602846713,0.3004333018648492,,
2024-07-22 00:31:56,hf_copula_syn_100000_2,100,0.01,2,5.0,4,0.9993218040013564,0.9832510342986788,0.2857142857142857,0.991221284181494,0.5300272322649844,0.3005246877855352,0.0,0.0,1.0,0.0,0.0,0.0,0.0117647058823529,0.6,0.9831943981327108,0.023076923076923,0.7680603094026058,0.5673113637412316,0.0,0.0,1.0,0.0,0.0,0.0,0.9983930252195826,0.9825333333333334,0.2863753505136632,0.9903038366239504,0.5297885602846713,0.3004333018648492,,
2024-07-22 00:32:05,hf_copula_syn_100000_2,100,0.01,2,7.0,4,0.9993218040013564,0.9832510342986788,0.2857142857142857,0.991221284181494,0.5300272322649844,0.3005246877855352,0.0,0.0,1.0,0.0,0.0,0.0,0.0117647058823529,0.6,0.9831943981327108,0.023076923076923,0.7680603094026058,0.5673113637412316,0.0,0.0,1.0,0.0,0.0,0.0,0.9983930252195826,0.9825333333333334,0.2863753505136632,0.9903038366239504,0.5297885602846713,0.3004333018648492,,
2024-07-22 00:32:14,hf_copula_syn_100000_2,100,0.01,2,9.0,4,0.9993218040013564,0.9832510342986788,0.2857142857142857,0.991221284181494,0.5300272322649844,0.3005246877855352,0.0,0.0,1.0,0.0,0.0,0.0,0.0117647058823529,0.6,0.9831943981327108,0.023076923076923,0.7680603094026058,0.5673113637412316,0.0,0.0,1.0,0.0,0.0,0.0,0.9983930252195826,0.9825333333333334,0.2863753505136632,0.9903038366239504,0.5297885602846713,0.3004333018648492,,
2024-07-22 00:32:22,hf_copula_syn_100000_2,100,0.01,4,1.0,4,0.999325372731566,0.9884558921660216,0.2857142857142857,0.9938609144889128,0.5314282352211744,0.3022625143779328,0.0,0.0,1.0,0.0,0.0,0.0,0.0169491525423728,0.6,0.9883961320440148,0.0329670329670329,0.7700893969055858,0.5700043251496192,0.0,0.0,1.0,0.0,0.0,0.0,0.998398318767864,0.9877333333333334,0.286377084424967,0.992944299979712,0.5311889320006032,0.3021704041395633,,
2024-07-22 00:32:32,hf_copula_syn_100000_2,100,0.01,4,3.0,4,0.999325372731566,0.9884558921660216,0.2857142857142857,0.9938609144889128,0.5314282352211744,0.3022625143779328,0.0,0.0,1.0,0.0,0.0,0.0,0.0169491525423728,0.6,0.9883961320440148,0.0329670329670329,0.7700893969055858,0.5700043251496192,0.0,0.0,1.0,0.0,0.0,0.0,0.998398318767864,0.9877333333333334,0.286377084424967,0.992944299979712,0.5311889320006032,0.3021704041395633,,
2024-07-22 00:32:40,hf_copula_syn_100000_2,100,0.01,4,5.0,4,0.999325372731566,0.9884558921660216,0.2857142857142857,0.9938609144889128,0.5314282352211744,0.3022625143779328,0.0,0.0,1.0,0.0,0.0,0.0,0.0169491525423728,0.6,0.9883961320440148,0.0329670329670329,0.7700893969055858,0.5700043251496192,0.0,0.0,1.0,0.0,0.0,0.0,0.998398318767864,0.9877333333333334,0.286377084424967,0.992944299979712,0.5311889320006032,0.3021704041395633,,
2024-07-22 00:32:50,hf_copula_syn_100000_2,100,0.01,4,7.0,4,0.999325372731566,0.9884558921660216,0.2857142857142857,0.9938609144889128,0.5314282352211744,0.3022625143779328,0.0,0.0,1.0,0.0,0.0,0.0,0.0169491525423728,0.6,0.9883961320440148,0.0329670329670329,0.7700893969055858,0.5700043251496192,0.0,0.0,1.0,0.0,0.0,0.0,0.998398318767864,0.9877333333333334,0.286377084424967,0.992944299979712,0.5311889320006032,0.3021704041395633,,
2024-07-22 00:33:00,hf_copula_syn_100000_2,100,0.01,4,9.0,4,0.999325372731566,0.9884558921660216,0.2857142857142857,0.9938609144889128,0.5314282352211744,0.3022625143779328,0.0,0.0,1.0,0.0,0.0,0.0,0.0169491525423728,0.6,0.9883961320440148,0.0329670329670329,0.7700893969055858,0.5700043251496192,0.0,0.0,1.0,0.0,0.0,0.0,0.998398318767864,0.9877333333333334,0.286377084424967,0.992944299979712,0.5311889320006032,0.3021704041395633,,
2024-07-22 00:33:13,hf_copula_syn_100000_2,100,0.01,8,1.0,4,0.9993893336952095,0.9828506606165754,0.3571428571428571,0.9910510025568564,0.5924677991902584,0.3729815690772444,0.0086206896551724,0.125,0.99232924226254,0.0161290322580645,0.3521947689600422,0.1132827031607358,0.0136986301369863,0.4,0.9903967989329776,0.0264900662251655,0.6294114072474307,0.3727696355826512,0.0,0.0,1.0,0.0,0.0,0.0,0.9984657342282892,0.9821333333333332,0.3577355650050414,0.9901434537937494,0.5923124702568754,0.3728181269329856,,
2024-07-22 00:33:28,hf_copula_syn_100000_2,100,0.01,8,3.0,4,0.9993893751272136,0.9829173895635926,0.3571428571428571,0.991084945332212,0.5924879111375525,0.373009234482082,0.008695652173913,0.125,0.9923959445037354,0.016260162601626,0.3522066056492509,0.1132894903429107,0.0136986301369863,0.4,0.9903967989329776,0.0264900662251655,0.6294114072474307,0.3727696355826512,0.0,0.0,1.0,0.0,0.0,0.0,0.9984658156016332,0.9822,0.3577356005795701,0.9901774348253644,0.5923325697459195,0.3728457701366092,,
2024-07-22 00:33:41,hf_copula_syn_100000_2,100,0.01,8,5.0,4,0.9993894993894994,0.9831175764046444,0.3571428571428571,0.9911867599569428,0.5925482428836625,0.3730922326049168,0.0089285714285714,0.125,0.9925960512273212,0.0166666666666666,0.3522421133303273,0.1133098512220569,0.0136986301369863,0.4,0.9903967989329776,0.0264900662251655,0.6294114072474307,0.3727696355826512,0.0,0.0,1.0,0.0,0.0,0.0,0.9984660639715436,0.9824,0.357735707303156,0.9902793712252804,0.5923928641198297,0.3729287016536649,,
2024-07-22 00:33:55,hf_copula_syn_100000_2,100,0.01,8,7.0,4,0.9993894993894994,0.9831175764046444,0.3571428571428571,0.9911867599569428,0.5925482428836625,0.3730922326049168,0.0089285714285714,0.125,0.9925960512273212,0.0166666666666666,0.3522421133303273,0.1133098512220569,0.0136986301369863,0.4,0.9903967989329776,0.0264900662251655,0.6294114072474307,0.3727696355826512,0.0,0.0,1.0,0.0,0.0,0.0,0.9984660639715436,0.9824,0.357735707303156,0.9902793712252804,0.5923928641198297,0.3729287016536649,,
2024-07-22 00:34:07,hf_copula_syn_100000_2,100,0.01,8,9.0,4,0.9993895407990232,0.9831843053516616,0.3571428571428571,0.9912206935988428,0.5925683521006735,0.3731198992819692,0.009009009009009,0.125,0.9926627534685164,0.0168067226890756,0.3522539484286366,0.1133166379593129,0.0136986301369863,0.4,0.9903967989329776,0.0264900662251655,0.6294114072474307,0.3727696355826512,0.0,0.0,1.0,0.0,0.0,0.0,0.9984661482424616,0.9824666666666668,0.3577357428776846,0.9903133478923264,0.5924129608802906,0.3729563461280786,,
2024-07-22 00:34:27,hf_copula_syn_100000_2,100,0.01,10,1.0,4,0.9993887530562348,0.9819164553583344,0.3571428571428571,0.990575563783238,0.59218616020831,0.3725942868051627,0.0078740157480314,0.125,0.9915955176093916,0.0148148148148148,0.3520645391134613,0.1132080368156506,0.0134228187919463,0.4,0.9901967322440812,0.0259740259740259,0.6293478314077459,0.3727022578716635,0.0,0.0,1.0,0.0,0.0,0.0,0.9984646639680452,0.9812,0.3577351069963302,0.9896675858335996,0.592031003490112,0.3724311438430701,,
2024-07-22 00:34:48,hf_copula_syn_100000_2,100,0.01,10,3.0,4,0.9993888775718068,0.982116642199386,0.3571428571428571,0.9906774812371688,0.5922465226935806,0.3726772706155792,0.0078740157480314,0.125,0.9915955176093916,0.0148148148148148,0.3520645391134613,0.1132080368156506,0.0136986301369863,0.4,0.9903967989329776,0.0264900662251655,0.6294114072474307,0.3727696355826512,0.0,0.0,1.0,0.0,0.0,0.0,0.9984648803045176,0.9814,0.3577351736852265,0.9897695801779904,0.5920913308290096,0.3725140726611672,,
2024-07-22 00:35:08,hf_copula_syn_100000_2,100,0.01,10,5.0,4,0.9993888775718068,0.982116642199386,0.3571428571428571,0.9906774812371688,0.5922465226935806,0.3726772706155792,0.0078740157480314,0.125,0.9915955176093916,0.0148148148148148,0.3520645391134613,0.1132080368156506,0.0136986301369863,0.4,0.9903967989329776,0.0264900662251655,0.6294114072474307,0.3727696355826512,0.0,0.0,1.0,0.0,0.0,0.0,0.9984648803045176,0.9814,0.3577351736852265,0.9897695801779904,0.5920913308290096,0.3725140726611672,,
2024-07-22 00:35:28,hf_copula_syn_100000_2,100,0.01,10,7.0,4,0.99938900203666,0.9823168290404376,0.3571428571428571,0.9907793781128011,0.5923068790272602,0.3727602572884794,0.0080645161290322,0.125,0.9917956243329776,0.0151515151515151,0.3521000611212986,0.1132284016990669,0.0136986301369863,0.4,0.9903967989329776,0.0264900662251655,0.6294114072474307,0.3727696355826512,0.0,0.0,1.0,0.0,0.0,0.0,0.9984651062534068,0.9816,0.3577352804088124,0.9898715615233852,0.5921516497751821,0.3725969927411106,,
2024-07-22 00:35:47,hf_copula_syn_100000_2,100,0.01,10,9.0,4,0.9993887115397676,0.9818497264113172,0.3571428571428571,0.9905415867245616,0.5921660380125412,0.3725666261711314,0.008,0.125,0.9917289220917824,0.0150375939849624,0.3520882208502193,0.1132216135158246,0.0131578947368421,0.4,0.9899966655551852,0.0254777070063694,0.6292842491450696,0.3726348769585416,0.0,0.0,1.0,0.0,0.0,0.0,0.9984646013739096,0.9811333333333332,0.3577351114564911,0.989633593862746,0.5920108915112312,0.3724034938062329,,
2024-07-22 00:36:05,hf_copula_syn_100000_2,500,0.01,2,1.0,4,0.9993251450938048,0.9881222474309356,0.2857142857142857,0.9936921218628372,0.5313385381497604,0.3021510688015483,0.0,0.0,0.9996664887940236,0.0,0.0,0.0,0.0169491525423728,0.6,0.9883961320440148,0.0329670329670329,0.7700893969055858,0.5700043251496192,0.0,0.0,1.0,0.0,0.0,0.0,0.9983980913425649,0.9874,0.2863769065523238,0.992775664893421,0.5310993186464558,0.3020590625790501,,
2024-07-22 00:36:22,hf_copula_syn_100000_2,500,0.01,2,3.0,4,0.9993251450938048,0.9881222474309356,0.2857142857142857,0.9936921218628372,0.5313385381497604,0.3021510688015483,0.0,0.0,0.9996664887940236,0.0,0.0,0.0,0.0169491525423728,0.6,0.9883961320440148,0.0329670329670329,0.7700893969055858,0.5700043251496192,0.0,0.0,1.0,0.0,0.0,0.0,0.9983980913425649,0.9874,0.2863769065523238,0.992775664893421,0.5310993186464558,0.3020590625790501,,
2024-07-22 00:36:41,hf_copula_syn_100000_2,500,0.01,2,5.0,4,0.9993251450938048,0.9881222474309356,0.2857142857142857,0.9936921218628372,0.5313385381497604,0.3021510688015483,0.0,0.0,0.9996664887940236,0.0,0.0,0.0,0.0169491525423728,0.6,0.9883961320440148,0.0329670329670329,0.7700893969055858,0.5700043251496192,0.0,0.0,1.0,0.0,0.0,0.0,0.9983980913425649,0.9874,0.2863769065523238,0.992775664893421,0.5310993186464558,0.3020590625790501,,
2024-07-22 00:36:58,hf_copula_syn_100000_2,500,0.01,2,7.0,4,0.9993251450938048,0.9881222474309356,0.2857142857142857,0.9936921218628372,0.5313385381497604,0.3021510688015483,0.0,0.0,0.9996664887940236,0.0,0.0,0.0,0.0169491525423728,0.6,0.9883961320440148,0.0329670329670329,0.7700893969055858,0.5700043251496192,0.0,0.0,1.0,0.0,0.0,0.0,0.9983980913425649,0.9874,0.2863769065523238,0.992775664893421,0.5310993186464558,0.3020590625790501,,
2024-07-22 00:37:16,hf_copula_syn_100000_2,500,0.01,2,9.0,4,0.9993251450938048,0.9881222474309356,0.2857142857142857,0.9936921218628372,0.5313385381497604,0.3021510688015483,0.0,0.0,0.9996664887940236,0.0,0.0,0.0,0.0169491525423728,0.6,0.9883961320440148,0.0329670329670329,0.7700893969055858,0.5700043251496192,0.0,0.0,1.0,0.0,0.0,0.0,0.9983980913425649,0.9874,0.2863769065523238,0.992775664893421,0.5310993186464558,0.3020590625790501,,
2024-07-22 00:37:34,hf_copula_syn_100000_2,500,0.01,4,1.0,4,0.9993908217138217,0.9852529027091952,0.3571428571428571,0.992271505376344,0.5931913997032117,0.3739777240252497,0.0113636363636363,0.125,0.9941969050160084,0.0208333333333333,0.3525260460263908,0.1134727022167959,0.0144927536231884,0.4,0.9909303101033676,0.0279720279720279,0.629580911433429,0.3729492938237387,0.0,0.0,1.0,0.0,0.0,0.0,0.9984689484708236,0.9845333333333334,0.3577367389289001,0.9913658204250946,0.5930356285918472,0.373813513355283,,
2024-07-22 00:37:55,hf_copula_syn_100000_2,500,0.01,4,3.0,4,0.9993904503894344,0.9846523421860404,0.3571428571428571,0.991966656582972,0.5930105823513849,0.3737286466447189,0.0103092783505154,0.125,0.9935965848452508,0.019047619047619,0.3524195980726048,0.1134116406017752,0.0144927536231884,0.4,0.9909303101033676,0.0279720279720279,0.629580911433429,0.3729492938237387,0.0,0.0,1.0,0.0,0.0,0.0,0.9984680151687324,0.9839333333333332,0.3577364187581424,0.9910603037763106,0.5928549232306402,0.3735646358807793,,
2024-07-22 00:38:16,hf_copula_syn_100000_2,500,0.01,4,5.0,4,0.9993909041689226,0.9853863606032296,0.3571428571428571,0.9923392245144816,0.5932315738524367,0.3740330780528476,0.0116279069767441,0.125,0.9943303094983992,0.0212765957446808,0.3525496967624563,0.1134862702410513,0.0144927536231884,0.4,0.9909303101033676,0.0279720279720279,0.629580911433429,0.3729492938237387,0.0,0.0,1.0,0.0,0.0,0.0,0.9984691717932936,0.9846666666666668,0.3577368100779574,0.9914337127653224,0.5930757778589256,0.3738688229554014,,
2024-07-22 00:38:38,hf_copula_syn_100000_2,500,0.01,4,7.0,4,0.9993905329450804,0.9847858000800748,0.3571428571428571,0.9920344166974758,0.593050768749449,0.3737839949473496,0.0105263157894736,0.125,0.9937299893276414,0.0194174757281553,0.3524432559518697,0.1134252106281657,0.0144927536231884,0.4,0.9909303101033676,0.0279720279720279,0.629580911433429,0.3729492938237387,0.0,0.0,1.0,0.0,0.0,0.0,0.9984682134006272,0.9840666666666666,0.3577364899071997,0.9911281979049372,0.5928950847389348,0.3736199397623416,,
2024-07-22 00:38:59,hf_copula_syn_100000_2,500,0.01,4,9.0,4,0.9993909041689226,0.9853863606032296,0.3571428571428571,0.9923392245144816,0.5932315738524367,0.3740330780528476,0.0114942528735632,0.125,0.994263607257204,0.0210526315789473,0.3525378715927559,0.1134794862845385,0.0145985401459854,0.4,0.9909969989996664,0.028169014084507,0.6296020962479927,0.3729717495028075,0.0,0.0,1.0,0.0,0.0,0.0,0.9984691357732796,0.9846666666666668,0.3577367967330608,0.9914336589798048,0.5930757786137734,0.3738688268225176,,
2024-07-22 00:39:43,hf_copula_syn_100000_2,500,0.01,8,1.0,4,0.9993887115397676,0.9818497264113172,0.3571428571428571,0.9905415867245616,0.5921660380125412,0.3725666261711314,0.0084745762711864,0.125,0.9921958377801494,0.0158730158730158,0.3521710943881094,0.113269128462697,0.0125786163522012,0.4,0.9895298432810936,0.024390243902439,0.6291358655429188,0.3724776423751788,0.0,0.0,1.0,0.0,0.0,0.0,0.9984646613884594,0.9811333333333332,0.3577352048707669,0.989633676933385,0.5920108862492507,0.3724034667360101,,
2024-07-22 00:40:26,hf_copula_syn_100000_2,500,0.01,8,3.0,4,0.9993888360722532,0.9820499132523688,0.3571428571428571,0.9906435110393108,0.5922264025487601,0.3726496090273867,0.008695652173913,0.125,0.9923959445037354,0.016260162601626,0.3522066056492509,0.1132894903429107,0.0125786163522012,0.4,0.9895298432810936,0.024390243902439,0.6291358655429188,0.3724776423751788,0.0,0.0,1.0,0.0,0.0,0.0,0.9984649037118624,0.9813333333333332,0.3577353115943528,0.9897357125970292,0.5920712133845751,0.3724863830012691,,
2024-07-22 00:41:10,hf_copula_syn_100000_2,500,0.01,8,5.0,4,0.9993888775718068,0.982116642199386,0.3571428571428571,0.9906774812371688,0.5922465226935806,0.3726772706155792,0.0087719298245614,0.125,0.9924626467449308,0.0163934426229508,0.3522184419406745,0.1132962774138558,0.0125786163522012,0.4,0.9895298432810936,0.024390243902439,0.6291358655429188,0.3724776423751788,0.0,0.0,1.0,0.0,0.0,0.0,0.9984649858540968,0.9814,0.3577353471688814,0.9897697221720472,0.5920913210632825,0.3725140223917504,,
2024-07-22 00:41:54,hf_copula_syn_100000_2,500,0.01,8,7.0,4,0.9993888775718068,0.982116642199386,0.3571428571428571,0.9906774812371688,0.5922465226935806,0.3726772706155792,0.0087719298245614,0.125,0.9924626467449308,0.0163934426229508,0.3522184419406745,0.1132962774138558,0.0125786163522012,0.4,0.9895298432810936,0.024390243902439,0.6291358655429188,0.3724776423751788,0.0,0.0,1.0,0.0,0.0,0.0,0.9984649858540968,0.9814,0.3577353471688814,0.9897697221720472,0.5920913210632825,0.3725140223917504,,
2024-07-22 00:42:38,hf_copula_syn_100000_2,500,0.01,8,9.0,4,0.999388960554009,0.9822501000934204,0.3571428571428571,0.9907454147736832,0.592286760932761,0.3727325947461257,0.0088495575221238,0.125,0.992529348986126,0.0165289256198347,0.3522302778343533,0.1133030643735712,0.0126582278481012,0.4,0.9895965321773924,0.0245398773006134,0.6291570653429531,0.3725001055258944,0.0,0.0,1.0,0.0,0.0,0.0,0.9984651366974532,0.9815333333333334,0.3577354049730422,0.9898377144393254,0.5921315351258498,0.3725693059938705,,
2024-07-22 00:43:54,hf_copula_syn_100000_2,500,0.01,10,1.0,4,0.999388960554009,0.9822501000934204,0.3571428571428571,0.9907454147736832,0.592286760932761,0.3727325947461257,0.0085470085470085,0.125,0.9922625400213448,0.016,0.3521829318730084,0.1132759158673313,0.0129870129870129,0.4,0.9898632877625876,0.0251572327044025,0.629241857400662,0.37258995457083,0.0,0.0,1.0,0.0,0.0,0.0,0.998465084933046,0.9815333333333334,0.357735351593456,0.989837638130796,0.5921315381386895,0.3725693214643488,,
2024-07-22 00:45:06,hf_copula_syn_100000_2,500,0.01,10,3.0,4,0.9993889190657252,0.9821833711464032,0.3571428571428571,0.9907114491485496,0.5922666421548911,0.3727049325218257,0.0084033613445378,0.125,0.992129135538954,0.0157480314960629,0.3521592565053051,0.1132623409468329,0.0130718954248366,0.4,0.9899299766588864,0.0253164556962025,0.6292630536298429,0.3726124159425822,0.0,0.0,1.0,0.0,0.0,0.0,0.9984649951657892,0.9814666666666668,0.3577353026740308,0.9898036228980408,0.5921114325768927,0.3725416853052911,,
2024-07-22 00:46:21,hf_copula_syn_100000_2,500,0.01,10,5.0,4,0.999388960554009,0.9822501000934204,0.3571428571428571,0.9907454147736832,0.592286760932761,0.3727325947461257,0.0087719298245614,0.125,0.9924626467449308,0.0163934426229508,0.3522184419406745,0.1132962774138558,0.0127388535031847,0.4,0.9896632210736912,0.0246913580246913,0.6291782644286724,0.3725225683208173,0.0,0.0,1.0,0.0,0.0,0.0,0.9984651221712328,0.9815333333333334,0.3577353916281456,0.9898376926753016,0.592131535879735,0.3725693098617569,,
2024-07-22 00:47:32,hf_copula_syn_100000_2,500,0.01,10,7.0,4,0.9993888775718068,0.982116642199386,0.3571428571428571,0.9906774812371688,0.5922465226935806,0.3726772706155792,0.0087719298245614,0.125,0.9924626467449308,0.0163934426229508,0.3522184419406745,0.1132962774138558,0.0125786163522012,0.4,0.9895298432810936,0.024390243902439,0.6291358655429188,0.3724776423751788,0.0,0.0,1.0,0.0,0.0,0.0,0.9984649858540968,0.9814,0.3577353471688814,0.9897697221720472,0.5920913210632825,0.3725140223917504,,
2024-07-22 00:48:44,hf_copula_syn_100000_2,500,0.01,10,9.0,4,0.9993889190657252,0.9821833711464032,0.3571428571428571,0.9907114491485496,0.5922666421548911,0.3727049325218257,0.0084033613445378,0.125,0.992129135538954,0.0157480314960629,0.3521592565053051,0.1132623409468329,0.0130718954248366,0.4,0.9899299766588864,0.0253164556962025,0.6292630536298429,0.3726124159425822,0.0,0.0,1.0,0.0,0.0,0.0,0.9984649951657892,0.9814666666666668,0.3577353026740308,0.9898036228980408,0.5921114325768927,0.3725416853052911,,
2024-07-22 00:49:28,hf_copula_syn_100000_2,1500,0.01,2,1.0,4,0.9994567431753362,0.982116642199386,0.4285714285714285,0.9907108239095316,0.6487735601665388,0.4442062452217583,0.0186915887850467,0.25,0.9929962646744932,0.0347826086956521,0.4982459896161967,0.2298042532814014,0.0119760479041916,0.4,0.9889963321107036,0.0232558139534883,0.6289662414186324,0.3722979243609157,0.0,0.0,1.0,0.0,0.0,0.0,0.998537877745026,0.9814666666666668,0.4290973586899586,0.9898124631365048,0.6486434247853182,0.444038314302755,,
2024-07-22 00:50:07,hf_copula_syn_100000_2,1500,0.01,2,3.0,4,0.9994567062818336,0.9820499132523688,0.4285714285714285,0.9906768536905524,0.6487515196521818,0.4441732555882139,0.0186915887850467,0.25,0.9929962646744932,0.0347826086956521,0.4982459896161967,0.2298042532814014,0.0119047619047619,0.4,0.9889296432144048,0.0231213872832369,0.6289450351865113,0.3722754580080657,0.0,0.0,1.0,0.0,0.0,0.0,0.9985378171239576,0.9814,0.4290973364603264,0.9897784798141732,0.6486213977733639,0.4440053479707511,,
2024-07-22 00:50:46,hf_copula_syn_100000_2,1500,0.01,2,5.0,4,0.9994567431753362,0.982116642199386,0.4285714285714285,0.9907108239095316,0.6487735601665388,0.4442062452217583,0.0178571428571428,0.25,0.9926627534685164,0.0333333333333333,0.4981623112672506,0.2297353470232149,0.0123456790123456,0.4,0.9893297765921976,0.0239520958083832,0.6290722618562028,0.3724102507882754,0.0,0.0,1.0,0.0,0.0,0.0,0.9985375559175672,0.9814666666666668,0.4290972919654758,0.9898119222835964,0.6486434154970113,0.444038314994893,,
2024-07-22 00:51:29,hf_copula_syn_100000_2,1500,0.01,2,7.0,4,0.9994567062818336,0.9820499132523688,0.4285714285714285,0.9906768536905524,0.6487515196521818,0.4441732555882139,0.0178571428571428,0.25,0.9926627534685164,0.0333333333333333,0.4981623112672506,0.2297353470232149,0.0122699386503067,0.4,0.9892630876958988,0.0238095238095238,0.6290510591981858,0.3723877862143889,0.0,0.0,1.0,0.0,0.0,0.0,0.9985374938117112,0.9814,0.4290972697358437,0.9897779362461554,0.6486213884862483,0.444005348663482,,
2024-07-22 00:52:14,hf_copula_syn_100000_2,1500,0.01,2,9.0,4,0.999456595571254,0.9818497264113172,0.4285714285714285,0.9905749293119698,0.648685393615861,0.4440742889775679,0.018018018018018,0.25,0.9927294557097118,0.0336134453781512,0.4981790480614655,0.2297491287197711,0.0119760479041916,0.4,0.9889963321107036,0.0232558139534883,0.6289662414186324,0.3722979243609157,0.0,0.0,1.0,0.0,0.0,0.0,0.9985373710409652,0.9812,0.429097216391844,0.9896760718201316,0.6485553048212586,0.4439064518179597,,
2024-07-22 00:53:03,hf_copula_syn_100000_2,1500,0.01,4,1.0,4,0.9994560043519652,0.9807820632590418,0.4285714285714285,0.9900309847770444,0.6483326075157417,0.4435465250671252,0.0094339622641509,0.125,0.9929962646744932,0.0175438596491228,0.3523131179566149,0.1133505699771468,0.0106382978723404,0.4,0.9875958652884296,0.0207253886010362,0.6285207602898824,0.3718260562345946,0.0,0.0,1.0,0.0,0.0,0.0,0.9985317562937348,0.9800666666666666,0.4290968918676844,0.9891232210459324,0.6481249043317339,0.4433169439664619,,
2024-07-22 00:54:00,hf_copula_syn_100000_2,1500,0.01,4,3.0,4,0.9994560783247212,0.9809155211530762,0.4285714285714285,0.99009900990099,0.6483767162757013,0.4436124902126276,0.0094339622641509,0.125,0.9929962646744932,0.0175438596491228,0.3523131179566149,0.1133505699771468,0.010752688172043,0.4,0.987729243081027,0.0209424083769633,0.6285632006667355,0.3718710028162105,0.0,0.0,1.0,0.0,0.0,0.0,0.9985318683275498,0.9802,0.4290969363269486,0.9891912550196876,0.6481689860703097,0.443382862526689,,
2024-07-22 00:54:55,hf_copula_syn_100000_2,1500,0.01,4,5.0,4,0.9994561153035556,0.9809822501000934,0.4285714285714285,0.990133019026772,0.6483987695304576,0.4436454733578756,0.0095238095238095,0.125,0.9930629669156884,0.0176991150442477,0.3523249506697773,0.1133573560470244,0.010752688172043,0.4,0.987729243081027,0.0209424083769633,0.6285632006667355,0.3718710028162105,0.0,0.0,1.0,0.0,0.0,0.0,0.9985319531904092,0.9802666666666666,0.4290969719014773,0.9892253152064964,0.6481910250528086,0.4434158185069055,,
2024-07-22 00:55:47,hf_copula_syn_100000_2,1500,0.01,4,7.0,4,0.9994561522773624,0.9810489790471106,0.4285714285714285,0.9901670258620688,0.6484208220351669,0.4436784568847881,0.0095238095238095,0.125,0.9930629669156884,0.0176991150442477,0.3523249506697773,0.1133573560470244,0.0108108108108108,0.4,0.9877959319773256,0.0210526315789473,0.6285844197806133,0.3718934755733293,0.0,0.0,1.0,0.0,0.0,0.0,0.9985320095039196,0.9803333333333332,0.4290969941311094,0.9892593270431476,0.6482130640482182,0.4434487787401118,,
2024-07-22 00:56:39,hf_copula_syn_100000_2,1500,0.01,4,9.0,4,0.9994561892461424,0.9811157079941278,0.4285714285714285,0.9902010304071118,0.648442873789906,0.443711440793365,0.0094339622641509,0.125,0.9929962646744932,0.0175438596491228,0.3523131179566149,0.1133505699771468,0.0109289617486338,0.4,0.9879293097699232,0.0212765957446808,0.6286268558596342,0.3719384200201889,0.0,0.0,1.0,0.0,0.0,0.0,0.998532037903303,0.9804,0.4290970030158449,0.9892932917024596,0.6482351030558988,0.4434817432259524,,
2024-07-22 00:58:05,hf_copula_syn_100000_2,1500,0.01,8,1.0,4,0.9994561522773624,0.9810489790471106,0.4285714285714285,0.9901670258620688,0.6484208220351669,0.4436784568847881,0.0085470085470085,0.125,0.9922625400213448,0.016,0.3521829318730084,0.1132759158673313,0.0116279069767441,0.4,0.9886628876292096,0.0225988700564971,0.6288602031069257,0.3721855890387381,0.0,0.0,0.9999333288885924,0.0,0.0,0.0,0.9985317609087876,0.9803333333333332,0.4290968517772422,0.9892589362612833,0.6482130802326354,0.4434488326765044,,
2024-07-22 00:59:32,hf_copula_syn_100000_2,1500,0.01,8,3.0,4,0.9994562262098968,0.981182436941145,0.4285714285714285,0.990235032662132,0.648464924794751,0.4437444250836065,0.0085470085470085,0.125,0.9922625400213448,0.016,0.3521829318730084,0.1132759158673313,0.0119047619047619,0.4,0.9889296432144048,0.0231213872832369,0.6289450351865113,0.3722754580080657,0.0,0.0,0.9997999866657776,0.0,0.0,0.0,0.9985319270572942,0.9804666666666668,0.4290969318062891,0.989327053760742,0.6482571701070037,0.4435147692613271,,
2024-07-22 01:01:26,hf_copula_syn_100000_2,1500,0.01,8,5.0,4,0.9994558933550975,0.98058187641799,0.4285714285714285,0.9899289299066992,0.6482664387485365,0.443447580211355,0.0076923076923076,0.125,0.9913954108858056,0.0144927536231884,0.3520290135212234,0.1131876709311668,0.0122699386503067,0.4,0.9892630876958988,0.0238095238095238,0.6290510591981858,0.3723877862143889,0.0,0.0,0.9997333155543704,0.0,0.0,0.0,0.9985312603982852,0.9798666666666668,0.4290965760408365,0.989020662215322,0.6480588225659819,0.4432181918230592,,
2024-07-22 01:03:22,hf_copula_syn_100000_2,1500,0.01,8,7.0,4,0.9994561892461424,0.9811157079941278,0.4285714285714285,0.9902010304071118,0.648442873789906,0.443711440793365,0.0084033613445378,0.125,0.992129135538954,0.0157480314960629,0.3521592565053051,0.1132623409468329,0.0119760479041916,0.4,0.9889963321107036,0.0232558139534883,0.6289662414186324,0.3722979243609157,0.0,0.0,0.9997999866657776,0.0,0.0,0.0,0.9985318372781978,0.9804,0.4290968828868639,0.9892929936668476,0.6482351341249778,0.4434818160052498,,
2024-07-22 01:05:17,hf_copula_syn_100000_2,1500,0.01,8,9.0,4,0.9994561522773624,0.9810489790471106,0.4285714285714285,0.9901670258620688,0.6484208220351669,0.4436784568847881,0.0083333333333333,0.125,0.9920624332977588,0.015625,0.3521474182245552,0.1132555533197392,0.0119047619047619,0.4,0.9889296432144048,0.0231213872832369,0.6289450351865113,0.3722754580080657,0.0,0.0,0.9998666577771852,0.0,0.0,0.0,0.9985317392336496,0.9803333333333332,0.429096829527444,0.989258910433692,0.6482130895693827,0.4434488517728022,,
2024-07-22 01:07:19,hf_copula_syn_100000_2,1500,0.01,10,1.0,4,0.9993885038728088,0.9815160816762312,0.3571428571428571,0.99037166711554,0.5920654167754701,0.3724283277717807,0.0084033613445378,0.125,0.992129135538954,0.0157480314960629,0.3521592565053051,0.1132623409468329,0.0063694267515923,0.2,0.9895965321773924,0.0123456790123456,0.4448812273354299,0.1822916666342376,0.0,0.0,0.9995999733315556,0.0,0.0,0.0,0.998462346204162,0.9807333333333332,0.3577351648574258,0.9894598344027008,0.5918489343990609,0.3722018984699101,,
2024-07-22 01:09:41,hf_copula_syn_100000_2,1500,0.01,10,3.0,4,0.9994561522773624,0.9810489790471106,0.4285714285714285,0.9901670258620688,0.6484208220351669,0.4436784568847881,0.0080645161290322,0.125,0.9917956243329776,0.0151515151515151,0.3521000611212986,0.1132284016990669,0.0125,0.4,0.9894631543847948,0.0242424242424242,0.629114665028497,0.3724551788686703,0.0,0.0,0.9995999733315556,0.0,0.0,0.0,0.9985317942771722,0.9803333333333332,0.4290968472874232,0.989259031587426,0.6482131208555416,0.4434488971988913,,
2024-07-22 01:12:27,hf_copula_syn_100000_2,1500,0.01,10,5.0,4,0.9994562262098968,0.981182436941145,0.4285714285714285,0.990235032662132,0.648464924794751,0.4437444250836065,0.008,0.125,0.9917289220917824,0.0150375939849624,0.3520882208502193,0.1132216135158246,0.0126582278481012,0.4,0.9895965321773924,0.0245398773006134,0.6291570653429531,0.3725001055258944,0.0,0.0,0.9996666444429628,0.0,0.0,0.0,0.9985318864747168,0.9804666666666668,0.4290968606168995,0.9893270133075396,0.648257190271177,0.4435148151825789,,
2024-07-22 01:15:16,hf_copula_syn_100000_2,1500,0.01,10,7.0,4,0.9994561522773624,0.9810489790471106,0.4285714285714285,0.9901670258620688,0.6484208220351669,0.4436784568847881,0.008,0.125,0.9917289220917824,0.0150375939849624,0.3520882208502193,0.1132216135158246,0.0125,0.4,0.9894631543847948,0.0242424242424242,0.629114665028497,0.3724551788686703,0.0,0.0,0.9996666444429628,0.0,0.0,0.0,0.99853175986857,0.9803333333333332,0.4290968161576353,0.9892589708294705,0.6482131145407304,0.4434488935785269,,
2024-07-22 01:17:41,hf_copula_syn_100000_2,1500,0.01,10,9.0,4,0.9994564478869412,0.9815828106232484,0.4285714285714285,0.990438998114732,0.6485972150803329,0.4439423388400095,0.0081967213114754,0.125,0.9919290288153682,0.0153846153846153,0.3521237404690587,0.1132419777318625,0.0126582278481012,0.4,0.9895965321773924,0.0245398773006134,0.6291570653429531,0.3725001055258944,0.0,0.0,0.9998666577771852,0.0,0.0,0.0,0.9985322128628956,0.9808666666666668,0.4290969806747077,0.9895309734704636,0.6483893760296224,0.4437125550803911,,
2024-07-22 01:18:10,hf_copula_syn_100000_2,1000,0.01,2,1.0,4,0.9993900372754998,0.983985052715868,0.3571428571428571,0.9916277193100436,0.5928096094976953,0.37345192421479,0.01,0.125,0.9933964781216648,0.0185185185185185,0.352384108275626,0.1133912847279666,0.0137931034482758,0.4,0.9904634878292764,0.0266666666666666,0.6294325977669972,0.3727920941080616,0.0,0.0,1.0,0.0,0.0,0.0,0.998467204275192,0.9832666666666666,0.3577361564271317,0.9907209655374528,0.5926540695858334,0.3732881084687471,,
2024-07-22 01:18:41,hf_copula_syn_100000_2,1000,0.01,2,3.0,4,0.99939007861209,0.9840517816628852,0.3571428571428571,0.9916616232936588,0.5928297098489599,0.3734795950265411,0.010204081632653,0.125,0.9935298826040556,0.0188679245283018,0.3524077685373961,0.1134048554217354,0.0136986301369863,0.4,0.9903967989329776,0.0264900662251655,0.6294114072474307,0.3727696355826512,0.0,0.0,1.0,0.0,0.0,0.0,0.9984673229256352,0.9833333333333332,0.357736205346557,0.9907549653604082,0.59267415673207,0.3733157532059356,,
2024-07-22 01:19:12,hf_copula_syn_100000_2,1000,0.01,2,5.0,4,0.99939007861209,0.9840517816628852,0.3571428571428571,0.9916616232936588,0.5928297098489599,0.3734795950265411,0.010204081632653,0.125,0.9935298826040556,0.0188679245283018,0.3524077685373961,0.1134048554217354,0.0136986301369863,0.4,0.9903967989329776,0.0264900662251655,0.6294114072474307,0.3727696355826512,0.0,0.0,1.0,0.0,0.0,0.0,0.9984673229256352,0.9833333333333332,0.357736205346557,0.9907549653604082,0.59267415673207,0.3733157532059356,,
2024-07-22 01:19:45,hf_copula_syn_100000_2,1000,0.01,2,7.0,4,0.99939007861209,0.9840517816628852,0.3571428571428571,0.9916616232936588,0.5928297098489599,0.3734795950265411,0.010204081632653,0.125,0.9935298826040556,0.0188679245283018,0.3524077685373961,0.1134048554217354,0.0136986301369863,0.4,0.9903967989329776,0.0264900662251655,0.6294114072474307,0.3727696355826512,0.0,0.0,1.0,0.0,0.0,0.0,0.9984673229256352,0.9833333333333332,0.357736205346557,0.9907549653604082,0.59267415673207,0.3733157532059356,,
2024-07-22 01:20:16,hf_copula_syn_100000_2,1000,0.01,2,9.0,4,0.99939007861209,0.9840517816628852,0.3571428571428571,0.9916616232936588,0.5928297098489599,0.3734795950265411,0.010204081632653,0.125,0.9935298826040556,0.0188679245283018,0.3524077685373961,0.1134048554217354,0.0136986301369863,0.4,0.9903967989329776,0.0264900662251655,0.6294114072474307,0.3727696355826512,0.0,0.0,1.0,0.0,0.0,0.0,0.9984673229256352,0.9833333333333332,0.357736205346557,0.9907549653604082,0.59267415673207,0.3733157532059356,,
2024-07-22 01:20:54,hf_copula_syn_100000_2,1000,0.01,4,1.0,4,0.9993884207665128,0.9813826237821968,0.3571428571428571,0.990303683253653,0.5920251634921673,0.3723730106384167,0.0087719298245614,0.125,0.9924626467449308,0.0163934426229508,0.3522184419406745,0.1132962774138558,0.0117647058823529,0.4,0.9887962654218072,0.0228571428571428,0.6289026205770835,0.3722305242349874,0.0,0.0,1.0,0.0,0.0,0.0,0.9984642581716644,0.9806666666666668,0.3577351026429283,0.9893957620329676,0.5918700907154687,0.3722099640178532,,
2024-07-22 01:21:34,hf_copula_syn_100000_2,1000,0.01,4,3.0,4,0.9993884623224842,0.981449352729214,0.3571428571428571,0.9903376763289904,0.5920452904759224,0.3724006690460719,0.0089285714285714,0.125,0.9925960512273212,0.0166666666666666,0.3522421133303273,0.1133098512220569,0.0116959064327485,0.4,0.9887295765255084,0.0227272727272727,0.628881412199632,0.3722080568147591,0.0,0.0,1.0,0.0,0.0,0.0,0.9984643602978894,0.9807333333333332,0.3577351515623535,0.9894298258108812,0.5918902044693208,0.372237596361219,,
2024-07-22 01:22:12,hf_copula_syn_100000_2,1000,0.01,4,5.0,4,0.9993887115397676,0.9818497264113172,0.3571428571428571,0.9905415867245616,0.5921660380125412,0.3725666261711314,0.009009009009009,0.125,0.9926627534685164,0.0168067226890756,0.3522539484286366,0.1133166379593129,0.0120481927710843,0.4,0.9890630210070024,0.023391812865497,0.6289874469357882,0.3723203903579731,0.0,0.0,1.0,0.0,0.0,0.0,0.9984647696113924,0.9811333333333332,0.3577352982850426,0.989633842100008,0.5920108809652034,0.3724034396570692,,
2024-07-22 01:22:48,hf_copula_syn_100000_2,1000,0.01,4,7.0,4,0.9993886700176606,0.9817829974643,0.3571428571428571,0.990507607378484,0.5921459151329835,0.3725389658551538,0.009009009009009,0.125,0.9926627534685164,0.0168067226890756,0.3522539484286366,0.1133166379593129,0.0119760479041916,0.4,0.9889963321107036,0.0232558139534883,0.6289662414186324,0.3722979243609157,0.0,0.0,1.0,0.0,0.0,0.0,0.9984647040797504,0.9810666666666666,0.3577352760554105,0.989599849135016,0.5919907697984943,0.3723757976687208,,
2024-07-22 01:23:27,hf_copula_syn_100000_2,1000,0.01,4,9.0,4,0.9993886700176606,0.9817829974643,0.3571428571428571,0.990507607378484,0.5921459151329835,0.3725389658551538,0.009009009009009,0.125,0.9926627534685164,0.0168067226890756,0.3522539484286366,0.1133166379593129,0.0119760479041916,0.4,0.9889963321107036,0.0232558139534883,0.6289662414186324,0.3722979243609157,0.0,0.0,1.0,0.0,0.0,0.0,0.9984647040797504,0.9810666666666666,0.3577352760554105,0.989599849135016,0.5919907697984943,0.3723757976687208,,
2024-07-22 01:24:46,hf_copula_syn_100000_2,1000,0.01,8,1.0,4,0.9993882960647048,0.981182436941145,0.3571428571428571,0.9902016902926024,0.5919647784349604,0.3722900373237736,0.0086206896551724,0.125,0.99232924226254,0.0161290322580645,0.3521947689600422,0.1132827031607358,0.0117647058823529,0.4,0.9887962654218072,0.0228571428571428,0.6289026205770835,0.3722305242349874,0.0,0.0,0.9999333288885924,0.0,0.0,0.0,0.9984640529248212,0.9804666666666668,0.3577350270491303,0.989293723246486,0.5918097493920588,0.3721270609053688,,
2024-07-22 01:26:04,hf_copula_syn_100000_2,1000,0.01,8,3.0,4,0.9993884207665128,0.9813826237821968,0.3571428571428571,0.990303683253653,0.5920251634921673,0.3723730106384167,0.008695652173913,0.125,0.9923959445037354,0.016260162601626,0.3522066056492509,0.1132894903429107,0.0119760479041916,0.4,0.9889963321107036,0.0232558139534883,0.6289662414186324,0.3722979243609157,0.0,0.0,0.9998666577771852,0.0,0.0,0.0,0.9984642879375912,0.9806666666666668,0.3577351248678145,0.9893958238406548,0.5918701056097271,0.3722099828647907,,
2024-07-22 01:27:24,hf_copula_syn_100000_2,1000,0.01,8,5.0,4,0.9994561892461424,0.9811157079941278,0.4285714285714285,0.9902010304071118,0.648442873789906,0.443711440793365,0.0085470085470085,0.125,0.9922625400213448,0.016,0.3521829318730084,0.1132759158673313,0.0116959064327485,0.4,0.9887295765255084,0.0227272727272727,0.628881412199632,0.3722080568147591,0.0,0.0,0.9999333288885924,0.0,0.0,0.0,0.9985318205095486,0.9804,0.4290968740068743,0.989292951869641,0.6482351184754341,0.4434817932893587,,
2024-07-22 01:28:43,hf_copula_syn_100000_2,1000,0.01,8,7.0,4,0.999456337071016,0.9813826237821968,0.4285714285714285,0.9903370256893708,0.6485310733106879,0.4438433802443178,0.0086206896551724,0.125,0.99232924226254,0.0161290322580645,0.3521947689600422,0.1132827031607358,0.0118343195266272,0.4,0.988862954318106,0.0229885057471264,0.6289238282393523,0.3722529912994227,0.0,0.0,1.0,0.0,0.0,0.0,0.9985320536307414,0.9806666666666668,0.4290969584854079,0.9894289761178472,0.6483232561284564,0.4436136281948753,,
2024-07-22 01:29:52,hf_copula_syn_100000_2,1000,0.01,8,9.0,4,0.9993884623224842,0.981449352729214,0.3571428571428571,0.9903376763289904,0.5920452904759224,0.3724006690460719,0.0089285714285714,0.125,0.9925960512273212,0.0166666666666666,0.3522421133303273,0.1133098512220569,0.0116959064327485,0.4,0.9887295765255084,0.0227272727272727,0.628881412199632,0.3722080568147591,0.0,0.0,1.0,0.0,0.0,0.0,0.9984643602978894,0.9807333333333332,0.3577351515623535,0.9894298258108812,0.5918902044693208,0.372237596361219,,
2024-07-22 01:31:53,hf_copula_syn_100000_2,1000,0.01,10,1.0,4,0.9993885038728088,0.9815160816762312,0.3571428571428571,0.99037166711554,0.5920654167754701,0.3724283277717807,0.0084033613445378,0.125,0.992129135538954,0.0157480314960629,0.3521592565053051,0.1132623409468329,0.0063694267515923,0.2,0.9895965321773924,0.0123456790123456,0.4448812273354299,0.1822916666342376,0.0,0.0,0.9995999733315556,0.0,0.0,0.0,0.998462346204162,0.9807333333333332,0.3577351648574258,0.9894598344027008,0.5918489343990609,0.3722018984699101,,
2024-07-22 01:34:15,hf_copula_syn_100000_2,1000,0.01,10,3.0,4,0.9994561522773624,0.9810489790471106,0.4285714285714285,0.9901670258620688,0.6484208220351669,0.4436784568847881,0.0080645161290322,0.125,0.9917956243329776,0.0151515151515151,0.3521000611212986,0.1132284016990669,0.0125,0.4,0.9894631543847948,0.0242424242424242,0.629114665028497,0.3724551788686703,0.0,0.0,0.9995999733315556,0.0,0.0,0.0,0.9985317942771722,0.9803333333333332,0.4290968472874232,0.989259031587426,0.6482131208555416,0.4434488971988913,,
2024-07-22 01:36:39,hf_copula_syn_100000_2,1000,0.01,10,5.0,4,0.9994562262098968,0.981182436941145,0.4285714285714285,0.990235032662132,0.648464924794751,0.4437444250836065,0.0081967213114754,0.125,0.9919290288153682,0.0153846153846153,0.3521237404690587,0.1132419777318625,0.0123456790123456,0.4,0.9893297765921976,0.0239520958083832,0.6290722618562028,0.3724102507882754,0.0,0.0,0.9997333155543704,0.0,0.0,0.0,0.9985318872098043,0.9804666666666668,0.4290968828666978,0.9893270024584552,0.6482571809471449,0.4435147960919148,,
2024-07-22 01:39:01,hf_copula_syn_100000_2,1000,0.01,10,7.0,4,0.999456337071016,0.9813826237821968,0.4285714285714285,0.9903370256893708,0.6485310733106879,0.4438433802443178,0.0083333333333333,0.125,0.9920624332977588,0.015625,0.3521474182245552,0.1132555533197392,0.0124223602484472,0.4,0.989396465488496,0.0240963855421686,0.6290934637996158,0.3724327150063693,0.0,0.0,0.9997333155543704,0.0,0.0,0.0,0.9985320963876104,0.9806666666666668,0.4290969762453871,0.989429076593908,0.6483232874199177,0.4436136736228623,,
2024-07-22 01:41:19,hf_copula_syn_100000_2,1000,0.01,10,9.0,4,0.9994564478869412,0.9815828106232484,0.4285714285714285,0.990438998114732,0.6485972150803329,0.4439423388400095,0.0081967213114754,0.125,0.9919290288153682,0.0153846153846153,0.3521237404690587,0.1132419777318625,0.0126582278481012,0.4,0.9895965321773924,0.0245398773006134,0.6291570653429531,0.3725001055258944,0.0,0.0,0.9998666577771852,0.0,0.0,0.0,0.9985322128628956,0.9808666666666668,0.4290969806747077,0.9895309734704636,0.6483893760296224,0.4437125550803911,,
2024-07-22 01:41:28,hf_copula_syn_100000_2,100,0.001,2,1.0,4,0.9993218040013564,0.9832510342986788,0.2857142857142857,0.991221284181494,0.5300272322649844,0.3005246877855352,0.0,0.0,1.0,0.0,0.0,0.0,0.0117647058823529,0.6,0.9831943981327108,0.023076923076923,0.7680603094026058,0.5673113637412316,0.0,0.0,1.0,0.0,0.0,0.0,0.9983930252195826,0.9825333333333334,0.2863753505136632,0.9903038366239504,0.5297885602846713,0.3004333018648492,,
2024-07-22 01:41:37,hf_copula_syn_100000_2,100,0.001,2,3.0,4,0.9993218040013564,0.9832510342986788,0.2857142857142857,0.991221284181494,0.5300272322649844,0.3005246877855352,0.0,0.0,1.0,0.0,0.0,0.0,0.0117647058823529,0.6,0.9831943981327108,0.023076923076923,0.7680603094026058,0.5673113637412316,0.0,0.0,1.0,0.0,0.0,0.0,0.9983930252195826,0.9825333333333334,0.2863753505136632,0.9903038366239504,0.5297885602846713,0.3004333018648492,,
2024-07-22 01:41:45,hf_copula_syn_100000_2,100,0.001,2,5.0,4,0.9993218040013564,0.9832510342986788,0.2857142857142857,0.991221284181494,0.5300272322649844,0.3005246877855352,0.0,0.0,1.0,0.0,0.0,0.0,0.0117647058823529,0.6,0.9831943981327108,0.023076923076923,0.7680603094026058,0.5673113637412316,0.0,0.0,1.0,0.0,0.0,0.0,0.9983930252195826,0.9825333333333334,0.2863753505136632,0.9903038366239504,0.5297885602846713,0.3004333018648492,,
2024-07-22 01:41:54,hf_copula_syn_100000_2,100,0.001,2,7.0,4,0.9993218040013564,0.9832510342986788,0.2857142857142857,0.991221284181494,0.5300272322649844,0.3005246877855352,0.0,0.0,1.0,0.0,0.0,0.0,0.0117647058823529,0.6,0.9831943981327108,0.023076923076923,0.7680603094026058,0.5673113637412316,0.0,0.0,1.0,0.0,0.0,0.0,0.9983930252195826,0.9825333333333334,0.2863753505136632,0.9903038366239504,0.5297885602846713,0.3004333018648492,,
2024-07-22 01:42:02,hf_copula_syn_100000_2,100,0.001,2,9.0,4,0.9993218040013564,0.9832510342986788,0.2857142857142857,0.991221284181494,0.5300272322649844,0.3005246877855352,0.0,0.0,1.0,0.0,0.0,0.0,0.0117647058823529,0.6,0.9831943981327108,0.023076923076923,0.7680603094026058,0.5673113637412316,0.0,0.0,1.0,0.0,0.0,0.0,0.9983930252195826,0.9825333333333334,0.2863753505136632,0.9903038366239504,0.5297885602846713,0.3004333018648492,,
2024-07-22 01:42:12,hf_copula_syn_100000_2,100,0.001,4,1.0,4,0.9993258729944722,0.989189910583211,0.2857142857142857,0.9942320590207914,0.5316255155069781,0.3025077170369619,0.0,0.0,1.0,0.0,0.0,0.0,0.0180722891566265,0.6,0.9891297099033012,0.0350877192982456,0.7703751202771157,0.5703838405176961,0.0,0.0,1.0,0.0,0.0,0.0,0.9983991929427296,0.9884666666666668,0.2863773289509201,0.9933158050054712,0.5313861233992639,0.3024155044479,,
2024-07-22 01:42:19,hf_copula_syn_100000_2,100,0.001,4,3.0,4,0.9993258729944722,0.989189910583211,0.2857142857142857,0.9942320590207914,0.5316255155069781,0.3025077170369619,0.0,0.0,1.0,0.0,0.0,0.0,0.0180722891566265,0.6,0.9891297099033012,0.0350877192982456,0.7703751202771157,0.5703838405176961,0.0,0.0,1.0,0.0,0.0,0.0,0.9983991929427296,0.9884666666666668,0.2863773289509201,0.9933158050054712,0.5313861233992639,0.3024155044479,,
2024-07-22 01:42:29,hf_copula_syn_100000_2,100,0.001,4,5.0,4,0.9993258729944722,0.989189910583211,0.2857142857142857,0.9942320590207914,0.5316255155069781,0.3025077170369619,0.0,0.0,1.0,0.0,0.0,0.0,0.0180722891566265,0.6,0.9891297099033012,0.0350877192982456,0.7703751202771157,0.5703838405176961,0.0,0.0,1.0,0.0,0.0,0.0,0.9983991929427296,0.9884666666666668,0.2863773289509201,0.9933158050054712,0.5313861233992639,0.3024155044479,,
2024-07-22 01:42:38,hf_copula_syn_100000_2,100,0.001,4,7.0,4,0.9993258729944722,0.989189910583211,0.2857142857142857,0.9942320590207914,0.5316255155069781,0.3025077170369619,0.0,0.0,1.0,0.0,0.0,0.0,0.0180722891566265,0.6,0.9891297099033012,0.0350877192982456,0.7703751202771157,0.5703838405176961,0.0,0.0,1.0,0.0,0.0,0.0,0.9983991929427296,0.9884666666666668,0.2863773289509201,0.9933158050054712,0.5313861233992639,0.3024155044479,,
2024-07-22 01:42:48,hf_copula_syn_100000_2,100,0.001,4,9.0,4,0.9993258729944722,0.989189910583211,0.2857142857142857,0.9942320590207914,0.5316255155069781,0.3025077170369619,0.0,0.0,1.0,0.0,0.0,0.0,0.0180722891566265,0.6,0.9891297099033012,0.0350877192982456,0.7703751202771157,0.5703838405176961,0.0,0.0,1.0,0.0,0.0,0.0,0.9983991929427296,0.9884666666666668,0.2863773289509201,0.9933158050054712,0.5313861233992639,0.3024155044479,,
2024-07-22 01:43:03,hf_copula_syn_100000_2,100,0.001,8,1.0,4,0.9993894165535956,0.98298411851061,0.3571428571428571,0.991118885823858,0.5925080224021715,0.3730369002049731,0.008130081300813,0.125,0.9918623265741728,0.015267175572519,0.3521119009942317,0.1132351897710796,0.0072992700729927,0.2,0.9909303101033676,0.0140845070422535,0.4451809317801848,0.1825109256714559,0.0,0.0,1.0,0.0,0.0,0.0,0.9984634222315304,0.9822,0.3577354938203978,0.9902066788597416,0.5922912015723865,0.3728099615078836,,
2024-07-22 01:43:17,hf_copula_syn_100000_2,100,0.001,8,3.0,4,0.9993894165535956,0.98298411851061,0.3571428571428571,0.991118885823858,0.5925080224021715,0.3730369002049731,0.008130081300813,0.125,0.9918623265741728,0.015267175572519,0.3521119009942317,0.1132351897710796,0.0072992700729927,0.2,0.9909303101033676,0.0140845070422535,0.4451809317801848,0.1825109256714559,0.0,0.0,1.0,0.0,0.0,0.0,0.9984634222315304,0.9822,0.3577354938203978,0.9902066788597416,0.5922912015723865,0.3728099615078836,,
2024-07-22 01:43:29,hf_copula_syn_100000_2,100,0.001,8,5.0,4,0.9993237760346226,0.986120379020419,0.2857142857142857,0.9926781755894404,0.5308000374153338,0.3014825289258128,0.0081967213114754,0.125,0.9919290288153682,0.0153846153846153,0.3521237404690587,0.1132419777318625,0.0111111111111111,0.2,0.99406468822941,0.0210526315789473,0.4458844442743904,0.1830259043111069,0.0,0.0,1.0,0.0,0.0,0.0,0.99839914913206,0.9853333333333332,0.2863746694257303,0.9917668986309552,0.5306410515234211,0.301322549588376,,
2024-07-22 01:43:43,hf_copula_syn_100000_2,100,0.001,8,7.0,4,0.9993894165535956,0.98298411851061,0.3571428571428571,0.991118885823858,0.5925080224021715,0.3730369002049731,0.008130081300813,0.125,0.9918623265741728,0.015267175572519,0.3521119009942317,0.1132351897710796,0.0072992700729927,0.2,0.9909303101033676,0.0140845070422535,0.4451809317801848,0.1825109256714559,0.0,0.0,1.0,0.0,0.0,0.0,0.9984634222315304,0.9822,0.3577354938203978,0.9902066788597416,0.5922912015723865,0.3728099615078836,,
2024-07-22 01:43:56,hf_copula_syn_100000_2,100,0.001,8,9.0,4,0.9993235930735932,0.9858534632323502,0.2857142857142857,0.9925428283506889,0.5307281960348308,0.3013934075778381,0.0079365079365079,0.125,0.991662219850587,0.0149253731343283,0.3520763801809536,0.1132148252213525,0.0111111111111111,0.2,0.99406468822941,0.0210526315789473,0.4458844442743904,0.1830259043111069,0.0,0.0,1.0,0.0,0.0,0.0,0.9983988275613276,0.9850666666666666,0.2863745271276158,0.9916314327870928,0.530569251936053,0.3012334969389872,,
2024-07-22 01:44:14,hf_copula_syn_100000_2,100,0.001,10,1.0,4,0.9993884207665128,0.9813826237821968,0.3571428571428571,0.990303683253653,0.5920251634921673,0.3723730106384167,0.0078740157480314,0.125,0.9915955176093916,0.0148148148148148,0.3520645391134613,0.1132080368156506,0.0127388535031847,0.4,0.9896632210736912,0.0246913580246913,0.6291782644286724,0.3725225683208173,0.0,0.0,1.0,0.0,0.0,0.0,0.9984641040000304,0.9806666666666668,0.3577349291592734,0.9893955315031924,0.5918701005152446,0.3722100143042294,,
2024-07-22 01:44:33,hf_copula_syn_100000_2,100,0.001,10,3.0,4,0.9993884623224842,0.981449352729214,0.3571428571428571,0.9903376763289904,0.5920452904759224,0.3724006690460719,0.0078740157480314,0.125,0.9915955176093916,0.0148148148148148,0.3520645391134613,0.1132080368156506,0.0128205128205128,0.4,0.98972990996999,0.0248447204968944,0.6291994628001489,0.3725450307599476,0.0,0.0,1.0,0.0,0.0,0.0,0.9984641727369892,0.9807333333333332,0.3577349513889054,0.9894295439724836,0.5918902157799387,0.3722376543848506,,
2024-07-22 01:44:53,hf_copula_syn_100000_2,100,0.001,10,5.0,4,0.9993880048959608,0.9807153343120244,0.3571428571428571,0.9899636265660784,0.5918238560078571,0.3720964440548209,0.0078740157480314,0.125,0.9915955176093916,0.0148148148148148,0.3520645391134613,0.1132080368156506,0.0119760479041916,0.4,0.9889963321107036,0.0232558139534883,0.6289662414186324,0.3722979243609157,0.0,0.0,1.0,0.0,0.0,0.0,0.9984634342490916,0.98,0.3577347068629524,0.989055313687169,0.5916689102435831,0.371933630968125,,
2024-07-22 01:45:12,hf_copula_syn_100000_2,100,0.001,10,7.0,4,0.9993884623224842,0.981449352729214,0.3571428571428571,0.9903376763289904,0.5920452904759224,0.3724006690460719,0.0078740157480314,0.125,0.9915955176093916,0.0148148148148148,0.3520645391134613,0.1132080368156506,0.0128205128205128,0.4,0.98972990996999,0.0248447204968944,0.6291994628001489,0.3725450307599476,0.0,0.0,1.0,0.0,0.0,0.0,0.9984641727369892,0.9807333333333332,0.3577349513889054,0.9894295439724836,0.5918902157799387,0.3722376543848506,,
2024-07-22 01:45:31,hf_copula_syn_100000_2,100,0.001,10,9.0,4,0.9993881713120326,0.9809822501000934,0.3571428571428571,0.990099676724138,0.591904387217375,0.3722070668716143,0.0074626865671641,0.125,0.9911286019210246,0.0140845070422535,0.3519816404872959,0.1131605148613056,0.0128205128205128,0.4,0.98972990996999,0.0248447204968944,0.6291994628001489,0.3725450307599476,0.0,0.0,1.0,0.0,0.0,0.0,0.998463662622584,0.9802666666666666,0.3577347023672049,0.989191377003117,0.5917493998184988,0.3720442075607136,,
2024-07-22 01:45:45,hf_copula_syn_100000_2,500,0.001,2,1.0,4,0.9993218040013564,0.9832510342986788,0.2857142857142857,0.991221284181494,0.5300272322649844,0.3005246877855352,0.0,0.0,1.0,0.0,0.0,0.0,0.0117647058823529,0.6,0.9831943981327108,0.023076923076923,0.7680603094026058,0.5673113637412316,0.0,0.0,1.0,0.0,0.0,0.0,0.9983930252195826,0.9825333333333334,0.2863753505136632,0.9903038366239504,0.5297885602846713,0.3004333018648492,,
2024-07-22 01:46:04,hf_copula_syn_100000_2,500,0.001,2,3.0,4,0.9993218040013564,0.9832510342986788,0.2857142857142857,0.991221284181494,0.5300272322649844,0.3005246877855352,0.0,0.0,1.0,0.0,0.0,0.0,0.0117647058823529,0.6,0.9831943981327108,0.023076923076923,0.7680603094026058,0.5673113637412316,0.0,0.0,1.0,0.0,0.0,0.0,0.9983930252195826,0.9825333333333334,0.2863753505136632,0.9903038366239504,0.5297885602846713,0.3004333018648492,,
2024-07-22 01:46:23,hf_copula_syn_100000_2,500,0.001,2,5.0,4,0.9993218040013564,0.9832510342986788,0.2857142857142857,0.991221284181494,0.5300272322649844,0.3005246877855352,0.0,0.0,1.0,0.0,0.0,0.0,0.0117647058823529,0.6,0.9831943981327108,0.023076923076923,0.7680603094026058,0.5673113637412316,0.0,0.0,1.0,0.0,0.0,0.0,0.9983930252195826,0.9825333333333334,0.2863753505136632,0.9903038366239504,0.5297885602846713,0.3004333018648492,,
2024-07-22 01:46:43,hf_copula_syn_100000_2,500,0.001,2,7.0,4,0.9993218040013564,0.9832510342986788,0.2857142857142857,0.991221284181494,0.5300272322649844,0.3005246877855352,0.0,0.0,1.0,0.0,0.0,0.0,0.0117647058823529,0.6,0.9831943981327108,0.023076923076923,0.7680603094026058,0.5673113637412316,0.0,0.0,1.0,0.0,0.0,0.0,0.9983930252195826,0.9825333333333334,0.2863753505136632,0.9903038366239504,0.5297885602846713,0.3004333018648492,,
2024-07-22 01:47:00,hf_copula_syn_100000_2,500,0.001,2,9.0,4,0.9993218040013564,0.9832510342986788,0.2857142857142857,0.991221284181494,0.5300272322649844,0.3005246877855352,0.0,0.0,1.0,0.0,0.0,0.0,0.0117647058823529,0.6,0.9831943981327108,0.023076923076923,0.7680603094026058,0.5673113637412316,0.0,0.0,1.0,0.0,0.0,0.0,0.9983930252195826,0.9825333333333334,0.2863753505136632,0.9903038366239504,0.5297885602846713,0.3004333018648492,,
2024-07-22 01:47:20,hf_copula_syn_100000_2,500,0.001,4,1.0,4,0.9993258729944722,0.989189910583211,0.2857142857142857,0.9942320590207914,0.5316255155069781,0.3025077170369619,0.0,0.0,1.0,0.0,0.0,0.0,0.0180722891566265,0.6,0.9891297099033012,0.0350877192982456,0.7703751202771157,0.5703838405176961,0.0,0.0,1.0,0.0,0.0,0.0,0.9983991929427296,0.9884666666666668,0.2863773289509201,0.9933158050054712,0.5313861233992639,0.3024155044479,,
2024-07-22 01:47:43,hf_copula_syn_100000_2,500,0.001,4,3.0,4,0.9993258729944722,0.989189910583211,0.2857142857142857,0.9942320590207914,0.5316255155069781,0.3025077170369619,0.0,0.0,1.0,0.0,0.0,0.0,0.0180722891566265,0.6,0.9891297099033012,0.0350877192982456,0.7703751202771157,0.5703838405176961,0.0,0.0,1.0,0.0,0.0,0.0,0.9983991929427296,0.9884666666666668,0.2863773289509201,0.9933158050054712,0.5313861233992639,0.3024155044479,,
2024-07-22 01:48:03,hf_copula_syn_100000_2,500,0.001,4,5.0,4,0.9993258729944722,0.989189910583211,0.2857142857142857,0.9942320590207914,0.5316255155069781,0.3025077170369619,0.0,0.0,1.0,0.0,0.0,0.0,0.0180722891566265,0.6,0.9891297099033012,0.0350877192982456,0.7703751202771157,0.5703838405176961,0.0,0.0,1.0,0.0,0.0,0.0,0.9983991929427296,0.9884666666666668,0.2863773289509201,0.9933158050054712,0.5313861233992639,0.3024155044479,,
2024-07-22 01:48:24,hf_copula_syn_100000_2,500,0.001,4,7.0,4,0.9993258729944722,0.989189910583211,0.2857142857142857,0.9942320590207914,0.5316255155069781,0.3025077170369619,0.0,0.0,1.0,0.0,0.0,0.0,0.0180722891566265,0.6,0.9891297099033012,0.0350877192982456,0.7703751202771157,0.5703838405176961,0.0,0.0,1.0,0.0,0.0,0.0,0.9983991929427296,0.9884666666666668,0.2863773289509201,0.9933158050054712,0.5313861233992639,0.3024155044479,,
2024-07-22 01:48:44,hf_copula_syn_100000_2,500,0.001,4,9.0,4,0.9993258729944722,0.989189910583211,0.2857142857142857,0.9942320590207914,0.5316255155069781,0.3025077170369619,0.0,0.0,1.0,0.0,0.0,0.0,0.0180722891566265,0.6,0.9891297099033012,0.0350877192982456,0.7703751202771157,0.5703838405176961,0.0,0.0,1.0,0.0,0.0,0.0,0.9983991929427296,0.9884666666666668,0.2863773289509201,0.9933158050054712,0.5313861233992639,0.3024155044479,,
2024-07-22 01:49:29,hf_copula_syn_100000_2,500,0.001,8,1.0,4,0.9993894579743572,0.9830508474576272,0.3571428571428571,0.9911528240320248,0.5925281329841849,0.373064566245918,0.0088495575221238,0.125,0.992529348986126,0.0165289256198347,0.3522302778343533,0.1133030643735712,0.0136986301369863,0.4,0.9903967989329776,0.0264900662251655,0.6294114072474307,0.3727696355826512,0.0,0.0,1.0,0.0,0.0,0.0,0.9984659804543052,0.9823333333333332,0.3577356717286274,0.9902453935120006,0.5923727666773273,0.3729010574969487,,
2024-07-22 01:50:14,hf_copula_syn_100000_2,500,0.001,8,3.0,4,0.9993894579743572,0.9830508474576272,0.3571428571428571,0.9911528240320248,0.5925281329841849,0.373064566245918,0.0088495575221238,0.125,0.992529348986126,0.0165289256198347,0.3522302778343533,0.1133030643735712,0.0136986301369863,0.4,0.9903967989329776,0.0264900662251655,0.6294114072474307,0.3727696355826512,0.0,0.0,1.0,0.0,0.0,0.0,0.9984659804543052,0.9823333333333332,0.3577356717286274,0.9902453935120006,0.5923727666773273,0.3729010574969487,,
2024-07-22 01:50:56,hf_copula_syn_100000_2,500,0.001,8,5.0,4,0.9993894579743572,0.9830508474576272,0.3571428571428571,0.9911528240320248,0.5925281329841849,0.373064566245918,0.0088495575221238,0.125,0.992529348986126,0.0165289256198347,0.3522302778343533,0.1133030643735712,0.0136986301369863,0.4,0.9903967989329776,0.0264900662251655,0.6294114072474307,0.3727696355826512,0.0,0.0,1.0,0.0,0.0,0.0,0.9984659804543052,0.9823333333333332,0.3577356717286274,0.9902453935120006,0.5923727666773273,0.3729010574969487,,
2024-07-22 01:51:41,hf_copula_syn_100000_2,500,0.001,8,7.0,4,0.9993894993894994,0.9831175764046444,0.3571428571428571,0.9911867599569428,0.5925482428836625,0.3730922326049168,0.0089285714285714,0.125,0.9925960512273212,0.0166666666666666,0.3522421133303273,0.1133098512220569,0.0136986301369863,0.4,0.9903967989329776,0.0264900662251655,0.6294114072474307,0.3727696355826512,0.0,0.0,1.0,0.0,0.0,0.0,0.9984660639715436,0.9824,0.357735707303156,0.9902793712252804,0.5923928641198297,0.3729287016536649,,
2024-07-22 01:52:27,hf_copula_syn_100000_2,500,0.001,8,9.0,4,0.9993894993894994,0.9831175764046444,0.3571428571428571,0.9911867599569428,0.5925482428836625,0.3730922326049168,0.0089285714285714,0.125,0.9925960512273212,0.0166666666666666,0.3522421133303273,0.1133098512220569,0.0136986301369863,0.4,0.9903967989329776,0.0264900662251655,0.6294114072474307,0.3727696355826512,0.0,0.0,1.0,0.0,0.0,0.0,0.9984660639715436,0.9824,0.357735707303156,0.9902793712252804,0.5923928641198297,0.3729287016536649,,
2024-07-22 01:53:39,hf_copula_syn_100000_2,500,0.001,10,1.0,4,0.9993884207665128,0.9813826237821968,0.3571428571428571,0.990303683253653,0.5920251634921673,0.3723730106384167,0.0078125,0.125,0.9915288153681964,0.0147058823529411,0.3520526976477023,0.1132012482987191,0.0128205128205128,0.4,0.98972990996999,0.0248447204968944,0.6291994628001489,0.3725450307599476,0.0,0.0,1.0,0.0,0.0,0.0,0.9984640984114042,0.9806666666666668,0.3577349158143768,0.9893955245267034,0.5918701012659201,0.3722100181711668,,
2024-07-22 01:54:52,hf_copula_syn_100000_2,500,0.001,10,3.0,4,0.9993885038728088,0.9815160816762312,0.3571428571428571,0.99037166711554,0.5920654167754701,0.3724283277717807,0.0078740157480314,0.125,0.9915955176093916,0.0148148148148148,0.3520645391134613,0.1132080368156506,0.0129032258064516,0.4,0.9897965988662888,0.025,0.6292206604574547,0.3725674928432852,0.0,0.0,1.0,0.0,0.0,0.0,0.9984642418195286,0.9808,0.3577349736185375,0.9894635547941334,0.5919103303608261,0.3722652947831099,,
2024-07-22 01:56:03,hf_copula_syn_100000_2,500,0.001,10,5.0,4,0.9993888775718068,0.982116642199386,0.3571428571428571,0.9906774812371688,0.5922465226935806,0.3726772706155792,0.0078740157480314,0.125,0.9915955176093916,0.0148148148148148,0.3520645391134613,0.1132080368156506,0.0136986301369863,0.4,0.9903967989329776,0.0264900662251655,0.6294114072474307,0.3727696355826512,0.0,0.0,1.0,0.0,0.0,0.0,0.9984648803045176,0.9814,0.3577351736852265,0.9897695801779904,0.5920913308290096,0.3725140726611672,,
2024-07-22 01:57:18,hf_copula_syn_100000_2,500,0.001,10,7.0,4,0.99938900203666,0.9823168290404376,0.3571428571428571,0.9907793781128011,0.5923068790272602,0.3727602572884794,0.0079365079365079,0.125,0.991662219850587,0.0149253731343283,0.3520763801809536,0.1132148252213525,0.0138888888888888,0.4,0.9905301767255752,0.0268456375838926,0.6294537875731865,0.3728145522776794,0.0,0.0,1.0,0.0,0.0,0.0,0.998465101401955,0.9816,0.3577352537190193,0.9898715594380956,0.5921516512721224,0.3725970004725542,,
2024-07-22 01:58:32,hf_copula_syn_100000_2,500,0.001,10,9.0,4,0.99938900203666,0.9823168290404376,0.3571428571428571,0.9907793781128011,0.5923068790272602,0.3727602572884794,0.0079365079365079,0.125,0.991662219850587,0.0149253731343283,0.3520763801809536,0.1132148252213525,0.0138888888888888,0.4,0.9905301767255752,0.0268456375838926,0.6294537875731865,0.3728145522776794,0.0,0.0,1.0,0.0,0.0,0.0,0.998465101401955,0.9816,0.3577352537190193,0.9898715594380956,0.5921516512721224,0.3725970004725542,,
2024-07-22 01:59:14,hf_copula_syn_100000_2,1500,0.001,2,1.0,4,0.9993232268543584,0.9853196316562124,0.2857142857142857,0.9922720247295208,0.5305844840917588,0.3012151770951526,0.0,0.0,1.0,0.0,0.0,0.0,0.0133928571428571,0.6,0.9852617539179728,0.0262008733624454,0.7688673828110955,0.5683820320678195,0.0,0.0,1.0,0.0,0.0,0.0,0.9983949894616752,0.9846,0.2863760396322583,0.9913546377975608,0.5303455610342103,0.3011235036072198,,
2024-07-22 01:59:56,hf_copula_syn_100000_2,1500,0.001,2,3.0,4,0.9993232268543584,0.9853196316562124,0.2857142857142857,0.9922720247295208,0.5305844840917588,0.3012151770951526,0.0,0.0,1.0,0.0,0.0,0.0,0.0133928571428571,0.6,0.9852617539179728,0.0262008733624454,0.7688673828110955,0.5683820320678195,0.0,0.0,1.0,0.0,0.0,0.0,0.9983949894616752,0.9846,0.2863760396322583,0.9913546377975608,0.5303455610342103,0.3011235036072198,,
2024-07-22 02:00:36,hf_copula_syn_100000_2,1500,0.001,2,5.0,4,0.9993232268543584,0.9853196316562124,0.2857142857142857,0.9922720247295208,0.5305844840917588,0.3012151770951526,0.0,0.0,1.0,0.0,0.0,0.0,0.0133928571428571,0.6,0.9852617539179728,0.0262008733624454,0.7688673828110955,0.5683820320678195,0.0,0.0,1.0,0.0,0.0,0.0,0.9983949894616752,0.9846,0.2863760396322583,0.9913546377975608,0.5303455610342103,0.3011235036072198,,
2024-07-22 02:01:20,hf_copula_syn_100000_2,1500,0.001,2,7.0,4,0.9993232268543584,0.9853196316562124,0.2857142857142857,0.9922720247295208,0.5305844840917588,0.3012151770951526,0.0,0.0,1.0,0.0,0.0,0.0,0.0133928571428571,0.6,0.9852617539179728,0.0262008733624454,0.7688673828110955,0.5683820320678195,0.0,0.0,1.0,0.0,0.0,0.0,0.9983949894616752,0.9846,0.2863760396322583,0.9913546377975608,0.5303455610342103,0.3011235036072198,,
2024-07-22 02:02:03,hf_copula_syn_100000_2,1500,0.001,2,9.0,4,0.9993232268543584,0.9853196316562124,0.2857142857142857,0.9922720247295208,0.5305844840917588,0.3012151770951526,0.0,0.0,1.0,0.0,0.0,0.0,0.0133928571428571,0.6,0.9852617539179728,0.0262008733624454,0.7688673828110955,0.5683820320678195,0.0,0.0,1.0,0.0,0.0,0.0,0.9983949894616752,0.9846,0.2863760396322583,0.9913546377975608,0.5303455610342103,0.3011235036072198,,
2024-07-22 02:02:52,hf_copula_syn_100000_2,1500,0.001,4,1.0,4,0.999325372731566,0.9884558921660216,0.2857142857142857,0.9938609144889128,0.5314282352211744,0.3022625143779328,0.0,0.0,0.9983324439701174,0.0,0.0,0.0,0.0131578947368421,0.4,0.9899966655551852,0.0254777070063694,0.6292842491450696,0.3726348769585416,0.0,0.0,1.0,0.0,0.0,0.0,0.998397055015262,0.9876666666666668,0.2863767285729214,0.9929418035377252,0.5311419969513497,0.3021046143234996,,
2024-07-22 02:03:44,hf_copula_syn_100000_2,1500,0.001,4,3.0,4,0.999325372731566,0.9884558921660216,0.2857142857142857,0.9938609144889128,0.5314282352211744,0.3022625143779328,0.0,0.0,0.9983324439701174,0.0,0.0,0.0,0.0131578947368421,0.4,0.9899966655551852,0.0254777070063694,0.6292842491450696,0.3726348769585416,0.0,0.0,1.0,0.0,0.0,0.0,0.998397055015262,0.9876666666666668,0.2863767285729214,0.9929418035377252,0.5311419969513497,0.3021046143234996,,
2024-07-22 02:04:36,hf_copula_syn_100000_2,1500,0.001,4,5.0,4,0.999325372731566,0.9884558921660216,0.2857142857142857,0.9938609144889128,0.5314282352211744,0.3022625143779328,0.0,0.0,1.0,0.0,0.0,0.0,0.0169491525423728,0.6,0.9883961320440148,0.0329670329670329,0.7700893969055858,0.5700043251496192,0.0,0.0,1.0,0.0,0.0,0.0,0.998398318767864,0.9877333333333334,0.286377084424967,0.992944299979712,0.5311889320006032,0.3021704041395633,,
2024-07-22 02:05:29,hf_copula_syn_100000_2,1500,0.001,4,7.0,4,0.999325372731566,0.9884558921660216,0.2857142857142857,0.9938609144889128,0.5314282352211744,0.3022625143779328,0.0,0.0,1.0,0.0,0.0,0.0,0.0169491525423728,0.6,0.9883961320440148,0.0329670329670329,0.7700893969055858,0.5700043251496192,0.0,0.0,1.0,0.0,0.0,0.0,0.998398318767864,0.9877333333333334,0.286377084424967,0.992944299979712,0.5311889320006032,0.3021704041395633,,
2024-07-22 02:06:24,hf_copula_syn_100000_2,1500,0.001,4,9.0,4,0.999325372731566,0.9884558921660216,0.2857142857142857,0.9938609144889128,0.5314282352211744,0.3022625143779328,0.0,0.0,1.0,0.0,0.0,0.0,0.0169491525423728,0.6,0.9883961320440148,0.0329670329670329,0.7700893969055858,0.5700043251496192,0.0,0.0,1.0,0.0,0.0,0.0,0.998398318767864,0.9877333333333334,0.286377084424967,0.992944299979712,0.5311889320006032,0.3021704041395633,,
2024-07-22 02:08:21,hf_copula_syn_100000_2,1500,0.001,8,1.0,4,0.9993891264508248,0.9825170158814894,0.3571428571428571,0.9908812544163668,0.5923672292112293,0.3728432468238633,0.0082644628099173,0.125,0.9919957310565636,0.0155038759689922,0.3521355795458198,0.1132487655814157,0.0136986301369863,0.4,0.9903967989329776,0.0264900662251655,0.6294114072474307,0.3727696355826512,0.0,0.0,1.0,0.0,0.0,0.0,0.9984653371896816,0.9818,0.3577353871323983,0.9899735306681698,0.5922119625754725,0.3726799156803319,,
2024-07-22 02:10:16,hf_copula_syn_100000_2,1500,0.001,8,3.0,4,0.999389292257583,0.9827839316695582,0.3571428571428571,0.9910170574975607,0.5924476865602198,0.3729539039904607,0.0085470085470085,0.125,0.9922625400213448,0.016,0.3521829318730084,0.1132759158673313,0.0136986301369863,0.4,0.9903967989329776,0.0264900662251655,0.6294114072474307,0.3727696355826512,0.0,0.0,1.0,0.0,0.0,0.0,0.9984656535327469,0.9820666666666666,0.3577355294305128,0.9901094715993048,0.5922923700855117,0.3727904840470598,,
2024-07-22 02:12:12,hf_copula_syn_100000_2,1500,0.001,8,5.0,4,0.9993893336952095,0.9828506606165754,0.3571428571428571,0.9910510025568564,0.5924677991902584,0.3729815690772444,0.0086206896551724,0.125,0.99232924226254,0.0161290322580645,0.3521947689600422,0.1132827031607358,0.0136986301369863,0.4,0.9903967989329776,0.0264900662251655,0.6294114072474307,0.3727696355826512,0.0,0.0,1.0,0.0,0.0,0.0,0.9984657342282892,0.9821333333333332,0.3577355650050414,0.9901434537937494,0.5923124702568754,0.3728181269329856,,
2024-07-22 02:14:00,hf_copula_syn_100000_2,1500,0.001,8,7.0,4,0.9993893751272136,0.9829173895635926,0.3571428571428571,0.991084945332212,0.5924879111375525,0.373009234482082,0.008695652173913,0.125,0.9923959445037354,0.016260162601626,0.3522066056492509,0.1132894903429107,0.0136986301369863,0.4,0.9903967989329776,0.0264900662251655,0.6294114072474307,0.3727696355826512,0.0,0.0,1.0,0.0,0.0,0.0,0.9984658156016332,0.9822,0.3577356005795701,0.9901774348253644,0.5923325697459195,0.3728457701366092,,
2024-07-22 02:15:55,hf_copula_syn_100000_2,1500,0.001,8,9.0,4,0.9993894579743572,0.9830508474576272,0.3571428571428571,0.9911528240320248,0.5925281329841849,0.373064566245918,0.0088495575221238,0.125,0.992529348986126,0.0165289256198347,0.3522302778343533,0.1133030643735712,0.0136986301369863,0.4,0.9903967989329776,0.0264900662251655,0.6294114072474307,0.3727696355826512,0.0,0.0,1.0,0.0,0.0,0.0,0.9984659804543052,0.9823333333333332,0.3577356717286274,0.9902453935120006,0.5923727666773273,0.3729010574969487,,
2024-07-22 02:19:26,hf_copula_syn_100000_2,1500,0.001,10,1.0,4,0.9993891679109542,0.9825837448285066,0.3571428571428571,0.9909152086137282,0.5923873445729415,0.372870910638432,0.0082644628099173,0.125,0.9919957310565636,0.0155038759689922,0.3521355795458198,0.1132487655814157,0.0137931034482758,0.4,0.9904634878292764,0.0266666666666666,0.6294325977669972,0.3727920941080616,0.0,0.0,1.0,0.0,0.0,0.0,0.9984654101022188,0.9818666666666668,0.3577354093620303,0.990007512041761,0.5922320662263535,0.3727075611615155,,
2024-07-22 02:22:45,hf_copula_syn_100000_2,1500,0.001,10,3.0,4,0.99938900203666,0.9823168290404376,0.3571428571428571,0.9907793781128011,0.5923068790272602,0.3727602572884794,0.0082644628099173,0.125,0.9919957310565636,0.0155038759689922,0.3521355795458198,0.1132487655814157,0.0134228187919463,0.4,0.9901967322440812,0.0259740259740259,0.6293478314077459,0.3727022578716635,0.0,0.0,1.0,0.0,0.0,0.0,0.9984651209545216,0.9816,0.357735320443502,0.9898715774357374,0.5921516475263952,0.3725969811426108,,
2024-07-22 02:26:08,hf_copula_syn_100000_2,1500,0.001,10,5.0,4,0.9993891679109542,0.9825837448285066,0.3571428571428571,0.9909152086137282,0.5923873445729415,0.372870910638432,0.0082644628099173,0.125,0.9919957310565636,0.0155038759689922,0.3521355795458198,0.1132487655814157,0.0137931034482758,0.4,0.9904634878292764,0.0266666666666666,0.6294325977669972,0.3727920941080616,0.0,0.0,1.0,0.0,0.0,0.0,0.9984654101022188,0.9818666666666668,0.3577354093620303,0.990007512041761,0.5922320662263535,0.3727075611615155,,
2024-07-22 02:29:27,hf_copula_syn_100000_2,1500,0.001,10,7.0,4,0.9993891679109542,0.9825837448285066,0.3571428571428571,0.9909152086137282,0.5923873445729415,0.372870910638432,0.0082644628099173,0.125,0.9919957310565636,0.0155038759689922,0.3521355795458198,0.1132487655814157,0.0137931034482758,0.4,0.9904634878292764,0.0266666666666666,0.6294325977669972,0.3727920941080616,0.0,0.0,1.0,0.0,0.0,0.0,0.9984654101022188,0.9818666666666668,0.3577354093620303,0.990007512041761,0.5922320662263535,0.3727075611615155,,
2024-07-22 02:32:43,hf_copula_syn_100000_2,1500,0.001,10,9.0,4,0.9993891679109542,0.9825837448285066,0.3571428571428571,0.9909152086137282,0.5923873445729415,0.372870910638432,0.0082644628099173,0.125,0.9919957310565636,0.0155038759689922,0.3521355795458198,0.1132487655814157,0.0137931034482758,0.4,0.9904634878292764,0.0266666666666666,0.6294325977669972,0.3727920941080616,0.0,0.0,1.0,0.0,0.0,0.0,0.9984654101022188,0.9818666666666668,0.3577354093620303,0.990007512041761,0.5922320662263535,0.3727075611615155,,
2024-07-22 02:33:12,hf_copula_syn_100000_2,1000,0.001,2,1.0,4,0.9993218040013564,0.9832510342986788,0.2857142857142857,0.991221284181494,0.5300272322649844,0.3005246877855352,0.0,0.0,1.0,0.0,0.0,0.0,0.0117647058823529,0.6,0.9831943981327108,0.023076923076923,0.7680603094026058,0.5673113637412316,0.0,0.0,1.0,0.0,0.0,0.0,0.9983930252195826,0.9825333333333334,0.2863753505136632,0.9903038366239504,0.5297885602846713,0.3004333018648492,,
2024-07-22 02:33:39,hf_copula_syn_100000_2,1000,0.001,2,3.0,4,0.9993218040013564,0.9832510342986788,0.2857142857142857,0.991221284181494,0.5300272322649844,0.3005246877855352,0.0,0.0,1.0,0.0,0.0,0.0,0.0117647058823529,0.6,0.9831943981327108,0.023076923076923,0.7680603094026058,0.5673113637412316,0.0,0.0,1.0,0.0,0.0,0.0,0.9983930252195826,0.9825333333333334,0.2863753505136632,0.9903038366239504,0.5297885602846713,0.3004333018648492,,
2024-07-22 02:34:10,hf_copula_syn_100000_2,1000,0.001,2,5.0,4,0.9993218040013564,0.9832510342986788,0.2857142857142857,0.991221284181494,0.5300272322649844,0.3005246877855352,0.0,0.0,1.0,0.0,0.0,0.0,0.0117647058823529,0.6,0.9831943981327108,0.023076923076923,0.7680603094026058,0.5673113637412316,0.0,0.0,1.0,0.0,0.0,0.0,0.9983930252195826,0.9825333333333334,0.2863753505136632,0.9903038366239504,0.5297885602846713,0.3004333018648492,,
2024-07-22 02:34:41,hf_copula_syn_100000_2,1000,0.001,2,7.0,4,0.9993218040013564,0.9832510342986788,0.2857142857142857,0.991221284181494,0.5300272322649844,0.3005246877855352,0.0,0.0,1.0,0.0,0.0,0.0,0.0117647058823529,0.6,0.9831943981327108,0.023076923076923,0.7680603094026058,0.5673113637412316,0.0,0.0,1.0,0.0,0.0,0.0,0.9983930252195826,0.9825333333333334,0.2863753505136632,0.9903038366239504,0.5297885602846713,0.3004333018648492,,
2024-07-22 02:35:10,hf_copula_syn_100000_2,1000,0.001,2,9.0,4,0.9993218040013564,0.9832510342986788,0.2857142857142857,0.991221284181494,0.5300272322649844,0.3005246877855352,0.0,0.0,1.0,0.0,0.0,0.0,0.0117647058823529,0.6,0.9831943981327108,0.023076923076923,0.7680603094026058,0.5673113637412316,0.0,0.0,1.0,0.0,0.0,0.0,0.9983930252195826,0.9825333333333334,0.2863753505136632,0.9903038366239504,0.5297885602846713,0.3004333018648492,,
2024-07-22 02:35:46,hf_copula_syn_100000_2,1000,0.001,4,1.0,4,0.9993257820927725,0.9890564526891764,0.2857142857142857,0.9941645985646254,0.531589651809733,0.3024631324453333,0.0,0.0,1.0,0.0,0.0,0.0,0.0178571428571428,0.6,0.9889963321107036,0.0346820809248554,0.7703231784559141,0.570314842526702,0.0,0.0,1.0,0.0,0.0,0.0,0.998399030410438,0.9883333333333332,0.2863772844916559,0.9932482722996068,0.5313502758608626,0.3023709384692266,,
2024-07-22 02:36:21,hf_copula_syn_100000_2,1000,0.001,4,3.0,4,0.9993257820927725,0.9890564526891764,0.2857142857142857,0.9941645985646254,0.531589651809733,0.3024631324453333,0.0,0.0,1.0,0.0,0.0,0.0,0.0178571428571428,0.6,0.9889963321107036,0.0346820809248554,0.7703231784559141,0.570314842526702,0.0,0.0,1.0,0.0,0.0,0.0,0.998399030410438,0.9883333333333332,0.2863772844916559,0.9932482722996068,0.5313502758608626,0.3023709384692266,,
2024-07-22 02:37:01,hf_copula_syn_100000_2,1000,0.001,4,5.0,4,0.9993257820927725,0.9890564526891764,0.2857142857142857,0.9941645985646254,0.531589651809733,0.3024631324453333,0.0,0.0,1.0,0.0,0.0,0.0,0.0178571428571428,0.6,0.9889963321107036,0.0346820809248554,0.7703231784559141,0.570314842526702,0.0,0.0,1.0,0.0,0.0,0.0,0.998399030410438,0.9883333333333332,0.2863772844916559,0.9932482722996068,0.5313502758608626,0.3023709384692266,,
2024-07-22 02:37:42,hf_copula_syn_100000_2,1000,0.001,4,7.0,4,0.9993257820927725,0.9890564526891764,0.2857142857142857,0.9941645985646254,0.531589651809733,0.3024631324453333,0.0,0.0,1.0,0.0,0.0,0.0,0.0178571428571428,0.6,0.9889963321107036,0.0346820809248554,0.7703231784559141,0.570314842526702,0.0,0.0,1.0,0.0,0.0,0.0,0.998399030410438,0.9883333333333332,0.2863772844916559,0.9932482722996068,0.5313502758608626,0.3023709384692266,,
2024-07-22 02:38:21,hf_copula_syn_100000_2,1000,0.001,4,9.0,4,0.9993258729944722,0.989189910583211,0.2857142857142857,0.9942320590207914,0.5316255155069781,0.3025077170369619,0.0,0.0,1.0,0.0,0.0,0.0,0.0180722891566265,0.6,0.9891297099033012,0.0350877192982456,0.7703751202771157,0.5703838405176961,0.0,0.0,1.0,0.0,0.0,0.0,0.9983991929427296,0.9884666666666668,0.2863773289509201,0.9933158050054712,0.5313861233992639,0.3024155044479,,
2024-07-22 02:39:40,hf_copula_syn_100000_2,1000,0.001,8,1.0,4,0.9993893751272136,0.9829173895635926,0.3571428571428571,0.991084945332212,0.5924879111375525,0.373009234482082,0.008695652173913,0.125,0.9923959445037354,0.016260162601626,0.3522066056492509,0.1132894903429107,0.0136986301369863,0.4,0.9903967989329776,0.0264900662251655,0.6294114072474307,0.3727696355826512,0.0,0.0,1.0,0.0,0.0,0.0,0.9984658156016332,0.9822,0.3577356005795701,0.9901774348253644,0.5923325697459195,0.3728457701366092,,
2024-07-22 02:41:03,hf_copula_syn_100000_2,1000,0.001,8,3.0,4,0.9993893751272136,0.9829173895635926,0.3571428571428571,0.991084945332212,0.5924879111375525,0.373009234482082,0.008695652173913,0.125,0.9923959445037354,0.016260162601626,0.3522066056492509,0.1132894903429107,0.0136986301369863,0.4,0.9903967989329776,0.0264900662251655,0.6294114072474307,0.3727696355826512,0.0,0.0,1.0,0.0,0.0,0.0,0.9984658156016332,0.9822,0.3577356005795701,0.9901774348253644,0.5923325697459195,0.3728457701366092,,
2024-07-22 02:42:22,hf_copula_syn_100000_2,1000,0.001,8,5.0,4,0.9993894579743572,0.9830508474576272,0.3571428571428571,0.9911528240320248,0.5925281329841849,0.373064566245918,0.0088495575221238,0.125,0.992529348986126,0.0165289256198347,0.3522302778343533,0.1133030643735712,0.0136986301369863,0.4,0.9903967989329776,0.0264900662251655,0.6294114072474307,0.3727696355826512,0.0,0.0,1.0,0.0,0.0,0.0,0.9984659804543052,0.9823333333333332,0.3577356717286274,0.9902453935120006,0.5923727666773273,0.3729010574969487,,
2024-07-22 02:43:40,hf_copula_syn_100000_2,1000,0.001,8,7.0,4,0.9993895407990232,0.9831843053516616,0.3571428571428571,0.9912206935988428,0.5925683521006735,0.3731198992819692,0.009009009009009,0.125,0.9926627534685164,0.0168067226890756,0.3522539484286366,0.1133166379593129,0.0136986301369863,0.4,0.9903967989329776,0.0264900662251655,0.6294114072474307,0.3727696355826512,0.0,0.0,1.0,0.0,0.0,0.0,0.9984661482424616,0.9824666666666668,0.3577357428776846,0.9903133478923264,0.5924129608802906,0.3729563461280786,,
2024-07-22 02:44:46,hf_copula_syn_100000_2,1000,0.001,8,9.0,4,0.9993895407990232,0.9831843053516616,0.3571428571428571,0.9912206935988428,0.5925683521006735,0.3731198992819692,0.009009009009009,0.125,0.9926627534685164,0.0168067226890756,0.3522539484286366,0.1133166379593129,0.0136986301369863,0.4,0.9903967989329776,0.0264900662251655,0.6294114072474307,0.3727696355826512,0.0,0.0,1.0,0.0,0.0,0.0,0.9984661482424616,0.9824666666666668,0.3577357428776846,0.9903133478923264,0.5924129608802906,0.3729563461280786,,
2024-07-22 02:47:06,hf_copula_syn_100000_2,1000,0.001,10,1.0,4,0.9993891679109542,0.9825837448285066,0.3571428571428571,0.9909152086137282,0.5923873445729415,0.372870910638432,0.0080645161290322,0.125,0.9917956243329776,0.0151515151515151,0.3521000611212986,0.1132284016990669,0.0140845070422535,0.4,0.9906635545181728,0.0272108843537415,0.6294961650457206,0.3728594675495366,0.0,0.0,1.0,0.0,0.0,0.0,0.9984654005985204,0.9818666666666668,0.3577353693273408,0.9900075055218874,0.5922320684722866,0.372707572758592,,
2024-07-22 02:49:29,hf_copula_syn_100000_2,1000,0.001,10,3.0,4,0.9993890435136786,0.9823835579874548,0.3571428571428571,0.9908133391661338,0.5923269964384582,0.3727879201488869,0.0078740157480314,0.125,0.9915955176093916,0.0148148148148148,0.3520645391134613,0.1132080368156506,0.0140845070422535,0.4,0.9906635545181728,0.0272108843537415,0.6294961650457206,0.3728594675495366,0.0,0.0,1.0,0.0,0.0,0.0,0.9984651747171456,0.9816666666666668,0.3577352626037549,0.9899055515789312,0.592171757717658,0.372624648865566,,
2024-07-22 02:51:55,hf_copula_syn_100000_2,1000,0.001,10,5.0,4,0.999388960554009,0.9822501000934204,0.3571428571428571,0.9907454147736832,0.592286760932761,0.3727325947461257,0.0079365079365079,0.125,0.991662219850587,0.0149253731343283,0.3520763801809536,0.1132148252213525,0.0137931034482758,0.4,0.9904634878292764,0.0266666666666666,0.6294325977669972,0.3727920941080616,0.0,0.0,1.0,0.0,0.0,0.0,0.998465028029541,0.9815333333333334,0.3577352314893872,0.9898375681411216,0.5921315448912425,0.3725693562625167,,
2024-07-22 02:54:11,hf_copula_syn_100000_2,1000,0.001,10,7.0,4,0.9993890849850664,0.9824502869344722,0.3571428571428571,0.9908472979339122,0.5923471131664247,0.3728155833273482,0.0079365079365079,0.125,0.991662219850587,0.0149253731343283,0.3520763801809536,0.1132148252213525,0.0140845070422535,0.4,0.9906635545181728,0.0272108843537415,0.6294961650457206,0.3728594675495366,0.0,0.0,1.0,0.0,0.0,0.0,0.998465249478994,0.9817333333333332,0.3577352981782835,0.9899395376162968,0.5921918619852478,0.3726522898455439,,
2024-07-22 02:56:34,hf_copula_syn_100000_2,1000,0.001,10,9.0,4,0.999389292257583,0.9827839316695582,0.3571428571428571,0.9910170574975607,0.5924476865602198,0.3729539039904607,0.0079365079365079,0.125,0.991662219850587,0.0149253731343283,0.3520763801809536,0.1132148252213525,0.0145985401459854,0.4,0.9909969989996664,0.028169014084507,0.6296020962479927,0.3729717495028075,0.0,0.0,1.0,0.0,0.0,0.0,0.998465627902424,0.9820666666666666,0.357735409326444,0.9901094581142628,0.5922923768209428,0.3727905188366886,,
2024-07-22 02:56:41,hf_copula_syn_100000_2,100,0.0001,2,1.0,4,0.9993218040013564,0.9832510342986788,0.2857142857142857,0.991221284181494,0.5300272322649844,0.3005246877855352,0.0,0.0,1.0,0.0,0.0,0.0,0.0117647058823529,0.6,0.9831943981327108,0.023076923076923,0.7680603094026058,0.5673113637412316,0.0,0.0,1.0,0.0,0.0,0.0,0.9983930252195826,0.9825333333333334,0.2863753505136632,0.9903038366239504,0.5297885602846713,0.3004333018648492,,
2024-07-22 02:56:49,hf_copula_syn_100000_2,100,0.0001,2,3.0,4,0.9993218040013564,0.9832510342986788,0.2857142857142857,0.991221284181494,0.5300272322649844,0.3005246877855352,0.0,0.0,1.0,0.0,0.0,0.0,0.0117647058823529,0.6,0.9831943981327108,0.023076923076923,0.7680603094026058,0.5673113637412316,0.0,0.0,1.0,0.0,0.0,0.0,0.9983930252195826,0.9825333333333334,0.2863753505136632,0.9903038366239504,0.5297885602846713,0.3004333018648492,,
2024-07-22 02:56:57,hf_copula_syn_100000_2,100,0.0001,2,5.0,4,0.9993218040013564,0.9832510342986788,0.2857142857142857,0.991221284181494,0.5300272322649844,0.3005246877855352,0.0,0.0,1.0,0.0,0.0,0.0,0.0117647058823529,0.6,0.9831943981327108,0.023076923076923,0.7680603094026058,0.5673113637412316,0.0,0.0,1.0,0.0,0.0,0.0,0.9983930252195826,0.9825333333333334,0.2863753505136632,0.9903038366239504,0.5297885602846713,0.3004333018648492,,
2024-07-22 02:57:06,hf_copula_syn_100000_2,100,0.0001,2,7.0,4,0.9993218040013564,0.9832510342986788,0.2857142857142857,0.991221284181494,0.5300272322649844,0.3005246877855352,0.0,0.0,1.0,0.0,0.0,0.0,0.0117647058823529,0.6,0.9831943981327108,0.023076923076923,0.7680603094026058,0.5673113637412316,0.0,0.0,1.0,0.0,0.0,0.0,0.9983930252195826,0.9825333333333334,0.2863753505136632,0.9903038366239504,0.5297885602846713,0.3004333018648492,,
2024-07-22 02:57:14,hf_copula_syn_100000_2,100,0.0001,2,9.0,4,0.9993218040013564,0.9832510342986788,0.2857142857142857,0.991221284181494,0.5300272322649844,0.3005246877855352,0.0,0.0,1.0,0.0,0.0,0.0,0.0117647058823529,0.6,0.9831943981327108,0.023076923076923,0.7680603094026058,0.5673113637412316,0.0,0.0,1.0,0.0,0.0,0.0,0.9983930252195826,0.9825333333333334,0.2863753505136632,0.9903038366239504,0.5297885602846713,0.3004333018648492,,
2024-07-22 02:57:23,hf_copula_syn_100000_2,100,0.0001,4,1.0,4,0.9993258729944722,0.989189910583211,0.2857142857142857,0.9942320590207914,0.5316255155069781,0.3025077170369619,0.0,0.0,1.0,0.0,0.0,0.0,0.0180722891566265,0.6,0.9891297099033012,0.0350877192982456,0.7703751202771157,0.5703838405176961,0.0,0.0,1.0,0.0,0.0,0.0,0.9983991929427296,0.9884666666666668,0.2863773289509201,0.9933158050054712,0.5313861233992639,0.3024155044479,,
2024-07-22 02:57:32,hf_copula_syn_100000_2,100,0.0001,4,3.0,4,0.9993258729944722,0.989189910583211,0.2857142857142857,0.9942320590207914,0.5316255155069781,0.3025077170369619,0.0,0.0,1.0,0.0,0.0,0.0,0.0180722891566265,0.6,0.9891297099033012,0.0350877192982456,0.7703751202771157,0.5703838405176961,0.0,0.0,1.0,0.0,0.0,0.0,0.9983991929427296,0.9884666666666668,0.2863773289509201,0.9933158050054712,0.5313861233992639,0.3024155044479,,
2024-07-22 02:57:41,hf_copula_syn_100000_2,100,0.0001,4,5.0,4,0.9993258729944722,0.989189910583211,0.2857142857142857,0.9942320590207914,0.5316255155069781,0.3025077170369619,0.0,0.0,1.0,0.0,0.0,0.0,0.0180722891566265,0.6,0.9891297099033012,0.0350877192982456,0.7703751202771157,0.5703838405176961,0.0,0.0,1.0,0.0,0.0,0.0,0.9983991929427296,0.9884666666666668,0.2863773289509201,0.9933158050054712,0.5313861233992639,0.3024155044479,,
2024-07-22 02:57:50,hf_copula_syn_100000_2,100,0.0001,4,7.0,4,0.9993258729944722,0.989189910583211,0.2857142857142857,0.9942320590207914,0.5316255155069781,0.3025077170369619,0.0,0.0,1.0,0.0,0.0,0.0,0.0180722891566265,0.6,0.9891297099033012,0.0350877192982456,0.7703751202771157,0.5703838405176961,0.0,0.0,1.0,0.0,0.0,0.0,0.9983991929427296,0.9884666666666668,0.2863773289509201,0.9933158050054712,0.5313861233992639,0.3024155044479,,
2024-07-22 02:57:59,hf_copula_syn_100000_2,100,0.0001,4,9.0,4,0.9993258729944722,0.989189910583211,0.2857142857142857,0.9942320590207914,0.5316255155069781,0.3025077170369619,0.0,0.0,1.0,0.0,0.0,0.0,0.0180722891566265,0.6,0.9891297099033012,0.0350877192982456,0.7703751202771157,0.5703838405176961,0.0,0.0,1.0,0.0,0.0,0.0,0.9983991929427296,0.9884666666666668,0.2863773289509201,0.9933158050054712,0.5313861233992639,0.3024155044479,,
2024-07-22 02:58:12,hf_copula_syn_100000_2,100,0.0001,8,1.0,4,0.9993237303036452,0.9860536500734018,0.2857142857142857,0.992644342189232,0.5307820779818081,0.3014602482071545,0.008130081300813,0.125,0.9918623265741728,0.015267175572519,0.3521119009942317,0.1132351897710796,0.0111111111111111,0.2,0.99406468822941,0.0210526315789473,0.4458844442743904,0.1830259043111069,0.0,0.0,1.0,0.0,0.0,0.0,0.9983990679024258,0.9852666666666666,0.2863746338512017,0.9917330341740204,0.5306231025376468,0.3013002860448094,,
2024-07-22 02:58:24,hf_copula_syn_100000_2,100,0.0001,8,3.0,4,0.9993237303036452,0.9860536500734018,0.2857142857142857,0.992644342189232,0.5307820779818081,0.3014602482071545,0.008130081300813,0.125,0.9918623265741728,0.015267175572519,0.3521119009942317,0.1132351897710796,0.0111111111111111,0.2,0.99406468822941,0.0210526315789473,0.4458844442743904,0.1830259043111069,0.0,0.0,1.0,0.0,0.0,0.0,0.9983990679024258,0.9852666666666666,0.2863746338512017,0.9917330341740204,0.5306231025376468,0.3013002860448094,,
2024-07-22 02:58:37,hf_copula_syn_100000_2,100,0.0001,8,5.0,4,0.9993235015559464,0.9857200053383156,0.2857142857142857,0.9924751410911044,0.5306922716975618,0.3013488484305088,0.0078125,0.125,0.9915288153681964,0.0147058823529411,0.3520526976477023,0.1132012482987191,0.0111111111111111,0.2,0.99406468822941,0.0210526315789473,0.4458844442743904,0.1830259043111069,0.0,0.0,1.0,0.0,0.0,0.0,0.9983986699915312,0.9849333333333332,0.2863744559785585,0.991563691640534,0.530533348497481,0.30118897213917,,
2024-07-22 02:58:50,hf_copula_syn_100000_2,100,0.0001,8,7.0,4,0.9993235015559464,0.9857200053383156,0.2857142857142857,0.9924751410911044,0.5306922716975618,0.3013488484305088,0.0078125,0.125,0.9915288153681964,0.0147058823529411,0.3520526976477023,0.1132012482987191,0.0111111111111111,0.2,0.99406468822941,0.0210526315789473,0.4458844442743904,0.1830259043111069,0.0,0.0,1.0,0.0,0.0,0.0,0.9983986699915312,0.9849333333333332,0.2863744559785585,0.991563691640534,0.530533348497481,0.30118897213917,,
2024-07-22 02:59:03,hf_copula_syn_100000_2,100,0.0001,8,9.0,4,0.9993235015559464,0.9857200053383156,0.2857142857142857,0.9924751410911044,0.5306922716975618,0.3013488484305088,0.0078125,0.125,0.9915288153681964,0.0147058823529411,0.3520526976477023,0.1132012482987191,0.0111111111111111,0.2,0.99406468822941,0.0210526315789473,0.4458844442743904,0.1830259043111069,0.0,0.0,1.0,0.0,0.0,0.0,0.9983986699915312,0.9849333333333332,0.2863744559785585,0.991563691640534,0.530533348497481,0.30118897213917,,
2024-07-22 02:59:21,hf_copula_syn_100000_2,100,0.0001,10,1.0,4,0.9993884623224842,0.981449352729214,0.3571428571428571,0.9903376763289904,0.5920452904759224,0.3724006690460719,0.0079365079365079,0.125,0.991662219850587,0.0149253731343283,0.3520763801809536,0.1132148252213525,0.0127388535031847,0.4,0.9896632210736912,0.0246913580246913,0.6291782644286724,0.3725225683208173,0.0,0.0,1.0,0.0,0.0,0.0,0.9984641788463838,0.9807333333333332,0.357734964733802,0.9894295518160964,0.5918902150290509,0.3722376505178539,,
2024-07-22 02:59:39,hf_copula_syn_100000_2,100,0.0001,10,3.0,4,0.9993880048959608,0.9807153343120244,0.3571428571428571,0.9899636265660784,0.5918238560078571,0.3720964440548209,0.0078740157480314,0.125,0.9915955176093916,0.0148148148148148,0.3520645391134613,0.1132080368156506,0.0119760479041916,0.4,0.9889963321107036,0.0232558139534883,0.6289662414186324,0.3722979243609157,0.0,0.0,1.0,0.0,0.0,0.0,0.9984634342490916,0.98,0.3577347068629524,0.989055313687169,0.5916689102435831,0.371933630968125,,
2024-07-22 02:59:55,hf_copula_syn_100000_2,100,0.0001,10,5.0,4,0.9993880048959608,0.9807153343120244,0.3571428571428571,0.9899636265660784,0.5918238560078571,0.3720964440548209,0.0078740157480314,0.125,0.9915955176093916,0.0148148148148148,0.3520645391134613,0.1132080368156506,0.0119760479041916,0.4,0.9889963321107036,0.0232558139534883,0.6289662414186324,0.3722979243609157,0.0,0.0,1.0,0.0,0.0,0.0,0.9984634342490916,0.98,0.3577347068629524,0.989055313687169,0.5916689102435831,0.371933630968125,,
2024-07-22 03:00:14,hf_copula_syn_100000_2,100,0.0001,10,7.0,4,0.9993880048959608,0.9807153343120244,0.3571428571428571,0.9899636265660784,0.5918238560078571,0.3720964440548209,0.0078740157480314,0.125,0.9915955176093916,0.0148148148148148,0.3520645391134613,0.1132080368156506,0.0119760479041916,0.4,0.9889963321107036,0.0232558139534883,0.6289662414186324,0.3722979243609157,0.0,0.0,1.0,0.0,0.0,0.0,0.9984634342490916,0.98,0.3577347068629524,0.989055313687169,0.5916689102435831,0.371933630968125,,
2024-07-22 03:00:33,hf_copula_syn_100000_2,100,0.0001,10,9.0,4,0.999388960554009,0.9822501000934204,0.3571428571428571,0.9907454147736832,0.592286760932761,0.3727325947461257,0.0078740157480314,0.125,0.9915955176093916,0.0148148148148148,0.3520645391134613,0.1132080368156506,0.0138888888888888,0.4,0.9905301767255752,0.0268456375838926,0.6294537875731865,0.3728145522776794,0.0,0.0,1.0,0.0,0.0,0.0,0.998465026628854,0.9815333333333334,0.3577352181444906,0.989837568833657,0.5921315456392753,0.3725693601280901,,
2024-07-22 03:00:49,hf_copula_syn_100000_2,500,0.0001,2,1.0,4,0.9993218040013564,0.9832510342986788,0.2857142857142857,0.991221284181494,0.5300272322649844,0.3005246877855352,0.0,0.0,1.0,0.0,0.0,0.0,0.0117647058823529,0.6,0.9831943981327108,0.023076923076923,0.7680603094026058,0.5673113637412316,0.0,0.0,1.0,0.0,0.0,0.0,0.9983930252195826,0.9825333333333334,0.2863753505136632,0.9903038366239504,0.5297885602846713,0.3004333018648492,,
2024-07-22 03:01:06,hf_copula_syn_100000_2,500,0.0001,2,3.0,4,0.9993218040013564,0.9832510342986788,0.2857142857142857,0.991221284181494,0.5300272322649844,0.3005246877855352,0.0,0.0,1.0,0.0,0.0,0.0,0.0117647058823529,0.6,0.9831943981327108,0.023076923076923,0.7680603094026058,0.5673113637412316,0.0,0.0,1.0,0.0,0.0,0.0,0.9983930252195826,0.9825333333333334,0.2863753505136632,0.9903038366239504,0.5297885602846713,0.3004333018648492,,
2024-07-22 03:01:24,hf_copula_syn_100000_2,500,0.0001,2,5.0,4,0.9993218040013564,0.9832510342986788,0.2857142857142857,0.991221284181494,0.5300272322649844,0.3005246877855352,0.0,0.0,1.0,0.0,0.0,0.0,0.0117647058823529,0.6,0.9831943981327108,0.023076923076923,0.7680603094026058,0.5673113637412316,0.0,0.0,1.0,0.0,0.0,0.0,0.9983930252195826,0.9825333333333334,0.2863753505136632,0.9903038366239504,0.5297885602846713,0.3004333018648492,,
2024-07-22 03:01:42,hf_copula_syn_100000_2,500,0.0001,2,7.0,4,0.9993218040013564,0.9832510342986788,0.2857142857142857,0.991221284181494,0.5300272322649844,0.3005246877855352,0.0,0.0,1.0,0.0,0.0,0.0,0.0117647058823529,0.6,0.9831943981327108,0.023076923076923,0.7680603094026058,0.5673113637412316,0.0,0.0,1.0,0.0,0.0,0.0,0.9983930252195826,0.9825333333333334,0.2863753505136632,0.9903038366239504,0.5297885602846713,0.3004333018648492,,
2024-07-22 03:02:00,hf_copula_syn_100000_2,500,0.0001,2,9.0,4,0.9993218040013564,0.9832510342986788,0.2857142857142857,0.991221284181494,0.5300272322649844,0.3005246877855352,0.0,0.0,1.0,0.0,0.0,0.0,0.0117647058823529,0.6,0.9831943981327108,0.023076923076923,0.7680603094026058,0.5673113637412316,0.0,0.0,1.0,0.0,0.0,0.0,0.9983930252195826,0.9825333333333334,0.2863753505136632,0.9903038366239504,0.5297885602846713,0.3004333018648492,,
2024-07-22 03:02:22,hf_copula_syn_100000_2,500,0.0001,4,1.0,4,0.9993258729944722,0.989189910583211,0.2857142857142857,0.9942320590207914,0.5316255155069781,0.3025077170369619,0.0,0.0,1.0,0.0,0.0,0.0,0.0180722891566265,0.6,0.9891297099033012,0.0350877192982456,0.7703751202771157,0.5703838405176961,0.0,0.0,1.0,0.0,0.0,0.0,0.9983991929427296,0.9884666666666668,0.2863773289509201,0.9933158050054712,0.5313861233992639,0.3024155044479,,
2024-07-22 03:02:42,hf_copula_syn_100000_2,500,0.0001,4,3.0,4,0.9993258729944722,0.989189910583211,0.2857142857142857,0.9942320590207914,0.5316255155069781,0.3025077170369619,0.0,0.0,1.0,0.0,0.0,0.0,0.0180722891566265,0.6,0.9891297099033012,0.0350877192982456,0.7703751202771157,0.5703838405176961,0.0,0.0,1.0,0.0,0.0,0.0,0.9983991929427296,0.9884666666666668,0.2863773289509201,0.9933158050054712,0.5313861233992639,0.3024155044479,,
2024-07-22 03:03:02,hf_copula_syn_100000_2,500,0.0001,4,5.0,4,0.9993258729944722,0.989189910583211,0.2857142857142857,0.9942320590207914,0.5316255155069781,0.3025077170369619,0.0,0.0,1.0,0.0,0.0,0.0,0.0180722891566265,0.6,0.9891297099033012,0.0350877192982456,0.7703751202771157,0.5703838405176961,0.0,0.0,1.0,0.0,0.0,0.0,0.9983991929427296,0.9884666666666668,0.2863773289509201,0.9933158050054712,0.5313861233992639,0.3024155044479,,
2024-07-22 03:03:24,hf_copula_syn_100000_2,500,0.0001,4,7.0,4,0.9993258729944722,0.989189910583211,0.2857142857142857,0.9942320590207914,0.5316255155069781,0.3025077170369619,0.0,0.0,1.0,0.0,0.0,0.0,0.0180722891566265,0.6,0.9891297099033012,0.0350877192982456,0.7703751202771157,0.5703838405176961,0.0,0.0,1.0,0.0,0.0,0.0,0.9983991929427296,0.9884666666666668,0.2863773289509201,0.9933158050054712,0.5313861233992639,0.3024155044479,,
2024-07-22 03:03:45,hf_copula_syn_100000_2,500,0.0001,4,9.0,4,0.9993258729944722,0.989189910583211,0.2857142857142857,0.9942320590207914,0.5316255155069781,0.3025077170369619,0.0,0.0,1.0,0.0,0.0,0.0,0.0180722891566265,0.6,0.9891297099033012,0.0350877192982456,0.7703751202771157,0.5703838405176961,0.0,0.0,1.0,0.0,0.0,0.0,0.9983991929427296,0.9884666666666668,0.2863773289509201,0.9933158050054712,0.5313861233992639,0.3024155044479,,
2024-07-22 03:04:30,hf_copula_syn_100000_2,500,0.0001,8,1.0,4,0.9993235015559464,0.9857200053383156,0.2857142857142857,0.9924751410911044,0.5306922716975618,0.3013488484305088,0.0078125,0.125,0.9915288153681964,0.0147058823529411,0.3520526976477023,0.1132012482987191,0.0111111111111111,0.2,0.99406468822941,0.0210526315789473,0.4458844442743904,0.1830259043111069,0.0,0.0,1.0,0.0,0.0,0.0,0.9983986699915312,0.9849333333333332,0.2863744559785585,0.991563691640534,0.530533348497481,0.30118897213917,,
2024-07-22 03:05:11,hf_copula_syn_100000_2,500,0.0001,8,3.0,4,0.9993235015559464,0.9857200053383156,0.2857142857142857,0.9924751410911044,0.5306922716975618,0.3013488484305088,0.0078125,0.125,0.9915288153681964,0.0147058823529411,0.3520526976477023,0.1132012482987191,0.0111111111111111,0.2,0.99406468822941,0.0210526315789473,0.4458844442743904,0.1830259043111069,0.0,0.0,1.0,0.0,0.0,0.0,0.9983986699915312,0.9849333333333332,0.2863744559785585,0.991563691640534,0.530533348497481,0.30118897213917,,
2024-07-22 03:05:52,hf_copula_syn_100000_2,500,0.0001,8,5.0,4,0.9993235015559464,0.9857200053383156,0.2857142857142857,0.9924751410911044,0.5306922716975618,0.3013488484305088,0.0078125,0.125,0.9915288153681964,0.0147058823529411,0.3520526976477023,0.1132012482987191,0.0111111111111111,0.2,0.99406468822941,0.0210526315789473,0.4458844442743904,0.1830259043111069,0.0,0.0,1.0,0.0,0.0,0.0,0.9983986699915312,0.9849333333333332,0.2863744559785585,0.991563691640534,0.530533348497481,0.30118897213917,,
2024-07-22 03:06:31,hf_copula_syn_100000_2,500,0.0001,8,7.0,4,0.9993235015559464,0.9857200053383156,0.2857142857142857,0.9924751410911044,0.5306922716975618,0.3013488484305088,0.0078125,0.125,0.9915288153681964,0.0147058823529411,0.3520526976477023,0.1132012482987191,0.0111111111111111,0.2,0.99406468822941,0.0210526315789473,0.4458844442743904,0.1830259043111069,0.0,0.0,1.0,0.0,0.0,0.0,0.9983986699915312,0.9849333333333332,0.2863744559785585,0.991563691640534,0.530533348497481,0.30118897213917,,
2024-07-22 03:07:08,hf_copula_syn_100000_2,500,0.0001,8,9.0,4,0.9993235015559464,0.9857200053383156,0.2857142857142857,0.9924751410911044,0.5306922716975618,0.3013488484305088,0.0078125,0.125,0.9915288153681964,0.0147058823529411,0.3520526976477023,0.1132012482987191,0.0111111111111111,0.2,0.99406468822941,0.0210526315789473,0.4458844442743904,0.1830259043111069,0.0,0.0,1.0,0.0,0.0,0.0,0.9983986699915312,0.9849333333333332,0.2863744559785585,0.991563691640534,0.530533348497481,0.30118897213917,,
2024-07-22 03:08:18,hf_copula_syn_100000_2,500,0.0001,10,1.0,4,0.9993889190657252,0.9821833711464032,0.3571428571428571,0.9907114491485496,0.5922666421548911,0.3727049325218257,0.0078740157480314,0.125,0.9915955176093916,0.0148148148148148,0.3520645391134613,0.1132080368156506,0.0137931034482758,0.4,0.9904634878292764,0.0266666666666666,0.6294325977669972,0.3727920941080616,0.0,0.0,1.0,0.0,0.0,0.0,0.998464953250812,0.9814666666666668,0.3577351959148586,0.989803575252801,0.5921114385756626,0.3725417162358097,,
2024-07-22 03:09:27,hf_copula_syn_100000_2,500,0.0001,10,3.0,4,0.999388960554009,0.9822501000934204,0.3571428571428571,0.9907454147736832,0.592286760932761,0.3727325947461257,0.0078740157480314,0.125,0.9915955176093916,0.0148148148148148,0.3520645391134613,0.1132080368156506,0.0138888888888888,0.4,0.9905301767255752,0.0268456375838926,0.6294537875731865,0.3728145522776794,0.0,0.0,1.0,0.0,0.0,0.0,0.998465026628854,0.9815333333333334,0.3577352181444906,0.989837568833657,0.5921315456392753,0.3725693601280901,,
2024-07-22 03:10:35,hf_copula_syn_100000_2,500,0.0001,10,5.0,4,0.999388960554009,0.9822501000934204,0.3571428571428571,0.9907454147736832,0.592286760932761,0.3727325947461257,0.0078740157480314,0.125,0.9915955176093916,0.0148148148148148,0.3520645391134613,0.1132080368156506,0.0138888888888888,0.4,0.9905301767255752,0.0268456375838926,0.6294537875731865,0.3728145522776794,0.0,0.0,1.0,0.0,0.0,0.0,0.998465026628854,0.9815333333333334,0.3577352181444906,0.989837568833657,0.5921315456392753,0.3725693601280901,,
2024-07-22 03:11:46,hf_copula_syn_100000_2,500,0.0001,10,7.0,4,0.999388960554009,0.9822501000934204,0.3571428571428571,0.9907454147736832,0.592286760932761,0.3727325947461257,0.0078740157480314,0.125,0.9915955176093916,0.0148148148148148,0.3520645391134613,0.1132080368156506,0.0138888888888888,0.4,0.9905301767255752,0.0268456375838926,0.6294537875731865,0.3728145522776794,0.0,0.0,1.0,0.0,0.0,0.0,0.998465026628854,0.9815333333333334,0.3577352181444906,0.989837568833657,0.5921315456392753,0.3725693601280901,,
2024-07-22 03:12:53,hf_copula_syn_100000_2,500,0.0001,10,9.0,4,0.999388960554009,0.9822501000934204,0.3571428571428571,0.9907454147736832,0.592286760932761,0.3727325947461257,0.0078740157480314,0.125,0.9915955176093916,0.0148148148148148,0.3520645391134613,0.1132080368156506,0.0138888888888888,0.4,0.9905301767255752,0.0268456375838926,0.6294537875731865,0.3728145522776794,0.0,0.0,1.0,0.0,0.0,0.0,0.998465026628854,0.9815333333333334,0.3577352181444906,0.989837568833657,0.5921315456392753,0.3725693601280901,,
2024-07-22 03:13:32,hf_copula_syn_100000_2,1500,0.0001,2,1.0,4,0.9993218040013564,0.9832510342986788,0.2857142857142857,0.991221284181494,0.5300272322649844,0.3005246877855352,0.0,0.0,1.0,0.0,0.0,0.0,0.0117647058823529,0.6,0.9831943981327108,0.023076923076923,0.7680603094026058,0.5673113637412316,0.0,0.0,1.0,0.0,0.0,0.0,0.9983930252195826,0.9825333333333334,0.2863753505136632,0.9903038366239504,0.5297885602846713,0.3004333018648492,,
2024-07-22 03:14:11,hf_copula_syn_100000_2,1500,0.0001,2,3.0,4,0.9993218040013564,0.9832510342986788,0.2857142857142857,0.991221284181494,0.5300272322649844,0.3005246877855352,0.0,0.0,1.0,0.0,0.0,0.0,0.0117647058823529,0.6,0.9831943981327108,0.023076923076923,0.7680603094026058,0.5673113637412316,0.0,0.0,1.0,0.0,0.0,0.0,0.9983930252195826,0.9825333333333334,0.2863753505136632,0.9903038366239504,0.5297885602846713,0.3004333018648492,,
2024-07-22 03:14:53,hf_copula_syn_100000_2,1500,0.0001,2,5.0,4,0.9993218040013564,0.9832510342986788,0.2857142857142857,0.991221284181494,0.5300272322649844,0.3005246877855352,0.0,0.0,1.0,0.0,0.0,0.0,0.0117647058823529,0.6,0.9831943981327108,0.023076923076923,0.7680603094026058,0.5673113637412316,0.0,0.0,1.0,0.0,0.0,0.0,0.9983930252195826,0.9825333333333334,0.2863753505136632,0.9903038366239504,0.5297885602846713,0.3004333018648492,,
2024-07-22 03:15:33,hf_copula_syn_100000_2,1500,0.0001,2,7.0,4,0.9993218040013564,0.9832510342986788,0.2857142857142857,0.991221284181494,0.5300272322649844,0.3005246877855352,0.0,0.0,1.0,0.0,0.0,0.0,0.0117647058823529,0.6,0.9831943981327108,0.023076923076923,0.7680603094026058,0.5673113637412316,0.0,0.0,1.0,0.0,0.0,0.0,0.9983930252195826,0.9825333333333334,0.2863753505136632,0.9903038366239504,0.5297885602846713,0.3004333018648492,,
2024-07-22 03:16:12,hf_copula_syn_100000_2,1500,0.0001,2,9.0,4,0.9993218040013564,0.9832510342986788,0.2857142857142857,0.991221284181494,0.5300272322649844,0.3005246877855352,0.0,0.0,1.0,0.0,0.0,0.0,0.0117647058823529,0.6,0.9831943981327108,0.023076923076923,0.7680603094026058,0.5673113637412316,0.0,0.0,1.0,0.0,0.0,0.0,0.9983930252195826,0.9825333333333334,0.2863753505136632,0.9903038366239504,0.5297885602846713,0.3004333018648492,,
2024-07-22 03:17:00,hf_copula_syn_100000_2,1500,0.0001,4,1.0,4,0.9993258729944722,0.989189910583211,0.2857142857142857,0.9942320590207914,0.5316255155069781,0.3025077170369619,0.0,0.0,1.0,0.0,0.0,0.0,0.0180722891566265,0.6,0.9891297099033012,0.0350877192982456,0.7703751202771157,0.5703838405176961,0.0,0.0,1.0,0.0,0.0,0.0,0.9983991929427296,0.9884666666666668,0.2863773289509201,0.9933158050054712,0.5313861233992639,0.3024155044479,,
2024-07-22 03:17:48,hf_copula_syn_100000_2,1500,0.0001,4,3.0,4,0.9993258729944722,0.989189910583211,0.2857142857142857,0.9942320590207914,0.5316255155069781,0.3025077170369619,0.0,0.0,1.0,0.0,0.0,0.0,0.0180722891566265,0.6,0.9891297099033012,0.0350877192982456,0.7703751202771157,0.5703838405176961,0.0,0.0,1.0,0.0,0.0,0.0,0.9983991929427296,0.9884666666666668,0.2863773289509201,0.9933158050054712,0.5313861233992639,0.3024155044479,,
2024-07-22 03:18:39,hf_copula_syn_100000_2,1500,0.0001,4,5.0,4,0.9993258729944722,0.989189910583211,0.2857142857142857,0.9942320590207914,0.5316255155069781,0.3025077170369619,0.0,0.0,1.0,0.0,0.0,0.0,0.0180722891566265,0.6,0.9891297099033012,0.0350877192982456,0.7703751202771157,0.5703838405176961,0.0,0.0,1.0,0.0,0.0,0.0,0.9983991929427296,0.9884666666666668,0.2863773289509201,0.9933158050054712,0.5313861233992639,0.3024155044479,,
2024-07-22 03:19:30,hf_copula_syn_100000_2,1500,0.0001,4,7.0,4,0.9993258729944722,0.989189910583211,0.2857142857142857,0.9942320590207914,0.5316255155069781,0.3025077170369619,0.0,0.0,1.0,0.0,0.0,0.0,0.0180722891566265,0.6,0.9891297099033012,0.0350877192982456,0.7703751202771157,0.5703838405176961,0.0,0.0,1.0,0.0,0.0,0.0,0.9983991929427296,0.9884666666666668,0.2863773289509201,0.9933158050054712,0.5313861233992639,0.3024155044479,,
2024-07-22 03:20:24,hf_copula_syn_100000_2,1500,0.0001,4,9.0,4,0.9993258729944722,0.989189910583211,0.2857142857142857,0.9942320590207914,0.5316255155069781,0.3025077170369619,0.0,0.0,1.0,0.0,0.0,0.0,0.0180722891566265,0.6,0.9891297099033012,0.0350877192982456,0.7703751202771157,0.5703838405176961,0.0,0.0,1.0,0.0,0.0,0.0,0.9983991929427296,0.9884666666666668,0.2863773289509201,0.9933158050054712,0.5313861233992639,0.3024155044479,,
2024-07-22 03:22:17,hf_copula_syn_100000_2,1500,0.0001,8,1.0,4,0.9993895407990232,0.9831843053516616,0.3571428571428571,0.9912206935988428,0.5925683521006735,0.3731198992819692,0.0079365079365079,0.125,0.991662219850587,0.0149253731343283,0.3520763801809536,0.1132148252213525,0.0076335877862595,0.2,0.9913304434811604,0.0147058823529411,0.4452708037770184,0.1825766895067056,0.0,0.0,1.0,0.0,0.0,0.0,0.998463554561106,0.9824,0.3577355204746044,0.9903084164446064,0.5923514859760683,0.3728928941792597,,
2024-07-22 03:24:13,hf_copula_syn_100000_2,1500,0.0001,8,3.0,4,0.9993235930735932,0.9858534632323502,0.2857142857142857,0.9925428283506889,0.5307281960348308,0.3013934075778381,0.0079365079365079,0.125,0.991662219850587,0.0149253731343283,0.3520763801809536,0.1132148252213525,0.0111111111111111,0.2,0.99406468822941,0.0210526315789473,0.4458844442743904,0.1830259043111069,0.0,0.0,1.0,0.0,0.0,0.0,0.9983988275613276,0.9850666666666666,0.2863745271276158,0.9916314327870928,0.530569251936053,0.3012334969389872,,
2024-07-22 03:26:10,hf_copula_syn_100000_2,1500,0.0001,8,5.0,4,0.9993235930735932,0.9858534632323502,0.2857142857142857,0.9925428283506889,0.5307281960348308,0.3013934075778381,0.0079365079365079,0.125,0.991662219850587,0.0149253731343283,0.3520763801809536,0.1132148252213525,0.0111111111111111,0.2,0.99406468822941,0.0210526315789473,0.4458844442743904,0.1830259043111069,0.0,0.0,1.0,0.0,0.0,0.0,0.9983988275613276,0.9850666666666666,0.2863745271276158,0.9916314327870928,0.530569251936053,0.3012334969389872,,
2024-07-22 03:28:11,hf_copula_syn_100000_2,1500,0.0001,8,7.0,4,0.9993235930735932,0.9858534632323502,0.2857142857142857,0.9925428283506889,0.5307281960348308,0.3013934075778381,0.0079365079365079,0.125,0.991662219850587,0.0149253731343283,0.3520763801809536,0.1132148252213525,0.0111111111111111,0.2,0.99406468822941,0.0210526315789473,0.4458844442743904,0.1830259043111069,0.0,0.0,1.0,0.0,0.0,0.0,0.9983988275613276,0.9850666666666666,0.2863745271276158,0.9916314327870928,0.530569251936053,0.3012334969389872,,
2024-07-22 03:30:12,hf_copula_syn_100000_2,1500,0.0001,8,9.0,4,0.9993235930735932,0.9858534632323502,0.2857142857142857,0.9925428283506889,0.5307281960348308,0.3013934075778381,0.0079365079365079,0.125,0.991662219850587,0.0149253731343283,0.3520763801809536,0.1132148252213525,0.0111111111111111,0.2,0.99406468822941,0.0210526315789473,0.4458844442743904,0.1830259043111069,0.0,0.0,1.0,0.0,0.0,0.0,0.9983988275613276,0.9850666666666666,0.2863745271276158,0.9916314327870928,0.530569251936053,0.3012334969389872,,
2024-07-22 03:33:41,hf_copula_syn_100000_2,1500,0.0001,10,1.0,4,0.9993889190657252,0.9821833711464032,0.3571428571428571,0.9907114491485496,0.5922666421548911,0.3727049325218257,0.0078740157480314,0.125,0.9915955176093916,0.0148148148148148,0.3520645391134613,0.1132080368156506,0.0137931034482758,0.4,0.9904634878292764,0.0266666666666666,0.6294325977669972,0.3727920941080616,0.0,0.0,1.0,0.0,0.0,0.0,0.998464953250812,0.9814666666666668,0.3577351959148586,0.989803575252801,0.5921114385756626,0.3725417162358097,,
2024-07-22 03:37:05,hf_copula_syn_100000_2,1500,0.0001,10,3.0,4,0.999388960554009,0.9822501000934204,0.3571428571428571,0.9907454147736832,0.592286760932761,0.3727325947461257,0.0078740157480314,0.125,0.9915955176093916,0.0148148148148148,0.3520645391134613,0.1132080368156506,0.0138888888888888,0.4,0.9905301767255752,0.0268456375838926,0.6294537875731865,0.3728145522776794,0.0,0.0,1.0,0.0,0.0,0.0,0.998465026628854,0.9815333333333334,0.3577352181444906,0.989837568833657,0.5921315456392753,0.3725693601280901,,
2024-07-22 03:40:33,hf_copula_syn_100000_2,1500,0.0001,10,5.0,4,0.999388960554009,0.9822501000934204,0.3571428571428571,0.9907454147736832,0.592286760932761,0.3727325947461257,0.0078740157480314,0.125,0.9915955176093916,0.0148148148148148,0.3520645391134613,0.1132080368156506,0.0138888888888888,0.4,0.9905301767255752,0.0268456375838926,0.6294537875731865,0.3728145522776794,0.0,0.0,1.0,0.0,0.0,0.0,0.998465026628854,0.9815333333333334,0.3577352181444906,0.989837568833657,0.5921315456392753,0.3725693601280901,,
2024-07-22 03:43:55,hf_copula_syn_100000_2,1500,0.0001,10,7.0,4,0.99938900203666,0.9823168290404376,0.3571428571428571,0.9907793781128011,0.5923068790272602,0.3727602572884794,0.0079365079365079,0.125,0.991662219850587,0.0149253731343283,0.3520763801809536,0.1132148252213525,0.0138888888888888,0.4,0.9905301767255752,0.0268456375838926,0.6294537875731865,0.3728145522776794,0.0,0.0,1.0,0.0,0.0,0.0,0.998465101401955,0.9816,0.3577352537190193,0.9898715594380956,0.5921516512721224,0.3725970004725542,,
2024-07-22 03:47:22,hf_copula_syn_100000_2,1500,0.0001,10,9.0,4,0.99938900203666,0.9823168290404376,0.3571428571428571,0.9907793781128011,0.5923068790272602,0.3727602572884794,0.0079365079365079,0.125,0.991662219850587,0.0149253731343283,0.3520763801809536,0.1132148252213525,0.0138888888888888,0.4,0.9905301767255752,0.0268456375838926,0.6294537875731865,0.3728145522776794,0.0,0.0,1.0,0.0,0.0,0.0,0.998465101401955,0.9816,0.3577352537190193,0.9898715594380956,0.5921516512721224,0.3725970004725542,,
2024-07-22 03:47:52,hf_copula_syn_100000_2,1000,0.0001,2,1.0,4,0.9993218040013564,0.9832510342986788,0.2857142857142857,0.991221284181494,0.5300272322649844,0.3005246877855352,0.0,0.0,1.0,0.0,0.0,0.0,0.0117647058823529,0.6,0.9831943981327108,0.023076923076923,0.7680603094026058,0.5673113637412316,0.0,0.0,1.0,0.0,0.0,0.0,0.9983930252195826,0.9825333333333334,0.2863753505136632,0.9903038366239504,0.5297885602846713,0.3004333018648492,,
2024-07-22 03:48:20,hf_copula_syn_100000_2,1000,0.0001,2,3.0,4,0.9993218040013564,0.9832510342986788,0.2857142857142857,0.991221284181494,0.5300272322649844,0.3005246877855352,0.0,0.0,1.0,0.0,0.0,0.0,0.0117647058823529,0.6,0.9831943981327108,0.023076923076923,0.7680603094026058,0.5673113637412316,0.0,0.0,1.0,0.0,0.0,0.0,0.9983930252195826,0.9825333333333334,0.2863753505136632,0.9903038366239504,0.5297885602846713,0.3004333018648492,,
2024-07-22 03:48:51,hf_copula_syn_100000_2,1000,0.0001,2,5.0,4,0.9993218040013564,0.9832510342986788,0.2857142857142857,0.991221284181494,0.5300272322649844,0.3005246877855352,0.0,0.0,1.0,0.0,0.0,0.0,0.0117647058823529,0.6,0.9831943981327108,0.023076923076923,0.7680603094026058,0.5673113637412316,0.0,0.0,1.0,0.0,0.0,0.0,0.9983930252195826,0.9825333333333334,0.2863753505136632,0.9903038366239504,0.5297885602846713,0.3004333018648492,,
2024-07-22 03:49:23,hf_copula_syn_100000_2,1000,0.0001,2,7.0,4,0.9993218040013564,0.9832510342986788,0.2857142857142857,0.991221284181494,0.5300272322649844,0.3005246877855352,0.0,0.0,1.0,0.0,0.0,0.0,0.0117647058823529,0.6,0.9831943981327108,0.023076923076923,0.7680603094026058,0.5673113637412316,0.0,0.0,1.0,0.0,0.0,0.0,0.9983930252195826,0.9825333333333334,0.2863753505136632,0.9903038366239504,0.5297885602846713,0.3004333018648492,,
2024-07-22 03:49:53,hf_copula_syn_100000_2,1000,0.0001,2,9.0,4,0.9993218040013564,0.9832510342986788,0.2857142857142857,0.991221284181494,0.5300272322649844,0.3005246877855352,0.0,0.0,1.0,0.0,0.0,0.0,0.0117647058823529,0.6,0.9831943981327108,0.023076923076923,0.7680603094026058,0.5673113637412316,0.0,0.0,1.0,0.0,0.0,0.0,0.9983930252195826,0.9825333333333334,0.2863753505136632,0.9903038366239504,0.5297885602846713,0.3004333018648492,,
2024-07-22 03:50:30,hf_copula_syn_100000_2,1000,0.0001,4,1.0,4,0.9993258729944722,0.989189910583211,0.2857142857142857,0.9942320590207914,0.5316255155069781,0.3025077170369619,0.0,0.0,1.0,0.0,0.0,0.0,0.0180722891566265,0.6,0.9891297099033012,0.0350877192982456,0.7703751202771157,0.5703838405176961,0.0,0.0,1.0,0.0,0.0,0.0,0.9983991929427296,0.9884666666666668,0.2863773289509201,0.9933158050054712,0.5313861233992639,0.3024155044479,,
2024-07-22 03:51:07,hf_copula_syn_100000_2,1000,0.0001,4,3.0,4,0.9993258729944722,0.989189910583211,0.2857142857142857,0.9942320590207914,0.5316255155069781,0.3025077170369619,0.0,0.0,1.0,0.0,0.0,0.0,0.0180722891566265,0.6,0.9891297099033012,0.0350877192982456,0.7703751202771157,0.5703838405176961,0.0,0.0,1.0,0.0,0.0,0.0,0.9983991929427296,0.9884666666666668,0.2863773289509201,0.9933158050054712,0.5313861233992639,0.3024155044479,,
2024-07-22 03:51:42,hf_copula_syn_100000_2,1000,0.0001,4,5.0,4,0.9993258729944722,0.989189910583211,0.2857142857142857,0.9942320590207914,0.5316255155069781,0.3025077170369619,0.0,0.0,1.0,0.0,0.0,0.0,0.0180722891566265,0.6,0.9891297099033012,0.0350877192982456,0.7703751202771157,0.5703838405176961,0.0,0.0,1.0,0.0,0.0,0.0,0.9983991929427296,0.9884666666666668,0.2863773289509201,0.9933158050054712,0.5313861233992639,0.3024155044479,,
2024-07-22 03:52:12,hf_copula_syn_100000_2,1000,0.0001,4,7.0,4,0.9993258729944722,0.989189910583211,0.2857142857142857,0.9942320590207914,0.5316255155069781,0.3025077170369619,0.0,0.0,1.0,0.0,0.0,0.0,0.0180722891566265,0.6,0.9891297099033012,0.0350877192982456,0.7703751202771157,0.5703838405176961,0.0,0.0,1.0,0.0,0.0,0.0,0.9983991929427296,0.9884666666666668,0.2863773289509201,0.9933158050054712,0.5313861233992639,0.3024155044479,,
2024-07-22 03:52:45,hf_copula_syn_100000_2,1000,0.0001,4,9.0,4,0.9993258729944722,0.989189910583211,0.2857142857142857,0.9942320590207914,0.5316255155069781,0.3025077170369619,0.0,0.0,1.0,0.0,0.0,0.0,0.0180722891566265,0.6,0.9891297099033012,0.0350877192982456,0.7703751202771157,0.5703838405176961,0.0,0.0,1.0,0.0,0.0,0.0,0.9983991929427296,0.9884666666666668,0.2863773289509201,0.9933158050054712,0.5313861233992639,0.3024155044479,,
2024-07-22 03:53:58,hf_copula_syn_100000_2,1000,0.0001,8,1.0,4,0.9993235015559464,0.9857200053383156,0.2857142857142857,0.9924751410911044,0.5306922716975618,0.3013488484305088,0.0078125,0.125,0.9915288153681964,0.0147058823529411,0.3520526976477023,0.1132012482987191,0.0111111111111111,0.2,0.99406468822941,0.0210526315789473,0.4458844442743904,0.1830259043111069,0.0,0.0,1.0,0.0,0.0,0.0,0.9983986699915312,0.9849333333333332,0.2863744559785585,0.991563691640534,0.530533348497481,0.30118897213917,,
2024-07-22 03:55:15,hf_copula_syn_100000_2,1000,0.0001,8,3.0,4,0.9993235015559464,0.9857200053383156,0.2857142857142857,0.9924751410911044,0.5306922716975618,0.3013488484305088,0.0078125,0.125,0.9915288153681964,0.0147058823529411,0.3520526976477023,0.1132012482987191,0.0111111111111111,0.2,0.99406468822941,0.0210526315789473,0.4458844442743904,0.1830259043111069,0.0,0.0,1.0,0.0,0.0,0.0,0.9983986699915312,0.9849333333333332,0.2863744559785585,0.991563691640534,0.530533348497481,0.30118897213917,,
2024-07-22 03:56:35,hf_copula_syn_100000_2,1000,0.0001,8,5.0,4,0.9993235015559464,0.9857200053383156,0.2857142857142857,0.9924751410911044,0.5306922716975618,0.3013488484305088,0.0078125,0.125,0.9915288153681964,0.0147058823529411,0.3520526976477023,0.1132012482987191,0.0111111111111111,0.2,0.99406468822941,0.0210526315789473,0.4458844442743904,0.1830259043111069,0.0,0.0,1.0,0.0,0.0,0.0,0.9983986699915312,0.9849333333333332,0.2863744559785585,0.991563691640534,0.530533348497481,0.30118897213917,,
2024-07-22 03:57:57,hf_copula_syn_100000_2,1000,0.0001,8,7.0,4,0.9993235015559464,0.9857200053383156,0.2857142857142857,0.9924751410911044,0.5306922716975618,0.3013488484305088,0.0078125,0.125,0.9915288153681964,0.0147058823529411,0.3520526976477023,0.1132012482987191,0.0111111111111111,0.2,0.99406468822941,0.0210526315789473,0.4458844442743904,0.1830259043111069,0.0,0.0,1.0,0.0,0.0,0.0,0.9983986699915312,0.9849333333333332,0.2863744559785585,0.991563691640534,0.530533348497481,0.30118897213917,,
2024-07-22 03:59:09,hf_copula_syn_100000_2,1000,0.0001,8,9.0,4,0.9993235015559464,0.9857200053383156,0.2857142857142857,0.9924751410911044,0.5306922716975618,0.3013488484305088,0.0078125,0.125,0.9915288153681964,0.0147058823529411,0.3520526976477023,0.1132012482987191,0.0111111111111111,0.2,0.99406468822941,0.0210526315789473,0.4458844442743904,0.1830259043111069,0.0,0.0,1.0,0.0,0.0,0.0,0.9983986699915312,0.9849333333333332,0.2863744559785585,0.991563691640534,0.530533348497481,0.30118897213917,,
2024-07-22 04:01:27,hf_copula_syn_100000_2,1000,0.0001,10,1.0,4,0.9993889190657252,0.9821833711464032,0.3571428571428571,0.9907114491485496,0.5922666421548911,0.3727049325218257,0.0078740157480314,0.125,0.9915955176093916,0.0148148148148148,0.3520645391134613,0.1132080368156506,0.0137931034482758,0.4,0.9904634878292764,0.0266666666666666,0.6294325977669972,0.3727920941080616,0.0,0.0,1.0,0.0,0.0,0.0,0.998464953250812,0.9814666666666668,0.3577351959148586,0.989803575252801,0.5921114385756626,0.3725417162358097,,
2024-07-22 04:03:37,hf_copula_syn_100000_2,1000,0.0001,10,3.0,4,0.999388960554009,0.9822501000934204,0.3571428571428571,0.9907454147736832,0.592286760932761,0.3727325947461257,0.0078740157480314,0.125,0.9915955176093916,0.0148148148148148,0.3520645391134613,0.1132080368156506,0.0138888888888888,0.4,0.9905301767255752,0.0268456375838926,0.6294537875731865,0.3728145522776794,0.0,0.0,1.0,0.0,0.0,0.0,0.998465026628854,0.9815333333333334,0.3577352181444906,0.989837568833657,0.5921315456392753,0.3725693601280901,,
2024-07-22 04:05:49,hf_copula_syn_100000_2,1000,0.0001,10,5.0,4,0.99938900203666,0.9823168290404376,0.3571428571428571,0.9907793781128011,0.5923068790272602,0.3727602572884794,0.0079365079365079,0.125,0.991662219850587,0.0149253731343283,0.3520763801809536,0.1132148252213525,0.0138888888888888,0.4,0.9905301767255752,0.0268456375838926,0.6294537875731865,0.3728145522776794,0.0,0.0,1.0,0.0,0.0,0.0,0.998465101401955,0.9816,0.3577352537190193,0.9898715594380956,0.5921516512721224,0.3725970004725542,,
2024-07-22 04:08:01,hf_copula_syn_100000_2,1000,0.0001,10,7.0,4,0.99938900203666,0.9823168290404376,0.3571428571428571,0.9907793781128011,0.5923068790272602,0.3727602572884794,0.0079365079365079,0.125,0.991662219850587,0.0149253731343283,0.3520763801809536,0.1132148252213525,0.0138888888888888,0.4,0.9905301767255752,0.0268456375838926,0.6294537875731865,0.3728145522776794,0.0,0.0,1.0,0.0,0.0,0.0,0.998465101401955,0.9816,0.3577352537190193,0.9898715594380956,0.5921516512721224,0.3725970004725542,,
2024-07-22 04:10:09,hf_copula_syn_100000_2,1000,0.0001,10,9.0,4,0.99938900203666,0.9823168290404376,0.3571428571428571,0.9907793781128011,0.5923068790272602,0.3727602572884794,0.0079365079365079,0.125,0.991662219850587,0.0149253731343283,0.3520763801809536,0.1132148252213525,0.0138888888888888,0.4,0.9905301767255752,0.0268456375838926,0.6294537875731865,0.3728145522776794,0.0,0.0,1.0,0.0,0.0,0.0,0.998465101401955,0.9816,0.3577352537190193,0.9898715594380956,0.5921516512721224,0.3725970004725542,,
2024-07-22 04:10:18,hf_copula_syn_150000_2,100,0.1,2,1.0,4,0.9994607347489046,0.9893900974242626,0.4285714285714285,0.9943999195198014,0.6511715038816894,0.4478044033566975,0.0108695652173913,0.125,0.9939300960512272,0.02,0.3524787397934851,0.1134455648335284,0.0,0.0,0.99513171057019,0.0,0.0,0.0,0.0,0.0,1.0,0.0,0.0,0.0,0.9985337018312548,0.9885333333333334,0.4290999018595126,0.9934824795949162,0.6507517324726231,0.4474469568814758,,
2024-07-22 04:10:27,hf_copula_syn_150000_2,100,0.1,2,3.0,4,0.999460625674218,0.989189910583211,0.4285714285714285,0.9942987457240592,0.6511056236180812,0.4477053107967704,0.0108695652173913,0.125,0.9939300960512272,0.02,0.3524787397934851,0.1134455648335284,0.0,0.0,0.9949316438812936,0.0,0.0,0.0,0.0,0.0,1.0,0.0,0.0,0.0,0.9985335928583712,0.9883333333333332,0.4290998351706163,0.9933814002280502,0.6506859136972609,0.4473479568079379,,
2024-07-22 04:10:37,hf_copula_syn_150000_2,100,0.1,2,5.0,4,0.9994607710973308,0.98945682637128,0.4285714285714285,0.99443363959493,0.6511934624884462,0.4478374349733357,0.0108695652173913,0.125,0.9939300960512272,0.02,0.3524787397934851,0.1134455648335284,0.0,0.0,0.9951983994664888,0.0,0.0,0.0,0.0,0.0,1.0,0.0,0.0,0.0,0.998533738145756,0.9886,0.4290999240891447,0.9935161681979746,0.6507736705846802,0.4474799576686052,,
2024-07-22 04:10:46,hf_copula_syn_150000_2,100,0.1,2,7.0,4,0.999460625674218,0.989189910583211,0.4285714285714285,0.9942987457240592,0.6511056236180812,0.4477053107967704,0.010752688172043,0.125,0.993863393810032,0.0198019801980198,0.3524669122431976,0.1134387802096372,0.0,0.0,0.9949983327775924,0.0,0.0,0.0,0.0,0.0,1.0,0.0,0.0,0.0,0.998533530523947,0.9883333333333332,0.4290998218257197,0.9933812946174893,0.6506859073892342,0.4473479531894718,,
2024-07-22 04:10:56,hf_copula_syn_150000_2,100,0.1,2,9.0,4,0.9994606983955776,0.9893233684772454,0.4285714285714285,0.9943661971830986,0.6511495445344263,0.4477713721217239,0.0108695652173913,0.125,0.9939300960512272,0.02,0.3524787397934851,0.1134455648335284,0.0,0.0,0.9950650216738912,0.0,0.0,0.0,0.0,0.0,1.0,0.0,0.0,0.0,0.9985336655118576,0.9884666666666668,0.4290998796298805,0.9934487887323944,0.6507297936207507,0.4474139564756549,,
2024-07-22 04:11:05,hf_copula_syn_150000_2,100,0.1,4,1.0,4,0.9994579945799458,0.9843854263979714,0.4285714285714285,0.991864452363343,0.6495224926484636,0.4453281198526352,0.0076923076923076,0.125,0.9913954108858056,0.0144927536231884,0.3520290135212234,0.1131876709311668,0.0,0.0,0.9926642214071356,0.0,0.0,0.0,0.0,0.0,1.0,0.0,0.0,0.0,0.9985292696824404,0.9835333333333334,0.4290977275310367,0.9909464416764028,0.6491040204625363,0.4449728470319361,,
2024-07-22 04:11:15,hf_copula_syn_150000_2,100,0.1,4,3.0,4,0.99945847153591,0.9852529027091952,0.4285714285714285,0.9923048489532578,0.6498086210710247,0.4457571885158837,0.0081967213114754,0.125,0.9919290288153682,0.0153846153846153,0.3521237404690587,0.1132419777318625,0.0,0.0,0.9929976658886296,0.0,0.0,0.0,0.0,0.0,1.0,0.0,0.0,0.0,0.9985300152138428,0.9844,0.4290981232754263,0.9913869028891066,0.6493899323529418,0.4454015441947258,,
2024-07-22 04:11:25,hf_copula_syn_150000_2,100,0.1,4,5.0,4,0.9994582148178248,0.9847858000800748,0.4285714285714285,0.9920677601505782,0.6496545675797061,0.4455261435284111,0.0,0.0,0.9913287086446104,0.0,0.0,0.0,0.0,0.0,0.9930643547849284,0.0,0.0,0.0,0.0,0.0,1.0,0.0,0.0,0.0,0.9985253871506614,0.9838666666666668,0.4290978253343006,0.9911418302411042,0.6490482233166316,0.4451103191277845,,
2024-07-22 04:11:35,hf_copula_syn_150000_2,100,0.1,4,7.0,4,0.9994582148178248,0.9847858000800748,0.4285714285714285,0.9920677601505782,0.6496545675797061,0.4455261435284111,0.0,0.0,0.991462113127001,0.0,0.0,0.0,0.0,0.0,0.9929309769923308,0.0,0.0,0.0,0.0,0.0,1.0,0.0,0.0,0.0,0.9985253871506614,0.9838666666666668,0.4290978520240937,0.9911418302411042,0.6490482233166316,0.4451103191277845,,
2024-07-22 04:11:45,hf_copula_syn_150000_2,100,0.1,4,9.0,4,0.9994585081900637,0.9853196316562124,0.4285714285714285,0.9923387096774192,0.6498306257313338,0.4457901964693235,0.0,0.0,0.9919957310565636,0.0,0.0,0.0,0.0,0.0,0.9929309769923308,0.0,0.0,0.0,0.0,0.0,1.0,0.0,0.0,0.0,0.9985256802490864,0.9844,0.4290981366203228,0.9914125268817204,0.6492241171473179,0.4453741256192855,,
2024-07-22 04:11:58,hf_copula_syn_150000_2,100,0.1,8,1.0,4,0.9994574799945748,0.9834512211397304,0.4285714285714285,0.9913897484192116,0.6492142133180466,0.4448661180421868,0.008,0.125,0.9917289220917824,0.0150375939849624,0.3520882208502193,0.1132216135158246,0.0,0.0,0.9926642214071356,0.0,0.0,0.0,0.0,0.0,0.9987332488832588,0.0,0.0,0.0,0.9985289196799132,0.9826,0.4290978209536054,0.9904724713708124,0.6487960604367365,0.4445112945258893,,
2024-07-22 04:12:12,hf_copula_syn_150000_2,100,0.1,8,3.0,4,0.9994575167830744,0.9835179500867476,0.4285714285714285,0.9914236706689536,0.6492362381247063,0.4448991156906854,0.008,0.125,0.9917289220917824,0.0150375939849624,0.3520882208502193,0.1132216135158246,0.0,0.0,0.9926642214071356,0.0,0.0,0.0,0.0,0.0,0.9987999199946664,0.0,0.0,0.0,0.9985289564340768,0.9826666666666668,0.4290978253983462,0.990506361959788,0.6488180646869101,0.4445442613765825,,
2024-07-22 04:12:26,hf_copula_syn_150000_2,100,0.1,8,5.0,4,0.9994578109115554,0.9840517816628852,0.4285714285714285,0.9916949665445008,0.6494124096870356,0.4451631106185955,0.0083333333333333,0.125,0.9920624332977588,0.015625,0.3521474182245552,0.1132555533197392,0.0,0.0,0.9924641547182396,0.0,0.0,0.0,0.0,0.0,0.9991999466631108,0.0,0.0,0.0,0.9985294280658156,0.9832,0.4290979632505376,0.9907777179090592,0.6489941033943808,0.4448080280104554,,
2024-07-22 04:12:39,hf_copula_syn_150000_2,100,0.1,8,7.0,4,0.9994577741629388,0.983985052715868,0.4285714285714285,0.991661062542031,0.649390390855433,0.4451301099167812,0.009090909090909,0.125,0.9927294557097118,0.0169491525423728,0.3522657831293212,0.1133234245853391,0.0,0.0,0.9922640880293432,0.0,0.0,0.0,0.0,0.0,0.9986665777718514,0.0,0.0,0.0,0.998529795391902,0.9831333333333332,0.4290982167490016,0.9907445517650144,0.648972168241637,0.4447750943073044,,
2024-07-22 04:12:54,hf_copula_syn_150000_2,100,0.1,8,9.0,4,0.9994577374093404,0.9839183237688508,0.4285714285714285,0.9916271562594572,0.6493683712772141,0.4450971095966311,0.0,0.0,0.9921958377801494,0.0,0.0,0.0,0.0,0.0,0.992530843614538,0.0,0.0,0.0,0.0,0.0,0.9987999199946664,0.0,0.0,0.0,0.9985249101877584,0.983,0.4290980299607825,0.9907016375802816,0.6487622941306888,0.4446816856276743,,
2024-07-22 04:13:15,hf_copula_syn_150000_2,100,0.1,10,1.0,4,0.9993887115397676,0.9818497264113172,0.3571428571428571,0.9905415867245616,0.5921660380125412,0.3725666261711314,0.0076335877862595,0.125,0.9913287086446104,0.014388489208633,0.3520171708604231,0.1131808820805461,0.0,0.0,0.9927309103034344,0.0,0.0,0.0,0.0,0.0,0.9975331688779252,0.0,0.0,0.0,0.99846001998915,0.981,0.3577356449688272,0.98962475510453,0.5918010922015217,0.3722792604571479,,
2024-07-22 04:13:33,hf_copula_syn_150000_2,100,0.1,10,3.0,4,0.9993197278911564,0.980248231682904,0.2857142857142857,0.9896921107592804,0.5292172742248429,0.2995227996916722,0.0,0.0,0.9908617929562432,0.0,0.0,0.0,0.0,0.0,0.992530843614538,0.0,0.0,0.0,0.0,0.0,0.9965997733182212,0.0,0.0,0.0,0.998387029478458,0.9793333333333332,0.2863733622699551,0.9887683981225718,0.528723338102233,0.2992432450786267,,
2024-07-22 04:13:53,hf_copula_syn_150000_2,100,0.1,10,5.0,4,0.9993890435136786,0.9823835579874548,0.3571428571428571,0.9908133391661338,0.5923269964384582,0.3727879201488869,0.0,0.0,0.991662219850587,0.0,0.0,0.0,0.0,0.0,0.9924641547182396,0.0,0.0,0.0,0.0,0.0,0.9979331955463696,0.0,0.0,0.0,0.9984562804063992,0.9814666666666668,0.3577357605913866,0.9898885800495788,0.591774157908449,0.3724399847567479,,
2024-07-22 04:14:13,hf_copula_syn_150000_2,100,0.1,10,7.0,4,0.9994570381430704,0.9826504737755238,0.4285714285714285,0.9909825033647376,0.6489498573328816,0.4444701760300342,0.0157480314960629,0.25,0.991662219850587,0.0296296296296296,0.4979111918431305,0.229528594879738,0.0,0.0,0.9925975325108368,0.0,0.0,0.0,0.0,0.0,0.998133208880592,0.0,0.0,0.0,0.998532610524268,0.9818666666666668,0.4290977231467778,0.9900733888307328,0.6486097234350204,0.4441777524496754,,
2024-07-22 04:14:34,hf_copula_syn_150000_2,100,0.1,10,9.0,4,0.9993894165535956,0.98298411851061,0.3571428571428571,0.991118885823858,0.5925080224021715,0.3730369002049731,0.009090909090909,0.125,0.9927294557097118,0.0169491525423728,0.3522657831293212,0.1133234245853391,0.0,0.0,0.992330776925642,0.0,0.0,0.0,0.0,0.0,0.99766651110074,0.0,0.0,0.0,0.998461501582994,0.9821333333333332,0.3577362675456176,0.9902028810784448,0.5921428899989318,0.3727491715912273,,
2024-07-22 04:14:53,hf_copula_syn_150000_2,500,0.1,2,1.0,4,0.9994581047212626,0.984585613239023,0.4285714285714285,0.991966116508118,0.6495885334707842,0.4454271299730329,0.0,0.0,0.992529348986126,0.0,0.0,0.0,0.0093457943925233,0.2,0.9929309769923308,0.0178571428571428,0.4456301105159593,0.1828396808050165,0.0,0.0,0.9987999199946664,0.0,0.0,0.0,0.9985283924216536,0.9837333333333332,0.4290983412112182,0.991046233846996,0.6491307942097169,0.4450723445453264,,
2024-07-22 04:15:12,hf_copula_syn_150000_2,500,0.1,2,3.0,4,0.999458251506738,0.984852529027092,0.4285714285714285,0.9921016368097336,0.6496765774578341,0.4455591488101995,0.0,0.0,0.9923959445037354,0.0,0.0,0.0,0.0096153846153846,0.2,0.9931310436812272,0.018348623853211,0.4456750034904868,0.182872547512503,0.0,0.0,0.9989999333288886,0.0,0.0,0.0,0.9985286289335368,0.984,0.4290983500852796,0.9911817914899956,0.6492187709867037,0.4452042511204808,,
2024-07-22 04:15:31,hf_copula_syn_150000_2,500,0.1,2,5.0,4,0.9994579578562232,0.9843186974509542,0.4285714285714285,0.9918305597579424,0.649500477548803,0.4452951172424982,0.0,0.0,0.9922625400213448,0.0,0.0,0.0,0.0094339622641509,0.2,0.9929976658886296,0.018018018018018,0.4456450753432892,0.1828506365520751,0.0,0.0,0.9987332488832588,0.0,0.0,0.0,0.9985282750829788,0.9834666666666668,0.4290982166979951,0.9909108572415076,0.6490428254615386,0.4449404586785892,,
2024-07-22 04:15:50,hf_copula_syn_150000_2,500,0.1,2,7.0,4,0.999458398212714,0.9851194448151608,0.4285714285714285,0.9922371206774876,0.6497646095148042,0.4456911737539976,0.0,0.0,0.99232924226254,0.0,0.0,0.0,0.0095238095238095,0.2,0.9930643547849284,0.0181818181818181,0.4456600396681148,0.1828615921212372,0.0,0.0,0.9993999599973332,0.0,0.0,0.0,0.9985287449775568,0.9842666666666666,0.4290983189495633,0.9913170933042492,0.6493067158924798,0.4453361491892009,,
2024-07-22 04:16:09,hf_copula_syn_150000_2,500,0.1,2,9.0,4,0.99945847153591,0.9852529027091952,0.4285714285714285,0.9923048489532578,0.6498086210710247,0.4457571885158837,0.0,0.0,0.9927294557097118,0.0,0.0,0.0,0.0095238095238095,0.2,0.9930643547849284,0.0181818181818181,0.4456600396681148,0.1828615921212372,0.0,0.0,0.9991332755517034,0.0,0.0,0.0,0.9985288182323178,0.9844,0.4290985146177721,0.991384758366962,0.6493506863712477,0.4454021023373092,,
2024-07-22 04:16:24,hf_copula_syn_150000_2,500,0.1,4,1.0,4,0.999457627118644,0.9837181369277992,0.4285714285714285,0.9915254237288136,0.6493023080621007,0.4449981109261681,0.0095238095238095,0.125,0.9930629669156884,0.0176991150442477,0.3523249506697773,0.1133573560470244,0.0,0.0,0.9922640880293432,0.0,0.0,0.0,0.0,0.0,0.9980665377691846,0.0,0.0,0.0,0.9985298793650794,0.9828666666666668,0.4290983546189779,0.9906094395280236,0.6488841992149332,0.4446432366125287,,
2024-07-22 04:16:44,hf_copula_syn_150000_2,500,0.1,4,3.0,4,0.999457185506853,0.9829173895635926,0.4285714285714285,0.9911182882519176,0.6490379879583076,0.4446021505941199,0.0093457943925233,0.125,0.9929295624332978,0.017391304347826,0.3523012848460281,0.1133437837960394,0.0,0.0,0.9922640880293432,0.0,0.0,0.0,0.0,0.0,0.9973998266551104,0.0,0.0,0.0,0.998529343224056,0.9820666666666666,0.4290982390225131,0.9902025198785348,0.6486201131881311,0.4442476386049232,,
2024-07-22 04:17:07,hf_copula_syn_150000_2,500,0.1,4,5.0,4,0.9994572223353008,0.98298411851061,0.4285714285714285,0.9911522287636668,0.6490600187448912,0.4446351451893025,0.0,0.0,0.9927961579509073,0.0,0.0,0.0,0.0081967213114754,0.2,0.9919306435478492,0.0157480314960629,0.4454055777710579,0.1826753232515763,0.0,0.0,0.9979331955463696,0.0,0.0,0.0,0.9985271278348916,0.9821333333333332,0.4290980922832214,0.990232402693986,0.6486026979199863,0.444281044161543,,
2024-07-22 04:17:30,hf_copula_syn_150000_2,500,0.1,4,7.0,4,0.9993896649938968,0.9833844921927132,0.3571428571428571,0.9913224808287368,0.592628675657602,0.3732029012214489,0.0,0.0,0.992529348986126,0.0,0.0,0.0,0.0,0.0,0.9922640880293432,0.0,0.0,0.0,0.0,0.0,0.9982665511034068,0.0,0.0,0.0,0.9984569013065692,0.9824666666666668,0.3577361785950664,0.9903972465132966,0.5920755555603215,0.3728545785136422,,
2024-07-22 04:17:53,hf_copula_syn_150000_2,500,0.1,4,9.0,4,0.9993897477624084,0.9835179500867476,0.3571428571428571,0.9913903275711304,0.592668887951162,0.3732582374380374,0.009009009009009,0.125,0.9926627534685164,0.0168067226890756,0.3522539484286366,0.1133166379593129,0.0,0.0,0.992330776925642,0.0,0.0,0.0,0.0,0.0,0.9982665511034068,0.0,0.0,0.0,0.998461788802635,0.9826666666666668,0.3577362719737558,0.9904739935174984,0.5923035990949029,0.3729702986233402,,
2024-07-22 04:18:13,hf_copula_syn_150000_2,500,0.1,8,1.0,4,0.9993882129019102,0.9810489790471106,0.3571428571428571,0.9901336835370576,0.5919245183078398,0.3722347233709471,0.0076923076923076,0.125,0.9913954108858056,0.0144927536231884,0.3520290135212234,0.1131876709311668,0.0085470085470085,0.2,0.9922640880293432,0.0163934426229508,0.4454804345937862,0.1827301135501319,0.0,0.0,0.997199813320888,0.0,0.0,0.0,0.9984624021368198,0.9802666666666666,0.3577355027122273,0.9892227527152296,0.591708297709495,0.3720085810914809,,
2024-07-22 04:18:36,hf_copula_syn_150000_2,500,0.1,8,3.0,4,0.9994560783247212,0.9809155211530762,0.4285714285714285,0.99009900990099,0.6483767162757013,0.4436124902126276,0.0076335877862595,0.125,0.9913287086446104,0.014388489208633,0.3520171708604231,0.1131808820805461,0.0,0.0,0.991997332444148,0.0,0.0,0.0,0.0,0.0,0.9972664844322956,0.0,0.0,0.0,0.9985273238984376,0.9800666666666666,0.4290972874258159,0.9891825913526604,0.6479593071649695,0.4432588150255387,,
2024-07-22 04:18:58,hf_copula_syn_150000_2,500,0.1,8,5.0,4,0.9994562631686263,0.9812491658881622,0.4285714285714285,0.9902690326273612,0.6484869750497788,0.4437774097555125,0.0155038759689922,0.25,0.9915288153681964,0.0291970802919708,0.4978776996834153,0.2295010241454638,0.0,0.0,0.9917305768589528,0.0,0.0,0.0,0.0,0.0,0.9977331822121476,0.0,0.0,0.0,0.9985317060568524,0.9804666666666668,0.4290973363440586,0.989360353306398,0.6481472553128969,0.4434856180526182,,
2024-07-22 04:19:23,hf_copula_syn_150000_2,500,0.1,8,7.0,4,0.9994565586577,0.9817829974643,0.4285714285714285,0.9905409499444576,0.6486633501057496,0.4440413008706816,0.0,0.0,0.9913954108858056,0.0,0.0,0.0,0.0,0.0,0.991997332444148,0.0,0.0,0.0,0.0,0.0,0.9979998666577772,0.0,0.0,0.0,0.998523732536286,0.9808666666666668,0.4290973718924929,0.9896164450578426,0.6480579309789842,0.4436268623232023,,
2024-07-22 04:19:46,hf_copula_syn_150000_2,500,0.1,8,9.0,4,0.9993887115397676,0.9818497264113172,0.3571428571428571,0.9905415867245616,0.5921660380125412,0.3725666261711314,0.0,0.0,0.9906616862326574,0.0,0.0,0.0,0.0,0.0,0.9927309103034344,0.0,0.0,0.0,0.0,0.0,0.998133208880592,0.0,0.0,0.0,0.9984559487423308,0.9809333333333332,0.3577353292262077,0.9896170812436186,0.5916133497103961,0.3722188973200383,,
2024-07-22 04:20:13,hf_copula_syn_150000_2,500,0.1,10,1.0,4,0.9993882544861338,0.9811157079941278,0.3571428571428571,0.990167688059802,0.5919446487136782,0.3722623801883334,0.0077519379844961,0.125,0.991462113127001,0.0145985401459854,0.3520408557836365,0.1131944596705578,0.0,0.0,0.992530843614538,0.0,0.0,0.0,0.0,0.0,0.996866457763851,0.0,0.0,0.0,0.9984596264822052,0.9802666666666666,0.3577356049815806,0.989251317439024,0.5915799221646301,0.3719753056786486,,
2024-07-22 04:20:42,hf_copula_syn_150000_2,500,0.1,10,3.0,4,0.999386586695747,0.9784465501134392,0.3571428571428571,0.9888057185245128,0.5911388977804501,0.3711563555747929,0.0,0.0,0.9903281750266808,0.0,0.0,0.0,0.0,0.0,0.991997332444148,0.0,0.0,0.0,0.0,0.0,0.995799719981332,0.0,0.0,0.0,0.9984538258814976,0.9775333333333334,0.3577347512616848,0.9878828331872233,0.5905871681425218,0.3708099429762564,,
2024-07-22 04:21:10,hf_copula_syn_150000_2,500,0.1,10,5.0,4,0.9993880048959608,0.9807153343120244,0.3571428571428571,0.9899636265660784,0.5918238560078571,0.3720964440548209,0.0077519379844961,0.125,0.991462113127001,0.0145985401459854,0.3520408557836365,0.1131944596705578,0.0,0.0,0.9920640213404468,0.0,0.0,0.0,0.0,0.0,0.9969331288752584,0.0,0.0,0.0,0.998459377124983,0.9798666666666668,0.3577354538188966,0.9890474464026944,0.5914592421986676,0.3718095244188606,,
2024-07-22 04:21:46,hf_copula_syn_150000_2,500,0.1,10,7.0,4,0.9993874217261094,0.9797811290537836,0.3571428571428571,0.989487162207696,0.59154191043824,0.371709304270815,0.0,0.0,0.9911286019210246,0.0,0.0,0.0,0.008695652173913,0.2,0.9923974658219408,0.0166666666666666,0.4455103738010914,0.1827520284242797,0.0,0.0,0.9959997333155544,0.0,0.0,0.0,0.9984575586832232,0.9789333333333332,0.3577353248680433,0.9885691964118576,0.5911383081130981,0.371423292929637,,
2024-07-22 04:22:20,hf_copula_syn_150000_2,500,0.1,10,9.0,4,0.999455930359086,0.9806486053650072,0.4285714285714285,0.9899629504883798,0.6482884957546757,0.4434805614482805,0.0083333333333333,0.125,0.9920624332977588,0.015625,0.3521474182245552,0.1132555533197392,0.0084745762711864,0.2,0.9921973991330444,0.016260162601626,0.4454654642355666,0.1827191558462135,0.0,0.0,0.9961330755383692,0.0,0.0,0.0,0.9985303741272856,0.9798666666666668,0.4290976698739343,0.9890527384554578,0.6480197269364363,0.4431879556046481,,
2024-07-22 04:22:53,hf_copula_syn_150000_2,1500,0.1,2,1.0,4,0.999456041340858,0.980848792206059,0.4285714285714285,0.9900649984844913,0.6483546622708215,0.4435795074490441,0.0,0.0,0.9926627534685164,0.0,0.0,0.0,0.0093457943925233,0.2,0.9929309769923308,0.0178571428571428,0.4456301105159593,0.1828396808050165,0.0,0.0,0.9949329955330356,0.0,0.0,0.0,0.9985263309670708,0.98,0.4290981545653114,0.9891468902001916,0.6478980746228742,0.4432264464690267,,
2024-07-22 04:23:30,hf_copula_syn_150000_2,1500,0.1,2,3.0,4,0.9994558563460754,0.9805151474709728,0.4285714285714285,0.9898949070331446,0.6482443809918909,0.4434145993560939,0.0087719298245614,0.125,0.9924626467449308,0.0163934426229508,0.3522184419406745,0.1132962774138558,0.0092592592592592,0.2,0.992864288096032,0.0176991150442477,0.4456151451860746,0.1828287248800617,0.0,0.0,0.9949329955330356,0.0,0.0,0.0,0.9985307956624786,0.9797333333333332,0.4290980256120934,0.9889856479943274,0.6479757411203955,0.4431221133196089,,
2024-07-22 04:24:05,hf_copula_syn_150000_2,1500,0.1,2,5.0,4,0.999456041340858,0.980848792206059,0.4285714285714285,0.9900649984844913,0.6483546622708215,0.4435795074490441,0.0161290322580645,0.25,0.9918623265741728,0.0303030303030303,0.4979614258590149,0.2295699493127035,0.0091743119266055,0.2,0.9927975991997332,0.0175438596491228,0.4456001793535845,0.1828177687772105,0.0,0.0,0.9959997333155544,0.0,0.0,0.0,0.9985348759567864,0.9801333333333332,0.4290977543275557,0.9891629473886172,0.6481636440729448,0.4433488764713175,,
2024-07-22 04:24:36,hf_copula_syn_150000_2,1500,0.1,2,7.0,4,0.9994569644311704,0.9825170158814894,0.4285714285714285,0.9909145972138098,0.648905787531647,0.4444041910379784,0.0,0.0,0.9926627534685164,0.0,0.0,0.0,0.0091743119266055,0.2,0.9927975991997332,0.0175438596491228,0.4456001793535845,0.1828177687772105,0.0,0.0,0.996733115541036,0.0,0.0,0.0,0.99852719603501,0.9816666666666668,0.4290982301140477,0.98999559154296,0.6484486755230686,0.4440503530492687,,
2024-07-22 04:25:06,hf_copula_syn_150000_2,1500,0.1,2,9.0,4,0.9994562262098968,0.981182436941145,0.4285714285714285,0.990235032662132,0.648464924794751,0.4437444250836065,0.0,0.0,0.9926627534685164,0.0,0.0,0.0,0.009009009009009,0.2,0.9926642214071356,0.0172413793103448,0.445570246180585,0.182795856037819,0.0,0.0,0.9955330355357024,0.0,0.0,0.0,0.9985264034017703,0.9803333333333332,0.4290981056494499,0.9893165604247508,0.6480082142803361,0.4433911955722077,,
2024-07-22 04:25:25,hf_copula_syn_150000_2,1500,0.1,4,1.0,4,0.999457627118644,0.9837181369277992,0.4285714285714285,0.9915254237288136,0.6493023080621007,0.4449981109261681,0.0096153846153846,0.125,0.9931296691568836,0.0178571428571428,0.3523367829855555,0.1133641420056723,0.0,0.0,0.9922640880293432,0.0,0.0,0.0,0.0,0.0,0.9979998666577772,0.0,0.0,0.0,0.9985299282051282,0.9828666666666668,0.4290983857487658,0.9906095238095238,0.6488842055255016,0.4446432402317067,,
2024-07-22 04:25:45,hf_copula_syn_150000_2,1500,0.1,4,3.0,4,0.999457185506853,0.9829173895635926,0.4285714285714285,0.9911182882519176,0.6490379879583076,0.4446021505941199,0.0093457943925233,0.125,0.9929295624332978,0.017391304347826,0.3523012848460281,0.1133437837960394,0.0,0.0,0.9922640880293432,0.0,0.0,0.0,0.0,0.0,0.9973998266551104,0.0,0.0,0.0,0.998529343224056,0.9820666666666666,0.4290982390225131,0.9902025198785348,0.6486201131881311,0.4442476386049232,,
2024-07-22 04:26:17,hf_copula_syn_150000_2,1500,0.1,4,5.0,4,0.999456041340858,0.980848792206059,0.4285714285714285,0.9900649984844913,0.6483546622708215,0.4435795074490441,0.0,0.0,0.9926627534685164,0.0,0.0,0.0,0.0,0.0,0.9915971990663556,0.0,0.0,0.0,0.0,0.0,0.9961997466497766,0.0,0.0,0.0,0.9985232157022732,0.9799333333333332,0.4290977944227439,0.9891409378192392,0.6477495312527021,0.4431654999087583,,
2024-07-22 04:26:48,hf_copula_syn_150000_2,1500,0.1,4,7.0,4,0.9994565586577,0.9817829974643,0.4285714285714285,0.9905409499444576,0.6486633501057496,0.4440413008706816,0.0,0.0,0.992129135538954,0.0,0.0,0.0,0.0,0.0,0.991997332444148,0.0,0.0,0.0,0.0,0.0,0.9972664844322956,0.0,0.0,0.0,0.998523732536286,0.9808666666666668,0.4290977143201596,0.9896164450578426,0.6480579309789842,0.4436268623232023,,
2024-07-22 04:27:17,hf_copula_syn_150000_2,1500,0.1,4,9.0,4,0.999456853825786,0.9823168290404376,0.4285714285714285,0.9908127208480564,0.648839677217428,0.444305216412378,0.0,0.0,0.9927294557097118,0.0,0.0,0.0,0.0,0.0,0.9917305768589528,0.0,0.0,0.0,0.0,0.0,0.9974664977665176,0.0,0.0,0.0,0.9985240274288818,0.9814,0.4290979589066112,0.9898879623085984,0.6482340935186917,0.4438905315437264,,
2024-07-22 04:27:38,hf_copula_syn_150000_2,1500,0.1,8,1.0,4,0.9993882129019102,0.9810489790471106,0.3571428571428571,0.9901336835370576,0.5919245183078398,0.3722347233709471,0.0076923076923076,0.125,0.9913954108858056,0.0144927536231884,0.3520290135212234,0.1131876709311668,0.0085470085470085,0.2,0.9922640880293432,0.0163934426229508,0.4454804345937862,0.1827301135501319,0.0,0.0,0.997199813320888,0.0,0.0,0.0,0.9984624021368198,0.9802666666666666,0.3577355027122273,0.9892227527152296,0.591708297709495,0.3720085810914809,,
2024-07-22 04:28:01,hf_copula_syn_150000_2,1500,0.1,8,3.0,4,0.9994561522773624,0.9810489790471106,0.4285714285714285,0.9901670258620688,0.6484208220351669,0.4436784568847881,0.0078125,0.125,0.9915288153681964,0.0147058823529411,0.3520526976477023,0.1132012482987191,0.0,0.0,0.9918639546515504,0.0,0.0,0.0,0.0,0.0,0.9973331555437028,0.0,0.0,0.0,0.9985274932019034,0.9802,0.4290973541348783,0.9892507131085192,0.6480033907066796,0.4433247309907883,,
2024-07-22 04:28:25,hf_copula_syn_150000_2,1500,0.1,8,5.0,4,0.9994562631686263,0.9812491658881622,0.4285714285714285,0.9902690326273612,0.6484869750497788,0.4437774097555125,0.0155038759689922,0.25,0.9915288153681964,0.0291970802919708,0.4978776996834153,0.2295010241454638,0.0,0.0,0.9917305768589528,0.0,0.0,0.0,0.0,0.0,0.9977331822121476,0.0,0.0,0.0,0.9985317060568524,0.9804666666666668,0.4290973363440586,0.989360353306398,0.6481472553128969,0.4434856180526182,,
2024-07-22 04:28:51,hf_copula_syn_150000_2,1500,0.1,8,7.0,4,0.9994565217391304,0.9817162685172828,0.4285714285714285,0.9905069682892346,0.6486413058465087,0.4440083131454597,0.0,0.0,0.9913954108858056,0.0,0.0,0.0,0.0,0.0,0.9921973991330444,0.0,0.0,0.0,0.0,0.0,0.9977331822121476,0.0,0.0,0.0,0.998523695652174,0.9808,0.4290974208024261,0.9895824951188312,0.6480359072943853,0.443593905386524,,
2024-07-22 04:29:14,hf_copula_syn_150000_2,1500,0.1,8,9.0,4,0.9993887115397676,0.9818497264113172,0.3571428571428571,0.9905415867245616,0.5921660380125412,0.3725666261711314,0.0,0.0,0.9906616862326574,0.0,0.0,0.0,0.0,0.0,0.9927309103034344,0.0,0.0,0.0,0.0,0.0,0.998133208880592,0.0,0.0,0.0,0.9984559487423308,0.9809333333333332,0.3577353292262077,0.9896170812436186,0.5916133497103961,0.3722188973200383,,
2024-07-22 04:29:40,hf_copula_syn_150000_2,1500,0.1,10,1.0,4,0.9993882544861338,0.9811157079941278,0.3571428571428571,0.990167688059802,0.5919446487136782,0.3722623801883334,0.0077519379844961,0.125,0.991462113127001,0.0145985401459854,0.3520408557836365,0.1131944596705578,0.0,0.0,0.992530843614538,0.0,0.0,0.0,0.0,0.0,0.996866457763851,0.0,0.0,0.0,0.9984596264822052,0.9802666666666666,0.3577356049815806,0.989251317439024,0.5915799221646301,0.3719753056786486,,
2024-07-22 04:30:08,hf_copula_syn_150000_2,1500,0.1,10,3.0,4,0.999386586695747,0.9784465501134392,0.3571428571428571,0.9888057185245128,0.5911388977804501,0.3711563555747929,0.0,0.0,0.9903281750266808,0.0,0.0,0.0,0.0,0.0,0.991997332444148,0.0,0.0,0.0,0.0,0.0,0.995799719981332,0.0,0.0,0.0,0.9984538258814976,0.9775333333333334,0.3577347512616848,0.9878828331872233,0.5905871681425218,0.3708099429762564,,
2024-07-22 04:30:38,hf_copula_syn_150000_2,1500,0.1,10,5.0,4,0.9993880048959608,0.9807153343120244,0.3571428571428571,0.9899636265660784,0.5918238560078571,0.3720964440548209,0.0077519379844961,0.125,0.991462113127001,0.0145985401459854,0.3520408557836365,0.1131944596705578,0.0,0.0,0.9920640213404468,0.0,0.0,0.0,0.0,0.0,0.9969331288752584,0.0,0.0,0.0,0.998459377124983,0.9798666666666668,0.3577354538188966,0.9890474464026944,0.5914592421986676,0.3718095244188606,,
2024-07-22 04:31:14,hf_copula_syn_150000_2,1500,0.1,10,7.0,4,0.9993874217261094,0.9797811290537836,0.3571428571428571,0.989487162207696,0.59154191043824,0.371709304270815,0.0,0.0,0.9911286019210246,0.0,0.0,0.0,0.008695652173913,0.2,0.9923974658219408,0.0166666666666666,0.4455103738010914,0.1827520284242797,0.0,0.0,0.9959997333155544,0.0,0.0,0.0,0.9984575586832232,0.9789333333333332,0.3577353248680433,0.9885691964118576,0.5911383081130981,0.371423292929637,,
2024-07-22 04:31:47,hf_copula_syn_150000_2,1500,0.1,10,9.0,4,0.999455930359086,0.9806486053650072,0.4285714285714285,0.9899629504883798,0.6482884957546757,0.4434805614482805,0.0083333333333333,0.125,0.9920624332977588,0.015625,0.3521474182245552,0.1132555533197392,0.0084745762711864,0.2,0.9921973991330444,0.016260162601626,0.4454654642355666,0.1827191558462135,0.0,0.0,0.9961330755383692,0.0,0.0,0.0,0.9985303741272856,0.9798666666666668,0.4290976698739343,0.9890527384554578,0.6480197269364363,0.4431879556046481,,
2024-07-22 04:32:14,hf_copula_syn_150000_2,1000,0.1,2,1.0,4,0.9994561522773624,0.9810489790471106,0.4285714285714285,0.9901670258620688,0.6484208220351669,0.4436784568847881,0.0084745762711864,0.125,0.9921958377801494,0.0158730158730158,0.3521710943881094,0.113269128462697,0.0094339622641509,0.2,0.9929976658886296,0.018018018018018,0.4456450753432892,0.1828506365520751,0.0,0.0,0.9955997066471098,0.0,0.0,0.0,0.9985309909633362,0.9802666666666666,0.4290979722206507,0.989257341585736,0.6481520022100555,0.4433857174057263,,
2024-07-22 04:32:42,hf_copula_syn_150000_2,1000,0.1,2,3.0,4,0.9994561153035556,0.9809822501000934,0.4285714285714285,0.990133019026772,0.6483987695304576,0.4436454733578756,0.0084033613445378,0.125,0.992129135538954,0.0157480314960629,0.3521592565053051,0.1132623409468329,0.0091743119266055,0.2,0.9927975991997332,0.0175438596491228,0.4456001793535845,0.1828177687772105,0.0,0.0,0.995799719981332,0.0,0.0,0.0,0.9985308294926316,0.9802,0.429097883291448,0.989223141779028,0.6481299490088165,0.4433527500875056,,
2024-07-22 04:33:12,hf_copula_syn_150000_2,1000,0.1,2,5.0,4,0.999456337071016,0.9813826237821968,0.4285714285714285,0.9903370256893708,0.6485310733106879,0.4438433802443178,0.0169491525423728,0.25,0.9922625400213448,0.0317460317460317,0.4980618786911283,0.2296526521722293,0.009009009009009,0.2,0.9926642214071356,0.0172413793103448,0.445570246180585,0.182795856037819,0.0,0.0,0.996266417761184,0.0,0.0,0.0,0.998535553707442,0.9806666666666668,0.4290979410944264,0.9894353894754286,0.6483399340596268,0.4436125397892609,,
2024-07-22 04:33:38,hf_copula_syn_150000_2,1000,0.1,2,7.0,4,0.9994569644311704,0.9825170158814894,0.4285714285714285,0.9909145972138098,0.648905787531647,0.4444041910379784,0.0,0.0,0.9926627534685164,0.0,0.0,0.0,0.0091743119266055,0.2,0.9927975991997332,0.0175438596491228,0.4456001793535845,0.1828177687772105,0.0,0.0,0.996733115541036,0.0,0.0,0.0,0.99852719603501,0.9816666666666668,0.4290982301140477,0.98999559154296,0.6484486755230686,0.4440503530492687,,
2024-07-22 04:34:09,hf_copula_syn_150000_2,1000,0.1,2,9.0,4,0.999456337071016,0.9813826237821968,0.4285714285714285,0.9903370256893708,0.6485310733106879,0.4438433802443178,0.0,0.0,0.9923959445037354,0.0,0.0,0.0,0.009090909090909,0.2,0.9927309103034344,0.017391304347826,0.4455852130184382,0.1828068124964629,0.0,0.0,0.9959330622041468,0.0,0.0,0.0,0.9985265414594466,0.9805333333333334,0.4290980122494119,0.98941850823351,0.6480743060466042,0.4434900620269219,,
2024-07-22 04:34:27,hf_copula_syn_150000_2,1000,0.1,4,1.0,4,0.999457627118644,0.9837181369277992,0.4285714285714285,0.9915254237288136,0.6493023080621007,0.4449981109261681,0.0095238095238095,0.125,0.9930629669156884,0.0176991150442477,0.3523249506697773,0.1133573560470244,0.0,0.0,0.9922640880293432,0.0,0.0,0.0,0.0,0.0,0.9980665377691846,0.0,0.0,0.0,0.9985298793650794,0.9828666666666668,0.4290983546189779,0.9906094395280236,0.6488841992149332,0.4446432366125287,,
2024-07-22 04:34:46,hf_copula_syn_150000_2,1000,0.1,4,3.0,4,0.999457185506853,0.9829173895635926,0.4285714285714285,0.9911182882519176,0.6490379879583076,0.4446021505941199,0.0093457943925233,0.125,0.9929295624332978,0.017391304347826,0.3523012848460281,0.1133437837960394,0.0,0.0,0.9922640880293432,0.0,0.0,0.0,0.0,0.0,0.9973998266551104,0.0,0.0,0.0,0.998529343224056,0.9820666666666666,0.4290982390225131,0.9902025198785348,0.6486201131881311,0.4442476386049232,,
2024-07-22 04:35:14,hf_copula_syn_150000_2,1000,0.1,4,5.0,4,0.9994559673580414,0.9807153343120244,0.4285714285714285,0.9899969687784176,0.6483105520103852,0.4435135430668705,0.0,0.0,0.9924626467449308,0.0,0.0,0.0,0.0,0.0,0.9915971990663556,0.0,0.0,0.0,0.0,0.0,0.996266417761184,0.0,0.0,0.0,0.9985231417885072,0.9798,0.4290976921438987,0.9890729716075578,0.6477054621618422,0.4430995970933414,,
2024-07-22 04:35:44,hf_copula_syn_150000_2,1000,0.1,4,7.0,4,0.9994564478869412,0.9815828106232484,0.4285714285714285,0.990438998114732,0.6485972150803329,0.4439423388400095,0.0,0.0,0.9919957310565636,0.0,0.0,0.0,0.0,0.0,0.9920640213404468,0.0,0.0,0.0,0.0,0.0,0.9971331422094808,0.0,0.0,0.0,0.9985236218689134,0.9806666666666668,0.4290976565112528,0.989514588383158,0.6479918576795912,0.4435279926570922,,
2024-07-22 04:36:13,hf_copula_syn_150000_2,1000,0.1,4,9.0,4,0.999456853825786,0.9823168290404376,0.4285714285714285,0.9908127208480564,0.648839677217428,0.444305216412378,0.0,0.0,0.9927294557097118,0.0,0.0,0.0,0.0,0.0,0.9917305768589528,0.0,0.0,0.0,0.0,0.0,0.9974664977665176,0.0,0.0,0.0,0.9985240274288818,0.9814,0.4290979589066112,0.9898879623085984,0.6482340935186917,0.4438905315437264,,
2024-07-22 04:36:34,hf_copula_syn_150000_2,1000,0.1,8,1.0,4,0.9993882129019102,0.9810489790471106,0.3571428571428571,0.9901336835370576,0.5919245183078398,0.3722347233709471,0.0076923076923076,0.125,0.9913954108858056,0.0144927536231884,0.3520290135212234,0.1131876709311668,0.0085470085470085,0.2,0.9922640880293432,0.0163934426229508,0.4454804345937862,0.1827301135501319,0.0,0.0,0.997199813320888,0.0,0.0,0.0,0.9984624021368198,0.9802666666666666,0.3577355027122273,0.9892227527152296,0.591708297709495,0.3720085810914809,,
2024-07-22 04:36:59,hf_copula_syn_150000_2,1000,0.1,8,3.0,4,0.9994560783247212,0.9809155211530762,0.4285714285714285,0.99009900990099,0.6483767162757013,0.4436124902126276,0.0076335877862595,0.125,0.9913287086446104,0.014388489208633,0.3520171708604231,0.1131808820805461,0.0,0.0,0.991997332444148,0.0,0.0,0.0,0.0,0.0,0.9972664844322956,0.0,0.0,0.0,0.9985273238984376,0.9800666666666666,0.4290972874258159,0.9891825913526604,0.6479593071649695,0.4432588150255387,,
2024-07-22 04:37:23,hf_copula_syn_150000_2,1000,0.1,8,5.0,4,0.9994562631686263,0.9812491658881622,0.4285714285714285,0.9902690326273612,0.6484869750497788,0.4437774097555125,0.0155038759689922,0.25,0.9915288153681964,0.0291970802919708,0.4978776996834153,0.2295010241454638,0.0,0.0,0.9917305768589528,0.0,0.0,0.0,0.0,0.0,0.9977331822121476,0.0,0.0,0.0,0.9985317060568524,0.9804666666666668,0.4290973363440586,0.989360353306398,0.6481472553128969,0.4434856180526182,,
2024-07-22 04:37:48,hf_copula_syn_150000_2,1000,0.1,8,7.0,4,0.9994565217391304,0.9817162685172828,0.4285714285714285,0.9905069682892346,0.6486413058465087,0.4440083131454597,0.0,0.0,0.9913954108858056,0.0,0.0,0.0,0.0,0.0,0.9921973991330444,0.0,0.0,0.0,0.0,0.0,0.9977331822121476,0.0,0.0,0.0,0.998523695652174,0.9808,0.4290974208024261,0.9895824951188312,0.6480359072943853,0.443593905386524,,
2024-07-22 04:38:12,hf_copula_syn_150000_2,1000,0.1,8,9.0,4,0.9993887115397676,0.9818497264113172,0.3571428571428571,0.9905415867245616,0.5921660380125412,0.3725666261711314,0.0,0.0,0.9906616862326574,0.0,0.0,0.0,0.0,0.0,0.9927309103034344,0.0,0.0,0.0,0.0,0.0,0.998133208880592,0.0,0.0,0.0,0.9984559487423308,0.9809333333333332,0.3577353292262077,0.9896170812436186,0.5916133497103961,0.3722188973200383,,
2024-07-22 04:38:38,hf_copula_syn_150000_2,1000,0.1,10,1.0,4,0.9993882544861338,0.9811157079941278,0.3571428571428571,0.990167688059802,0.5919446487136782,0.3722623801883334,0.0077519379844961,0.125,0.991462113127001,0.0145985401459854,0.3520408557836365,0.1131944596705578,0.0,0.0,0.992530843614538,0.0,0.0,0.0,0.0,0.0,0.996866457763851,0.0,0.0,0.0,0.9984596264822052,0.9802666666666666,0.3577356049815806,0.989251317439024,0.5915799221646301,0.3719753056786486,,
2024-07-22 04:39:06,hf_copula_syn_150000_2,1000,0.1,10,3.0,4,0.999386586695747,0.9784465501134392,0.3571428571428571,0.9888057185245128,0.5911388977804501,0.3711563555747929,0.0,0.0,0.9903281750266808,0.0,0.0,0.0,0.0,0.0,0.991997332444148,0.0,0.0,0.0,0.0,0.0,0.995799719981332,0.0,0.0,0.0,0.9984538258814976,0.9775333333333334,0.3577347512616848,0.9878828331872233,0.5905871681425218,0.3708099429762564,,
2024-07-22 04:39:34,hf_copula_syn_150000_2,1000,0.1,10,5.0,4,0.9993880048959608,0.9807153343120244,0.3571428571428571,0.9899636265660784,0.5918238560078571,0.3720964440548209,0.0077519379844961,0.125,0.991462113127001,0.0145985401459854,0.3520408557836365,0.1131944596705578,0.0,0.0,0.9920640213404468,0.0,0.0,0.0,0.0,0.0,0.9969331288752584,0.0,0.0,0.0,0.998459377124983,0.9798666666666668,0.3577354538188966,0.9890474464026944,0.5914592421986676,0.3718095244188606,,
2024-07-22 04:40:10,hf_copula_syn_150000_2,1000,0.1,10,7.0,4,0.9993874217261094,0.9797811290537836,0.3571428571428571,0.989487162207696,0.59154191043824,0.371709304270815,0.0,0.0,0.9911286019210246,0.0,0.0,0.0,0.008695652173913,0.2,0.9923974658219408,0.0166666666666666,0.4455103738010914,0.1827520284242797,0.0,0.0,0.9959997333155544,0.0,0.0,0.0,0.9984575586832232,0.9789333333333332,0.3577353248680433,0.9885691964118576,0.5911383081130981,0.371423292929637,,
2024-07-22 04:40:43,hf_copula_syn_150000_2,1000,0.1,10,9.0,4,0.999455930359086,0.9806486053650072,0.4285714285714285,0.9899629504883798,0.6482884957546757,0.4434805614482805,0.0083333333333333,0.125,0.9920624332977588,0.015625,0.3521474182245552,0.1132555533197392,0.0084745762711864,0.2,0.9921973991330444,0.016260162601626,0.4454654642355666,0.1827191558462135,0.0,0.0,0.9961330755383692,0.0,0.0,0.0,0.9985303741272856,0.9798666666666668,0.4290976698739343,0.9890527384554578,0.6480197269364363,0.4431879556046481,,
2024-07-22 04:40:53,hf_copula_syn_150000_2,100,0.01,2,1.0,4,0.9990666666666668,1.0,0.0,0.9995331154538784,0.0,0.0,0.0,0.0,1.0,0.0,0.0,0.0,0.0,0.0,1.0,0.0,0.0,0.0,0.0,0.0,1.0,0.0,0.0,0.0,0.9981342044444445,0.9990666666666668,0.0009333333333333,0.9986002178794549,0.0,0.0,,
2024-07-22 04:41:03,hf_copula_syn_150000_2,100,0.01,2,3.0,4,0.9990666666666668,1.0,0.0,0.9995331154538784,0.0,0.0,0.0,0.0,1.0,0.0,0.0,0.0,0.0,0.0,1.0,0.0,0.0,0.0,0.0,0.0,1.0,0.0,0.0,0.0,0.9981342044444445,0.9990666666666668,0.0009333333333333,0.9986002178794549,0.0,0.0,,
2024-07-22 04:41:12,hf_copula_syn_150000_2,100,0.01,2,5.0,4,0.9990666666666668,1.0,0.0,0.9995331154538784,0.0,0.0,0.0,0.0,1.0,0.0,0.0,0.0,0.0,0.0,1.0,0.0,0.0,0.0,0.0,0.0,1.0,0.0,0.0,0.0,0.9981342044444445,0.9990666666666668,0.0009333333333333,0.9986002178794549,0.0,0.0,,
2024-07-22 04:41:22,hf_copula_syn_150000_2,100,0.01,2,7.0,4,0.9990666666666668,1.0,0.0,0.9995331154538784,0.0,0.0,0.0,0.0,1.0,0.0,0.0,0.0,0.0,0.0,1.0,0.0,0.0,0.0,0.0,0.0,1.0,0.0,0.0,0.0,0.9981342044444445,0.9990666666666668,0.0009333333333333,0.9986002178794549,0.0,0.0,,
2024-07-22 04:41:32,hf_copula_syn_150000_2,100,0.01,2,9.0,4,0.9990666666666668,1.0,0.0,0.9995331154538784,0.0,0.0,0.0,0.0,1.0,0.0,0.0,0.0,0.0,0.0,1.0,0.0,0.0,0.0,0.0,0.0,1.0,0.0,0.0,0.0,0.9981342044444445,0.9990666666666668,0.0009333333333333,0.9986002178794549,0.0,0.0,,
2024-07-22 04:41:42,hf_copula_syn_150000_2,100,0.01,4,1.0,4,0.9992638201044036,0.9963299079140532,0.2142857142857142,0.997794707297514,0.4620598077971972,0.2301958521120637,0.0172413793103448,0.125,0.9961979722518676,0.0303030303030303,0.3528806406300627,0.1136761758641428,0.0,0.0,1.0,0.0,0.0,0.0,0.0,0.0,1.0,0.0,0.0,0.0,0.9983403692746052,0.9954666666666668,0.2150170198709153,0.9968795938535312,0.4618167549849225,0.2300416299438867,,
2024-07-22 04:41:52,hf_copula_syn_150000_2,100,0.01,4,3.0,4,0.9992638201044036,0.9963299079140532,0.2142857142857142,0.997794707297514,0.4620598077971972,0.2301958521120637,0.0172413793103448,0.125,0.9961979722518676,0.0303030303030303,0.3528806406300627,0.1136761758641428,0.0,0.0,1.0,0.0,0.0,0.0,0.0,0.0,1.0,0.0,0.0,0.0,0.9983403692746052,0.9954666666666668,0.2150170198709153,0.9968795938535312,0.4618167549849225,0.2300416299438867,,
2024-07-22 04:42:03,hf_copula_syn_150000_2,100,0.01,4,5.0,4,0.9992638201044036,0.9963299079140532,0.2142857142857142,0.997794707297514,0.4620598077971972,0.2301958521120637,0.0172413793103448,0.125,0.9961979722518676,0.0303030303030303,0.3528806406300627,0.1136761758641428,0.0,0.0,1.0,0.0,0.0,0.0,0.0,0.0,1.0,0.0,0.0,0.0,0.9983403692746052,0.9954666666666668,0.2150170198709153,0.9968795938535312,0.4618167549849225,0.2300416299438867,,
2024-07-22 04:42:13,hf_copula_syn_150000_2,100,0.01,4,7.0,4,0.9992638201044036,0.9963299079140532,0.2142857142857142,0.997794707297514,0.4620598077971972,0.2301958521120637,0.0172413793103448,0.125,0.9961979722518676,0.0303030303030303,0.3528806406300627,0.1136761758641428,0.0,0.0,1.0,0.0,0.0,0.0,0.0,0.0,1.0,0.0,0.0,0.0,0.9983403692746052,0.9954666666666668,0.2150170198709153,0.9968795938535312,0.4618167549849225,0.2300416299438867,,
2024-07-22 04:42:23,hf_copula_syn_150000_2,100,0.01,4,9.0,4,0.9992638201044036,0.9963299079140532,0.2142857142857142,0.997794707297514,0.4620598077971972,0.2301958521120637,0.0172413793103448,0.125,0.9961979722518676,0.0303030303030303,0.3528806406300627,0.1136761758641428,0.0,0.0,1.0,0.0,0.0,0.0,0.0,0.0,1.0,0.0,0.0,0.0,0.9983403692746052,0.9954666666666668,0.2150170198709153,0.9968795938535312,0.4618167549849225,0.2300416299438867,,
2024-07-22 04:42:37,hf_copula_syn_150000_2,100,0.01,8,1.0,4,0.9994607347489046,0.9893900974242626,0.4285714285714285,0.9943999195198014,0.6511715038816894,0.4478044033566975,0.0116279069767441,0.125,0.9943303094983992,0.0212765957446808,0.3525496967624563,0.1134862702410513,0.0,0.0,0.9947315771923976,0.0,0.0,0.0,0.0,0.0,1.0,0.0,0.0,0.0,0.9985341062801932,0.9885333333333334,0.4290999819288918,0.99348316044598,0.6507517703163399,0.4474469785910265,,
2024-07-22 04:42:51,hf_copula_syn_150000_2,100,0.01,8,3.0,4,0.9994607347489046,0.9893900974242626,0.4285714285714285,0.9943999195198014,0.6511715038816894,0.4478044033566975,0.0116279069767441,0.125,0.9943303094983992,0.0212765957446808,0.3525496967624563,0.1134862702410513,0.0,0.0,0.9947315771923976,0.0,0.0,0.0,0.0,0.0,1.0,0.0,0.0,0.0,0.9985341062801932,0.9885333333333334,0.4290999819288918,0.99348316044598,0.6507517703163399,0.4474469785910265,,
2024-07-22 04:43:06,hf_copula_syn_150000_2,100,0.01,8,5.0,4,0.9994607347489046,0.9893900974242626,0.4285714285714285,0.9943999195198014,0.6511715038816894,0.4478044033566975,0.0116279069767441,0.125,0.9943303094983992,0.0212765957446808,0.3525496967624563,0.1134862702410513,0.0,0.0,0.9947315771923976,0.0,0.0,0.0,0.0,0.0,1.0,0.0,0.0,0.0,0.9985341062801932,0.9885333333333334,0.4290999819288918,0.99348316044598,0.6507517703163399,0.4474469785910265,,
2024-07-22 04:43:21,hf_copula_syn_150000_2,100,0.01,8,7.0,4,0.9994607347489046,0.9893900974242626,0.4285714285714285,0.9943999195198014,0.6511715038816894,0.4478044033566975,0.0116279069767441,0.125,0.9943303094983992,0.0212765957446808,0.3525496967624563,0.1134862702410513,0.0,0.0,0.9947315771923976,0.0,0.0,0.0,0.0,0.0,1.0,0.0,0.0,0.0,0.9985341062801932,0.9885333333333334,0.4290999819288918,0.99348316044598,0.6507517703163399,0.4474469785910265,,
2024-07-22 04:43:35,hf_copula_syn_150000_2,100,0.01,8,9.0,4,0.9994607347489046,0.9893900974242626,0.4285714285714285,0.9943999195198014,0.6511715038816894,0.4478044033566975,0.0116279069767441,0.125,0.9943303094983992,0.0212765957446808,0.3525496967624563,0.1134862702410513,0.0,0.0,0.9947315771923976,0.0,0.0,0.0,0.0,0.0,1.0,0.0,0.0,0.0,0.9985341062801932,0.9885333333333334,0.4290999819288918,0.99348316044598,0.6507517703163399,0.4474469785910265,,
2024-07-22 04:43:55,hf_copula_syn_150000_2,100,0.01,10,1.0,4,0.9994598973805024,0.9878553316428668,0.4285714285714285,0.993623733136452,0.6506662513947421,0.4470447815134208,0.0116279069767441,0.125,0.9943303094983992,0.0212765957446808,0.3525496967624563,0.1134862702410513,0.0,0.0,0.993197732577526,0.0,0.0,0.0,0.0,0.0,1.0,0.0,0.0,0.0,0.9985332696933348,0.987,0.4290994706473536,0.9927076985032552,0.6502469893983803,0.4466880657281369,,
2024-07-22 04:44:14,hf_copula_syn_150000_2,100,0.01,10,3.0,4,0.9994606620373492,0.9892566395302282,0.4285714285714285,0.9943324725845936,0.6511275844465819,0.4477383412684149,0.0116279069767441,0.125,0.9943303094983992,0.0212765957446808,0.3525496967624563,0.1134862702410513,0.0,0.0,0.9945981993998,0.0,0.0,0.0,0.0,0.0,1.0,0.0,0.0,0.0,0.998534033636502,0.9884,0.4290999374696276,0.9934157764612452,0.6507078918727051,0.447380978160693,,
2024-07-22 04:44:34,hf_copula_syn_150000_2,100,0.01,10,5.0,4,0.9994599702983664,0.9879887895369012,0.4285714285714285,0.9936912751677852,0.6507102019673475,0.447110827571795,0.0116279069767441,0.125,0.9943303094983992,0.0212765957446808,0.3525496967624563,0.1134862702410513,0.0,0.0,0.9933311103701232,0.0,0.0,0.0,0.0,0.0,1.0,0.0,0.0,0.0,0.9985333425431424,0.9871333333333332,0.4290995151066177,0.992775177495359,0.6502908989504513,0.4467540501435232,,
2024-07-22 04:44:55,hf_copula_syn_150000_2,100,0.01,10,7.0,4,0.9994599702983664,0.9879887895369012,0.4285714285714285,0.9936912751677852,0.6507102019673475,0.447110827571795,0.0116279069767441,0.125,0.9943303094983992,0.0212765957446808,0.3525496967624563,0.1134862702410513,0.0,0.0,0.9933311103701232,0.0,0.0,0.0,0.0,0.0,1.0,0.0,0.0,0.0,0.9985333425431424,0.9871333333333332,0.4290995151066177,0.992775177495359,0.6502908989504513,0.4467540501435232,,
2024-07-22 04:45:16,hf_copula_syn_150000_2,100,0.01,10,9.0,4,0.9994599702983664,0.9879887895369012,0.4285714285714285,0.9936912751677852,0.6507102019673475,0.447110827571795,0.0116279069767441,0.125,0.9943303094983992,0.0212765957446808,0.3525496967624563,0.1134862702410513,0.0,0.0,0.9933311103701232,0.0,0.0,0.0,0.0,0.0,1.0,0.0,0.0,0.0,0.9985333425431424,0.9871333333333332,0.4290995151066177,0.992775177495359,0.6502908989504513,0.4467540501435232,,
2024-07-22 04:45:33,hf_copula_syn_150000_2,500,0.01,2,1.0,4,0.9992638201044036,0.9963299079140532,0.2142857142857142,0.997794707297514,0.4620598077971972,0.2301958521120637,0.0172413793103448,0.125,0.9961979722518676,0.0303030303030303,0.3528806406300627,0.1136761758641428,0.0,0.0,1.0,0.0,0.0,0.0,0.0,0.0,1.0,0.0,0.0,0.0,0.9983403692746052,0.9954666666666668,0.2150170198709153,0.9968795938535312,0.4618167549849225,0.2300416299438867,,
2024-07-22 04:45:54,hf_copula_syn_150000_2,500,0.01,2,3.0,4,0.9992638201044036,0.9963299079140532,0.2142857142857142,0.997794707297514,0.4620598077971972,0.2301958521120637,0.0172413793103448,0.125,0.9961979722518676,0.0303030303030303,0.3528806406300627,0.1136761758641428,0.0,0.0,1.0,0.0,0.0,0.0,0.0,0.0,1.0,0.0,0.0,0.0,0.9983403692746052,0.9954666666666668,0.2150170198709153,0.9968795938535312,0.4618167549849225,0.2300416299438867,,
2024-07-22 04:46:14,hf_copula_syn_150000_2,500,0.01,2,5.0,4,0.9992638201044036,0.9963299079140532,0.2142857142857142,0.997794707297514,0.4620598077971972,0.2301958521120637,0.0172413793103448,0.125,0.9961979722518676,0.0303030303030303,0.3528806406300627,0.1136761758641428,0.0,0.0,1.0,0.0,0.0,0.0,0.0,0.0,1.0,0.0,0.0,0.0,0.9983403692746052,0.9954666666666668,0.2150170198709153,0.9968795938535312,0.4618167549849225,0.2300416299438867,,
2024-07-22 04:46:36,hf_copula_syn_150000_2,500,0.01,2,7.0,4,0.9992638201044036,0.9963299079140532,0.2142857142857142,0.997794707297514,0.4620598077971972,0.2301958521120637,0.0172413793103448,0.125,0.9961979722518676,0.0303030303030303,0.3528806406300627,0.1136761758641428,0.0,0.0,1.0,0.0,0.0,0.0,0.0,0.0,1.0,0.0,0.0,0.0,0.9983403692746052,0.9954666666666668,0.2150170198709153,0.9968795938535312,0.4618167549849225,0.2300416299438867,,
2024-07-22 04:46:55,hf_copula_syn_150000_2,500,0.01,2,9.0,4,0.9992638201044036,0.9963299079140532,0.2142857142857142,0.997794707297514,0.4620598077971972,0.2301958521120637,0.0172413793103448,0.125,0.9961979722518676,0.0303030303030303,0.3528806406300627,0.1136761758641428,0.0,0.0,1.0,0.0,0.0,0.0,0.0,0.0,1.0,0.0,0.0,0.0,0.9983403692746052,0.9954666666666668,0.2150170198709153,0.9968795938535312,0.4618167549849225,0.2300416299438867,,
2024-07-22 04:47:19,hf_copula_syn_150000_2,500,0.01,4,1.0,4,0.999460625674218,0.989189910583211,0.4285714285714285,0.9942987457240592,0.6511056236180812,0.4477053107967704,0.0108695652173913,0.125,0.9939300960512272,0.02,0.3524787397934851,0.1134455648335284,0.0,0.0,0.9949316438812936,0.0,0.0,0.0,0.0,0.0,1.0,0.0,0.0,0.0,0.9985335928583712,0.9883333333333332,0.4290998351706163,0.9933814002280502,0.6506859136972609,0.4473479568079379,,
2024-07-22 04:47:39,hf_copula_syn_150000_2,500,0.01,4,3.0,4,0.999460625674218,0.989189910583211,0.4285714285714285,0.9942987457240592,0.6511056236180812,0.4477053107967704,0.0108695652173913,0.125,0.9939300960512272,0.02,0.3524787397934851,0.1134455648335284,0.0,0.0,0.9949316438812936,0.0,0.0,0.0,0.0,0.0,1.0,0.0,0.0,0.0,0.9985335928583712,0.9883333333333332,0.4290998351706163,0.9933814002280502,0.6506859136972609,0.4473479568079379,,
2024-07-22 04:48:02,hf_copula_syn_150000_2,500,0.01,4,5.0,4,0.999460625674218,0.989189910583211,0.4285714285714285,0.9942987457240592,0.6511056236180812,0.4477053107967704,0.0108695652173913,0.125,0.9939300960512272,0.02,0.3524787397934851,0.1134455648335284,0.0,0.0,0.9949316438812936,0.0,0.0,0.0,0.0,0.0,1.0,0.0,0.0,0.0,0.9985335928583712,0.9883333333333332,0.4290998351706163,0.9933814002280502,0.6506859136972609,0.4473479568079379,,
2024-07-22 04:48:18,hf_copula_syn_150000_2,500,0.01,4,7.0,4,0.999460589306183,0.9891231816361936,0.4285714285714285,0.9942650166012676,0.6510836620488493,0.4476722807067902,0.010752688172043,0.125,0.993863393810032,0.0198019801980198,0.3524669122431976,0.1134387802096372,0.0,0.0,0.9949316438812936,0.0,0.0,0.0,0.0,0.0,1.0,0.0,0.0,0.0,0.9985334941898556,0.9882666666666666,0.4290997995960877,0.993347596975212,0.6506639663174667,0.4473149539275757,,
2024-07-22 04:48:38,hf_copula_syn_150000_2,500,0.01,4,9.0,4,0.9994606620373492,0.9892566395302282,0.4285714285714285,0.9943324725845936,0.6511275844465819,0.4477383412684149,0.0108695652173913,0.125,0.9939300960512272,0.02,0.3524787397934851,0.1134455648335284,0.0,0.0,0.9949983327775924,0.0,0.0,0.0,0.0,0.0,1.0,0.0,0.0,0.0,0.9985336291875636,0.9884,0.4290998574002484,0.9934150956101814,0.6507078540289882,0.4473809564511423,,
2024-07-22 04:49:21,hf_copula_syn_150000_2,500,0.01,8,1.0,4,0.9994592402325267,0.9866542105965568,0.4285714285714285,0.9930154466084622,0.6502705625671374,0.4464504356876614,0.0096153846153846,0.125,0.9931296691568836,0.0178571428571428,0.3523367829855555,0.1133641420056723,0.0,0.0,0.993197732577526,0.0,0.0,0.0,0.0,0.0,1.0,0.0,0.0,0.0,0.998531539813438,0.9858,0.4290988303058381,0.9920981560011516,0.6498515563263337,0.4460942094900893,,
2024-07-22 04:50:03,hf_copula_syn_150000_2,500,0.01,8,3.0,4,0.9994592402325267,0.9866542105965568,0.4285714285714285,0.9930154466084622,0.6502705625671374,0.4464504356876614,0.0095238095238095,0.125,0.9930629669156884,0.0176991150442477,0.3523249506697773,0.1133573560470244,0.0,0.0,0.9932644214738248,0.0,0.0,0.0,0.0,0.0,1.0,0.0,0.0,0.0,0.9985314909733892,0.9858,0.4290988169609415,0.9920980717196513,0.6498515500157653,0.4460942058709113,,
2024-07-22 04:50:48,hf_copula_syn_150000_2,500,0.01,8,5.0,4,0.999459203677415,0.9865874816495396,0.4285714285714285,0.992981631350952,0.6502485727944592,0.4464174201009319,0.0097087378640776,0.125,0.9931963713980788,0.018018018018018,0.3523486149039894,0.1133709278530904,0.0,0.0,0.9930643547849284,0.0,0.0,0.0,0.0,0.0,1.0,0.0,0.0,0.0,0.9985315530808436,0.9857333333333334,0.4290988214211025,0.992064458104634,0.6498295933878,0.446061228337026,,
2024-07-22 04:51:38,hf_copula_syn_150000_2,500,0.01,8,7.0,4,0.9994592402325267,0.9866542105965568,0.4285714285714285,0.9930154466084622,0.6502705625671374,0.4464504356876614,0.01,0.125,0.9933964781216648,0.0185185185185185,0.352384108275626,0.1133912847279666,0.0,0.0,0.9929309769923308,0.0,0.0,0.0,0.0,0.0,1.0,0.0,0.0,0.0,0.9985317449416432,0.9858,0.4290988836854242,0.9920985087348376,0.6498515815664885,0.4460942239662079,,
2024-07-22 04:52:24,hf_copula_syn_150000_2,500,0.01,8,9.0,4,0.9994592402325267,0.9866542105965568,0.4285714285714285,0.9930154466084622,0.6502705625671374,0.4464504356876614,0.0097087378640776,0.125,0.9931963713980788,0.018018018018018,0.3523486149039894,0.1133709278530904,0.0,0.0,0.9931310436812272,0.0,0.0,0.0,0.0,0.0,1.0,0.0,0.0,0.0,0.9985315896018372,0.9858,0.4290988436507346,0.9920982418012372,0.6498515626366903,0.4460942131092079,,
2024-07-22 04:53:40,hf_copula_syn_150000_2,500,0.01,10,1.0,4,0.999458984242916,0.9861871079674362,0.4285714285714285,0.9927786921035838,0.6501166185388048,0.4462193345955089,0.0,0.0,0.9931296691568836,0.0,0.0,0.0,0.0,0.0,0.9931310436812272,0.0,0.0,0.0,0.0,0.0,0.999533302220148,0.0,0.0,0.0,0.9985261558576228,0.9852666666666666,0.4290987769630206,0.9918520986576204,0.6495098430281686,0.4458028632165531,,
2024-07-22 04:55:00,hf_copula_syn_150000_2,500,0.01,10,3.0,4,0.9994591305523628,0.9864540237555052,0.4285714285714285,0.992913994022232,0.6502045910180354,0.4463513900724662,0.0,0.0,0.9933297758804696,0.0,0.0,0.0,0.0,0.0,0.9929976658886296,0.0,0.0,0.0,0.0,0.0,0.9997333155543704,0.0,0.0,0.0,0.998526302030514,0.9855333333333334,0.4290988525615646,0.9919872742944776,0.6495977333997519,0.4459347954417319,,
2024-07-22 04:56:12,hf_copula_syn_150000_2,500,0.01,10,5.0,4,0.9994591305523628,0.9864540237555052,0.4285714285714285,0.992913994022232,0.6502045910180354,0.4463513900724662,0.0,0.0,0.9933964781216648,0.0,0.0,0.0,0.0,0.0,0.992864288096032,0.0,0.0,0.0,0.0,0.0,0.9997999866657776,0.0,0.0,0.0,0.998526302030514,0.9855333333333334,0.4290988481215698,0.9919872742944776,0.6495977333997519,0.4459347954417319,,
2024-07-22 04:57:25,hf_copula_syn_150000_2,500,0.01,10,7.0,4,0.9994592402325267,0.9866542105965568,0.4285714285714285,0.9930154466084622,0.6502705625671374,0.4464504356876614,0.0,0.0,0.9933297758804696,0.0,0.0,0.0,0.0,0.0,0.9929976658886296,0.0,0.0,0.0,0.0,0.0,0.9999333288885924,0.0,0.0,0.0,0.9985264116083096,0.9857333333333334,0.429098865895787,0.9920886321916276,0.6496636433754082,0.4460337486143529,,
2024-07-22 04:58:40,hf_copula_syn_150000_2,500,0.01,10,9.0,4,0.999459203677415,0.9865874816495396,0.4285714285714285,0.992981631350952,0.6502485727944592,0.4464174201009319,0.0,0.0,0.9933297758804696,0.0,0.0,0.0,0.0,0.0,0.9929309769923308,0.0,0.0,0.0,0.0,0.0,0.9999333288885924,0.0,0.0,0.0,0.998526375087316,0.9856666666666668,0.4290988436661548,0.9920548484950245,0.6496416741265179,0.446000763842171,,
2024-07-22 04:59:26,hf_copula_syn_150000_2,1500,0.01,2,1.0,4,0.9994592767826967,0.986720939543574,0.4285714285714285,0.993049259595044,0.6502925515962271,0.4464834516560555,0.0082644628099173,0.125,0.9919957310565636,0.0155038759689922,0.3521355795458198,0.1132487655814157,0.0,0.0,0.9943981327109036,0.0,0.0,0.0,0.0,0.0,1.0,0.0,0.0,0.0,0.9985308558378648,0.9858666666666668,0.429098625672229,0.992130682353272,0.6498734175238284,0.4461271331094866,,
2024-07-22 05:00:09,hf_copula_syn_150000_2,1500,0.01,2,3.0,4,0.9994592767826967,0.986720939543574,0.4285714285714285,0.993049259595044,0.6502925515962271,0.4464834516560555,0.0082644628099173,0.125,0.9919957310565636,0.0155038759689922,0.3521355795458198,0.1132487655814157,0.0,0.0,0.9943981327109036,0.0,0.0,0.0,0.0,0.0,1.0,0.0,0.0,0.0,0.9985308558378648,0.9858666666666668,0.429098625672229,0.992130682353272,0.6498734175238284,0.4461271331094866,,
2024-07-22 05:00:56,hf_copula_syn_150000_2,1500,0.01,2,5.0,4,0.9994592767826967,0.986720939543574,0.4285714285714285,0.993049259595044,0.6502925515962271,0.4464834516560555,0.0082644628099173,0.125,0.9919957310565636,0.0155038759689922,0.3521355795458198,0.1132487655814157,0.0,0.0,0.9943981327109036,0.0,0.0,0.0,0.0,0.0,1.0,0.0,0.0,0.0,0.9985308558378648,0.9858666666666668,0.429098625672229,0.992130682353272,0.6498734175238284,0.4461271331094866,,
2024-07-22 05:01:42,hf_copula_syn_150000_2,1500,0.01,2,7.0,4,0.9994592767826967,0.986720939543574,0.4285714285714285,0.993049259595044,0.6502925515962271,0.4464834516560555,0.0081967213114754,0.125,0.9919290288153682,0.0153846153846153,0.3521237404690587,0.1132419777318625,0.0,0.0,0.9944648216072024,0.0,0.0,0.0,0.0,0.0,1.0,0.0,0.0,0.0,0.9985308197090657,0.9858666666666668,0.4290986123273325,0.9921306187476268,0.6498734112096541,0.4461271294893002,,
2024-07-22 05:02:24,hf_copula_syn_150000_2,1500,0.01,2,9.0,4,0.9994592767826967,0.986720939543574,0.4285714285714285,0.993049259595044,0.6502925515962271,0.4464834516560555,0.0082644628099173,0.125,0.9919957310565636,0.0155038759689922,0.3521355795458198,0.1132487655814157,0.0,0.0,0.9943981327109036,0.0,0.0,0.0,0.0,0.0,1.0,0.0,0.0,0.0,0.9985308558378648,0.9858666666666668,0.429098625672229,0.992130682353272,0.6498734175238284,0.4461271331094866,,
2024-07-22 05:03:19,hf_copula_syn_150000_2,1500,0.01,4,1.0,4,0.9994585081900637,0.9853196316562124,0.4285714285714285,0.9923387096774192,0.6498306257313338,0.4457901964693235,0.008695652173913,0.125,0.9923959445037354,0.016260162601626,0.3522066056492509,0.1132894903429107,0.0,0.0,0.9925975325108368,0.0,0.0,0.0,0.0,0.0,1.0,0.0,0.0,0.0,0.9985303179302456,0.9844666666666668,0.4290982389193342,0.9914211989684412,0.6494119606703308,0.4454345466808017,,
2024-07-22 05:04:18,hf_copula_syn_150000_2,1500,0.01,4,3.0,4,0.9994585081900637,0.9853196316562124,0.4285714285714285,0.9923387096774192,0.6498306257313338,0.4457901964693235,0.0,0.0,0.99232924226254,0.0,0.0,0.0,0.0,0.0,0.9925975325108368,0.0,0.0,0.0,0.0,0.0,1.0,0.0,0.0,0.0,0.9985256802490864,0.9844,0.4290982033448055,0.9914125268817204,0.6492241171473179,0.4453741256192855,,
2024-07-22 05:05:10,hf_copula_syn_150000_2,1500,0.01,4,5.0,4,0.9994585081900637,0.9853196316562124,0.4285714285714285,0.9923387096774192,0.6498306257313338,0.4457901964693235,0.0,0.0,0.9923959445037354,0.0,0.0,0.0,0.0,0.0,0.992530843614538,0.0,0.0,0.0,0.0,0.0,1.0,0.0,0.0,0.0,0.9985256802490864,0.9844,0.4290982166897021,0.9914125268817204,0.6492241171473179,0.4453741256192855,,
2024-07-22 05:06:05,hf_copula_syn_150000_2,1500,0.01,4,7.0,4,0.9994585814834868,0.9854530895502468,0.4285714285714285,0.992406424299442,0.6498746328167281,0.4458562135211964,0.0086206896551724,0.125,0.99232924226254,0.0161290322580645,0.3521947689600422,0.1132827031607358,0.0,0.0,0.9927975991997332,0.0,0.0,0.0,0.0,0.0,1.0,0.0,0.0,0.0,0.9985303511752516,0.9846,0.4290982700337018,0.9914887804539668,0.6494559203695445,0.445500498496929,,
2024-07-22 05:07:01,hf_copula_syn_150000_2,1500,0.01,4,9.0,4,0.9994585081900637,0.9853196316562124,0.4285714285714285,0.9923387096774192,0.6498306257313338,0.4457901964693235,0.0086206896551724,0.125,0.99232924226254,0.0161290322580645,0.3521947689600422,0.1132827031607358,0.0,0.0,0.9926642214071356,0.0,0.0,0.0,0.0,0.0,1.0,0.0,0.0,0.0,0.9985302779502356,0.9844666666666668,0.4290982255744376,0.991421129032258,0.6494119543574299,0.4454345430609712,,
2024-07-22 05:09:05,hf_copula_syn_150000_2,1500,0.01,8,1.0,4,0.9994569644311704,0.9825170158814894,0.4285714285714285,0.9909145972138098,0.648905787531647,0.4444041910379784,0.0,0.0,0.9926627534685164,0.0,0.0,0.0,0.0,0.0,0.991997332444148,0.0,0.0,0.0,0.0,0.0,0.9974664977665176,0.0,0.0,0.0,0.9985241379310346,0.9816,0.4290980122506109,0.9899897435897436,0.6483001421299507,0.4439894137930096,,
2024-07-22 05:11:11,hf_copula_syn_150000_2,1500,0.01,8,3.0,4,0.9994569644311704,0.9825170158814894,0.4285714285714285,0.9909145972138098,0.648905787531647,0.4444041910379784,0.0,0.0,0.9927961579509073,0.0,0.0,0.0,0.0,0.0,0.9918639546515504,0.0,0.0,0.0,0.0,0.0,0.9974664977665176,0.0,0.0,0.0,0.9985241379310346,0.9816,0.429098038940404,0.9899897435897436,0.6483001421299507,0.4439894137930096,,
2024-07-22 05:13:11,hf_copula_syn_150000_2,1500,0.01,8,5.0,4,0.9994570749915168,0.982717202722541,0.4285714285714285,0.9910164530130212,0.6489718911112542,0.4445031690985589,0.0,0.0,0.9925960512273212,0.0,0.0,0.0,0.0,0.0,0.9918639546515504,0.0,0.0,0.0,0.0,0.0,0.9978665244349624,0.0,0.0,0.0,0.9985242483881914,0.9818,0.4290979588852626,0.9900915043235424,0.6483661840128837,0.4440882994740669,,
2024-07-22 05:15:14,hf_copula_syn_150000_2,1500,0.01,8,7.0,4,0.9994570749915168,0.982717202722541,0.4285714285714285,0.9910164530130212,0.6489718911112542,0.4445031690985589,0.0,0.0,0.9923959445037354,0.0,0.0,0.0,0.0,0.0,0.9920640213404468,0.0,0.0,0.0,0.0,0.0,0.9978665244349624,0.0,0.0,0.0,0.9985242483881914,0.9818,0.4290979188505731,0.9900915043235424,0.6483661840128837,0.4440882994740669,,
2024-07-22 05:17:18,hf_copula_syn_150000_2,1500,0.01,8,9.0,4,0.9994571486734072,0.9828506606165754,0.4285714285714285,0.9910843454563804,0.649015956423891,0.4445691563806017,0.0,0.0,0.9919957310565636,0.0,0.0,0.0,0.0,0.0,0.9921973991330444,0.0,0.0,0.0,0.0,0.0,0.9982665511034068,0.0,0.0,0.0,0.998524322001312,0.9819333333333332,0.42909777653111,0.9901593334006212,0.6484102081978953,0.4441542251679798,,
2024-07-22 05:19:33,hf_copula_syn_150000_2,1500,0.01,10,1.0,4,0.9994568169473113,0.9822501000934204,0.4285714285714285,0.9907787574880528,0.6488176389490855,0.4442722256338402,0.0,0.0,0.9921958377801494,0.0,0.0,0.0,0.0,0.0,0.9923974658219408,0.0,0.0,0.0,0.0,0.0,0.9972664844322956,0.0,0.0,0.0,0.9985239905848272,0.9813333333333332,0.4290978832724808,0.9898540306477306,0.6482120758193998,0.443857571556582,,
2024-07-22 05:22:24,hf_copula_syn_150000_2,1500,0.01,10,3.0,4,0.9994564109533192,0.9815160816762312,0.4285714285714285,0.9904050095949904,0.6485751685732452,0.4439093522597812,0.0,0.0,0.99232924226254,0.0,0.0,0.0,0.0,0.0,0.991997332444148,0.0,0.0,0.0,0.0,0.0,0.9967997866524436,0.0,0.0,0.0,0.9985235849697628,0.9806,0.4290977899305601,0.989480631586035,0.6479698317492434,0.4434950368643387,,
2024-07-22 05:25:35,hf_copula_syn_150000_2,1500,0.01,10,5.0,4,0.999455930359086,0.9806486053650072,0.4285714285714285,0.9899629504883798,0.6482884957546757,0.4434805614482805,0.0,0.0,0.9926627534685164,0.0,0.0,0.0,0.0,0.0,0.9915971990663556,0.0,0.0,0.0,0.0,0.0,0.9959997333155544,0.0,0.0,0.0,0.998523104824084,0.9797333333333332,0.4290977810885216,0.989038985067924,0.6476834264919713,0.4430666462575954,,
2024-07-22 05:28:44,hf_copula_syn_150000_2,1500,0.01,10,7.0,4,0.9994570381430704,0.9826504737755238,0.4285714285714285,0.9909825033647376,0.6489498573328816,0.4444701760300342,0.0086206896551724,0.125,0.99232924226254,0.0161290322580645,0.3521947689600422,0.1132827031607358,0.0,0.0,0.9924641547182396,0.0,0.0,0.0,0.0,0.0,0.9975331688779252,0.0,0.0,0.0,0.9985288092752864,0.9818,0.4290979944301332,0.9900661885121348,0.6485320080094829,0.4441157546407585,,
2024-07-22 05:31:58,hf_copula_syn_150000_2,1500,0.01,10,9.0,4,0.9994568906992533,0.9823835579874548,0.4285714285714285,0.9908466819221968,0.6488617147372515,0.4443382075725803,0.0081967213114754,0.125,0.9919290288153682,0.0153846153846153,0.3521237404690587,0.1132419777318625,0.0,0.0,0.9927309103034344,0.0,0.0,0.0,0.0,0.0,0.9973998266551104,0.0,0.0,0.0,0.9985284358526334,0.9815333333333334,0.4290978610120082,0.9899300968139412,0.6484439097984136,0.4439838876336361,,
2024-07-22 05:32:29,hf_copula_syn_150000_2,1000,0.01,2,1.0,4,0.9994607710973308,0.98945682637128,0.4285714285714285,0.99443363959493,0.6511934624884462,0.4478374349733357,0.010204081632653,0.125,0.9935298826040556,0.0188679245283018,0.3524077685373961,0.1134048554217354,0.0,0.0,0.9955985328442816,0.0,0.0,0.0,0.0,0.0,1.0,0.0,0.0,0.0,0.9985333832211776,0.9886,0.4290998440197655,0.9935155644243896,0.6507736327333437,0.4474799359569189,,
2024-07-22 05:32:58,hf_copula_syn_150000_2,1000,0.01,2,3.0,4,0.9994606620373492,0.9892566395302282,0.4285714285714285,0.9943324725845936,0.6511275844465819,0.4477383412684149,0.0103092783505154,0.125,0.9935965848452508,0.019047619047619,0.3524195980726048,0.1134116406017752,0.0,0.0,0.9953317772590864,0.0,0.0,0.0,0.0,0.0,1.0,0.0,0.0,0.0,0.9985333303679012,0.9884,0.4290997906757657,0.9934145876736734,0.6507078224867371,0.4473809383582187,,
2024-07-22 05:33:25,hf_copula_syn_150000_2,1000,0.01,2,5.0,4,0.9994607710973308,0.98945682637128,0.4285714285714285,0.99443363959493,0.6511934624884462,0.4478374349733357,0.0104166666666666,0.125,0.993663287086446,0.0192307692307692,0.3524314272107494,0.1134184256705853,0.0,0.0,0.995465155051684,0.0,0.0,0.0,0.0,0.0,1.0,0.0,0.0,0.0,0.9985334965998622,0.9886,0.4290998707095586,0.9935157579415644,0.6507736453513028,0.4474799431943849,,
2024-07-22 05:33:56,hf_copula_syn_150000_2,1000,0.01,2,7.0,4,0.9994605529332434,0.9890564526891764,0.4285714285714285,0.9942312852159914,0.6510616997388111,0.4476392509984744,0.0104166666666666,0.125,0.993663287086446,0.0192307692307692,0.3524314272107494,0.1134184256705853,0.0,0.0,0.9950650216738912,0.0,0.0,0.0,0.0,0.0,1.0,0.0,0.0,0.0,0.9985332786393946,0.9882,0.4290997373317659,0.9933135924267128,0.650642005580234,0.4472819441912335,,
2024-07-22 05:34:31,hf_copula_syn_150000_2,1000,0.01,2,9.0,4,0.999460625674218,0.989189910583211,0.4285714285714285,0.9942987457240592,0.6511056236180812,0.4477053107967704,0.0104166666666666,0.125,0.993663287086446,0.0192307692307692,0.3524314272107494,0.1134184256705853,0.0,0.0,0.9951983994664888,0.0,0.0,0.0,0.0,0.0,1.0,0.0,0.0,0.0,0.9985333513124776,0.9883333333333332,0.4290997817910301,0.99338098997164,0.6506858884638835,0.4473479423337177,,
2024-07-22 05:35:09,hf_copula_syn_150000_2,1000,0.01,4,1.0,4,0.9994586181227584,0.985519818497264,0.4285714285714285,0.9924402781977624,0.6498966352419648,0.4458892226196297,0.0083333333333333,0.125,0.9920624332977588,0.015625,0.3521474182245552,0.1132555533197392,0.0,0.0,0.9931310436812272,0.0,0.0,0.0,0.0,0.0,1.0,0.0,0.0,0.0,0.9985302345236216,0.9846666666666668,0.4290982388837477,0.9915223339381112,0.6494778770054588,0.4455334623069553,,
2024-07-22 05:35:46,hf_copula_syn_150000_2,1000,0.01,4,3.0,4,0.9994585814834868,0.9854530895502468,0.4285714285714285,0.992406424299442,0.6498746328167281,0.4458562135211964,0.0081967213114754,0.125,0.9919290288153682,0.0153846153846153,0.3521237404690587,0.1132419777318625,0.0,0.0,0.993197732577526,0.0,0.0,0.0,0.0,0.0,1.0,0.0,0.0,0.0,0.9985301250588016,0.9846,0.4290981899643226,0.9914883834316344,0.6494558824876827,0.4455004767767003,,
2024-07-22 05:36:23,hf_copula_syn_150000_2,1000,0.01,4,5.0,4,0.9994585814834868,0.9854530895502468,0.4285714285714285,0.992406424299442,0.6498746328167281,0.4458562135211964,0.0081967213114754,0.125,0.9919290288153682,0.0153846153846153,0.3521237404690587,0.1132419777318625,0.0,0.0,0.993197732577526,0.0,0.0,0.0,0.0,0.0,1.0,0.0,0.0,0.0,0.9985301250588016,0.9846,0.4290981899643226,0.9914883834316344,0.6494558824876827,0.4455004767767003,,
2024-07-22 05:37:03,hf_copula_syn_150000_2,1000,0.01,4,7.0,4,0.9994585081900637,0.9853196316562124,0.4285714285714285,0.9923387096774192,0.6498306257313338,0.4457901964693235,0.008130081300813,0.125,0.9918623265741728,0.015267175572519,0.3521119009942317,0.1132351897710796,0.0,0.0,0.9931310436812272,0.0,0.0,0.0,0.0,0.0,1.0,0.0,0.0,0.0,0.9985300162924466,0.9844666666666668,0.4290981321601618,0.991420669375359,0.6494119101611815,0.4454345177204968,,
2024-07-22 05:37:39,hf_copula_syn_150000_2,1000,0.01,4,9.0,4,0.9994585448392554,0.9853863606032296,0.4285714285714285,0.992372568126071,0.649852629646543,0.4458232048044278,0.0082644628099173,0.125,0.9919957310565636,0.0155038759689922,0.3521355795458198,0.1132487655814157,0.0,0.0,0.9930643547849284,0.0,0.0,0.0,0.0,0.0,1.0,0.0,0.0,0.0,0.9985301245775708,0.9845333333333334,0.429098181079587,0.9914546224630036,0.649433906167964,0.4454675024882537,,
2024-07-22 05:39:02,hf_copula_syn_150000_2,1000,0.01,8,1.0,4,0.999457627118644,0.9837181369277992,0.4285714285714285,0.9915254237288136,0.6493023080621007,0.4449981109261681,0.0,0.0,0.992529348986126,0.0,0.0,0.0,0.0,0.0,0.9920640213404468,0.0,0.0,0.0,0.0,0.0,0.9987332488832588,0.0,0.0,0.0,0.9985248,0.9828,0.4290980477812602,0.9906,0.648696292574576,0.4445827793559703,,
2024-07-22 05:40:23,hf_copula_syn_150000_2,1000,0.01,8,3.0,4,0.9994577741629388,0.983985052715868,0.4285714285714285,0.991661062542031,0.649390390855433,0.4451301099167812,0.0,0.0,0.9928628601921023,0.0,0.0,0.0,0.0,0.0,0.9921307102367456,0.0,0.0,0.0,0.0,0.0,0.998599906660444,0.0,0.0,0.0,0.9985249469070536,0.9830666666666666,0.4290982389940539,0.9907355122169916,0.6487842931573014,0.4447146551475255,,
2024-07-22 05:41:42,hf_copula_syn_150000_2,1000,0.01,8,5.0,4,0.9994579945799458,0.9843854263979714,0.4285714285714285,0.991864452363343,0.6495224926484636,0.4453281198526352,0.0,0.0,0.9929962646744932,0.0,0.0,0.0,0.0,0.0,0.9922640880293432,0.0,0.0,0.0,0.0,0.0,0.9987332488832588,0.0,0.0,0.0,0.9985251671183378,0.9834666666666668,0.429098363491857,0.9909387122078038,0.6489162716553251,0.4449124802741061,,
2024-07-22 05:43:04,hf_copula_syn_150000_2,1000,0.01,8,7.0,4,0.999457884393847,0.9841852395569198,0.4285714285714285,0.9917627677100496,0.6494564451106962,0.445229113167218,0.0,0.0,0.9929295624332978,0.0,0.0,0.0,0.0,0.0,0.9921307102367456,0.0,0.0,0.0,0.0,0.0,0.9987332488832588,0.0,0.0,0.0,0.9985250570350792,0.9832666666666666,0.4290982834580641,0.9908371224601868,0.6488502857619263,0.4448135659949286,,
2024-07-22 05:44:27,hf_copula_syn_150000_2,1000,0.01,8,9.0,4,0.9994579945799458,0.9843854263979714,0.4285714285714285,0.991864452363343,0.6495224926484636,0.4453281198526352,0.0,0.0,0.9923959445037354,0.0,0.0,0.0,0.0,0.0,0.992330776925642,0.0,0.0,0.0,0.0,0.0,0.9992666177745184,0.0,0.0,0.0,0.9985251671183378,0.9834666666666668,0.4290981011086574,0.9909387122078038,0.6489162716553251,0.4449124802741061,,
2024-07-22 05:46:43,hf_copula_syn_150000_2,1000,0.01,10,1.0,4,0.9994568169473113,0.9822501000934204,0.4285714285714285,0.9907787574880528,0.6488176389490855,0.4442722256338402,0.0,0.0,0.9921958377801494,0.0,0.0,0.0,0.0,0.0,0.9923974658219408,0.0,0.0,0.0,0.0,0.0,0.9972664844322956,0.0,0.0,0.0,0.9985239905848272,0.9813333333333332,0.4290978832724808,0.9898540306477306,0.6482120758193998,0.443857571556582,,
2024-07-22 05:49:07,hf_copula_syn_150000_2,1000,0.01,10,3.0,4,0.999456853825786,0.9823168290404376,0.4285714285714285,0.9908127208480564,0.648839677217428,0.444305216412378,0.0,0.0,0.9923959445037354,0.0,0.0,0.0,0.0,0.0,0.992330776925642,0.0,0.0,0.0,0.0,0.0,0.997199813320888,0.0,0.0,0.0,0.9985240274288818,0.9814,0.4290979633216938,0.9898879623085984,0.6482340935186917,0.4438905315437264,,
2024-07-22 05:51:38,hf_copula_syn_150000_2,1000,0.01,10,5.0,4,0.9994568906992533,0.9823835579874548,0.4285714285714285,0.9908466819221968,0.6488617147372515,0.4443382075725803,0.0,0.0,0.99232924226254,0.0,0.0,0.0,0.0,0.0,0.9922640880293432,0.0,0.0,0.0,0.0,0.0,0.9973998266551104,0.0,0.0,0.0,0.998524064267934,0.9814666666666668,0.4290979188517553,0.9899218916857362,0.6482561104701634,0.4439234919121792,,
2024-07-22 05:54:05,hf_copula_syn_150000_2,1000,0.01,10,7.0,4,0.9994575167830744,0.9835179500867476,0.4285714285714285,0.9914236706689536,0.6492362381247063,0.4448991156906854,0.0085470085470085,0.125,0.9922625400213448,0.016,0.3521829318730084,0.1132759158673313,0.0,0.0,0.992330776925642,0.0,0.0,0.0,0.0,0.0,0.998599906660444,0.0,0.0,0.0,0.9985292481719688,0.9826666666666668,0.4290979855121925,0.990506875242996,0.6488181151994555,0.4445442903378366,,
2024-07-22 05:56:35,hf_copula_syn_150000_2,1000,0.01,10,9.0,4,0.9994577374093404,0.9839183237688508,0.4285714285714285,0.9916271562594572,0.6493683712772141,0.4450971095966311,0.0084745762711864,0.125,0.9921958377801494,0.0158730158730158,0.3521710943881094,0.113269128462697,0.0,0.0,0.9926642214071356,0.0,0.0,0.0,0.0,0.0,0.9987332488832588,0.0,0.0,0.0,0.99852942996177,0.9830666666666666,0.429098069975306,0.9907101031887472,0.6489501187143624,0.444742095829521,,
2024-07-22 05:56:46,hf_copula_syn_150000_2,100,0.001,2,1.0,4,0.9990666666666668,1.0,0.0,0.9995331154538784,0.0,0.0,0.0,0.0,1.0,0.0,0.0,0.0,0.0,0.0,1.0,0.0,0.0,0.0,0.0,0.0,1.0,0.0,0.0,0.0,0.9981342044444445,0.9990666666666668,0.0009333333333333,0.9986002178794549,0.0,0.0,,
2024-07-22 05:56:55,hf_copula_syn_150000_2,100,0.001,2,3.0,4,0.9990666666666668,1.0,0.0,0.9995331154538784,0.0,0.0,0.0,0.0,1.0,0.0,0.0,0.0,0.0,0.0,1.0,0.0,0.0,0.0,0.0,0.0,1.0,0.0,0.0,0.0,0.9981342044444445,0.9990666666666668,0.0009333333333333,0.9986002178794549,0.0,0.0,,
2024-07-22 05:57:04,hf_copula_syn_150000_2,100,0.001,2,5.0,4,0.9990666666666668,1.0,0.0,0.9995331154538784,0.0,0.0,0.0,0.0,1.0,0.0,0.0,0.0,0.0,0.0,1.0,0.0,0.0,0.0,0.0,0.0,1.0,0.0,0.0,0.0,0.9981342044444445,0.9990666666666668,0.0009333333333333,0.9986002178794549,0.0,0.0,,
2024-07-22 05:57:12,hf_copula_syn_150000_2,100,0.001,2,7.0,4,0.9990666666666668,1.0,0.0,0.9995331154538784,0.0,0.0,0.0,0.0,1.0,0.0,0.0,0.0,0.0,0.0,1.0,0.0,0.0,0.0,0.0,0.0,1.0,0.0,0.0,0.0,0.9981342044444445,0.9990666666666668,0.0009333333333333,0.9986002178794549,0.0,0.0,,
2024-07-22 05:57:22,hf_copula_syn_150000_2,100,0.001,2,9.0,4,0.9990666666666668,1.0,0.0,0.9995331154538784,0.0,0.0,0.0,0.0,1.0,0.0,0.0,0.0,0.0,0.0,1.0,0.0,0.0,0.0,0.0,0.0,1.0,0.0,0.0,0.0,0.9981342044444445,0.9990666666666668,0.0009333333333333,0.9986002178794549,0.0,0.0,,
2024-07-22 05:57:32,hf_copula_syn_150000_2,100,0.001,4,1.0,4,0.9992638201044036,0.9963299079140532,0.2142857142857142,0.997794707297514,0.4620598077971972,0.2301958521120637,0.0172413793103448,0.125,0.9961979722518676,0.0303030303030303,0.3528806406300627,0.1136761758641428,0.0,0.0,1.0,0.0,0.0,0.0,0.0,0.0,1.0,0.0,0.0,0.0,0.9983403692746052,0.9954666666666668,0.2150170198709153,0.9968795938535312,0.4618167549849225,0.2300416299438867,,
2024-07-22 05:57:44,hf_copula_syn_150000_2,100,0.001,4,3.0,4,0.9992638201044036,0.9963299079140532,0.2142857142857142,0.997794707297514,0.4620598077971972,0.2301958521120637,0.0172413793103448,0.125,0.9961979722518676,0.0303030303030303,0.3528806406300627,0.1136761758641428,0.0,0.0,1.0,0.0,0.0,0.0,0.0,0.0,1.0,0.0,0.0,0.0,0.9983403692746052,0.9954666666666668,0.2150170198709153,0.9968795938535312,0.4618167549849225,0.2300416299438867,,
2024-07-22 05:57:52,hf_copula_syn_150000_2,100,0.001,4,5.0,4,0.9992638201044036,0.9963299079140532,0.2142857142857142,0.997794707297514,0.4620598077971972,0.2301958521120637,0.0172413793103448,0.125,0.9961979722518676,0.0303030303030303,0.3528806406300627,0.1136761758641428,0.0,0.0,1.0,0.0,0.0,0.0,0.0,0.0,1.0,0.0,0.0,0.0,0.9983403692746052,0.9954666666666668,0.2150170198709153,0.9968795938535312,0.4618167549849225,0.2300416299438867,,
2024-07-22 05:58:01,hf_copula_syn_150000_2,100,0.001,4,7.0,4,0.9992638201044036,0.9963299079140532,0.2142857142857142,0.997794707297514,0.4620598077971972,0.2301958521120637,0.0172413793103448,0.125,0.9961979722518676,0.0303030303030303,0.3528806406300627,0.1136761758641428,0.0,0.0,1.0,0.0,0.0,0.0,0.0,0.0,1.0,0.0,0.0,0.0,0.9983403692746052,0.9954666666666668,0.2150170198709153,0.9968795938535312,0.4618167549849225,0.2300416299438867,,
2024-07-22 05:58:11,hf_copula_syn_150000_2,100,0.001,4,9.0,4,0.9992638201044036,0.9963299079140532,0.2142857142857142,0.997794707297514,0.4620598077971972,0.2301958521120637,0.0172413793103448,0.125,0.9961979722518676,0.0303030303030303,0.3528806406300627,0.1136761758641428,0.0,0.0,1.0,0.0,0.0,0.0,0.0,0.0,1.0,0.0,0.0,0.0,0.9983403692746052,0.9954666666666668,0.2150170198709153,0.9968795938535312,0.4618167549849225,0.2300416299438867,,
2024-07-22 05:58:26,hf_copula_syn_150000_2,100,0.001,8,1.0,4,0.9994600067499156,0.9880555184839184,0.4285714285714285,0.9937250427837994,0.6507321761404891,0.4471438511734788,0.0116279069767441,0.125,0.9943303094983992,0.0212765957446808,0.3525496967624563,0.1134862702410513,0.0,0.0,0.993397799266422,0.0,0.0,0.0,0.0,0.0,1.0,0.0,0.0,0.0,0.99853337896067,0.9872,0.4290995373362499,0.9928089135949316,0.6503128526143646,0.4467870429231788,,
2024-07-22 05:58:39,hf_copula_syn_150000_2,100,0.001,8,3.0,4,0.9994599338418956,0.987922060589884,0.4285714285714285,0.9936575052854124,0.6506882270521236,0.4470778043517757,0.0116279069767441,0.125,0.9943303094983992,0.0212765957446808,0.3525496967624563,0.1134862702410513,0.0,0.0,0.9932644214738248,0.0,0.0,0.0,0.0,0.0,1.0,0.0,0.0,0.0,0.9985333061206976,0.9870666666666666,0.4290994928769856,0.9927414391315432,0.6502689445451483,0.4467210577451759,,
2024-07-22 05:58:54,hf_copula_syn_150000_2,100,0.001,8,5.0,4,0.9994600067499156,0.9880555184839184,0.4285714285714285,0.9937250427837994,0.6507321761404891,0.4471438511734788,0.0116279069767441,0.125,0.9943303094983992,0.0212765957446808,0.3525496967624563,0.1134862702410513,0.0,0.0,0.993397799266422,0.0,0.0,0.0,0.0,0.0,1.0,0.0,0.0,0.0,0.99853337896067,0.9872,0.4290995373362499,0.9928089135949316,0.6503128526143646,0.4467870429231788,,
2024-07-22 05:59:09,hf_copula_syn_150000_2,100,0.001,8,7.0,4,0.9994601525069168,0.9883224342719872,0.4285714285714285,0.9938600905888274,0.6508200654137343,0.4472759493968589,0.0116279069767441,0.125,0.9943303094983992,0.0212765957446808,0.3525496967624563,0.1134862702410513,0.0,0.0,0.9936645548516172,0.0,0.0,0.0,0.0,0.0,1.0,0.0,0.0,0.0,0.9985335245816314,0.9874666666666668,0.4290996262547782,0.9929438353553416,0.6504006598576214,0.4469190178548837,,
2024-07-22 05:59:23,hf_copula_syn_150000_2,100,0.001,8,9.0,4,0.9994601525069168,0.9883224342719872,0.4285714285714285,0.9938600905888274,0.6508200654137343,0.4472759493968589,0.0116279069767441,0.125,0.9943303094983992,0.0212765957446808,0.3525496967624563,0.1134862702410513,0.0,0.0,0.9936645548516172,0.0,0.0,0.0,0.0,0.0,1.0,0.0,0.0,0.0,0.9985335245816314,0.9874666666666668,0.4290996262547782,0.9929438353553416,0.6504006598576214,0.4469190178548837,,
2024-07-22 05:59:44,hf_copula_syn_150000_2,100,0.001,10,1.0,4,0.9992606533136176,0.9920592553049512,0.2142857142857142,0.9956469327618538,0.461068461442306,0.2291183569917632,0.0116279069767441,0.125,0.9943303094983992,0.0212765957446808,0.3525496967624563,0.1134862702410513,0.0,0.0,0.9975991997332444,0.0,0.0,0.0,0.0,0.0,1.0,0.0,0.0,0.0,0.9983342115875792,0.9912,0.2150152235173578,0.9947290098090066,0.4608261573832332,0.2289650392026995,,
2024-07-22 06:00:04,hf_copula_syn_150000_2,100,0.001,10,3.0,4,0.9992606533136176,0.9920592553049512,0.2142857142857142,0.9956469327618538,0.461068461442306,0.2291183569917632,0.0116279069767441,0.125,0.9943303094983992,0.0212765957446808,0.3525496967624563,0.1134862702410513,0.0,0.0,0.9975991997332444,0.0,0.0,0.0,0.0,0.0,1.0,0.0,0.0,0.0,0.9983342115875792,0.9912,0.2150152235173578,0.9947290098090066,0.4608261573832332,0.2289650392026995,,
2024-07-22 06:00:23,hf_copula_syn_150000_2,100,0.001,10,5.0,4,0.9992606533136176,0.9920592553049512,0.2142857142857142,0.9956469327618538,0.461068461442306,0.2291183569917632,0.0116279069767441,0.125,0.9943303094983992,0.0212765957446808,0.3525496967624563,0.1134862702410513,0.0,0.0,0.9975991997332444,0.0,0.0,0.0,0.0,0.0,1.0,0.0,0.0,0.0,0.9983342115875792,0.9912,0.2150152235173578,0.9947290098090066,0.4608261573832332,0.2289650392026995,,
2024-07-22 06:00:42,hf_copula_syn_150000_2,100,0.001,10,7.0,4,0.9992596580966484,0.9907246763646068,0.2142857142857142,0.994973864093285,0.4607582282881912,0.2287818000657547,0.0116279069767441,0.125,0.9943303094983992,0.0212765957446808,0.3525496967624563,0.1134862702410513,0.0,0.0,0.9962654218072692,0.0,0.0,0.0,0.0,0.0,1.0,0.0,0.0,0.0,0.9983332172994792,0.9898666666666668,0.2150147789247158,0.9940565693378618,0.4605162137800622,0.2286287963964885,,
2024-07-22 06:01:03,hf_copula_syn_150000_2,100,0.001,10,9.0,4,0.9992596580966484,0.9907246763646068,0.2142857142857142,0.994973864093285,0.4607582282881912,0.2287818000657547,0.0116279069767441,0.125,0.9943303094983992,0.0212765957446808,0.3525496967624563,0.1134862702410513,0.0,0.0,0.9962654218072692,0.0,0.0,0.0,0.0,0.0,1.0,0.0,0.0,0.0,0.9983332172994792,0.9898666666666668,0.2150147789247158,0.9940565693378618,0.4605162137800622,0.2286287963964885,,
2024-07-22 06:01:22,hf_copula_syn_150000_2,500,0.001,2,1.0,4,0.9990666666666668,1.0,0.0,0.9995331154538784,0.0,0.0,0.0,0.0,1.0,0.0,0.0,0.0,0.0,0.0,1.0,0.0,0.0,0.0,0.0,0.0,1.0,0.0,0.0,0.0,0.9981342044444445,0.9990666666666668,0.0009333333333333,0.9986002178794549,0.0,0.0,,
2024-07-22 06:01:41,hf_copula_syn_150000_2,500,0.001,2,3.0,4,0.9990666666666668,1.0,0.0,0.9995331154538784,0.0,0.0,0.0,0.0,1.0,0.0,0.0,0.0,0.0,0.0,1.0,0.0,0.0,0.0,0.0,0.0,1.0,0.0,0.0,0.0,0.9981342044444445,0.9990666666666668,0.0009333333333333,0.9986002178794549,0.0,0.0,,
2024-07-22 06:02:03,hf_copula_syn_150000_2,500,0.001,2,5.0,4,0.9990666666666668,1.0,0.0,0.9995331154538784,0.0,0.0,0.0,0.0,1.0,0.0,0.0,0.0,0.0,0.0,1.0,0.0,0.0,0.0,0.0,0.0,1.0,0.0,0.0,0.0,0.9981342044444445,0.9990666666666668,0.0009333333333333,0.9986002178794549,0.0,0.0,,
2024-07-22 06:02:24,hf_copula_syn_150000_2,500,0.001,2,7.0,4,0.9990666666666668,1.0,0.0,0.9995331154538784,0.0,0.0,0.0,0.0,1.0,0.0,0.0,0.0,0.0,0.0,1.0,0.0,0.0,0.0,0.0,0.0,1.0,0.0,0.0,0.0,0.9981342044444445,0.9990666666666668,0.0009333333333333,0.9986002178794549,0.0,0.0,,
2024-07-22 06:02:44,hf_copula_syn_150000_2,500,0.001,2,9.0,4,0.9990666666666668,1.0,0.0,0.9995331154538784,0.0,0.0,0.0,0.0,1.0,0.0,0.0,0.0,0.0,0.0,1.0,0.0,0.0,0.0,0.0,0.0,1.0,0.0,0.0,0.0,0.9981342044444445,0.9990666666666668,0.0009333333333333,0.9986002178794549,0.0,0.0,,
2024-07-22 06:03:06,hf_copula_syn_150000_2,500,0.001,4,1.0,4,0.9992638201044036,0.9963299079140532,0.2142857142857142,0.997794707297514,0.4620598077971972,0.2301958521120637,0.0172413793103448,0.125,0.9961979722518676,0.0303030303030303,0.3528806406300627,0.1136761758641428,0.0,0.0,1.0,0.0,0.0,0.0,0.0,0.0,1.0,0.0,0.0,0.0,0.9983403692746052,0.9954666666666668,0.2150170198709153,0.9968795938535312,0.4618167549849225,0.2300416299438867,,
2024-07-22 06:03:31,hf_copula_syn_150000_2,500,0.001,4,3.0,4,0.9992638201044036,0.9963299079140532,0.2142857142857142,0.997794707297514,0.4620598077971972,0.2301958521120637,0.0172413793103448,0.125,0.9961979722518676,0.0303030303030303,0.3528806406300627,0.1136761758641428,0.0,0.0,1.0,0.0,0.0,0.0,0.0,0.0,1.0,0.0,0.0,0.0,0.9983403692746052,0.9954666666666668,0.2150170198709153,0.9968795938535312,0.4618167549849225,0.2300416299438867,,
2024-07-22 06:03:55,hf_copula_syn_150000_2,500,0.001,4,5.0,4,0.9992638201044036,0.9963299079140532,0.2142857142857142,0.997794707297514,0.4620598077971972,0.2301958521120637,0.0172413793103448,0.125,0.9961979722518676,0.0303030303030303,0.3528806406300627,0.1136761758641428,0.0,0.0,1.0,0.0,0.0,0.0,0.0,0.0,1.0,0.0,0.0,0.0,0.9983403692746052,0.9954666666666668,0.2150170198709153,0.9968795938535312,0.4618167549849225,0.2300416299438867,,
2024-07-22 06:04:18,hf_copula_syn_150000_2,500,0.001,4,7.0,4,0.9992638201044036,0.9963299079140532,0.2142857142857142,0.997794707297514,0.4620598077971972,0.2301958521120637,0.0172413793103448,0.125,0.9961979722518676,0.0303030303030303,0.3528806406300627,0.1136761758641428,0.0,0.0,1.0,0.0,0.0,0.0,0.0,0.0,1.0,0.0,0.0,0.0,0.9983403692746052,0.9954666666666668,0.2150170198709153,0.9968795938535312,0.4618167549849225,0.2300416299438867,,
2024-07-22 06:04:43,hf_copula_syn_150000_2,500,0.001,4,9.0,4,0.9992638201044036,0.9963299079140532,0.2142857142857142,0.997794707297514,0.4620598077971972,0.2301958521120637,0.0172413793103448,0.125,0.9961979722518676,0.0303030303030303,0.3528806406300627,0.1136761758641428,0.0,0.0,1.0,0.0,0.0,0.0,0.0,0.0,1.0,0.0,0.0,0.0,0.9983403692746052,0.9954666666666668,0.2150170198709153,0.9968795938535312,0.4618167549849225,0.2300416299438867,,
2024-07-22 06:05:28,hf_copula_syn_150000_2,500,0.001,8,1.0,4,0.9994600067499156,0.9880555184839184,0.4285714285714285,0.9937250427837994,0.6507321761404891,0.4471438511734788,0.0116279069767441,0.125,0.9943303094983992,0.0212765957446808,0.3525496967624563,0.1134862702410513,0.0,0.0,0.993397799266422,0.0,0.0,0.0,0.0,0.0,1.0,0.0,0.0,0.0,0.99853337896067,0.9872,0.4290995373362499,0.9928089135949316,0.6503128526143646,0.4467870429231788,,
2024-07-22 06:06:12,hf_copula_syn_150000_2,500,0.001,8,3.0,4,0.9994600067499156,0.9880555184839184,0.4285714285714285,0.9937250427837994,0.6507321761404891,0.4471438511734788,0.0116279069767441,0.125,0.9943303094983992,0.0212765957446808,0.3525496967624563,0.1134862702410513,0.0,0.0,0.993397799266422,0.0,0.0,0.0,0.0,0.0,1.0,0.0,0.0,0.0,0.99853337896067,0.9872,0.4290995373362499,0.9928089135949316,0.6503128526143646,0.4467870429231788,,
2024-07-22 06:06:56,hf_copula_syn_150000_2,500,0.001,8,5.0,4,0.9994600067499156,0.9880555184839184,0.4285714285714285,0.9937250427837994,0.6507321761404891,0.4471438511734788,0.0116279069767441,0.125,0.9943303094983992,0.0212765957446808,0.3525496967624563,0.1134862702410513,0.0,0.0,0.993397799266422,0.0,0.0,0.0,0.0,0.0,1.0,0.0,0.0,0.0,0.99853337896067,0.9872,0.4290995373362499,0.9928089135949316,0.6503128526143646,0.4467870429231788,,
2024-07-22 06:07:42,hf_copula_syn_150000_2,500,0.001,8,7.0,4,0.9994600067499156,0.9880555184839184,0.4285714285714285,0.9937250427837994,0.6507321761404891,0.4471438511734788,0.0116279069767441,0.125,0.9943303094983992,0.0212765957446808,0.3525496967624563,0.1134862702410513,0.0,0.0,0.993397799266422,0.0,0.0,0.0,0.0,0.0,1.0,0.0,0.0,0.0,0.99853337896067,0.9872,0.4290995373362499,0.9928089135949316,0.6503128526143646,0.4467870429231788,,
2024-07-22 06:08:27,hf_copula_syn_150000_2,500,0.001,8,9.0,4,0.9994599702983664,0.9879887895369012,0.4285714285714285,0.9936912751677852,0.6507102019673475,0.447110827571795,0.0116279069767441,0.125,0.9943303094983992,0.0212765957446808,0.3525496967624563,0.1134862702410513,0.0,0.0,0.9933311103701232,0.0,0.0,0.0,0.0,0.0,1.0,0.0,0.0,0.0,0.9985333425431424,0.9871333333333332,0.4290995151066177,0.992775177495359,0.6502908989504513,0.4467540501435232,,
2024-07-22 06:09:33,hf_copula_syn_150000_2,500,0.001,10,1.0,4,0.9994606983955776,0.9893233684772454,0.4285714285714285,0.9943661971830986,0.6511495445344263,0.4477713721217239,0.0116279069767441,0.125,0.9943303094983992,0.0212765957446808,0.3525496967624563,0.1134862702410513,0.0,0.0,0.9946648882960988,0.0,0.0,0.0,0.0,0.0,1.0,0.0,0.0,0.0,0.998534069960796,0.9884666666666668,0.4290999596992597,0.993449469583458,0.6507298314644675,0.4474139781852055,,
2024-07-22 06:10:42,hf_copula_syn_150000_2,500,0.001,10,3.0,4,0.9994607347489046,0.9893900974242626,0.4285714285714285,0.9943999195198014,0.6511715038816894,0.4478044033566975,0.0116279069767441,0.125,0.9943303094983992,0.0212765957446808,0.3525496967624563,0.1134862702410513,0.0,0.0,0.9947315771923976,0.0,0.0,0.0,0.0,0.0,1.0,0.0,0.0,0.0,0.9985341062801932,0.9885333333333334,0.4290999819288918,0.99348316044598,0.6507517703163399,0.4474469785910265,,
2024-07-22 06:11:52,hf_copula_syn_150000_2,500,0.001,10,5.0,4,0.9994601525069168,0.9883224342719872,0.4285714285714285,0.9938600905888274,0.6508200654137343,0.4472759493968589,0.0116279069767441,0.125,0.9943303094983992,0.0212765957446808,0.3525496967624563,0.1134862702410513,0.0,0.0,0.9936645548516172,0.0,0.0,0.0,0.0,0.0,1.0,0.0,0.0,0.0,0.9985335245816314,0.9874666666666668,0.4290996262547782,0.9929438353553416,0.6504006598576214,0.4469190178548837,,
2024-07-22 06:13:06,hf_copula_syn_150000_2,500,0.001,10,7.0,4,0.9994601525069168,0.9883224342719872,0.4285714285714285,0.9938600905888274,0.6508200654137343,0.4472759493968589,0.0116279069767441,0.125,0.9943303094983992,0.0212765957446808,0.3525496967624563,0.1134862702410513,0.0,0.0,0.9936645548516172,0.0,0.0,0.0,0.0,0.0,1.0,0.0,0.0,0.0,0.9985335245816314,0.9874666666666668,0.4290996262547782,0.9929438353553416,0.6504006598576214,0.4469190178548837,,
2024-07-22 06:14:17,hf_copula_syn_150000_2,500,0.001,10,9.0,4,0.9994601525069168,0.9883224342719872,0.4285714285714285,0.9938600905888274,0.6508200654137343,0.4472759493968589,0.0116279069767441,0.125,0.9943303094983992,0.0212765957446808,0.3525496967624563,0.1134862702410513,0.0,0.0,0.9936645548516172,0.0,0.0,0.0,0.0,0.0,1.0,0.0,0.0,0.0,0.9985335245816314,0.9874666666666668,0.4290996262547782,0.9929438353553416,0.6504006598576214,0.4469190178548837,,
2024-07-22 06:14:59,hf_copula_syn_150000_2,1500,0.001,2,1.0,4,0.9990666666666668,1.0,0.0,0.9995331154538784,0.0,0.0,0.0,0.0,1.0,0.0,0.0,0.0,0.0,0.0,1.0,0.0,0.0,0.0,0.0,0.0,1.0,0.0,0.0,0.0,0.9981342044444445,0.9990666666666668,0.0009333333333333,0.9986002178794549,0.0,0.0,,
2024-07-22 06:15:46,hf_copula_syn_150000_2,1500,0.001,2,3.0,4,0.9990666666666668,1.0,0.0,0.9995331154538784,0.0,0.0,0.0,0.0,1.0,0.0,0.0,0.0,0.0,0.0,1.0,0.0,0.0,0.0,0.0,0.0,1.0,0.0,0.0,0.0,0.9981342044444445,0.9990666666666668,0.0009333333333333,0.9986002178794549,0.0,0.0,,
2024-07-22 06:16:29,hf_copula_syn_150000_2,1500,0.001,2,5.0,4,0.9990666666666668,1.0,0.0,0.9995331154538784,0.0,0.0,0.0,0.0,1.0,0.0,0.0,0.0,0.0,0.0,1.0,0.0,0.0,0.0,0.0,0.0,1.0,0.0,0.0,0.0,0.9981342044444445,0.9990666666666668,0.0009333333333333,0.9986002178794549,0.0,0.0,,
2024-07-22 06:17:13,hf_copula_syn_150000_2,1500,0.001,2,7.0,4,0.9990666666666668,1.0,0.0,0.9995331154538784,0.0,0.0,0.0,0.0,1.0,0.0,0.0,0.0,0.0,0.0,1.0,0.0,0.0,0.0,0.0,0.0,1.0,0.0,0.0,0.0,0.9981342044444445,0.9990666666666668,0.0009333333333333,0.9986002178794549,0.0,0.0,,
2024-07-22 06:17:58,hf_copula_syn_150000_2,1500,0.001,2,9.0,4,0.9990666666666668,1.0,0.0,0.9995331154538784,0.0,0.0,0.0,0.0,1.0,0.0,0.0,0.0,0.0,0.0,1.0,0.0,0.0,0.0,0.0,0.0,1.0,0.0,0.0,0.0,0.9981342044444445,0.9990666666666668,0.0009333333333333,0.9986002178794549,0.0,0.0,,
2024-07-22 06:18:53,hf_copula_syn_150000_2,1500,0.001,4,1.0,4,0.9992638201044036,0.9963299079140532,0.2142857142857142,0.997794707297514,0.4620598077971972,0.2301958521120637,0.0172413793103448,0.125,0.9961979722518676,0.0303030303030303,0.3528806406300627,0.1136761758641428,0.0,0.0,1.0,0.0,0.0,0.0,0.0,0.0,1.0,0.0,0.0,0.0,0.9983403692746052,0.9954666666666668,0.2150170198709153,0.9968795938535312,0.4618167549849225,0.2300416299438867,,
2024-07-22 06:19:50,hf_copula_syn_150000_2,1500,0.001,4,3.0,4,0.9992638201044036,0.9963299079140532,0.2142857142857142,0.997794707297514,0.4620598077971972,0.2301958521120637,0.0172413793103448,0.125,0.9961979722518676,0.0303030303030303,0.3528806406300627,0.1136761758641428,0.0,0.0,1.0,0.0,0.0,0.0,0.0,0.0,1.0,0.0,0.0,0.0,0.9983403692746052,0.9954666666666668,0.2150170198709153,0.9968795938535312,0.4618167549849225,0.2300416299438867,,
2024-07-22 06:20:45,hf_copula_syn_150000_2,1500,0.001,4,5.0,4,0.9992638201044036,0.9963299079140532,0.2142857142857142,0.997794707297514,0.4620598077971972,0.2301958521120637,0.0172413793103448,0.125,0.9961979722518676,0.0303030303030303,0.3528806406300627,0.1136761758641428,0.0,0.0,1.0,0.0,0.0,0.0,0.0,0.0,1.0,0.0,0.0,0.0,0.9983403692746052,0.9954666666666668,0.2150170198709153,0.9968795938535312,0.4618167549849225,0.2300416299438867,,
2024-07-22 06:21:40,hf_copula_syn_150000_2,1500,0.001,4,7.0,4,0.9992638201044036,0.9963299079140532,0.2142857142857142,0.997794707297514,0.4620598077971972,0.2301958521120637,0.0172413793103448,0.125,0.9961979722518676,0.0303030303030303,0.3528806406300627,0.1136761758641428,0.0,0.0,1.0,0.0,0.0,0.0,0.0,0.0,1.0,0.0,0.0,0.0,0.9983403692746052,0.9954666666666668,0.2150170198709153,0.9968795938535312,0.4618167549849225,0.2300416299438867,,
2024-07-22 06:22:35,hf_copula_syn_150000_2,1500,0.001,4,9.0,4,0.9992638201044036,0.9963299079140532,0.2142857142857142,0.997794707297514,0.4620598077971972,0.2301958521120637,0.0172413793103448,0.125,0.9961979722518676,0.0303030303030303,0.3528806406300627,0.1136761758641428,0.0,0.0,1.0,0.0,0.0,0.0,0.0,0.0,1.0,0.0,0.0,0.0,0.9983403692746052,0.9954666666666668,0.2150170198709153,0.9968795938535312,0.4618167549849225,0.2300416299438867,,
2024-07-22 06:24:35,hf_copula_syn_150000_2,1500,0.001,8,1.0,4,0.9994601889338732,0.9883891632190044,0.4285714285714285,0.9938938468764678,0.650842035877591,0.447308974906865,0.0114942528735632,0.125,0.994263607257204,0.0210526315789473,0.3525378715927559,0.1134794862845385,0.0,0.0,0.9937979326442148,0.0,0.0,0.0,0.0,0.0,1.0,0.0,0.0,0.0,0.9985334896924009,0.9875333333333334,0.4290996351395137,0.9929774406895584,0.6504226035089549,0.4469520089229704,,
2024-07-22 06:26:30,hf_copula_syn_150000_2,1500,0.001,8,3.0,4,0.999460225355914,0.9884558921660216,0.4285714285714285,0.9939276008991176,0.6508640055998164,0.4473420007985358,0.0114942528735632,0.125,0.994263607257204,0.0210526315789473,0.3525378715927559,0.1134794862845385,0.0,0.0,0.9938646215405136,0.0,0.0,0.0,0.0,0.0,1.0,0.0,0.0,0.0,0.9985335260804477,0.9876,0.4290996573691459,0.993011163208454,0.6504445527261061,0.4469850039904756,,
2024-07-22 06:28:34,hf_copula_syn_150000_2,1500,0.001,8,5.0,4,0.999460225355914,0.9884558921660216,0.4285714285714285,0.9939276008991176,0.6508640055998164,0.4473420007985358,0.0114942528735632,0.125,0.994263607257204,0.0210526315789473,0.3525378715927559,0.1134794862845385,0.0,0.0,0.9938646215405136,0.0,0.0,0.0,0.0,0.0,1.0,0.0,0.0,0.0,0.9985335260804477,0.9876,0.4290996573691459,0.993011163208454,0.6504445527261061,0.4469850039904756,,
2024-07-22 06:30:39,hf_copula_syn_150000_2,1500,0.001,8,7.0,4,0.999460225355914,0.9884558921660216,0.4285714285714285,0.9939276008991176,0.6508640055998164,0.4473420007985358,0.0114942528735632,0.125,0.994263607257204,0.0210526315789473,0.3525378715927559,0.1134794862845385,0.0,0.0,0.9938646215405136,0.0,0.0,0.0,0.0,0.0,1.0,0.0,0.0,0.0,0.9985335260804477,0.9876,0.4290996573691459,0.993011163208454,0.6504445527261061,0.4469850039904756,,
2024-07-22 06:32:41,hf_copula_syn_150000_2,1500,0.001,8,9.0,4,0.999460225355914,0.9884558921660216,0.4285714285714285,0.9939276008991176,0.6508640055998164,0.4473420007985358,0.0114942528735632,0.125,0.994263607257204,0.0210526315789473,0.3525378715927559,0.1134794862845385,0.0,0.0,0.9938646215405136,0.0,0.0,0.0,0.0,0.0,1.0,0.0,0.0,0.0,0.9985335260804477,0.9876,0.4290996573691459,0.993011163208454,0.6504445527261061,0.4469850039904756,,
2024-07-22 06:36:10,hf_copula_syn_150000_2,1500,0.001,10,1.0,4,0.999460370994941,0.9887228079540904,0.4285714285714285,0.9940625943443696,0.6509518770739038,0.4474741081818637,0.0109890109890109,0.125,0.9939967982924226,0.0202020202020202,0.3524905669469083,0.1134523493461898,0.0,0.0,0.9943981327109036,0.0,0.0,0.0,0.0,0.0,1.0,0.0,0.0,0.0,0.9985334021212068,0.9878666666666668,0.4290996929080881,0.9931455770004226,0.6505323169576732,0.4471169736005452,,
2024-07-22 06:39:42,hf_copula_syn_150000_2,1500,0.001,10,3.0,4,0.999460370994941,0.9887228079540904,0.4285714285714285,0.9940625943443696,0.6509518770739038,0.4474741081818637,0.0109890109890109,0.125,0.9939967982924226,0.0202020202020202,0.3524905669469083,0.1134523493461898,0.0,0.0,0.9943981327109036,0.0,0.0,0.0,0.0,0.0,1.0,0.0,0.0,0.0,0.9985334021212068,0.9878666666666668,0.4290996929080881,0.9931455770004226,0.6505323169576732,0.4471169736005452,,
2024-07-22 06:43:11,hf_copula_syn_150000_2,1500,0.001,10,5.0,4,0.999460370994941,0.9887228079540904,0.4285714285714285,0.9940625943443696,0.6509518770739038,0.4474741081818637,0.0109890109890109,0.125,0.9939967982924226,0.0202020202020202,0.3524905669469083,0.1134523493461898,0.0,0.0,0.9943981327109036,0.0,0.0,0.0,0.0,0.0,1.0,0.0,0.0,0.0,0.9985334021212068,0.9878666666666668,0.4290996929080881,0.9931455770004226,0.6505323169576732,0.4471169736005452,,
2024-07-22 06:46:42,hf_copula_syn_150000_2,1500,0.001,10,7.0,4,0.9994604437849868,0.9888562658481248,0.4285714285714285,0.9941300774829772,0.6509958083631101,0.4475401641635145,0.0109890109890109,0.125,0.9939967982924226,0.0202020202020202,0.3524905669469083,0.1134523493461898,0.0,0.0,0.9945315105035012,0.0,0.0,0.0,0.0,0.0,1.0,0.0,0.0,0.0,0.9985334748433152,0.988,0.4290997373673523,0.9932129971547676,0.6505762072443428,0.4471829679299465,,
2024-07-22 06:50:18,hf_copula_syn_150000_2,1500,0.001,10,9.0,4,0.9994604801726464,0.988922994795142,0.4285714285714285,0.994163815657074,0.6510177728960166,0.4475731927268367,0.0111111111111111,0.125,0.994063500533618,0.0204081632653061,0.352502393703507,0.1134591337476216,0.0,0.0,0.9945315105035012,0.0,0.0,0.0,0.0,0.0,1.0,0.0,0.0,0.0,0.9985335763170778,0.9880666666666666,0.4290997729418809,0.9932468137828688,0.6505981575846222,0.447215969284957,,
2024-07-22 06:50:54,hf_copula_syn_150000_2,1000,0.001,2,1.0,4,0.9990666666666668,1.0,0.0,0.9995331154538784,0.0,0.0,0.0,0.0,1.0,0.0,0.0,0.0,0.0,0.0,1.0,0.0,0.0,0.0,0.0,0.0,1.0,0.0,0.0,0.0,0.9981342044444445,0.9990666666666668,0.0009333333333333,0.9986002178794549,0.0,0.0,,
2024-07-22 06:51:27,hf_copula_syn_150000_2,1000,0.001,2,3.0,4,0.9990666666666668,1.0,0.0,0.9995331154538784,0.0,0.0,0.0,0.0,1.0,0.0,0.0,0.0,0.0,0.0,1.0,0.0,0.0,0.0,0.0,0.0,1.0,0.0,0.0,0.0,0.9981342044444445,0.9990666666666668,0.0009333333333333,0.9986002178794549,0.0,0.0,,
2024-07-22 06:51:57,hf_copula_syn_150000_2,1000,0.001,2,5.0,4,0.9990666666666668,1.0,0.0,0.9995331154538784,0.0,0.0,0.0,0.0,1.0,0.0,0.0,0.0,0.0,0.0,1.0,0.0,0.0,0.0,0.0,0.0,1.0,0.0,0.0,0.0,0.9981342044444445,0.9990666666666668,0.0009333333333333,0.9986002178794549,0.0,0.0,,
2024-07-22 06:52:29,hf_copula_syn_150000_2,1000,0.001,2,7.0,4,0.9990666666666668,1.0,0.0,0.9995331154538784,0.0,0.0,0.0,0.0,1.0,0.0,0.0,0.0,0.0,0.0,1.0,0.0,0.0,0.0,0.0,0.0,1.0,0.0,0.0,0.0,0.9981342044444445,0.9990666666666668,0.0009333333333333,0.9986002178794549,0.0,0.0,,
2024-07-22 06:52:55,hf_copula_syn_150000_2,1000,0.001,2,9.0,4,0.9990666666666668,1.0,0.0,0.9995331154538784,0.0,0.0,0.0,0.0,1.0,0.0,0.0,0.0,0.0,0.0,1.0,0.0,0.0,0.0,0.0,0.0,1.0,0.0,0.0,0.0,0.9981342044444445,0.9990666666666668,0.0009333333333333,0.9986002178794549,0.0,0.0,,
2024-07-22 06:53:32,hf_copula_syn_150000_2,1000,0.001,4,1.0,4,0.9992638201044036,0.9963299079140532,0.2142857142857142,0.997794707297514,0.4620598077971972,0.2301958521120637,0.0172413793103448,0.125,0.9961979722518676,0.0303030303030303,0.3528806406300627,0.1136761758641428,0.0,0.0,1.0,0.0,0.0,0.0,0.0,0.0,1.0,0.0,0.0,0.0,0.9983403692746052,0.9954666666666668,0.2150170198709153,0.9968795938535312,0.4618167549849225,0.2300416299438867,,
2024-07-22 06:54:02,hf_copula_syn_150000_2,1000,0.001,4,3.0,4,0.9992638201044036,0.9963299079140532,0.2142857142857142,0.997794707297514,0.4620598077971972,0.2301958521120637,0.0172413793103448,0.125,0.9961979722518676,0.0303030303030303,0.3528806406300627,0.1136761758641428,0.0,0.0,1.0,0.0,0.0,0.0,0.0,0.0,1.0,0.0,0.0,0.0,0.9983403692746052,0.9954666666666668,0.2150170198709153,0.9968795938535312,0.4618167549849225,0.2300416299438867,,
2024-07-22 06:54:39,hf_copula_syn_150000_2,1000,0.001,4,5.0,4,0.9992638201044036,0.9963299079140532,0.2142857142857142,0.997794707297514,0.4620598077971972,0.2301958521120637,0.0172413793103448,0.125,0.9961979722518676,0.0303030303030303,0.3528806406300627,0.1136761758641428,0.0,0.0,1.0,0.0,0.0,0.0,0.0,0.0,1.0,0.0,0.0,0.0,0.9983403692746052,0.9954666666666668,0.2150170198709153,0.9968795938535312,0.4618167549849225,0.2300416299438867,,
2024-07-22 06:55:17,hf_copula_syn_150000_2,1000,0.001,4,7.0,4,0.9992638201044036,0.9963299079140532,0.2142857142857142,0.997794707297514,0.4620598077971972,0.2301958521120637,0.0172413793103448,0.125,0.9961979722518676,0.0303030303030303,0.3528806406300627,0.1136761758641428,0.0,0.0,1.0,0.0,0.0,0.0,0.0,0.0,1.0,0.0,0.0,0.0,0.9983403692746052,0.9954666666666668,0.2150170198709153,0.9968795938535312,0.4618167549849225,0.2300416299438867,,
2024-07-22 06:55:57,hf_copula_syn_150000_2,1000,0.001,4,9.0,4,0.9992638201044036,0.9963299079140532,0.2142857142857142,0.997794707297514,0.4620598077971972,0.2301958521120637,0.0172413793103448,0.125,0.9961979722518676,0.0303030303030303,0.3528806406300627,0.1136761758641428,0.0,0.0,1.0,0.0,0.0,0.0,0.0,0.0,1.0,0.0,0.0,0.0,0.9983403692746052,0.9954666666666668,0.2150170198709153,0.9968795938535312,0.4618167549849225,0.2300416299438867,,
2024-07-22 06:57:18,hf_copula_syn_150000_2,1000,0.001,8,1.0,4,0.9994608437794852,0.9895902842653144,0.4285714285714285,0.9945010729613734,0.65123737748074,0.4479034993516053,0.0116279069767441,0.125,0.9943303094983992,0.0212765957446808,0.3525496967624563,0.1134862702410513,0.0,0.0,0.9949316438812936,0.0,0.0,0.0,0.0,0.0,1.0,0.0,0.0,0.0,0.998534215209012,0.9887333333333334,0.4291000486177881,0.9935842194776732,0.6508175824333645,0.447545982096339,,
2024-07-22 06:58:37,hf_copula_syn_150000_2,1000,0.001,8,3.0,4,0.9994608437794852,0.9895902842653144,0.4285714285714285,0.9945010729613734,0.65123737748074,0.4479034993516053,0.0116279069767441,0.125,0.9943303094983992,0.0212765957446808,0.3525496967624563,0.1134862702410513,0.0,0.0,0.9949316438812936,0.0,0.0,0.0,0.0,0.0,1.0,0.0,0.0,0.0,0.998534215209012,0.9887333333333334,0.4291000486177881,0.9935842194776732,0.6508175824333645,0.447545982096339,,
2024-07-22 07:00:03,hf_copula_syn_150000_2,1000,0.001,8,5.0,4,0.9994608437794852,0.9895902842653144,0.4285714285714285,0.9945010729613734,0.65123737748074,0.4479034993516053,0.0116279069767441,0.125,0.9943303094983992,0.0212765957446808,0.3525496967624563,0.1134862702410513,0.0,0.0,0.9949316438812936,0.0,0.0,0.0,0.0,0.0,1.0,0.0,0.0,0.0,0.998534215209012,0.9887333333333334,0.4291000486177881,0.9935842194776732,0.6508175824333645,0.447545982096339,,
2024-07-22 07:01:18,hf_copula_syn_150000_2,1000,0.001,8,7.0,4,0.9994608437794852,0.9895902842653144,0.4285714285714285,0.9945010729613734,0.65123737748074,0.4479034993516053,0.0116279069767441,0.125,0.9943303094983992,0.0212765957446808,0.3525496967624563,0.1134862702410513,0.0,0.0,0.9949316438812936,0.0,0.0,0.0,0.0,0.0,1.0,0.0,0.0,0.0,0.998534215209012,0.9887333333333334,0.4291000486177881,0.9935842194776732,0.6508175824333645,0.447545982096339,,
2024-07-22 07:02:40,hf_copula_syn_150000_2,1000,0.001,8,9.0,4,0.9994608437794852,0.9895902842653144,0.4285714285714285,0.9945010729613734,0.65123737748074,0.4479034993516053,0.0116279069767441,0.125,0.9943303094983992,0.0212765957446808,0.3525496967624563,0.1134862702410513,0.0,0.0,0.9949316438812936,0.0,0.0,0.0,0.0,0.0,1.0,0.0,0.0,0.0,0.998534215209012,0.9887333333333334,0.4291000486177881,0.9935842194776732,0.6508175824333645,0.447545982096339,,
2024-07-22 07:04:55,hf_copula_syn_150000_2,1000,0.001,10,1.0,4,0.9994604437849868,0.9888562658481248,0.4285714285714285,0.9941300774829772,0.6509958083631101,0.4475401641635145,0.0112359550561797,0.125,0.9941302027748132,0.0206185567010309,0.3525142200633212,0.1134659180378236,0.0,0.0,0.9943981327109036,0.0,0.0,0.0,0.0,0.0,1.0,0.0,0.0,0.0,0.9985336065468176,0.988,0.4290997640571454,0.993213219307567,0.6505762198593382,0.447182975166582,,
2024-07-22 07:07:09,hf_copula_syn_150000_2,1000,0.001,10,3.0,4,0.9994604437849868,0.9888562658481248,0.4285714285714285,0.9941300774829772,0.6509958083631101,0.4475401641635145,0.0112359550561797,0.125,0.9941302027748132,0.0206185567010309,0.3525142200633212,0.1134659180378236,0.0,0.0,0.9943981327109036,0.0,0.0,0.0,0.0,0.0,1.0,0.0,0.0,0.0,0.9985336065468176,0.988,0.4290997640571454,0.993213219307567,0.6505762198593382,0.447182975166582,,
2024-07-22 07:09:27,hf_copula_syn_150000_2,1000,0.001,10,5.0,4,0.9994604437849868,0.9888562658481248,0.4285714285714285,0.9941300774829772,0.6509958083631101,0.4475401641635145,0.0112359550561797,0.125,0.9941302027748132,0.0206185567010309,0.3525142200633212,0.1134659180378236,0.0,0.0,0.9943981327109036,0.0,0.0,0.0,0.0,0.0,1.0,0.0,0.0,0.0,0.9985336065468176,0.988,0.4290997640571454,0.993213219307567,0.6505762198593382,0.447182975166582,,
2024-07-22 07:11:45,hf_copula_syn_150000_2,1000,0.001,10,7.0,4,0.9994599702983664,0.9879887895369012,0.4285714285714285,0.9936912751677852,0.6507102019673475,0.447110827571795,0.0114942528735632,0.125,0.994263607257204,0.0210526315789473,0.3525378715927559,0.1134794862845385,0.0,0.0,0.993397799266422,0.0,0.0,0.0,0.0,0.0,1.0,0.0,0.0,0.0,0.9985332712609538,0.9871333333333332,0.4290995017617212,0.992775058047804,0.6502908926436942,0.446754046525413,,
2024-07-22 07:14:04,hf_copula_syn_150000_2,1000,0.001,10,9.0,4,0.9994599702983664,0.9879887895369012,0.4285714285714285,0.9936912751677852,0.6507102019673475,0.447110827571795,0.0114942528735632,0.125,0.994263607257204,0.0210526315789473,0.3525378715927559,0.1134794862845385,0.0,0.0,0.993397799266422,0.0,0.0,0.0,0.0,0.0,1.0,0.0,0.0,0.0,0.9985332712609538,0.9871333333333332,0.4290995017617212,0.992775058047804,0.6502908926436942,0.446754046525413,,
2024-07-22 07:14:14,hf_copula_syn_150000_2,100,0.0001,2,1.0,4,0.9990666666666668,1.0,0.0,0.9995331154538784,0.0,0.0,0.0,0.0,1.0,0.0,0.0,0.0,0.0,0.0,1.0,0.0,0.0,0.0,0.0,0.0,1.0,0.0,0.0,0.0,0.9981342044444445,0.9990666666666668,0.0009333333333333,0.9986002178794549,0.0,0.0,,
2024-07-22 07:14:23,hf_copula_syn_150000_2,100,0.0001,2,3.0,4,0.9990666666666668,1.0,0.0,0.9995331154538784,0.0,0.0,0.0,0.0,1.0,0.0,0.0,0.0,0.0,0.0,1.0,0.0,0.0,0.0,0.0,0.0,1.0,0.0,0.0,0.0,0.9981342044444445,0.9990666666666668,0.0009333333333333,0.9986002178794549,0.0,0.0,,
2024-07-22 07:14:33,hf_copula_syn_150000_2,100,0.0001,2,5.0,4,0.9990666666666668,1.0,0.0,0.9995331154538784,0.0,0.0,0.0,0.0,1.0,0.0,0.0,0.0,0.0,0.0,1.0,0.0,0.0,0.0,0.0,0.0,1.0,0.0,0.0,0.0,0.9981342044444445,0.9990666666666668,0.0009333333333333,0.9986002178794549,0.0,0.0,,
2024-07-22 07:14:42,hf_copula_syn_150000_2,100,0.0001,2,7.0,4,0.9990666666666668,1.0,0.0,0.9995331154538784,0.0,0.0,0.0,0.0,1.0,0.0,0.0,0.0,0.0,0.0,1.0,0.0,0.0,0.0,0.0,0.0,1.0,0.0,0.0,0.0,0.9981342044444445,0.9990666666666668,0.0009333333333333,0.9986002178794549,0.0,0.0,,
2024-07-22 07:14:52,hf_copula_syn_150000_2,100,0.0001,2,9.0,4,0.9990666666666668,1.0,0.0,0.9995331154538784,0.0,0.0,0.0,0.0,1.0,0.0,0.0,0.0,0.0,0.0,1.0,0.0,0.0,0.0,0.0,0.0,1.0,0.0,0.0,0.0,0.9981342044444445,0.9990666666666668,0.0009333333333333,0.9986002178794549,0.0,0.0,,
2024-07-22 07:15:03,hf_copula_syn_150000_2,100,0.0001,4,1.0,4,0.9992638201044036,0.9963299079140532,0.2142857142857142,0.997794707297514,0.4620598077971972,0.2301958521120637,0.0172413793103448,0.125,0.9961979722518676,0.0303030303030303,0.3528806406300627,0.1136761758641428,0.0,0.0,1.0,0.0,0.0,0.0,0.0,0.0,1.0,0.0,0.0,0.0,0.9983403692746052,0.9954666666666668,0.2150170198709153,0.9968795938535312,0.4618167549849225,0.2300416299438867,,
2024-07-22 07:15:14,hf_copula_syn_150000_2,100,0.0001,4,3.0,4,0.9992638201044036,0.9963299079140532,0.2142857142857142,0.997794707297514,0.4620598077971972,0.2301958521120637,0.0172413793103448,0.125,0.9961979722518676,0.0303030303030303,0.3528806406300627,0.1136761758641428,0.0,0.0,1.0,0.0,0.0,0.0,0.0,0.0,1.0,0.0,0.0,0.0,0.9983403692746052,0.9954666666666668,0.2150170198709153,0.9968795938535312,0.4618167549849225,0.2300416299438867,,
2024-07-22 07:15:24,hf_copula_syn_150000_2,100,0.0001,4,5.0,4,0.9992638201044036,0.9963299079140532,0.2142857142857142,0.997794707297514,0.4620598077971972,0.2301958521120637,0.0172413793103448,0.125,0.9961979722518676,0.0303030303030303,0.3528806406300627,0.1136761758641428,0.0,0.0,1.0,0.0,0.0,0.0,0.0,0.0,1.0,0.0,0.0,0.0,0.9983403692746052,0.9954666666666668,0.2150170198709153,0.9968795938535312,0.4618167549849225,0.2300416299438867,,
2024-07-22 07:15:35,hf_copula_syn_150000_2,100,0.0001,4,7.0,4,0.9992638201044036,0.9963299079140532,0.2142857142857142,0.997794707297514,0.4620598077971972,0.2301958521120637,0.0172413793103448,0.125,0.9961979722518676,0.0303030303030303,0.3528806406300627,0.1136761758641428,0.0,0.0,1.0,0.0,0.0,0.0,0.0,0.0,1.0,0.0,0.0,0.0,0.9983403692746052,0.9954666666666668,0.2150170198709153,0.9968795938535312,0.4618167549849225,0.2300416299438867,,
2024-07-22 07:15:45,hf_copula_syn_150000_2,100,0.0001,4,9.0,4,0.9992638201044036,0.9963299079140532,0.2142857142857142,0.997794707297514,0.4620598077971972,0.2301958521120637,0.0172413793103448,0.125,0.9961979722518676,0.0303030303030303,0.3528806406300627,0.1136761758641428,0.0,0.0,1.0,0.0,0.0,0.0,0.0,0.0,1.0,0.0,0.0,0.0,0.9983403692746052,0.9954666666666668,0.2150170198709153,0.9968795938535312,0.4618167549849225,0.2300416299438867,,
2024-07-22 07:16:00,hf_copula_syn_150000_2,100,0.0001,8,1.0,4,0.9994614970382336,0.990791405311624,0.4285714285714285,0.9951075665169896,0.6516324792325011,0.4484981474556396,0.0116279069767441,0.125,0.9943303094983992,0.0212765957446808,0.3525496967624563,0.1134862702410513,0.0,0.0,0.9961320440146716,0.0,0.0,0.0,0.0,0.0,1.0,0.0,0.0,0.0,0.9985348678580525,0.9899333333333332,0.4291004487511659,0.9941901469726376,0.6512123154234908,0.4481400751954763,,
2024-07-22 07:16:15,hf_copula_syn_150000_2,100,0.0001,8,3.0,4,0.9994614607876136,0.9907246763646068,0.4285714285714285,0.9950738916256158,0.6516105354201587,0.4484651082057119,0.0116279069767441,0.125,0.9943303094983992,0.0212765957446808,0.3525496967624563,0.1134862702410513,0.0,0.0,0.9960653551183728,0.0,0.0,0.0,0.0,0.0,1.0,0.0,0.0,0.0,0.998534831641266,0.9898666666666668,0.4291004265215338,0.9941565035111624,0.6511903920920399,0.4481070667821819,,
2024-07-22 07:16:30,hf_copula_syn_150000_2,100,0.0001,8,5.0,4,0.9994614970382336,0.990791405311624,0.4285714285714285,0.9951075665169896,0.6516324792325011,0.4484981474556396,0.0116279069767441,0.125,0.9943303094983992,0.0212765957446808,0.3525496967624563,0.1134862702410513,0.0,0.0,0.9961320440146716,0.0,0.0,0.0,0.0,0.0,1.0,0.0,0.0,0.0,0.9985348678580525,0.9899333333333332,0.4291004487511659,0.9941901469726376,0.6512123154234908,0.4481400751954763,,
2024-07-22 07:16:46,hf_copula_syn_150000_2,100,0.0001,8,7.0,4,0.9994616057608184,0.9909915921526758,0.4285714285714285,0.995208577651198,0.6516983062362114,0.4485972674954103,0.0116279069767441,0.125,0.9943303094983992,0.0212765957446808,0.3525496967624563,0.1134862702410513,0.0,0.0,0.996332110703568,0.0,0.0,0.0,0.0,0.0,1.0,0.0,0.0,0.0,0.9985349764791626,0.9901333333333332,0.4291005154400622,0.9942910638297872,0.6512780809886642,0.4482391027232098,,
2024-07-22 07:17:01,hf_copula_syn_150000_2,100,0.0001,8,9.0,4,0.9994616057608184,0.9909915921526758,0.4285714285714285,0.995208577651198,0.6516983062362114,0.4485972674954103,0.0116279069767441,0.125,0.9943303094983992,0.0212765957446808,0.3525496967624563,0.1134862702410513,0.0,0.0,0.996332110703568,0.0,0.0,0.0,0.0,0.0,1.0,0.0,0.0,0.0,0.9985349764791626,0.9901333333333332,0.4291005154400622,0.9942910638297872,0.6512780809886642,0.4482391027232098,,
2024-07-22 07:17:21,hf_copula_syn_150000_2,100,0.0001,10,1.0,4,0.9992616458585044,0.9933938342452956,0.2142857142857142,0.9963191005220184,0.4613784859941755,0.2294549902506696,0.0116279069767441,0.125,0.9943303094983992,0.0212765957446808,0.3525496967624563,0.1134862702410513,0.0,0.0,0.9989329776592196,0.0,0.0,0.0,0.0,0.0,1.0,0.0,0.0,0.0,0.9983352032060908,0.9925333333333334,0.2150156681099998,0.995400550212595,0.4611358925788543,0.2293013582705642,,
2024-07-22 07:17:42,hf_copula_syn_150000_2,100,0.0001,10,3.0,4,0.9992616458585044,0.9933938342452956,0.2142857142857142,0.9963191005220184,0.4613784859941755,0.2294549902506696,0.0116279069767441,0.125,0.9943303094983992,0.0212765957446808,0.3525496967624563,0.1134862702410513,0.0,0.0,0.9989329776592196,0.0,0.0,0.0,0.0,0.0,1.0,0.0,0.0,0.0,0.9983352032060908,0.9925333333333334,0.2150156681099998,0.995400550212595,0.4611358925788543,0.2293013582705642,,
2024-07-22 07:18:04,hf_copula_syn_150000_2,100,0.0001,10,5.0,4,0.9992608023654324,0.9922594421460028,0.2142857142857142,0.9957478153145612,0.4611149784131942,0.2291688471143769,0.0116279069767441,0.125,0.9943303094983992,0.0212765957446808,0.3525496967624563,0.1134862702410513,0.0,0.0,0.9977992664221408,0.0,0.0,0.0,0.0,0.0,1.0,0.0,0.0,0.0,0.9983343605002792,0.9914,0.2150152902062541,0.9948297982046648,0.4608726309382819,0.2290154822011987,,
2024-07-22 07:18:23,hf_copula_syn_150000_2,100,0.0001,10,7.0,4,0.999259807549963,0.9909248632056586,0.2142857142857142,0.9950748818976782,0.4608047765762614,0.2288322787384336,0.0116279069767441,0.125,0.9943303094983992,0.0212765957446808,0.3525496967624563,0.1134862702410513,0.0,0.0,0.9964654884961652,0.0,0.0,0.0,0.0,0.0,1.0,0.0,0.0,0.0,0.998333366613304,0.9900666666666668,0.2150148456136121,0.9941574928589708,0.4605627186230636,0.2286792279557396,,
2024-07-22 07:18:43,hf_copula_syn_150000_2,100,0.0001,10,9.0,4,0.999259807549963,0.9909248632056586,0.2142857142857142,0.9950748818976782,0.4608047765762614,0.2288322787384336,0.0116279069767441,0.125,0.9943303094983992,0.0212765957446808,0.3525496967624563,0.1134862702410513,0.0,0.0,0.9964654884961652,0.0,0.0,0.0,0.0,0.0,1.0,0.0,0.0,0.0,0.998333366613304,0.9900666666666668,0.2150148456136121,0.9941574928589708,0.4605627186230636,0.2286792279557396,,
2024-07-22 07:19:06,hf_copula_syn_150000_2,500,0.0001,2,1.0,4,0.9990666666666668,1.0,0.0,0.9995331154538784,0.0,0.0,0.0,0.0,1.0,0.0,0.0,0.0,0.0,0.0,1.0,0.0,0.0,0.0,0.0,0.0,1.0,0.0,0.0,0.0,0.9981342044444445,0.9990666666666668,0.0009333333333333,0.9986002178794549,0.0,0.0,,
2024-07-22 07:19:26,hf_copula_syn_150000_2,500,0.0001,2,3.0,4,0.9990666666666668,1.0,0.0,0.9995331154538784,0.0,0.0,0.0,0.0,1.0,0.0,0.0,0.0,0.0,0.0,1.0,0.0,0.0,0.0,0.0,0.0,1.0,0.0,0.0,0.0,0.9981342044444445,0.9990666666666668,0.0009333333333333,0.9986002178794549,0.0,0.0,,
2024-07-22 07:19:45,hf_copula_syn_150000_2,500,0.0001,2,5.0,4,0.9990666666666668,1.0,0.0,0.9995331154538784,0.0,0.0,0.0,0.0,1.0,0.0,0.0,0.0,0.0,0.0,1.0,0.0,0.0,0.0,0.0,0.0,1.0,0.0,0.0,0.0,0.9981342044444445,0.9990666666666668,0.0009333333333333,0.9986002178794549,0.0,0.0,,
2024-07-22 07:20:05,hf_copula_syn_150000_2,500,0.0001,2,7.0,4,0.9990666666666668,1.0,0.0,0.9995331154538784,0.0,0.0,0.0,0.0,1.0,0.0,0.0,0.0,0.0,0.0,1.0,0.0,0.0,0.0,0.0,0.0,1.0,0.0,0.0,0.0,0.9981342044444445,0.9990666666666668,0.0009333333333333,0.9986002178794549,0.0,0.0,,
2024-07-22 07:20:26,hf_copula_syn_150000_2,500,0.0001,2,9.0,4,0.9990666666666668,1.0,0.0,0.9995331154538784,0.0,0.0,0.0,0.0,1.0,0.0,0.0,0.0,0.0,0.0,1.0,0.0,0.0,0.0,0.0,0.0,1.0,0.0,0.0,0.0,0.9981342044444445,0.9990666666666668,0.0009333333333333,0.9986002178794549,0.0,0.0,,
2024-07-22 07:20:50,hf_copula_syn_150000_2,500,0.0001,4,1.0,4,0.9992638201044036,0.9963299079140532,0.2142857142857142,0.997794707297514,0.4620598077971972,0.2301958521120637,0.0172413793103448,0.125,0.9961979722518676,0.0303030303030303,0.3528806406300627,0.1136761758641428,0.0,0.0,1.0,0.0,0.0,0.0,0.0,0.0,1.0,0.0,0.0,0.0,0.9983403692746052,0.9954666666666668,0.2150170198709153,0.9968795938535312,0.4618167549849225,0.2300416299438867,,
2024-07-22 07:21:13,hf_copula_syn_150000_2,500,0.0001,4,3.0,4,0.9992638201044036,0.9963299079140532,0.2142857142857142,0.997794707297514,0.4620598077971972,0.2301958521120637,0.0172413793103448,0.125,0.9961979722518676,0.0303030303030303,0.3528806406300627,0.1136761758641428,0.0,0.0,1.0,0.0,0.0,0.0,0.0,0.0,1.0,0.0,0.0,0.0,0.9983403692746052,0.9954666666666668,0.2150170198709153,0.9968795938535312,0.4618167549849225,0.2300416299438867,,
2024-07-22 07:21:36,hf_copula_syn_150000_2,500,0.0001,4,5.0,4,0.9992638201044036,0.9963299079140532,0.2142857142857142,0.997794707297514,0.4620598077971972,0.2301958521120637,0.0172413793103448,0.125,0.9961979722518676,0.0303030303030303,0.3528806406300627,0.1136761758641428,0.0,0.0,1.0,0.0,0.0,0.0,0.0,0.0,1.0,0.0,0.0,0.0,0.9983403692746052,0.9954666666666668,0.2150170198709153,0.9968795938535312,0.4618167549849225,0.2300416299438867,,
2024-07-22 07:22:00,hf_copula_syn_150000_2,500,0.0001,4,7.0,4,0.9992638201044036,0.9963299079140532,0.2142857142857142,0.997794707297514,0.4620598077971972,0.2301958521120637,0.0172413793103448,0.125,0.9961979722518676,0.0303030303030303,0.3528806406300627,0.1136761758641428,0.0,0.0,1.0,0.0,0.0,0.0,0.0,0.0,1.0,0.0,0.0,0.0,0.9983403692746052,0.9954666666666668,0.2150170198709153,0.9968795938535312,0.4618167549849225,0.2300416299438867,,
2024-07-22 07:22:24,hf_copula_syn_150000_2,500,0.0001,4,9.0,4,0.9992638201044036,0.9963299079140532,0.2142857142857142,0.997794707297514,0.4620598077971972,0.2301958521120637,0.0172413793103448,0.125,0.9961979722518676,0.0303030303030303,0.3528806406300627,0.1136761758641428,0.0,0.0,1.0,0.0,0.0,0.0,0.0,0.0,1.0,0.0,0.0,0.0,0.9983403692746052,0.9954666666666668,0.2150170198709153,0.9968795938535312,0.4618167549849225,0.2300416299438867,,
2024-07-22 07:23:09,hf_copula_syn_150000_2,500,0.0001,8,1.0,4,0.999461533283974,0.9908581342586414,0.4285714285714285,0.9951412391515598,0.6516544223059078,0.4485311870872322,0.0116279069767441,0.125,0.9943303094983992,0.0212765957446808,0.3525496967624563,0.1134862702410513,0.0,0.0,0.9961987329109704,0.0,0.0,0.0,0.0,0.0,1.0,0.0,0.0,0.0,0.9985349040699631,0.99,0.429100470980798,0.9942237881794156,0.6512342380166956,0.4481730839900794,,
2024-07-22 07:23:54,hf_copula_syn_150000_2,500,0.0001,8,3.0,4,0.999461533283974,0.9908581342586414,0.4285714285714285,0.9951412391515598,0.6516544223059078,0.4485311870872322,0.0116279069767441,0.125,0.9943303094983992,0.0212765957446808,0.3525496967624563,0.1134862702410513,0.0,0.0,0.9961987329109704,0.0,0.0,0.0,0.0,0.0,1.0,0.0,0.0,0.0,0.9985349040699631,0.99,0.429100470980798,0.9942237881794156,0.6512342380166956,0.4481730839900794,,
2024-07-22 07:24:30,hf_copula_syn_150000_2,500,0.0001,8,5.0,4,0.999461533283974,0.9908581342586414,0.4285714285714285,0.9951412391515598,0.6516544223059078,0.4485311870872322,0.0116279069767441,0.125,0.9943303094983992,0.0212765957446808,0.3525496967624563,0.1134862702410513,0.0,0.0,0.9961987329109704,0.0,0.0,0.0,0.0,0.0,1.0,0.0,0.0,0.0,0.9985349040699631,0.99,0.429100470980798,0.9942237881794156,0.6512342380166956,0.4481730839900794,,
2024-07-22 07:25:14,hf_copula_syn_150000_2,500,0.0001,8,7.0,4,0.999461533283974,0.9908581342586414,0.4285714285714285,0.9951412391515598,0.6516544223059078,0.4485311870872322,0.0116279069767441,0.125,0.9943303094983992,0.0212765957446808,0.3525496967624563,0.1134862702410513,0.0,0.0,0.9961987329109704,0.0,0.0,0.0,0.0,0.0,1.0,0.0,0.0,0.0,0.9985349040699631,0.99,0.429100470980798,0.9942237881794156,0.6512342380166956,0.4481730839900794,,
2024-07-22 07:26:00,hf_copula_syn_150000_2,500,0.0001,8,9.0,4,0.9994616057608184,0.9909915921526758,0.4285714285714285,0.995208577651198,0.6516983062362114,0.4485972674954103,0.0116279069767441,0.125,0.9943303094983992,0.0212765957446808,0.3525496967624563,0.1134862702410513,0.0,0.0,0.996332110703568,0.0,0.0,0.0,0.0,0.0,1.0,0.0,0.0,0.0,0.9985349764791626,0.9901333333333332,0.4291005154400622,0.9942910638297872,0.6512780809886642,0.4482391027232098,,
2024-07-22 07:27:16,hf_copula_syn_150000_2,500,0.0001,10,1.0,4,0.9992608023654324,0.9922594421460028,0.2142857142857142,0.9957478153145612,0.4611149784131942,0.2291688471143769,0.0116279069767441,0.125,0.9943303094983992,0.0212765957446808,0.3525496967624563,0.1134862702410513,0.0,0.0,0.9977992664221408,0.0,0.0,0.0,0.0,0.0,1.0,0.0,0.0,0.0,0.9983343605002792,0.9914,0.2150152902062541,0.9948297982046648,0.4608726309382819,0.2290154822011987,,
2024-07-22 07:28:29,hf_copula_syn_150000_2,500,0.0001,10,3.0,4,0.9992608023654324,0.9922594421460028,0.2142857142857142,0.9957478153145612,0.4611149784131942,0.2291688471143769,0.0116279069767441,0.125,0.9943303094983992,0.0212765957446808,0.3525496967624563,0.1134862702410513,0.0,0.0,0.9977992664221408,0.0,0.0,0.0,0.0,0.0,1.0,0.0,0.0,0.0,0.9983343605002792,0.9914,0.2150152902062541,0.9948297982046648,0.4608726309382819,0.2290154822011987,,
2024-07-22 07:29:45,hf_copula_syn_150000_2,500,0.0001,10,5.0,4,0.9992608023654324,0.9922594421460028,0.2142857142857142,0.9957478153145612,0.4611149784131942,0.2291688471143769,0.0116279069767441,0.125,0.9943303094983992,0.0212765957446808,0.3525496967624563,0.1134862702410513,0.0,0.0,0.9977992664221408,0.0,0.0,0.0,0.0,0.0,1.0,0.0,0.0,0.0,0.9983343605002792,0.9914,0.2150152902062541,0.9948297982046648,0.4608726309382819,0.2290154822011987,,
2024-07-22 07:30:59,hf_copula_syn_150000_2,500,0.0001,10,7.0,4,0.9992606533136176,0.9920592553049512,0.2142857142857142,0.9956469327618538,0.461068461442306,0.2291183569917632,0.0116279069767441,0.125,0.9943303094983992,0.0212765957446808,0.3525496967624563,0.1134862702410513,0.0,0.0,0.9975991997332444,0.0,0.0,0.0,0.0,0.0,1.0,0.0,0.0,0.0,0.9983342115875792,0.9912,0.2150152235173578,0.9947290098090066,0.4608261573832332,0.2289650392026995,,
2024-07-22 07:32:15,hf_copula_syn_150000_2,500,0.0001,10,9.0,4,0.9992596580966484,0.9907246763646068,0.2142857142857142,0.994973864093285,0.4607582282881912,0.2287818000657547,0.0116279069767441,0.125,0.9943303094983992,0.0212765957446808,0.3525496967624563,0.1134862702410513,0.0,0.0,0.9962654218072692,0.0,0.0,0.0,0.0,0.0,1.0,0.0,0.0,0.0,0.9983332172994792,0.9898666666666668,0.2150147789247158,0.9940565693378618,0.4605162137800622,0.2286287963964885,,
2024-07-22 07:33:01,hf_copula_syn_150000_2,1500,0.0001,2,1.0,4,0.9990666666666668,1.0,0.0,0.9995331154538784,0.0,0.0,0.0,0.0,1.0,0.0,0.0,0.0,0.0,0.0,1.0,0.0,0.0,0.0,0.0,0.0,1.0,0.0,0.0,0.0,0.9981342044444445,0.9990666666666668,0.0009333333333333,0.9986002178794549,0.0,0.0,,
2024-07-22 07:33:46,hf_copula_syn_150000_2,1500,0.0001,2,3.0,4,0.9990666666666668,1.0,0.0,0.9995331154538784,0.0,0.0,0.0,0.0,1.0,0.0,0.0,0.0,0.0,0.0,1.0,0.0,0.0,0.0,0.0,0.0,1.0,0.0,0.0,0.0,0.9981342044444445,0.9990666666666668,0.0009333333333333,0.9986002178794549,0.0,0.0,,
2024-07-22 07:34:31,hf_copula_syn_150000_2,1500,0.0001,2,5.0,4,0.9990666666666668,1.0,0.0,0.9995331154538784,0.0,0.0,0.0,0.0,1.0,0.0,0.0,0.0,0.0,0.0,1.0,0.0,0.0,0.0,0.0,0.0,1.0,0.0,0.0,0.0,0.9981342044444445,0.9990666666666668,0.0009333333333333,0.9986002178794549,0.0,0.0,,
2024-07-22 07:35:18,hf_copula_syn_150000_2,1500,0.0001,2,7.0,4,0.9990666666666668,1.0,0.0,0.9995331154538784,0.0,0.0,0.0,0.0,1.0,0.0,0.0,0.0,0.0,0.0,1.0,0.0,0.0,0.0,0.0,0.0,1.0,0.0,0.0,0.0,0.9981342044444445,0.9990666666666668,0.0009333333333333,0.9986002178794549,0.0,0.0,,
2024-07-22 07:36:04,hf_copula_syn_150000_2,1500,0.0001,2,9.0,4,0.9990666666666668,1.0,0.0,0.9995331154538784,0.0,0.0,0.0,0.0,1.0,0.0,0.0,0.0,0.0,0.0,1.0,0.0,0.0,0.0,0.0,0.0,1.0,0.0,0.0,0.0,0.9981342044444445,0.9990666666666668,0.0009333333333333,0.9986002178794549,0.0,0.0,,
2024-07-22 07:36:52,hf_copula_syn_150000_2,1500,0.0001,4,1.0,4,0.9992638201044036,0.9963299079140532,0.2142857142857142,0.997794707297514,0.4620598077971972,0.2301958521120637,0.0172413793103448,0.125,0.9961979722518676,0.0303030303030303,0.3528806406300627,0.1136761758641428,0.0,0.0,1.0,0.0,0.0,0.0,0.0,0.0,1.0,0.0,0.0,0.0,0.9983403692746052,0.9954666666666668,0.2150170198709153,0.9968795938535312,0.4618167549849225,0.2300416299438867,,
2024-07-22 07:37:47,hf_copula_syn_150000_2,1500,0.0001,4,3.0,4,0.9992638201044036,0.9963299079140532,0.2142857142857142,0.997794707297514,0.4620598077971972,0.2301958521120637,0.0172413793103448,0.125,0.9961979722518676,0.0303030303030303,0.3528806406300627,0.1136761758641428,0.0,0.0,1.0,0.0,0.0,0.0,0.0,0.0,1.0,0.0,0.0,0.0,0.9983403692746052,0.9954666666666668,0.2150170198709153,0.9968795938535312,0.4618167549849225,0.2300416299438867,,
2024-07-22 07:38:36,hf_copula_syn_150000_2,1500,0.0001,4,5.0,4,0.9992638201044036,0.9963299079140532,0.2142857142857142,0.997794707297514,0.4620598077971972,0.2301958521120637,0.0172413793103448,0.125,0.9961979722518676,0.0303030303030303,0.3528806406300627,0.1136761758641428,0.0,0.0,1.0,0.0,0.0,0.0,0.0,0.0,1.0,0.0,0.0,0.0,0.9983403692746052,0.9954666666666668,0.2150170198709153,0.9968795938535312,0.4618167549849225,0.2300416299438867,,
2024-07-22 07:39:31,hf_copula_syn_150000_2,1500,0.0001,4,7.0,4,0.9992638201044036,0.9963299079140532,0.2142857142857142,0.997794707297514,0.4620598077971972,0.2301958521120637,0.0172413793103448,0.125,0.9961979722518676,0.0303030303030303,0.3528806406300627,0.1136761758641428,0.0,0.0,1.0,0.0,0.0,0.0,0.0,0.0,1.0,0.0,0.0,0.0,0.9983403692746052,0.9954666666666668,0.2150170198709153,0.9968795938535312,0.4618167549849225,0.2300416299438867,,
2024-07-22 07:40:22,hf_copula_syn_150000_2,1500,0.0001,4,9.0,4,0.9992638201044036,0.9963299079140532,0.2142857142857142,0.997794707297514,0.4620598077971972,0.2301958521120637,0.0172413793103448,0.125,0.9961979722518676,0.0303030303030303,0.3528806406300627,0.1136761758641428,0.0,0.0,1.0,0.0,0.0,0.0,0.0,0.0,1.0,0.0,0.0,0.0,0.9983403692746052,0.9954666666666668,0.2150170198709153,0.9968795938535312,0.4618167549849225,0.2300416299438867,,
2024-07-22 07:42:19,hf_copula_syn_150000_2,1500,0.0001,8,1.0,4,0.9994600067499156,0.9880555184839184,0.4285714285714285,0.9937250427837994,0.6507321761404891,0.4471438511734788,0.0116279069767441,0.125,0.9943303094983992,0.0212765957446808,0.3525496967624563,0.1134862702410513,0.0,0.0,0.993397799266422,0.0,0.0,0.0,0.0,0.0,1.0,0.0,0.0,0.0,0.99853337896067,0.9872,0.4290995373362499,0.9928089135949316,0.6503128526143646,0.4467870429231788,,
2024-07-22 07:44:14,hf_copula_syn_150000_2,1500,0.0001,8,3.0,4,0.9994600067499156,0.9880555184839184,0.4285714285714285,0.9937250427837994,0.6507321761404891,0.4471438511734788,0.0116279069767441,0.125,0.9943303094983992,0.0212765957446808,0.3525496967624563,0.1134862702410513,0.0,0.0,0.993397799266422,0.0,0.0,0.0,0.0,0.0,1.0,0.0,0.0,0.0,0.99853337896067,0.9872,0.4290995373362499,0.9928089135949316,0.6503128526143646,0.4467870429231788,,
2024-07-22 07:46:13,hf_copula_syn_150000_2,1500,0.0001,8,5.0,4,0.9994600067499156,0.9880555184839184,0.4285714285714285,0.9937250427837994,0.6507321761404891,0.4471438511734788,0.0116279069767441,0.125,0.9943303094983992,0.0212765957446808,0.3525496967624563,0.1134862702410513,0.0,0.0,0.993397799266422,0.0,0.0,0.0,0.0,0.0,1.0,0.0,0.0,0.0,0.99853337896067,0.9872,0.4290995373362499,0.9928089135949316,0.6503128526143646,0.4467870429231788,,
2024-07-22 07:48:06,hf_copula_syn_150000_2,1500,0.0001,8,7.0,4,0.9994600067499156,0.9880555184839184,0.4285714285714285,0.9937250427837994,0.6507321761404891,0.4471438511734788,0.0116279069767441,0.125,0.9943303094983992,0.0212765957446808,0.3525496967624563,0.1134862702410513,0.0,0.0,0.993397799266422,0.0,0.0,0.0,0.0,0.0,1.0,0.0,0.0,0.0,0.99853337896067,0.9872,0.4290995373362499,0.9928089135949316,0.6503128526143646,0.4467870429231788,,
2024-07-22 07:50:04,hf_copula_syn_150000_2,1500,0.0001,8,9.0,4,0.9994601160750438,0.98825570532497,0.4285714285714285,0.9938263320359684,0.6507980942081708,0.4472429242685172,0.0116279069767441,0.125,0.9943303094983992,0.0212765957446808,0.3525496967624563,0.1134862702410513,0.0,0.0,0.9935978659553184,0.0,0.0,0.0,0.0,0.0,1.0,0.0,0.0,0.0,0.9985334881837614,0.9874,0.4290996040251461,0.9929101083104652,0.6503787091585165,0.4468860235499952,,
2024-07-22 07:53:25,hf_copula_syn_150000_2,1500,0.0001,10,1.0,4,0.9992606533136176,0.9920592553049512,0.2142857142857142,0.9956469327618538,0.461068461442306,0.2291183569917632,0.0116279069767441,0.125,0.9943303094983992,0.0212765957446808,0.3525496967624563,0.1134862702410513,0.0,0.0,0.9975991997332444,0.0,0.0,0.0,0.0,0.0,1.0,0.0,0.0,0.0,0.9983342115875792,0.9912,0.2150152235173578,0.9947290098090066,0.4608261573832332,0.2289650392026995,,
2024-07-22 07:56:46,hf_copula_syn_150000_2,1500,0.0001,10,3.0,4,0.9992606533136176,0.9920592553049512,0.2142857142857142,0.9956469327618538,0.461068461442306,0.2291183569917632,0.0116279069767441,0.125,0.9943303094983992,0.0212765957446808,0.3525496967624563,0.1134862702410513,0.0,0.0,0.9975991997332444,0.0,0.0,0.0,0.0,0.0,1.0,0.0,0.0,0.0,0.9983342115875792,0.9912,0.2150152235173578,0.9947290098090066,0.4608261573832332,0.2289650392026995,,
2024-07-22 08:00:09,hf_copula_syn_150000_2,1500,0.0001,10,5.0,4,0.9992606533136176,0.9920592553049512,0.2142857142857142,0.9956469327618538,0.461068461442306,0.2291183569917632,0.0116279069767441,0.125,0.9943303094983992,0.0212765957446808,0.3525496967624563,0.1134862702410513,0.0,0.0,0.9975991997332444,0.0,0.0,0.0,0.0,0.0,1.0,0.0,0.0,0.0,0.9983342115875792,0.9912,0.2150152235173578,0.9947290098090066,0.4608261573832332,0.2289650392026995,,
2024-07-22 08:03:35,hf_copula_syn_150000_2,1500,0.0001,10,7.0,4,0.9992596580966484,0.9907246763646068,0.2142857142857142,0.994973864093285,0.4607582282881912,0.2287818000657547,0.0116279069767441,0.125,0.9943303094983992,0.0212765957446808,0.3525496967624563,0.1134862702410513,0.0,0.0,0.9962654218072692,0.0,0.0,0.0,0.0,0.0,1.0,0.0,0.0,0.0,0.9983332172994792,0.9898666666666668,0.2150147789247158,0.9940565693378618,0.4605162137800622,0.2286287963964885,,
2024-07-22 08:07:03,hf_copula_syn_150000_2,1500,0.0001,10,9.0,4,0.9992596580966484,0.9907246763646068,0.2142857142857142,0.994973864093285,0.4607582282881912,0.2287818000657547,0.0116279069767441,0.125,0.9943303094983992,0.0212765957446808,0.3525496967624563,0.1134862702410513,0.0,0.0,0.9962654218072692,0.0,0.0,0.0,0.0,0.0,1.0,0.0,0.0,0.0,0.9983332172994792,0.9898666666666668,0.2150147789247158,0.9940565693378618,0.4605162137800622,0.2286287963964885,,
2024-07-22 08:07:34,hf_copula_syn_150000_2,1000,0.0001,2,1.0,4,0.9990666666666668,1.0,0.0,0.9995331154538784,0.0,0.0,0.0,0.0,1.0,0.0,0.0,0.0,0.0,0.0,1.0,0.0,0.0,0.0,0.0,0.0,1.0,0.0,0.0,0.0,0.9981342044444445,0.9990666666666668,0.0009333333333333,0.9986002178794549,0.0,0.0,,
2024-07-22 08:08:08,hf_copula_syn_150000_2,1000,0.0001,2,3.0,4,0.9990666666666668,1.0,0.0,0.9995331154538784,0.0,0.0,0.0,0.0,1.0,0.0,0.0,0.0,0.0,0.0,1.0,0.0,0.0,0.0,0.0,0.0,1.0,0.0,0.0,0.0,0.9981342044444445,0.9990666666666668,0.0009333333333333,0.9986002178794549,0.0,0.0,,
2024-07-22 08:08:39,hf_copula_syn_150000_2,1000,0.0001,2,5.0,4,0.9990666666666668,1.0,0.0,0.9995331154538784,0.0,0.0,0.0,0.0,1.0,0.0,0.0,0.0,0.0,0.0,1.0,0.0,0.0,0.0,0.0,0.0,1.0,0.0,0.0,0.0,0.9981342044444445,0.9990666666666668,0.0009333333333333,0.9986002178794549,0.0,0.0,,
2024-07-22 08:09:12,hf_copula_syn_150000_2,1000,0.0001,2,7.0,4,0.9990666666666668,1.0,0.0,0.9995331154538784,0.0,0.0,0.0,0.0,1.0,0.0,0.0,0.0,0.0,0.0,1.0,0.0,0.0,0.0,0.0,0.0,1.0,0.0,0.0,0.0,0.9981342044444445,0.9990666666666668,0.0009333333333333,0.9986002178794549,0.0,0.0,,
2024-07-22 08:09:48,hf_copula_syn_150000_2,1000,0.0001,2,9.0,4,0.9990666666666668,1.0,0.0,0.9995331154538784,0.0,0.0,0.0,0.0,1.0,0.0,0.0,0.0,0.0,0.0,1.0,0.0,0.0,0.0,0.0,0.0,1.0,0.0,0.0,0.0,0.9981342044444445,0.9990666666666668,0.0009333333333333,0.9986002178794549,0.0,0.0,,
2024-07-22 08:10:26,hf_copula_syn_150000_2,1000,0.0001,4,1.0,4,0.9992638201044036,0.9963299079140532,0.2142857142857142,0.997794707297514,0.4620598077971972,0.2301958521120637,0.0172413793103448,0.125,0.9961979722518676,0.0303030303030303,0.3528806406300627,0.1136761758641428,0.0,0.0,1.0,0.0,0.0,0.0,0.0,0.0,1.0,0.0,0.0,0.0,0.9983403692746052,0.9954666666666668,0.2150170198709153,0.9968795938535312,0.4618167549849225,0.2300416299438867,,
2024-07-22 08:11:04,hf_copula_syn_150000_2,1000,0.0001,4,3.0,4,0.9992638201044036,0.9963299079140532,0.2142857142857142,0.997794707297514,0.4620598077971972,0.2301958521120637,0.0172413793103448,0.125,0.9961979722518676,0.0303030303030303,0.3528806406300627,0.1136761758641428,0.0,0.0,1.0,0.0,0.0,0.0,0.0,0.0,1.0,0.0,0.0,0.0,0.9983403692746052,0.9954666666666668,0.2150170198709153,0.9968795938535312,0.4618167549849225,0.2300416299438867,,
2024-07-22 08:11:46,hf_copula_syn_150000_2,1000,0.0001,4,5.0,4,0.9992638201044036,0.9963299079140532,0.2142857142857142,0.997794707297514,0.4620598077971972,0.2301958521120637,0.0172413793103448,0.125,0.9961979722518676,0.0303030303030303,0.3528806406300627,0.1136761758641428,0.0,0.0,1.0,0.0,0.0,0.0,0.0,0.0,1.0,0.0,0.0,0.0,0.9983403692746052,0.9954666666666668,0.2150170198709153,0.9968795938535312,0.4618167549849225,0.2300416299438867,,
2024-07-22 08:12:29,hf_copula_syn_150000_2,1000,0.0001,4,7.0,4,0.9992638201044036,0.9963299079140532,0.2142857142857142,0.997794707297514,0.4620598077971972,0.2301958521120637,0.0172413793103448,0.125,0.9961979722518676,0.0303030303030303,0.3528806406300627,0.1136761758641428,0.0,0.0,1.0,0.0,0.0,0.0,0.0,0.0,1.0,0.0,0.0,0.0,0.9983403692746052,0.9954666666666668,0.2150170198709153,0.9968795938535312,0.4618167549849225,0.2300416299438867,,
2024-07-22 08:13:07,hf_copula_syn_150000_2,1000,0.0001,4,9.0,4,0.9992638201044036,0.9963299079140532,0.2142857142857142,0.997794707297514,0.4620598077971972,0.2301958521120637,0.0172413793103448,0.125,0.9961979722518676,0.0303030303030303,0.3528806406300627,0.1136761758641428,0.0,0.0,1.0,0.0,0.0,0.0,0.0,0.0,1.0,0.0,0.0,0.0,0.9983403692746052,0.9954666666666668,0.2150170198709153,0.9968795938535312,0.4618167549849225,0.2300416299438867,,
2024-07-22 08:14:30,hf_copula_syn_150000_2,1000,0.0001,8,1.0,4,0.9994614970382336,0.990791405311624,0.4285714285714285,0.9951075665169896,0.6516324792325011,0.4484981474556396,0.0116279069767441,0.125,0.9943303094983992,0.0212765957446808,0.3525496967624563,0.1134862702410513,0.0,0.0,0.9961320440146716,0.0,0.0,0.0,0.0,0.0,1.0,0.0,0.0,0.0,0.9985348678580525,0.9899333333333332,0.4291004487511659,0.9941901469726376,0.6512123154234908,0.4481400751954763,,
2024-07-22 08:15:58,hf_copula_syn_150000_2,1000,0.0001,8,3.0,4,0.9994614970382336,0.990791405311624,0.4285714285714285,0.9951075665169896,0.6516324792325011,0.4484981474556396,0.0116279069767441,0.125,0.9943303094983992,0.0212765957446808,0.3525496967624563,0.1134862702410513,0.0,0.0,0.9961320440146716,0.0,0.0,0.0,0.0,0.0,1.0,0.0,0.0,0.0,0.9985348678580525,0.9899333333333332,0.4291004487511659,0.9941901469726376,0.6512123154234908,0.4481400751954763,,
2024-07-22 08:17:12,hf_copula_syn_150000_2,1000,0.0001,8,5.0,4,0.9994614607876136,0.9907246763646068,0.4285714285714285,0.9950738916256158,0.6516105354201587,0.4484651082057119,0.0116279069767441,0.125,0.9943303094983992,0.0212765957446808,0.3525496967624563,0.1134862702410513,0.0,0.0,0.9960653551183728,0.0,0.0,0.0,0.0,0.0,1.0,0.0,0.0,0.0,0.998534831641266,0.9898666666666668,0.4291004265215338,0.9941565035111624,0.6511903920920399,0.4481070667821819,,
2024-07-22 08:18:32,hf_copula_syn_150000_2,1000,0.0001,8,7.0,4,0.9994614970382336,0.990791405311624,0.4285714285714285,0.9951075665169896,0.6516324792325011,0.4484981474556396,0.0116279069767441,0.125,0.9943303094983992,0.0212765957446808,0.3525496967624563,0.1134862702410513,0.0,0.0,0.9961320440146716,0.0,0.0,0.0,0.0,0.0,1.0,0.0,0.0,0.0,0.9985348678580525,0.9899333333333332,0.4291004487511659,0.9941901469726376,0.6512123154234908,0.4481400751954763,,
2024-07-22 08:19:52,hf_copula_syn_150000_2,1000,0.0001,8,9.0,4,0.9994614970382336,0.990791405311624,0.4285714285714285,0.9951075665169896,0.6516324792325011,0.4484981474556396,0.0116279069767441,0.125,0.9943303094983992,0.0212765957446808,0.3525496967624563,0.1134862702410513,0.0,0.0,0.9961320440146716,0.0,0.0,0.0,0.0,0.0,1.0,0.0,0.0,0.0,0.9985348678580525,0.9899333333333332,0.4291004487511659,0.9941901469726376,0.6512123154234908,0.4481400751954763,,
2024-07-22 08:22:09,hf_copula_syn_150000_2,1000,0.0001,10,1.0,4,0.9992608023654324,0.9922594421460028,0.2142857142857142,0.9957478153145612,0.4611149784131942,0.2291688471143769,0.0116279069767441,0.125,0.9943303094983992,0.0212765957446808,0.3525496967624563,0.1134862702410513,0.0,0.0,0.9977992664221408,0.0,0.0,0.0,0.0,0.0,1.0,0.0,0.0,0.0,0.9983343605002792,0.9914,0.2150152902062541,0.9948297982046648,0.4608726309382819,0.2290154822011987,,
2024-07-22 08:24:23,hf_copula_syn_150000_2,1000,0.0001,10,3.0,4,0.9992606533136176,0.9920592553049512,0.2142857142857142,0.9956469327618538,0.461068461442306,0.2291183569917632,0.0116279069767441,0.125,0.9943303094983992,0.0212765957446808,0.3525496967624563,0.1134862702410513,0.0,0.0,0.9975991997332444,0.0,0.0,0.0,0.0,0.0,1.0,0.0,0.0,0.0,0.9983342115875792,0.9912,0.2150152235173578,0.9947290098090066,0.4608261573832332,0.2289650392026995,,
2024-07-22 08:26:44,hf_copula_syn_150000_2,1000,0.0001,10,5.0,4,0.9992606533136176,0.9920592553049512,0.2142857142857142,0.9956469327618538,0.461068461442306,0.2291183569917632,0.0116279069767441,0.125,0.9943303094983992,0.0212765957446808,0.3525496967624563,0.1134862702410513,0.0,0.0,0.9975991997332444,0.0,0.0,0.0,0.0,0.0,1.0,0.0,0.0,0.0,0.9983342115875792,0.9912,0.2150152235173578,0.9947290098090066,0.4608261573832332,0.2289650392026995,,
2024-07-22 08:29:04,hf_copula_syn_150000_2,1000,0.0001,10,7.0,4,0.9992606533136176,0.9920592553049512,0.2142857142857142,0.9956469327618538,0.461068461442306,0.2291183569917632,0.0116279069767441,0.125,0.9943303094983992,0.0212765957446808,0.3525496967624563,0.1134862702410513,0.0,0.0,0.9975991997332444,0.0,0.0,0.0,0.0,0.0,1.0,0.0,0.0,0.0,0.9983342115875792,0.9912,0.2150152235173578,0.9947290098090066,0.4608261573832332,0.2289650392026995,,
2024-07-22 08:31:25,hf_copula_syn_150000_2,1000,0.0001,10,9.0,4,0.9992596580966484,0.9907246763646068,0.2142857142857142,0.994973864093285,0.4607582282881912,0.2287818000657547,0.0116279069767441,0.125,0.9943303094983992,0.0212765957446808,0.3525496967624563,0.1134862702410513,0.0,0.0,0.9962654218072692,0.0,0.0,0.0,0.0,0.0,1.0,0.0,0.0,0.0,0.9983332172994792,0.9898666666666668,0.2150147789247158,0.9940565693378618,0.4605162137800622,0.2286287963964885,,
2024-07-22 08:31:35,hf_copula_syn_300000_2,100,0.1,2,1.0,4,0.9995275696834716,0.98825570532497,0.5,0.99385967855585,0.7029422825968609,0.5182539269847284,0.0,0.0,0.99886606189968,0.0,0.0,0.0,0.0180722891566265,0.6,0.9891297099033012,0.0350877192982456,0.7703751202771157,0.5703838405176961,0.0,0.0,1.0,0.0,0.0,0.0,0.998600701381486,0.9875333333333334,0.5004624384696476,0.9929437720956308,0.7025429948398628,0.5179603512663818,,
2024-07-22 08:31:47,hf_copula_syn_300000_2,100,0.1,2,3.0,4,0.9995274102079396,0.987922060589884,0.5,0.9936908517350158,0.7028236125052586,0.5180624786702029,0.0,0.0,0.99886606189968,0.0,0.0,0.0,0.0175438596491228,0.6,0.9887962654218072,0.034090909090909,0.7702452591565133,0.5702113415375426,0.0,0.0,1.0,0.0,0.0,0.0,0.9986003659116286,0.9872,0.5004623273214871,0.9927747705764268,0.7024243922199725,0.5177690241372899,,
2024-07-22 08:31:59,hf_copula_syn_300000_2,100,0.1,2,5.0,4,0.9995274102079396,0.987922060589884,0.5,0.9936908517350158,0.7028236125052586,0.5180624786702029,0.0,0.0,0.99886606189968,0.0,0.0,0.0,0.0175438596491228,0.6,0.9887962654218072,0.034090909090909,0.7702452591565133,0.5702113415375426,0.0,0.0,1.0,0.0,0.0,0.0,0.9986003659116286,0.9872,0.5004623273214871,0.9927747705764268,0.7024243922199725,0.5177690241372899,,
2024-07-22 08:32:11,hf_copula_syn_300000_2,100,0.1,2,7.0,4,0.9995274102079396,0.987922060589884,0.5,0.9936908517350158,0.7028236125052586,0.5180624786702029,0.0,0.0,0.99886606189968,0.0,0.0,0.0,0.0175438596491228,0.6,0.9887962654218072,0.034090909090909,0.7702452591565133,0.5702113415375426,0.0,0.0,1.0,0.0,0.0,0.0,0.9986003659116286,0.9872,0.5004623273214871,0.9927747705764268,0.7024243922199725,0.5177690241372899,,
2024-07-22 08:32:22,hf_copula_syn_300000_2,100,0.1,2,9.0,4,0.9995275696834716,0.98825570532497,0.5,0.99385967855585,0.7029422825968609,0.5182539269847284,0.0,0.0,0.99886606189968,0.0,0.0,0.0,0.0180722891566265,0.6,0.9891297099033012,0.0350877192982456,0.7703751202771157,0.5703838405176961,0.0,0.0,1.0,0.0,0.0,0.0,0.998600701381486,0.9875333333333334,0.5004624384696476,0.9929437720956308,0.7025429948398628,0.5179603512663818,,
2024-07-22 08:32:35,hf_copula_syn_300000_2,100,0.1,4,1.0,4,0.9995261305171949,0.9852529027091952,0.5,0.992338194771154,0.7018735294585469,0.5165312929017125,0.0,0.0,0.995397545357524,0.0,0.0,0.0,0.0188679245283018,0.6,0.9895965321773924,0.0365853658536585,0.7705568890785647,0.5706253166749703,0.0,0.0,1.0,0.0,0.0,0.0,0.9985995287702214,0.9845333333333334,0.5004607442015832,0.9914242075779852,0.7014752997940784,0.5162394054672292,,
2024-07-22 08:32:47,hf_copula_syn_300000_2,100,0.1,4,3.0,4,0.9995258095109064,0.984585613239023,0.5,0.9919994621487158,0.7016358076805314,0.5161486077783992,0.0,0.0,0.9957977588046958,0.0,0.0,0.0,0.0114285714285714,0.4,0.9884628209403136,0.0222222222222222,0.6287965715365545,0.3721181835759191,0.0,0.0,1.0,0.0,0.0,0.0,0.9985967282791725,0.9838,0.5004605797450092,0.9910810033914512,0.7011905464505417,0.5157909084723313,,
2024-07-22 08:32:59,hf_copula_syn_300000_2,100,0.1,4,5.0,4,0.999525905858449,0.9847858000800748,0.5,0.9921011058451816,0.7017071326700601,0.5162634086400031,0.0,0.0,0.9955309498399146,0.0,0.0,0.0,0.0178571428571428,0.6,0.9889963321107036,0.0346820809248554,0.7703231784559141,0.570314842526702,0.0,0.0,1.0,0.0,0.0,0.0,0.9985989673939336,0.9840666666666666,0.5004606152839516,0.9911867055067012,0.7013089804057201,0.515971667739448,,
2024-07-22 08:33:11,hf_copula_syn_300000_2,100,0.1,4,7.0,4,0.999525905858449,0.9847858000800748,0.5,0.9921011058451816,0.7017071326700601,0.5162634086400031,0.0,0.0,0.9961979722518676,0.0,0.0,0.0,0.0168539325842696,0.6,0.988329443147716,0.0327868852459016,0.7700634167967139,0.5699698205503868,0.0,0.0,1.0,0.0,0.0,0.0,0.9985986329905092,0.9840666666666666,0.5004607487329168,0.991186073774808,0.7013088938185003,0.5159715527321226,,
2024-07-22 08:33:24,hf_copula_syn_300000_2,100,0.1,4,9.0,4,0.9995261305171949,0.9852529027091952,0.5,0.992338194771154,0.7018735294585469,0.5165312929017125,0.0,0.0,0.9954642475987192,0.0,0.0,0.0,0.0125,0.4,0.9894631543847948,0.0242424242424242,0.629114665028497,0.3724551788686703,0.0,0.0,1.0,0.0,0.0,0.0,0.998597406128712,0.9844666666666668,0.5004607353168476,0.991420093264115,0.7014281523860617,0.5161733487546271,,
2024-07-22 08:33:40,hf_copula_syn_300000_2,100,0.1,8,1.0,4,0.9995251661918328,0.9832510342986788,0.5,0.9913213132400432,0.7011601223325092,0.5153833711143435,0.0,0.0,0.9937966915688368,0.0,0.0,0.0,0.0125,0.4,0.9894631543847948,0.0242424242424242,0.629114665028497,0.3724551788686703,0.0,0.0,0.9996666444429628,0.0,0.0,0.0,0.9985964427033872,0.9824666666666668,0.5004598237299278,0.9904041608224332,0.700715411106675,0.5150264983609263,,
2024-07-22 08:33:56,hf_copula_syn_300000_2,100,0.1,8,3.0,4,0.999525294995253,0.9835179500867476,0.5,0.9914570160096864,0.7012552852160002,0.515536404198347,0.0,0.0,0.993863393810032,0.0,0.0,0.0,0.0125786163522012,0.4,0.9895298432810936,0.024390243902439,0.6291358655429188,0.3724776423751788,0.0,0.0,0.9997999866657776,0.0,0.0,0.0,0.9985965975920412,0.9827333333333332,0.5004598904235701,0.9905397862093782,0.7008104922383128,0.5151793961018869,,
2024-07-22 08:34:12,hf_copula_syn_300000_2,100,0.1,8,5.0,4,0.9995254559012948,0.9838515948218336,0.5,0.9916265931331338,0.7013742206632041,0.5157277055720444,0.0,0.0,0.9941302027748132,0.0,0.0,0.0,0.0125,0.4,0.9894631543847948,0.0242424242424242,0.629114665028497,0.3724551788686703,0.0,0.0,0.9999333288885924,0.0,0.0,0.0,0.9985967321424536,0.9830666666666666,0.5004600193815341,0.9907091557876238,0.7009293096122612,0.5153705114398001,,
2024-07-22 08:34:29,hf_copula_syn_300000_2,100,0.1,8,7.0,4,0.9995252628009494,0.9834512211397304,0.5,0.9914230937405402,0.7012314957058512,0.5154981452594333,0.0,0.0,0.994530416221985,0.0,0.0,0.0,0.0118343195266272,0.4,0.988862954318106,0.0229885057471264,0.6289238282393523,0.3722529912994227,0.0,0.0,0.9997333155543704,0.0,0.0,0.0,0.998596317328844,0.9826666666666668,0.5004600194277947,0.9905054283549648,0.7007866542526056,0.5151410979876243,,
2024-07-22 08:34:45,hf_copula_syn_300000_2,100,0.1,8,9.0,4,0.9995253271851902,0.9835846790337648,0.5,0.9914909359970404,0.701279073919137,0.515574663582536,0.0,0.0,0.9939300960512272,0.0,0.0,0.0,0.0125,0.4,0.9894631543847948,0.0242424242424242,0.629114665028497,0.3724551788686703,0.0,0.0,0.9998666577771852,0.0,0.0,0.0,0.998596603546484,0.9828,0.5004599082132074,0.9905736252648571,0.700834251671822,0.5152176122894818,,
2024-07-22 08:35:08,hf_copula_syn_300000_2,100,0.1,10,1.0,4,0.9995244888254874,0.9818497264113172,0.5,0.9906082741441412,0.7006603051448388,0.5145800643080746,0.0,0.0,0.993663287086446,0.0,0.0,0.0,0.0114285714285714,0.4,0.9884628209403136,0.0222222222222222,0.6287965715365545,0.3721181835759191,0.0,0.0,0.9993999599973332,0.0,0.0,0.0,0.9985954088263932,0.9810666666666666,0.5004594013574261,0.989691113829014,0.7002159543838824,0.5142238289759123,,
2024-07-22 08:35:31,hf_copula_syn_300000_2,100,0.1,10,3.0,4,0.9995244888254874,0.9818497264113172,0.5,0.9906082741441412,0.7006603051448388,0.5145800643080746,0.0,0.0,0.9934631803628602,0.0,0.0,0.0,0.0117647058823529,0.4,0.9887962654218072,0.0228571428571428,0.6289026205770835,0.3722305242349874,0.0,0.0,0.9992666177745184,0.0,0.0,0.0,0.9985955208712112,0.9810666666666666,0.5004593968925191,0.9896913254692256,0.7002159897335626,0.5142238664227987,,
2024-07-22 08:35:55,hf_copula_syn_300000_2,100,0.1,10,5.0,4,0.9995247470975628,0.9823835579874548,0.5,0.9908800269224298,0.7008507537227362,0.5148860627942456,0.0,0.0,0.9935298826040556,0.0,0.0,0.0,0.0120481927710843,0.4,0.9890630210070024,0.023391812865497,0.6289874469357882,0.3723203903579731,0.0,0.0,0.9994666311087406,0.0,0.0,0.0,0.998595873397862,0.9816,0.5004595347197984,0.989963002834924,0.700406288834907,0.514529609265757,,
2024-07-22 08:36:19,hf_copula_syn_300000_2,100,0.1,10,7.0,4,0.9995246179966044,0.982116642199386,0.5,0.9907441688263606,0.7007555359037081,0.5147330599889584,0.0,0.0,0.9927961579509073,0.0,0.0,0.0,0.0124223602484472,0.4,0.989396465488496,0.0240963855421686,0.6290934637996158,0.3724327150063693,0.0,0.0,0.9995999733315556,0.0,0.0,0.0,0.9985958691398904,0.9813333333333332,0.5004592634376255,0.9898275063973034,0.7003111952247979,0.5143767867046375,,
2024-07-22 08:36:43,hf_copula_syn_300000_2,100,0.1,10,9.0,4,0.9995244888254874,0.9818497264113172,0.5,0.9906082741441412,0.7006603051448388,0.5145800643080746,0.0,0.0,0.9935298826040556,0.0,0.0,0.0,0.0114285714285714,0.4,0.9884628209403136,0.0222222222222222,0.6287965715365545,0.3721181835759191,0.0,0.0,0.999533302220148,0.0,0.0,0.0,0.9985954088263932,0.9810666666666666,0.5004593390978503,0.989691113829014,0.7002159543838824,0.5142238289759123,,
2024-07-22 08:37:04,hf_copula_syn_300000_2,500,0.1,2,1.0,4,0.999526419051485,0.9858534632323502,0.5,0.9926428595424462,0.7020874102390493,0.5168757475837273,0.0,0.0,0.9959311632870864,0.0,0.0,0.0,0.0129870129870129,0.4,0.9898632877625876,0.0251572327044025,0.629241857400662,0.37258995457083,0.0,0.0,0.9997333155543704,0.0,0.0,0.0,0.998597856731366,0.9850666666666666,0.5004610999373776,0.9917247786177747,0.7016418759419597,0.5165175268708395,,
2024-07-22 08:37:27,hf_copula_syn_300000_2,500,0.1,2,3.0,4,0.9995263870094724,0.985786734285333,0.5,0.9926090169992609,0.7020636489255562,0.5168374730601804,0.0,0.0,0.9957310565635006,0.0,0.0,0.0,0.0130718954248366,0.4,0.9899299766588864,0.0253164556962025,0.6292630536298429,0.3726124159425822,0.0,0.0,0.9997999866657776,0.0,0.0,0.0,0.9985978530134052,0.985,0.5004610198881645,0.9916910207352936,0.7016181438711023,0.516479295557305,,
2024-07-22 08:37:46,hf_copula_syn_300000_2,500,0.1,2,5.0,4,0.9995262587980508,0.985519818497264,0.5,0.9924736240844028,0.7019685956284882,0.5166843794187445,0.0,0.0,0.9957977588046958,0.0,0.0,0.0,0.0126582278481012,0.4,0.9895965321773924,0.0245398773006134,0.6291570653429531,0.3725001055258944,0.0,0.0,0.9997999866657776,0.0,0.0,0.0,0.9985975870324556,0.9847333333333332,0.5004609443145326,0.9915554953276908,0.701523143961016,0.5163263073664623,,
2024-07-22 08:38:09,hf_copula_syn_300000_2,500,0.1,2,7.0,4,0.9995262267343484,0.9854530895502468,0.5,0.9924397701690132,0.7019448302930391,0.5166461071215737,0.0,0.0,0.9956643543223052,0.0,0.0,0.0,0.0127388535031847,0.4,0.9896632210736912,0.0246913580246913,0.6291782644286724,0.3725225683208173,0.0,0.0,0.9997999866657776,0.0,0.0,0.0,0.9985975818738976,0.9846666666666668,0.5004608953951075,0.9915217235028636,0.7014994078729084,0.5162880782777005,,
2024-07-22 08:38:31,hf_copula_syn_300000_2,500,0.1,2,9.0,4,0.9995260984361248,0.985186173762178,0.5,0.992304331753873,0.701849760904062,0.5164930223856427,0.0,0.0,0.9954642475987192,0.0,0.0,0.0,0.0126582278481012,0.4,0.9895965321773924,0.0245398773006134,0.6291570653429531,0.3725001055258944,0.0,0.0,0.9997999866657776,0.0,0.0,0.0,0.9985974268202004,0.9844,0.5004607664418895,0.9913863610033364,0.7014044201489993,0.5161351289332581,,
2024-07-22 08:38:59,hf_copula_syn_300000_2,500,0.1,4,1.0,4,0.9995253915519696,0.9837181369277992,0.5,0.9915587691272912,0.7013266489047023,0.5156511836867397,0.0,0.0,0.9946638207043756,0.0,0.0,0.0,0.0123456790123456,0.4,0.9893297765921976,0.0239520958083832,0.6290722618562028,0.3724102507882754,0.0,0.0,0.9993999599973332,0.0,0.0,0.0,0.9985966164128586,0.9829333333333332,0.5004602239605729,0.9906412983080416,0.7008817681196766,0.5152940459988947,,
2024-07-22 08:39:27,hf_copula_syn_300000_2,500,0.1,4,3.0,4,0.9995254880694144,0.9839183237688508,0.5,0.9916605017149774,0.7013980053325113,0.5157659671826095,0.0,0.0,0.9949306296691568,0.0,0.0,0.0,0.0122699386503067,0.4,0.9892630876958988,0.0238095238095238,0.6290510591981858,0.3723877862143889,0.0,0.0,0.9993999599973332,0.0,0.0,0.0,0.9985966875934328,0.9831333333333332,0.5004603440290554,0.9907428884213132,0.7009530508806003,0.5154087148753105,,
2024-07-22 08:39:53,hf_copula_syn_300000_2,500,0.1,4,5.0,4,0.9995254559012948,0.9838515948218336,0.5,0.9916265931331338,0.7013742206632041,0.5157277055720444,0.0,0.0,0.9948639274279616,0.0,0.0,0.0,0.0125,0.4,0.9894631543847948,0.0242424242424242,0.629114665028497,0.3724551788686703,0.0,0.0,0.9991999466631108,0.0,0.0,0.0,0.9985967321424536,0.9830666666666666,0.5004603618092007,0.9907091557876238,0.7009293096122612,0.5153705114398001,,
2024-07-22 08:40:22,hf_copula_syn_300000_2,500,0.1,4,7.0,4,0.9995254559012948,0.9838515948218336,0.5,0.9916265931331338,0.7013742206632041,0.5157277055720444,0.0,0.0,0.9949973319103522,0.0,0.0,0.0,0.0122699386503067,0.4,0.9892630876958988,0.0238095238095238,0.6290510591981858,0.3723877862143889,0.0,0.0,0.9992666177745184,0.0,0.0,0.0,0.998596655455337,0.9830666666666666,0.5004603707141024,0.9907090114874796,0.7009292884103178,0.5153704889755819,,
2024-07-22 08:40:50,hf_copula_syn_300000_2,500,0.1,4,9.0,4,0.9995254880694144,0.9839183237688508,0.5,0.9916605017149774,0.7013980053325113,0.5157659671826095,0.0,0.0,0.9948639274279616,0.0,0.0,0.0,0.0124223602484472,0.4,0.989396465488496,0.0240963855421686,0.6290934637996158,0.3724327150063693,0.0,0.0,0.9993332888859258,0.0,0.0,0.0,0.9985967384006325,0.9831333333333332,0.5004603484690502,0.9907429840418908,0.7009530650154675,0.5154087298515745,,
2024-07-22 08:41:10,hf_copula_syn_300000_2,500,0.1,8,1.0,4,0.9995246179966044,0.982116642199386,0.5,0.9907441688263606,0.7007555359037081,0.5147330599889584,0.0,0.0,0.993663287086446,0.0,0.0,0.0,0.0117647058823529,0.4,0.9887962654218072,0.0228571428571428,0.6289026205770835,0.3722305242349874,0.0,0.0,0.9993332888859258,0.0,0.0,0.0,0.9985956499217684,0.9813333333333332,0.5004595080608458,0.9898270933164084,0.7003111316103903,0.5143767193077137,,
2024-07-22 08:41:38,hf_copula_syn_300000_2,500,0.1,8,3.0,4,0.9995243595841544,0.9815828106232484,0.5,0.9904723428609904,0.7005650614408516,0.5144270757515947,0.0,0.0,0.992529348986126,0.0,0.0,0.0,0.0125,0.4,0.9894631543847948,0.0242424242424242,0.629114665028497,0.3724551788686703,0.0,0.0,0.9992666177745184,0.0,0.0,0.0,0.9985956368485426,0.9808,0.5004591211454391,0.9895559828157344,0.700120905605183,0.5140710955405161,,
2024-07-22 08:42:06,hf_copula_syn_300000_2,500,0.1,8,5.0,4,0.9995243272628432,0.9815160816762312,0.5,0.9904383543195744,0.7005412484915614,0.5143888297256629,0.0,0.0,0.9927294557097118,0.0,0.0,0.0,0.0120481927710843,0.4,0.9890630210070024,0.023391812865497,0.6289874469357882,0.3723203903579731,0.0,0.0,0.9993999599973332,0.0,0.0,0.0,0.9985954539549882,0.9807333333333332,0.500459103380714,0.9895217424598312,0.7000970724752813,0.5140328402813715,,
2024-07-22 08:42:38,hf_copula_syn_300000_2,500,0.1,8,7.0,4,0.9995243919010736,0.9816495395702656,0.5,0.990506329113924,0.700588873580742,0.514465322222802,0.0,0.0,0.9927961579509073,0.0,0.0,0.0,0.0121212121212121,0.4,0.9891297099033012,0.0235294117647058,0.6290086517380508,0.3723428559992377,0.0,0.0,0.9993999599973332,0.0,0.0,0.0,0.9985955428726728,0.9808666666666668,0.5004591611848748,0.9895896996773392,0.7001446601826459,0.5141092688740604,,
2024-07-22 08:43:06,hf_copula_syn_300000_2,500,0.1,8,9.0,4,0.9995244888254874,0.9818497264113172,0.5,0.9906082741441412,0.7006603051448388,0.5145800643080746,0.0,0.0,0.9927961579509073,0.0,0.0,0.0,0.0125786163522012,0.4,0.9895298432810936,0.024390243902439,0.6291358655429188,0.3724776423751788,0.0,0.0,0.9991999466631108,0.0,0.0,0.0,0.998595792174701,0.9810666666666666,0.5004592812284451,0.9896918365029076,0.7002160674818845,0.514223948795512,,
2024-07-22 08:43:32,hf_copula_syn_300000_2,500,0.1,10,1.0,4,0.9995244888254874,0.9818497264113172,0.5,0.9906082741441412,0.7006603051448388,0.5145800643080746,0.0,0.0,0.993663287086446,0.0,0.0,0.0,0.0114285714285714,0.4,0.9884628209403136,0.0222222222222222,0.6287965715365545,0.3721181835759191,0.0,0.0,0.9993999599973332,0.0,0.0,0.0,0.9985954088263932,0.9810666666666666,0.5004594013574261,0.989691113829014,0.7002159543838824,0.5142238289759123,,
2024-07-22 08:44:03,hf_copula_syn_300000_2,500,0.1,10,3.0,4,0.9995240038079696,0.980848792206059,0.5,0.9900983429880104,0.7003030744634994,0.5140063939564823,0.0,0.0,0.99232924226254,0.0,0.0,0.0,0.0119047619047619,0.4,0.9889296432144048,0.0231213872832369,0.6289450351865113,0.3722754580080657,0.0,0.0,0.9992666177745184,0.0,0.0,0.0,0.998595082991717,0.9800666666666666,0.5004588365847964,0.989181958330316,0.6998591066057289,0.5136507464747923,,
2024-07-22 08:44:30,hf_copula_syn_300000_2,500,0.1,10,5.0,4,0.9995246502784192,0.9821833711464032,0.5,0.9907781367797522,0.7007793415713691,0.5147713100223672,0.0,0.0,0.9935298826040556,0.0,0.0,0.0,0.0119047619047619,0.4,0.9889296432144048,0.0231213872832369,0.6289450351865113,0.3722754580080657,0.0,0.0,0.9993999599973332,0.0,0.0,0.0,0.998595728858794,0.9814,0.5004594858157935,0.9898611176478522,0.7003349291976313,0.5144149486190157,,
2024-07-22 08:45:00,hf_copula_syn_300000_2,500,0.1,10,7.0,4,0.9994562262098968,0.981182436941145,0.4285714285714285,0.990235032662132,0.648464924794751,0.4437444250836065,0.0,0.0,0.9922625400213448,0.0,0.0,0.0,0.0060975609756097,0.2,0.9891297099033012,0.0118343195266272,0.4447762830689831,0.1822149091600056,0.0,0.0,0.9994666311087406,0.0,0.0,0.0,0.9985254329190928,0.9803333333333332,0.4290969762714816,0.9893147580714896,0.6480079496259655,0.4433910019232485,,
2024-07-22 08:45:39,hf_copula_syn_300000_2,500,0.1,10,9.0,4,0.9995236799129016,0.9801815027358868,0.5,0.9897581025537364,0.700064819404563,0.5136240027148252,0.0,0.0,0.9919957310565636,0.0,0.0,0.0,0.0114285714285714,0.4,0.9884628209403136,0.0222222222222222,0.6287965715365545,0.3721181835759191,0.0,0.0,0.9993999599973332,0.0,0.0,0.0,0.9985946006687922,0.9794,0.5004585119942101,0.9888417357320936,0.6996210244302975,0.5132686597068167,,
2024-07-22 08:46:23,hf_copula_syn_300000_2,1500,0.1,2,1.0,4,0.999526034260952,0.9850527158681436,0.5,0.9922365988909426,0.7018022213801206,0.5164164826893285,0.0,0.0,0.9952641408751334,0.0,0.0,0.0,0.0132450331125827,0.4,0.990063354451484,0.0256410256410256,0.6293054439464143,0.3726573376187083,0.0,0.0,0.9993999599973332,0.0,0.0,0.0,0.9985975583066792,0.9842666666666666,0.5004607886572838,0.9913190584071916,0.7013569744548147,0.5160587130846913,,
2024-07-22 08:46:58,hf_copula_syn_300000_2,1500,0.1,2,3.0,4,0.9995262267343484,0.9854530895502468,0.5,0.9924397701690132,0.7019448302930391,0.5166461071215737,0.0,0.0,0.995397545357524,0.0,0.0,0.0,0.0134228187919463,0.4,0.9901967322440812,0.0259740259740259,0.6293478314077459,0.3727022578716635,0.0,0.0,0.999533302220148,0.0,0.0,0.0,0.9985978098623272,0.9846666666666668,0.5004609131550867,0.9915221510588468,0.7014994643952348,0.5162881381742174,,
2024-07-22 08:47:49,hf_copula_syn_300000_2,1500,0.1,2,5.0,4,0.9995259700683956,0.9849192579741092,0.5,0.992168856921991,0.7017546786356715,0.5163399447741155,0.0,0.0,0.9949973319103522,0.0,0.0,0.0,0.0132450331125827,0.4,0.990063354451484,0.0256410256410256,0.6293054439464143,0.3726573376187083,0.0,0.0,0.999533302220148,0.0,0.0,0.0,0.998597494174036,0.9841333333333332,0.5004606552486507,0.9912513796640776,0.7013094760835937,0.5159822466048659,,
2024-07-22 08:48:33,hf_copula_syn_300000_2,1500,0.1,2,7.0,4,0.9995259700683956,0.9849192579741092,0.5,0.992168856921991,0.7017546786356715,0.5163399447741155,0.0,0.0,0.9949973319103522,0.0,0.0,0.0,0.0133333333333333,0.4,0.9901300433477824,0.0258064516129032,0.629326638033949,0.3726797979230822,0.0,0.0,0.9994666311087406,0.0,0.0,0.0,0.998597523607443,0.9841333333333332,0.500460673033542,0.991251434806068,0.7013094831482896,0.515982254091634,,
2024-07-22 08:49:23,hf_copula_syn_300000_2,1500,0.1,2,9.0,4,0.9995259379655966,0.984852529027092,0.5,0.9921349825221836,0.701730906055552,0.5163016764844215,0.0,0.0,0.9949973319103522,0.0,0.0,0.0,0.0131578947368421,0.4,0.9899966655551852,0.0254777070063694,0.6292842491450696,0.3726348769585416,0.0,0.0,0.999533302220148,0.0,0.0,0.0,0.9985974330550744,0.9840666666666666,0.5004606330190186,0.9912174824408316,0.7012857186262819,0.5159440065453555,,
2024-07-22 08:49:49,hf_copula_syn_300000_2,1500,0.1,4,1.0,4,0.9995253915519696,0.9837181369277992,0.5,0.9915587691272912,0.7013266489047023,0.5156511836867397,0.0,0.0,0.9946638207043756,0.0,0.0,0.0,0.0124223602484472,0.4,0.989396465488496,0.0240963855421686,0.6290934637996158,0.3724327150063693,0.0,0.0,0.9993332888859258,0.0,0.0,0.0,0.9985966419732706,0.9829333333333332,0.5004602417454642,0.9906413464046196,0.7008817751869911,0.5152940534869674,,
2024-07-22 08:50:16,hf_copula_syn_300000_2,1500,0.1,4,3.0,4,0.9995254880694144,0.9839183237688508,0.5,0.9916605017149774,0.7013980053325113,0.5157659671826095,0.0,0.0,0.9949306296691568,0.0,0.0,0.0,0.0122699386503067,0.4,0.9892630876958988,0.0238095238095238,0.6290510591981858,0.3723877862143889,0.0,0.0,0.9993999599973332,0.0,0.0,0.0,0.9985966875934328,0.9831333333333332,0.5004603440290554,0.9907428884213132,0.7009530508806003,0.5154087148753105,,
2024-07-22 08:50:45,hf_copula_syn_300000_2,1500,0.1,4,5.0,4,0.9995253271851902,0.9835846790337648,0.5,0.9914909359970404,0.701279073919137,0.515574663582536,0.0,0.0,0.9946638207043756,0.0,0.0,0.0,0.0124223602484472,0.4,0.989396465488496,0.0240963855421686,0.6290934637996158,0.3724327150063693,0.0,0.0,0.9991999466631108,0.0,0.0,0.0,0.9985965776665668,0.9828,0.5004602328559827,0.9905735765852904,0.7008342446047457,0.5152176048015278,,
2024-07-22 08:51:19,hf_copula_syn_300000_2,1500,0.1,4,7.0,4,0.9995249728555916,0.9828506606165754,0.5,0.9911176905995558,0.7010173537854022,0.5151538348465953,0.0,0.0,0.9945971184631804,0.0,0.0,0.0,0.0115606936416184,0.4,0.9885961987329108,0.0224719101123595,0.6288389932988924,0.3721631209069245,0.0,0.0,0.9993332888859258,0.0,0.0,0.0,0.9985959364454736,0.9820666666666666,0.5004599394153504,0.9902001380583668,0.7005726839196356,0.5147970789743741,,
2024-07-22 08:51:54,hf_copula_syn_300000_2,1500,0.1,4,9.0,4,0.9995251661918328,0.9832510342986788,0.5,0.9913213132400432,0.7011601223325092,0.5153833711143435,0.0,0.0,0.994530416221985,0.0,0.0,0.0,0.0121951219512195,0.4,0.9891963987996,0.0236686390532544,0.6290298558254925,0.3723653212847096,0.0,0.0,0.9991999466631108,0.0,0.0,0.0,0.9985963410773708,0.9824666666666668,0.5004600950180291,0.9904039695607036,0.7007153828369408,0.5150264684083983,,
2024-07-22 08:52:17,hf_copula_syn_300000_2,1500,0.1,8,1.0,4,0.9995246179966044,0.982116642199386,0.5,0.9907441688263606,0.7007555359037081,0.5147330599889584,0.0,0.0,0.993663287086446,0.0,0.0,0.0,0.0117647058823529,0.4,0.9887962654218072,0.0228571428571428,0.6289026205770835,0.3722305242349874,0.0,0.0,0.9993332888859258,0.0,0.0,0.0,0.9985956499217684,0.9813333333333332,0.5004595080608458,0.9898270933164084,0.7003111316103903,0.5143767193077137,,
2024-07-22 08:52:45,hf_copula_syn_300000_2,1500,0.1,8,3.0,4,0.9995243595841544,0.9815828106232484,0.5,0.9904723428609904,0.7005650614408516,0.5144270757515947,0.0,0.0,0.992529348986126,0.0,0.0,0.0,0.0125,0.4,0.9894631543847948,0.0242424242424242,0.629114665028497,0.3724551788686703,0.0,0.0,0.9992666177745184,0.0,0.0,0.0,0.9985956368485426,0.9808,0.5004591211454391,0.9895559828157344,0.700120905605183,0.5140710955405161,,
2024-07-22 08:53:14,hf_copula_syn_300000_2,1500,0.1,8,5.0,4,0.9995243272628432,0.9815160816762312,0.5,0.9904383543195744,0.7005412484915614,0.5143888297256629,0.0,0.0,0.9927294557097118,0.0,0.0,0.0,0.0120481927710843,0.4,0.9890630210070024,0.023391812865497,0.6289874469357882,0.3723203903579731,0.0,0.0,0.9993999599973332,0.0,0.0,0.0,0.9985954539549882,0.9807333333333332,0.500459103380714,0.9895217424598312,0.7000970724752813,0.5140328402813715,,
2024-07-22 08:53:46,hf_copula_syn_300000_2,1500,0.1,8,7.0,4,0.9995245857104048,0.9820499132523688,0.5,0.9907101985863348,0.7007317294273069,0.5146948104008244,0.0,0.0,0.9931296691568836,0.0,0.0,0.0,0.0121951219512195,0.4,0.9891963987996,0.0236686390532544,0.6290298558254925,0.3723653212847096,0.0,0.0,0.9993999599973332,0.0,0.0,0.0,0.9985957611377256,0.9812666666666666,0.5004593612871501,0.9897934252806718,0.7002873897651165,0.5143385503515452,,
2024-07-22 08:54:14,hf_copula_syn_300000_2,1500,0.1,8,9.0,4,0.9995244888254874,0.9818497264113172,0.5,0.9906082741441412,0.7006603051448388,0.5145800643080746,0.0,0.0,0.9927961579509073,0.0,0.0,0.0,0.0125786163522012,0.4,0.9895298432810936,0.024390243902439,0.6291358655429188,0.3724776423751788,0.0,0.0,0.9991999466631108,0.0,0.0,0.0,0.998595792174701,0.9810666666666666,0.5004592812284451,0.9896918365029076,0.7002160674818845,0.514223948795512,,
2024-07-22 08:54:41,hf_copula_syn_300000_2,1500,0.1,10,1.0,4,0.9995244888254874,0.9818497264113172,0.5,0.9906082741441412,0.7006603051448388,0.5145800643080746,0.0,0.0,0.993663287086446,0.0,0.0,0.0,0.0114285714285714,0.4,0.9884628209403136,0.0222222222222222,0.6287965715365545,0.3721181835759191,0.0,0.0,0.9993999599973332,0.0,0.0,0.0,0.9985954088263932,0.9810666666666666,0.5004594013574261,0.989691113829014,0.7002159543838824,0.5142238289759123,,
2024-07-22 08:55:10,hf_copula_syn_300000_2,1500,0.1,10,3.0,4,0.9995240361732508,0.9809155211530762,0.5,0.9901323544269692,0.7003268955113305,0.5140446355296617,0.0,0.0,0.9922625400213448,0.0,0.0,0.0,0.0121951219512195,0.4,0.9891963987996,0.0236686390532544,0.6290298558254925,0.3723653212847096,0.0,0.0,0.9991332755517034,0.0,0.0,0.0,0.9985952121134728,0.9801333333333332,0.5004588810393147,0.989216120442522,0.6998829336941285,0.5136889823102623,,
2024-07-22 08:55:38,hf_copula_syn_300000_2,1500,0.1,10,5.0,4,0.9995246502784192,0.9821833711464032,0.5,0.9907781367797522,0.7007793415713691,0.5147713100223672,0.0,0.0,0.9935298826040556,0.0,0.0,0.0,0.0119047619047619,0.4,0.9889296432144048,0.0231213872832369,0.6289450351865113,0.3722754580080657,0.0,0.0,0.9993999599973332,0.0,0.0,0.0,0.998595728858794,0.9814,0.5004594858157935,0.9898611176478522,0.7003349291976313,0.5144149486190157,,
2024-07-22 08:56:05,hf_copula_syn_300000_2,1500,0.1,10,7.0,4,0.9994562262098968,0.981182436941145,0.4285714285714285,0.990235032662132,0.648464924794751,0.4437444250836065,0.0,0.0,0.9922625400213448,0.0,0.0,0.0,0.0060975609756097,0.2,0.9891297099033012,0.0118343195266272,0.4447762830689831,0.1822149091600056,0.0,0.0,0.9994666311087406,0.0,0.0,0.0,0.9985254329190928,0.9803333333333332,0.4290969762714816,0.9893147580714896,0.6480079496259655,0.4433910019232485,,
2024-07-22 08:56:45,hf_copula_syn_300000_2,1500,0.1,10,9.0,4,0.9995236799129016,0.9801815027358868,0.5,0.9897581025537364,0.700064819404563,0.5136240027148252,0.0,0.0,0.9919290288153682,0.0,0.0,0.0,0.0116279069767441,0.4,0.9886628876292096,0.0225988700564971,0.6288602031069257,0.3721855890387381,0.0,0.0,0.9992666177745184,0.0,0.0,0.0,0.9985946671139748,0.9794,0.5004585342190963,0.9888418612813716,0.699621045640821,0.5132686821753043,,
2024-07-22 08:57:23,hf_copula_syn_300000_2,1000,0.1,2,1.0,4,0.9995261305171949,0.9852529027091952,0.5,0.992338194771154,0.7018735294585469,0.5165312929017125,0.0,0.0,0.9955309498399146,0.0,0.0,0.0,0.0129870129870129,0.4,0.9898632877625876,0.0251572327044025,0.629241857400662,0.37258995457083,0.0,0.0,0.999533302220148,0.0,0.0,0.0,0.9985975684663744,0.9844666666666668,0.5004608731559835,0.991420398200269,0.7014281947835191,0.5161733936798613,,
2024-07-22 08:57:57,hf_copula_syn_300000_2,1000,0.1,2,3.0,4,0.9995262587980508,0.985519818497264,0.5,0.9924736240844028,0.7019685956284882,0.5166843794187445,0.0,0.0,0.9954642475987192,0.0,0.0,0.0,0.0134228187919463,0.4,0.9901967322440812,0.0259740259740259,0.6293478314077459,0.3727022578716635,0.0,0.0,0.999533302220148,0.0,0.0,0.0,0.9985978418961032,0.9847333333333332,0.5004609487296153,0.9915559733772488,0.7015232075497042,0.5163263747505775,,
2024-07-22 08:58:36,hf_copula_syn_300000_2,1000,0.1,2,5.0,4,0.9995261305171949,0.9852529027091952,0.5,0.992338194771154,0.7018735294585469,0.5165312929017125,0.0,0.0,0.9952641408751334,0.0,0.0,0.0,0.0133333333333333,0.4,0.9901300433477824,0.0258064516129032,0.629326638033949,0.3726797979230822,0.0,0.0,0.999533302220148,0.0,0.0,0.0,0.9985976839064898,0.9844666666666668,0.5004608197763973,0.9914206146065718,0.7014282230437303,0.5161734236276453,,
2024-07-22 08:59:12,hf_copula_syn_300000_2,1000,0.1,2,7.0,4,0.9995260984361248,0.985186173762178,0.5,0.992304331753873,0.701849760904062,0.5164930223856427,0.0,0.0,0.995397545357524,0.0,0.0,0.0,0.0129032258064516,0.4,0.9897965988662888,0.025,0.6292206604574547,0.3725674928432852,0.0,0.0,0.9996666444429628,0.0,0.0,0.0,0.9985975084861866,0.9844,0.5004607886667757,0.9913865143775694,0.7014044413473708,0.5161351513956972,,
2024-07-22 08:59:47,hf_copula_syn_300000_2,1000,0.1,2,9.0,4,0.999526034260952,0.9850527158681436,0.5,0.9922365988909426,0.7018022213801206,0.5164164826893285,0.0,0.0,0.9952641408751334,0.0,0.0,0.0,0.0129032258064516,0.4,0.9897965988662888,0.025,0.6292206604574547,0.3725674928432852,0.0,0.0,0.9996666444429628,0.0,0.0,0.0,0.9985974443709106,0.9842666666666666,0.5004607175177184,0.9913188447319776,0.7013569461936516,0.5160586831364329,,
2024-07-22 09:00:15,hf_copula_syn_300000_2,1000,0.1,4,1.0,4,0.9995253915519696,0.9837181369277992,0.5,0.9915587691272912,0.7013266489047023,0.5156511836867397,0.0,0.0,0.994530416221985,0.0,0.0,0.0,0.0125,0.4,0.9894631543847948,0.0242424242424242,0.629114665028497,0.3724551788686703,0.0,0.0,0.9993999599973332,0.0,0.0,0.0,0.9985966678531878,0.9829333333333332,0.5004601972707798,0.9906413950841864,0.7008817822540674,0.5152940609749216,,
2024-07-22 09:00:44,hf_copula_syn_300000_2,1000,0.1,4,3.0,4,0.9995254880694144,0.9839183237688508,0.5,0.9916605017149774,0.7013980053325113,0.5157659671826095,0.0,0.0,0.9949306296691568,0.0,0.0,0.0,0.0122699386503067,0.4,0.9892630876958988,0.0238095238095238,0.6290510591981858,0.3723877862143889,0.0,0.0,0.9993999599973332,0.0,0.0,0.0,0.9985966875934328,0.9831333333333332,0.5004603440290554,0.9907428884213132,0.7009530508806003,0.5154087148753105,,
2024-07-22 09:01:13,hf_copula_syn_300000_2,1000,0.1,4,5.0,4,0.9995253271851902,0.9835846790337648,0.5,0.9914909359970404,0.701279073919137,0.515574663582536,0.0,0.0,0.9946638207043756,0.0,0.0,0.0,0.0124223602484472,0.4,0.989396465488496,0.0240963855421686,0.6290934637996158,0.3724327150063693,0.0,0.0,0.9991999466631108,0.0,0.0,0.0,0.9985965776665668,0.9828,0.5004602328559827,0.9905735765852904,0.7008342446047457,0.5152176048015278,,
2024-07-22 09:01:48,hf_copula_syn_300000_2,1000,0.1,4,7.0,4,0.9995251017639076,0.9831175764046444,0.5,0.99125344815986,0.7011125360470473,0.515306857243993,0.0,0.0,0.9946638207043756,0.0,0.0,0.0,0.0119047619047619,0.4,0.9889296432144048,0.0231213872832369,0.6289450351865113,0.3722754580080657,0.0,0.0,0.9991999466631108,0.0,0.0,0.0,0.9985961799228964,0.9823333333333332,0.500460077248558,0.9903359854040052,0.7006678126917988,0.514949995996568,,
2024-07-22 09:02:28,hf_copula_syn_300000_2,1000,0.1,4,9.0,4,0.9995251661918328,0.9832510342986788,0.5,0.9913213132400432,0.7011601223325092,0.5153833711143435,0.0,0.0,0.994530416221985,0.0,0.0,0.0,0.0121951219512195,0.4,0.9891963987996,0.0236686390532544,0.6290298558254925,0.3723653212847096,0.0,0.0,0.9991999466631108,0.0,0.0,0.0,0.9985963410773708,0.9824666666666668,0.5004600950180291,0.9904039695607036,0.7007153828369408,0.5150264684083983,,
2024-07-22 09:02:52,hf_copula_syn_300000_2,1000,0.1,8,1.0,4,0.9995246179966044,0.982116642199386,0.5,0.9907441688263606,0.7007555359037081,0.5147330599889584,0.0,0.0,0.993663287086446,0.0,0.0,0.0,0.0117647058823529,0.4,0.9887962654218072,0.0228571428571428,0.6289026205770835,0.3722305242349874,0.0,0.0,0.9993332888859258,0.0,0.0,0.0,0.9985956499217684,0.9813333333333332,0.5004595080608458,0.9898270933164084,0.7003111316103903,0.5143767193077137,,
2024-07-22 09:03:19,hf_copula_syn_300000_2,1000,0.1,8,3.0,4,0.9995243595841544,0.9815828106232484,0.5,0.9904723428609904,0.7005650614408516,0.5144270757515947,0.0,0.0,0.992529348986126,0.0,0.0,0.0,0.0125,0.4,0.9894631543847948,0.0242424242424242,0.629114665028497,0.3724551788686703,0.0,0.0,0.9992666177745184,0.0,0.0,0.0,0.9985956368485426,0.9808,0.5004591211454391,0.9895559828157344,0.700120905605183,0.5140710955405161,,
2024-07-22 09:03:48,hf_copula_syn_300000_2,1000,0.1,8,5.0,4,0.9995243272628432,0.9815160816762312,0.5,0.9904383543195744,0.7005412484915614,0.5143888297256629,0.0,0.0,0.9927294557097118,0.0,0.0,0.0,0.0120481927710843,0.4,0.9890630210070024,0.023391812865497,0.6289874469357882,0.3723203903579731,0.0,0.0,0.9993999599973332,0.0,0.0,0.0,0.9985954539549882,0.9807333333333332,0.500459103380714,0.9895217424598312,0.7000970724752813,0.5140328402813715,,
2024-07-22 09:04:24,hf_copula_syn_300000_2,1000,0.1,8,7.0,4,0.9995243272628432,0.9815160816762312,0.5,0.9904383543195744,0.7005412484915614,0.5143888297256629,0.0,0.0,0.9927294557097118,0.0,0.0,0.0,0.0121212121212121,0.4,0.9891297099033012,0.0235294117647058,0.6290086517380508,0.3723428559992377,0.0,0.0,0.9993332888859258,0.0,0.0,0.0,0.9985954782947716,0.9807333333333332,0.5004591211656054,0.989521788326131,0.7000970795435486,0.5140328477699186,,
2024-07-22 09:04:53,hf_copula_syn_300000_2,1000,0.1,8,9.0,4,0.9995244888254874,0.9818497264113172,0.5,0.9906082741441412,0.7006603051448388,0.5145800643080746,0.0,0.0,0.9927961579509073,0.0,0.0,0.0,0.0125786163522012,0.4,0.9895298432810936,0.024390243902439,0.6291358655429188,0.3724776423751788,0.0,0.0,0.9991999466631108,0.0,0.0,0.0,0.998595792174701,0.9810666666666666,0.5004592812284451,0.9896918365029076,0.7002160674818845,0.514223948795512,,
2024-07-22 09:05:19,hf_copula_syn_300000_2,1000,0.1,10,1.0,4,0.9995244888254874,0.9818497264113172,0.5,0.9906082741441412,0.7006603051448388,0.5145800643080746,0.0,0.0,0.993663287086446,0.0,0.0,0.0,0.0114285714285714,0.4,0.9884628209403136,0.0222222222222222,0.6287965715365545,0.3721181835759191,0.0,0.0,0.9993999599973332,0.0,0.0,0.0,0.9985954088263932,0.9810666666666666,0.5004594013574261,0.989691113829014,0.7002159543838824,0.5142238289759123,,
2024-07-22 09:05:49,hf_copula_syn_300000_2,1000,0.1,10,3.0,4,0.9995240361732508,0.9809155211530762,0.5,0.9901323544269692,0.7003268955113305,0.5140446355296617,0.0,0.0,0.9922625400213448,0.0,0.0,0.0,0.0121951219512195,0.4,0.9891963987996,0.0236686390532544,0.6290298558254925,0.3723653212847096,0.0,0.0,0.9991332755517034,0.0,0.0,0.0,0.9985952121134728,0.9801333333333332,0.5004588810393147,0.989216120442522,0.6998829336941285,0.5136889823102623,,
2024-07-22 09:06:18,hf_copula_syn_300000_2,1000,0.1,10,5.0,4,0.9995246502784192,0.9821833711464032,0.5,0.9907781367797522,0.7007793415713691,0.5147713100223672,0.0,0.0,0.9935298826040556,0.0,0.0,0.0,0.0119047619047619,0.4,0.9889296432144048,0.0231213872832369,0.6289450351865113,0.3722754580080657,0.0,0.0,0.9993999599973332,0.0,0.0,0.0,0.998595728858794,0.9814,0.5004594858157935,0.9898611176478522,0.7003349291976313,0.5144149486190157,,
2024-07-22 09:06:50,hf_copula_syn_300000_2,1000,0.1,10,7.0,4,0.9994562262098968,0.981182436941145,0.4285714285714285,0.990235032662132,0.648464924794751,0.4437444250836065,0.0,0.0,0.9922625400213448,0.0,0.0,0.0,0.0060975609756097,0.2,0.9891297099033012,0.0118343195266272,0.4447762830689831,0.1822149091600056,0.0,0.0,0.9994666311087406,0.0,0.0,0.0,0.9985254329190928,0.9803333333333332,0.4290969762714816,0.9893147580714896,0.6480079496259655,0.4433910019232485,,
2024-07-22 09:07:32,hf_copula_syn_300000_2,1000,0.1,10,9.0,4,0.9995236799129016,0.9801815027358868,0.5,0.9897581025537364,0.700064819404563,0.5136240027148252,0.0,0.0,0.9919290288153682,0.0,0.0,0.0,0.0116279069767441,0.4,0.9886628876292096,0.0225988700564971,0.6288602031069257,0.3721855890387381,0.0,0.0,0.9992666177745184,0.0,0.0,0.0,0.9985946671139748,0.9794,0.5004585342190963,0.9888418612813716,0.699621045640821,0.5132686821753043,,
2024-07-22 09:07:46,hf_copula_syn_300000_2,100,0.01,2,1.0,4,0.99919882494325,0.9986654210596556,0.1428571428571428,0.9989320517954878,0.3777121770909801,0.1548760049299144,0.0,0.0,1.0,0.0,0.0,0.0,0.0454545454545454,0.2,0.998599533177726,0.074074074074074,0.4469003318812207,0.1837702842150006,0.0,0.0,1.0,0.0,0.0,0.0,0.9982813908884546,0.9978,0.1436566760348687,0.9980244065718368,0.377508612502989,0.1547927107533848,,
2024-07-22 09:07:57,hf_copula_syn_300000_2,100,0.01,2,3.0,4,0.99919882494325,0.9986654210596556,0.1428571428571428,0.9989320517954878,0.3777121770909801,0.1548760049299144,0.0,0.0,1.0,0.0,0.0,0.0,0.0454545454545454,0.2,0.998599533177726,0.074074074074074,0.4469003318812207,0.1837702842150006,0.0,0.0,1.0,0.0,0.0,0.0,0.9982813908884546,0.9978,0.1436566760348687,0.9980244065718368,0.377508612502989,0.1547927107533848,,
2024-07-22 09:08:09,hf_copula_syn_300000_2,100,0.01,2,5.0,4,0.99919882494325,0.9986654210596556,0.1428571428571428,0.9989320517954878,0.3777121770909801,0.1548760049299144,0.0,0.0,1.0,0.0,0.0,0.0,0.0454545454545454,0.2,0.998599533177726,0.074074074074074,0.4469003318812207,0.1837702842150006,0.0,0.0,1.0,0.0,0.0,0.0,0.9982813908884546,0.9978,0.1436566760348687,0.9980244065718368,0.377508612502989,0.1547927107533848,,
2024-07-22 09:08:22,hf_copula_syn_300000_2,100,0.01,2,7.0,4,0.99919882494325,0.9986654210596556,0.1428571428571428,0.9989320517954878,0.3777121770909801,0.1548760049299144,0.0,0.0,1.0,0.0,0.0,0.0,0.0454545454545454,0.2,0.998599533177726,0.074074074074074,0.4469003318812207,0.1837702842150006,0.0,0.0,1.0,0.0,0.0,0.0,0.9982813908884546,0.9978,0.1436566760348687,0.9980244065718368,0.377508612502989,0.1547927107533848,,
2024-07-22 09:08:36,hf_copula_syn_300000_2,100,0.01,2,9.0,4,0.99919882494325,0.9986654210596556,0.1428571428571428,0.9989320517954878,0.3777121770909801,0.1548760049299144,0.0,0.0,1.0,0.0,0.0,0.0,0.0454545454545454,0.2,0.998599533177726,0.074074074074074,0.4469003318812207,0.1837702842150006,0.0,0.0,1.0,0.0,0.0,0.0,0.9982813908884546,0.9978,0.1436566760348687,0.9980244065718368,0.377508612502989,0.1547927107533848,,
2024-07-22 09:08:49,hf_copula_syn_300000_2,100,0.01,4,1.0,4,0.9992638201044036,0.9963299079140532,0.2142857142857142,0.997794707297514,0.4620598077971972,0.2301958521120637,0.0,0.0,1.0,0.0,0.0,0.0,0.0344827586206896,0.4,0.9962654218072692,0.0634920634920634,0.6312734500380225,0.3747446238442713,0.0,0.0,1.0,0.0,0.0,0.0,0.99834266812518,0.9955333333333334,0.21501780275965,0.9968845962585338,0.4618389764599324,0.2301059175247072,,
2024-07-22 09:09:03,hf_copula_syn_300000_2,100,0.01,4,3.0,4,0.9992646567283908,0.9974643000133456,0.2142857142857142,0.9983636667223243,0.4623227768592629,0.2304821931413937,0.0,0.0,1.0,0.0,0.0,0.0,0.048780487804878,0.4,0.997399133044348,0.0869565217391304,0.6316325302086169,0.3751258381225442,0.0,0.0,1.0,0.0,0.0,0.0,0.998348269878046,0.9966666666666668,0.2150181806633957,0.99746084614063,0.4621018197775971,0.230392118373836,,
2024-07-22 09:09:15,hf_copula_syn_300000_2,100,0.01,4,5.0,4,0.9992646567283908,0.9974643000133456,0.2142857142857142,0.9983636667223243,0.4623227768592629,0.2304821931413937,0.0,0.0,1.0,0.0,0.0,0.0,0.048780487804878,0.4,0.997399133044348,0.0869565217391304,0.6316325302086169,0.3751258381225442,0.0,0.0,1.0,0.0,0.0,0.0,0.998348269878046,0.9966666666666668,0.2150181806633957,0.99746084614063,0.4621018197775971,0.230392118373836,,
2024-07-22 09:09:29,hf_copula_syn_300000_2,100,0.01,4,7.0,4,0.9992646567283908,0.9974643000133456,0.2142857142857142,0.9983636667223243,0.4623227768592629,0.2304821931413937,0.0,0.0,1.0,0.0,0.0,0.0,0.048780487804878,0.4,0.997399133044348,0.0869565217391304,0.6316325302086169,0.3751258381225442,0.0,0.0,1.0,0.0,0.0,0.0,0.998348269878046,0.9966666666666668,0.2150181806633957,0.99746084614063,0.4621018197775971,0.230392118373836,,
2024-07-22 09:09:42,hf_copula_syn_300000_2,100,0.01,4,9.0,4,0.9992638201044036,0.9963299079140532,0.2142857142857142,0.997794707297514,0.4620598077971972,0.2301958521120637,0.0,0.0,1.0,0.0,0.0,0.0,0.0344827586206896,0.4,0.9962654218072692,0.0634920634920634,0.6312734500380225,0.3747446238442713,0.0,0.0,1.0,0.0,0.0,0.0,0.99834266812518,0.9955333333333334,0.21501780275965,0.9968845962585338,0.4618389764599324,0.2301059175247072,,
2024-07-22 09:10:00,hf_copula_syn_300000_2,100,0.01,8,1.0,4,0.999460625674218,0.989189910583211,0.4285714285714285,0.9942987457240592,0.6511056236180812,0.4477053107967704,0.0,0.0,0.9975320170757738,0.0,0.0,0.0,0.0076335877862595,0.2,0.9913304434811604,0.0147058823529411,0.4452708037770184,0.1825766895067056,0.0,0.0,1.0,0.0,0.0,0.0,0.998530340286184,0.9883333333333332,0.4291005557950293,0.9933756355221678,0.6506463486372968,0.4473483114031956,,
2024-07-22 09:10:18,hf_copula_syn_300000_2,100,0.01,8,3.0,4,0.9994579578562232,0.9843186974509542,0.4285714285714285,0.9918305597579424,0.649500477548803,0.4452951172424982,0.0,0.0,0.9976654215581644,0.0,0.0,0.0,0.0097087378640776,0.4,0.9863954651550516,0.0189573459715639,0.6281386678608639,0.3714214729573635,0.0,0.0,1.0,0.0,0.0,0.0,0.9985283666748456,0.9835333333333334,0.4290989819513112,0.9909111703508257,0.6491036566590443,0.4450033156240577,,
2024-07-22 09:10:35,hf_copula_syn_300000_2,100,0.01,8,5.0,4,0.9994583248696596,0.9849859869211264,0.4285714285714285,0.9921693832969248,0.6497205949772761,0.4456251605187696,0.0,0.0,0.9975320170757738,0.0,0.0,0.0,0.0051546391752577,0.2,0.987129043014338,0.0100502512562814,0.4443262411819356,0.1818858498236769,0.0,0.0,1.0,0.0,0.0,0.0,0.9985272153128396,0.9841333333333332,0.429099155328207,0.9912467086229332,0.6492622978356913,0.4452698723188933,,
2024-07-22 09:10:53,hf_copula_syn_300000_2,100,0.01,8,7.0,4,0.9994590939824204,0.986387294808488,0.4285714285714285,0.9928801719505642,0.6501825990141389,0.4463183756307302,0.0,0.0,0.998665955176094,0.0,0.0,0.0,0.0105263157894736,0.4,0.987462487495832,0.0205128205128205,0.6284783170470822,0.3717811082298078,0.0,0.0,1.0,0.0,0.0,0.0,0.9985297742666334,0.9856,0.4290998712433544,0.9919603213969146,0.6497852546940747,0.4460257388495515,,
2024-07-22 09:11:10,hf_copula_syn_300000_2,100,0.01,8,9.0,4,0.9994595690062824,0.9872547711197116,0.4285714285714285,0.993319681761724,0.6504684370688048,0.4467475931431293,0.0,0.0,0.9996664887940236,0.0,0.0,0.0,0.0104166666666666,0.4,0.9873291097032344,0.0203045685279187,0.6284358709377543,0.3717361588018503,0.0,0.0,1.0,0.0,0.0,0.0,0.9985302122974322,0.9864666666666668,0.4291003604020197,0.9923993515815892,0.6500708118178531,0.4464545407757963,,
2024-07-22 09:11:33,hf_copula_syn_300000_2,100,0.01,10,1.0,4,0.9994586913864268,0.9856532763912984,0.4285714285714285,0.9925079791701662,0.6499406378578954,0.4459552419614895,0.0,0.0,0.9953308431163288,0.0,0.0,0.0,0.0066225165562913,0.2,0.9899966655551852,0.0128205128205128,0.4449711598643636,0.18235745181705,0.0,0.0,1.0,0.0,0.0,0.0,0.9985280707799848,0.9848,0.4290989372429423,0.991585911893881,0.6494823503158496,0.4455998028862645,,
2024-07-22 09:11:51,hf_copula_syn_300000_2,100,0.01,10,3.0,4,0.9994585081900637,0.9853196316562124,0.4285714285714285,0.9923387096774192,0.6498306257313338,0.4457901964693235,0.0,0.0,0.9969983991462114,0.0,0.0,0.0,0.011049723756906,0.4,0.9880626875625208,0.021505376344086,0.6286692890741589,0.3719833630438778,0.0,0.0,1.0,0.0,0.0,0.0,0.9985293634903386,0.9845333333333334,0.4290991819468274,0.9914196953405018,0.6494336735770093,0.4454981200736335,,
2024-07-22 09:12:10,hf_copula_syn_300000_2,100,0.01,10,5.0,4,0.9994581781239418,0.9847190711330576,0.4285714285714285,0.9920338812140768,0.6496325569558723,0.4454931386282872,0.0,0.0,0.996531483457844,0.0,0.0,0.0,0.0109289617486338,0.4,0.9879293097699232,0.0212765957446808,0.6286268558596342,0.3719384200201889,0.0,0.0,1.0,0.0,0.0,0.0,0.9985289934782756,0.9839333333333332,0.4290988884658627,0.9911150751235254,0.6492357755213335,0.4452013245055742,,
2024-07-22 09:12:32,hf_copula_syn_300000_2,100,0.01,10,7.0,4,0.9994589110585052,0.9860536500734018,0.4285714285714285,0.992711027509993,0.6500726278347899,0.446153309147017,0.0,0.0,0.9968649946638208,0.0,0.0,0.0,0.0119047619047619,0.4,0.9889296432144048,0.0231213872832369,0.6289450351865113,0.3722754580080657,0.0,0.0,1.0,0.0,0.0,0.0,0.9985300509954856,0.9852666666666666,0.4290993997829874,0.9917922043467448,0.6496755417272063,0.4458609912111492,,
2024-07-22 09:12:54,hf_copula_syn_300000_2,100,0.01,10,9.0,4,0.999458434876794,0.985186173762178,0.4285714285714285,0.9922709859533572,0.6497866156655401,0.4457241809441084,0.0,0.0,0.9952641408751334,0.0,0.0,0.0,0.0063694267515923,0.2,0.9895965321773924,0.0123456790123456,0.4448812273354299,0.1822916666342376,0.0,0.0,1.0,0.0,0.0,0.0,0.9985277301464928,0.9843333333333332,0.4290987682906211,0.9913489815928048,0.6493284419000307,0.4453689355974387,,
2024-07-22 09:13:19,hf_copula_syn_300000_2,500,0.01,2,1.0,4,0.9994618592762008,0.9914586947817964,0.4285714285714285,0.9954441913439636,0.6518518767267595,0.4488285609464652,0.0,0.0,1.0,0.0,0.0,0.0,0.0149253731343283,0.4,0.9911970656885628,0.0287769784172661,0.6296656464151631,0.3730391144052575,0.0,0.0,1.0,0.0,0.0,0.0,0.998534003331921,0.9906666666666668,0.4291018275933247,0.9945247024248484,0.6514533701906196,0.4485340006610503,,
2024-07-22 09:13:44,hf_copula_syn_300000_2,500,0.01,2,3.0,4,0.9994618592762008,0.9914586947817964,0.4285714285714285,0.9954441913439636,0.6518518767267595,0.4488285609464652,0.0,0.0,1.0,0.0,0.0,0.0,0.0149253731343283,0.4,0.9911970656885628,0.0287769784172661,0.6296656464151631,0.3730391144052575,0.0,0.0,1.0,0.0,0.0,0.0,0.998534003331921,0.9906666666666668,0.4291018275933247,0.9945247024248484,0.6514533701906196,0.4485340006610503,,
2024-07-22 09:14:09,hf_copula_syn_300000_2,500,0.01,2,5.0,4,0.9994618592762008,0.9914586947817964,0.4285714285714285,0.9954441913439636,0.6518518767267595,0.4488285609464652,0.0,0.0,1.0,0.0,0.0,0.0,0.0149253731343283,0.4,0.9911970656885628,0.0287769784172661,0.6296656464151631,0.3730391144052575,0.0,0.0,1.0,0.0,0.0,0.0,0.998534003331921,0.9906666666666668,0.4291018275933247,0.9945247024248484,0.6514533701906196,0.4485340006610503,,
2024-07-22 09:14:34,hf_copula_syn_300000_2,500,0.01,2,7.0,4,0.9994618592762008,0.9914586947817964,0.4285714285714285,0.9954441913439636,0.6518518767267595,0.4488285609464652,0.0,0.0,1.0,0.0,0.0,0.0,0.0149253731343283,0.4,0.9911970656885628,0.0287769784172661,0.6296656464151631,0.3730391144052575,0.0,0.0,1.0,0.0,0.0,0.0,0.998534003331921,0.9906666666666668,0.4291018275933247,0.9945247024248484,0.6514533701906196,0.4485340006610503,,
2024-07-22 09:15:01,hf_copula_syn_300000_2,500,0.01,2,9.0,4,0.9994618592762008,0.9914586947817964,0.4285714285714285,0.9954441913439636,0.6518518767267595,0.4488285609464652,0.0,0.0,1.0,0.0,0.0,0.0,0.0149253731343283,0.4,0.9911970656885628,0.0287769784172661,0.6296656464151631,0.3730391144052575,0.0,0.0,1.0,0.0,0.0,0.0,0.998534003331921,0.9906666666666668,0.4291018275933247,0.9945247024248484,0.6514533701906196,0.4485340006610503,,
2024-07-22 09:15:30,hf_copula_syn_300000_2,500,0.01,4,1.0,4,0.9995278564683664,0.9888562658481248,0.5,0.9941634241245136,0.7031558382919554,0.5185985620032143,0.0,0.0,0.999132870864461,0.0,0.0,0.0,0.0186335403726708,0.6,0.9894631543847948,0.036144578313253,0.7705049595108892,0.570556326155623,0.0,0.0,1.0,0.0,0.0,0.0,0.9986011749824536,0.9881333333333332,0.5004626919159226,0.9932475864547684,0.7027563944960532,0.5183047221207299,,
2024-07-22 09:15:59,hf_copula_syn_300000_2,500,0.01,4,3.0,4,0.9995278564683664,0.9888562658481248,0.5,0.9941634241245136,0.7031558382919554,0.5185985620032143,0.0,0.0,0.999132870864461,0.0,0.0,0.0,0.0186335403726708,0.6,0.9894631543847948,0.036144578313253,0.7705049595108892,0.570556326155623,0.0,0.0,1.0,0.0,0.0,0.0,0.9986011749824536,0.9881333333333332,0.5004626919159226,0.9932475864547684,0.7027563944960532,0.5183047221207299,,
2024-07-22 09:16:25,hf_copula_syn_300000_2,500,0.01,4,5.0,4,0.9995278246205732,0.9887895369011076,0.5,0.9941296836738116,0.7031321130844145,0.5185602674422816,0.0,0.0,0.9990661686232656,0.0,0.0,0.0,0.0186335403726708,0.6,0.9894631543847948,0.036144578313253,0.7705049595108892,0.570556326155623,0.0,0.0,1.0,0.0,0.0,0.0,0.998601143164385,0.9880666666666666,0.500462656341394,0.993213877495154,0.7027326914320393,0.5182664633013874,,
2024-07-22 09:16:53,hf_copula_syn_300000_2,500,0.01,4,7.0,4,0.9995278246205732,0.9887895369011076,0.5,0.9941296836738116,0.7031321130844145,0.5185602674422816,0.0,0.0,0.9990661686232656,0.0,0.0,0.0,0.0186335403726708,0.6,0.9894631543847948,0.036144578313253,0.7705049595108892,0.570556326155623,0.0,0.0,1.0,0.0,0.0,0.0,0.998601143164385,0.9880666666666666,0.500462656341394,0.993213877495154,0.7027326914320393,0.5182664633013874,,
2024-07-22 09:17:21,hf_copula_syn_300000_2,500,0.01,4,9.0,4,0.9995278246205732,0.9887895369011076,0.5,0.9941296836738116,0.7031321130844145,0.5185602674422816,0.0,0.0,0.9990661686232656,0.0,0.0,0.0,0.0186335403726708,0.6,0.9894631543847948,0.036144578313253,0.7705049595108892,0.570556326155623,0.0,0.0,1.0,0.0,0.0,0.0,0.998601143164385,0.9880666666666666,0.500462656341394,0.993213877495154,0.7027326914320393,0.5182664633013874,,
2024-07-22 09:18:12,hf_copula_syn_300000_2,500,0.01,8,1.0,4,0.9995263229124374,0.9856532763912984,0.5,0.9925413250907136,0.7020161238858046,0.5167609253489119,0.0,0.0,0.9951307363927429,0.0,0.0,0.0,0.0134228187919463,0.4,0.9901967322440812,0.0259740259740259,0.6293478314077459,0.3727022578716635,0.0,0.0,1.0,0.0,0.0,0.0,0.9985979059506498,0.9848666666666668,0.5004608019701575,0.9916236111959534,0.7015706914473137,0.5164028492378768,,
2024-07-22 09:19:04,hf_copula_syn_300000_2,500,0.01,8,3.0,4,0.9995261946663055,0.9853863606032296,0.5,0.9924059139784948,0.7019210641529536,0.516607835269678,0.0,0.0,0.9948639274279616,0.0,0.0,0.0,0.0134228187919463,0.4,0.9901967322440812,0.0259740259740259,0.6293478314077459,0.3727022578716635,0.0,0.0,1.0,0.0,0.0,0.0,0.9985977778242144,0.9846,0.500460659672043,0.9914883264674396,0.7014757204368801,0.5162499020427168,,
2024-07-22 09:19:54,hf_copula_syn_300000_2,500,0.01,8,5.0,4,0.9995263229124374,0.9856532763912984,0.5,0.9925413250907136,0.7020161238858046,0.5167609253489119,0.0,0.0,0.995197438633938,0.0,0.0,0.0,0.0133333333333333,0.4,0.9901300433477824,0.0258064516129032,0.629326638033949,0.3726797979230822,0.0,0.0,1.0,0.0,0.0,0.0,0.9985978761221636,0.9848666666666668,0.500460815315054,0.9916235553378332,0.7015706843828559,0.5164028417512273,,
2024-07-22 09:20:43,hf_copula_syn_300000_2,500,0.01,8,7.0,4,0.9995262908574136,0.9855865474442812,0.5,0.9925074757248934,0.7019923601593828,0.5167226521611905,0.0,0.0,0.9951307363927429,0.0,0.0,0.0,0.0133333333333333,0.4,0.9901300433477824,0.0258064516129032,0.629326638033949,0.3726797979230822,0.0,0.0,1.0,0.0,0.0,0.0,0.9985978440970578,0.9848,0.5004607797405254,0.9915897375647544,0.7015469428359121,0.5163646042851477,,
2024-07-22 09:21:34,hf_copula_syn_300000_2,500,0.01,8,9.0,4,0.9995263870094724,0.985786734285333,0.5,0.9926090169992609,0.7020636489255562,0.5168374730601804,0.0,0.0,0.9952641408751334,0.0,0.0,0.0,0.0134228187919463,0.4,0.9901967322440812,0.0259740259740259,0.6293478314077459,0.3727022578716635,0.0,0.0,1.0,0.0,0.0,0.0,0.9985979699878608,0.985,0.5004608731192148,0.991691239925386,0.7016181721303616,0.5164793255046147,,
2024-07-22 09:22:58,hf_copula_syn_300000_2,500,0.01,10,1.0,4,0.999525905858449,0.9847858000800748,0.5,0.9921011058451816,0.7017071326700601,0.5162634086400031,0.0,0.0,0.9944637139807898,0.0,0.0,0.0,0.0131578947368421,0.4,0.9899966655551852,0.0254777070063694,0.6292842491450696,0.3726348769585416,0.0,0.0,1.0,0.0,0.0,0.0,0.9985974009778936,0.984,0.5004603795359748,0.9911836373820616,0.701261967429283,0.5159057744175919,,
2024-07-22 09:24:23,hf_copula_syn_300000_2,500,0.01,10,3.0,4,0.999525873746952,0.9847190711330576,0.5,0.9920672268907562,0.701683358479114,0.5162251412408599,0.0,0.0,0.9941969050160084,0.0,0.0,0.0,0.0134228187919463,0.4,0.9901967322440812,0.0259740259740259,0.6293478314077459,0.3727022578716635,0.0,0.0,1.0,0.0,0.0,0.0,0.9985974572043856,0.9839333333333332,0.5004603039267566,0.9911499554876494,0.7012382366216694,0.5158675651949923,,
2024-07-22 09:25:47,hf_copula_syn_300000_2,500,0.01,10,5.0,4,0.9995258095109064,0.984585613239023,0.5,0.9919994621487158,0.7016358076805314,0.5161486077783992,0.0,0.0,0.9941969050160084,0.0,0.0,0.0,0.0132450331125827,0.4,0.990063354451484,0.0256410256410256,0.6293054439464143,0.3726573376187083,0.0,0.0,1.0,0.0,0.0,0.0,0.9985973337664004,0.9838,0.5004602594674924,0.9910821429925908,0.7011907160746784,0.5157910881903456,,
2024-07-22 09:27:13,hf_copula_syn_300000_2,500,0.01,10,7.0,4,0.9995259379655966,0.984852529027092,0.5,0.9921349825221836,0.701730906055552,0.5163016764844215,0.0,0.0,0.9943303094983992,0.0,0.0,0.0,0.0134228187919463,0.4,0.9901967322440812,0.0259740259740259,0.6293478314077459,0.3727022578716635,0.0,0.0,1.0,0.0,0.0,0.0,0.9985975213630928,0.9840666666666666,0.5004603750758139,0.9912176478804874,0.7012857398203695,0.5159440290056599,,
2024-07-22 09:28:07,hf_copula_syn_300000_2,500,0.01,10,9.0,4,0.999525905858449,0.9847858000800748,0.5,0.9921011058451816,0.7017071326700601,0.5162634086400031,0.0,0.0,0.9941969050160084,0.0,0.0,0.0,0.0135135135135135,0.4,0.99026342114038,0.0261437908496732,0.6293690240678771,0.3727247174644522,0.0,0.0,1.0,0.0,0.0,0.0,0.9985975195174858,0.984,0.5004603261563886,0.9911838594100092,0.7012619956875907,0.5159058043644272,,
2024-07-22 09:28:33,hf_copula_syn_300000_2,1500,0.01,2,1.0,4,0.9995268991619356,0.9868543974376084,0.5,0.9931502249681016,0.7024437334895971,0.5174499188699612,0.0,0.0,0.9981323372465316,0.0,0.0,0.0,0.0170454545454545,0.6,0.9884628209403136,0.0331491712707182,0.7701153761380096,0.5700388292151624,0.0,0.0,1.0,0.0,0.0,0.0,0.9985996892075664,0.9861333333333332,0.5004618248535115,0.992234334481888,0.7020448244637195,0.5171569785554209,,
2024-07-22 09:29:03,hf_copula_syn_300000_2,1500,0.01,2,3.0,4,0.9995268991619356,0.9868543974376084,0.5,0.9931502249681016,0.7024437334895971,0.5174499188699612,0.0,0.0,0.9981323372465316,0.0,0.0,0.0,0.0170454545454545,0.6,0.9884628209403136,0.0331491712707182,0.7701153761380096,0.5700388292151624,0.0,0.0,1.0,0.0,0.0,0.0,0.9985996892075664,0.9861333333333332,0.5004618248535115,0.992234334481888,0.7020448244637195,0.5171569785554209,,
2024-07-22 09:29:32,hf_copula_syn_300000_2,1500,0.01,2,5.0,4,0.9995268991619356,0.9868543974376084,0.5,0.9931502249681016,0.7024437334895971,0.5174499188699612,0.0,0.0,0.9981323372465316,0.0,0.0,0.0,0.0170454545454545,0.6,0.9884628209403136,0.0331491712707182,0.7701153761380096,0.5700388292151624,0.0,0.0,1.0,0.0,0.0,0.0,0.9985996892075664,0.9861333333333332,0.5004618248535115,0.992234334481888,0.7020448244637195,0.5171569785554209,,
2024-07-22 09:30:02,hf_copula_syn_300000_2,1500,0.01,2,7.0,4,0.9995268991619356,0.9868543974376084,0.5,0.9931502249681016,0.7024437334895971,0.5174499188699612,0.0,0.0,0.9981323372465316,0.0,0.0,0.0,0.0170454545454545,0.6,0.9884628209403136,0.0331491712707182,0.7701153761380096,0.5700388292151624,0.0,0.0,1.0,0.0,0.0,0.0,0.9985996892075664,0.9861333333333332,0.5004618248535115,0.992234334481888,0.7020448244637195,0.5171569785554209,,
2024-07-22 09:30:34,hf_copula_syn_300000_2,1500,0.01,2,9.0,4,0.9995268991619356,0.9868543974376084,0.5,0.9931502249681016,0.7024437334895971,0.5174499188699612,0.0,0.0,0.9981323372465316,0.0,0.0,0.0,0.0170454545454545,0.6,0.9884628209403136,0.0331491712707182,0.7701153761380096,0.5700388292151624,0.0,0.0,1.0,0.0,0.0,0.0,0.9985996892075664,0.9861333333333332,0.5004618248535115,0.992234334481888,0.7020448244637195,0.5171569785554209,,
2024-07-22 09:31:05,hf_copula_syn_300000_2,1500,0.01,4,1.0,4,0.9995260021668472,0.9849859869211264,0.5,0.9922027290448344,0.7017784504105005,0.5163782135090844,0.0,0.0,0.9949306296691568,0.0,0.0,0.0,0.0129032258064516,0.4,0.9897965988662888,0.025,0.6292206604574547,0.3725674928432852,0.0,0.0,0.9999333288885924,0.0,0.0,0.0,0.9985974123067604,0.9842,0.5004605574240383,0.9912850064977258,0.7013331974102698,0.5160204496740903,,
2024-07-22 09:31:42,hf_copula_syn_300000_2,1500,0.01,4,3.0,4,0.9995260984361248,0.985186173762178,0.5,0.992304331753873,0.701849760904062,0.5164930223856427,0.0,0.0,0.9951307363927429,0.0,0.0,0.0,0.0129032258064516,0.4,0.9897965988662888,0.025,0.6292206604574547,0.3725674928432852,0.0,0.0,0.9999333288885924,0.0,0.0,0.0,0.9985975084861866,0.9844,0.5004606641476241,0.9913865143775694,0.7014044413473708,0.5161351513956972,,
2024-07-22 09:32:15,hf_copula_syn_300000_2,1500,0.01,4,5.0,4,0.9995259700683956,0.9849192579741092,0.5,0.992168856921991,0.7017546786356715,0.5163399447741155,0.0,0.0,0.9947972251867664,0.0,0.0,0.0,0.0129870129870129,0.4,0.9898632877625876,0.0251572327044025,0.629241857400662,0.37258995457083,0.0,0.0,0.9999333288885924,0.0,0.0,0.0,0.9985974081673274,0.9841333333333332,0.5004605085046131,0.9912512183997652,0.7013094548880784,0.51598222414385,,
2024-07-22 09:32:56,hf_copula_syn_300000_2,1500,0.01,4,7.0,4,0.9995259700683956,0.9849192579741092,0.5,0.992168856921991,0.7017546786356715,0.5163399447741155,0.0,0.0,0.9948639274279616,0.0,0.0,0.0,0.0129032258064516,0.4,0.9897965988662888,0.025,0.6292206604574547,0.3725674928432852,0.0,0.0,0.9999333288885924,0.0,0.0,0.0,0.9985973802382674,0.9841333333333332,0.5004605218495096,0.9912511659888638,0.7013094478224308,0.5159822166566074,,
2024-07-22 09:33:42,hf_copula_syn_300000_2,1500,0.01,4,9.0,4,0.9995259700683956,0.9849192579741092,0.5,0.992168856921991,0.7017546786356715,0.5163399447741155,0.0,0.0,0.9950640341515476,0.0,0.0,0.0,0.0126582278481012,0.4,0.9895965321773924,0.0245398773006134,0.6291570653429531,0.3725001055258944,0.0,0.0,0.9999333288885924,0.0,0.0,0.0,0.9985972985722812,0.9841333333333332,0.5004605618841992,0.9912510126146308,0.7013094266240592,0.5159821941941684,,
2024-07-22 09:35:11,hf_copula_syn_300000_2,1500,0.01,8,1.0,4,0.9995249406175772,0.9827839316695582,0.5,0.9910837454998148,0.700993556200611,0.515115580360434,0.0,0.0,0.9930629669156884,0.0,0.0,0.0,0.0129870129870129,0.4,0.9898632877625876,0.0251572327044025,0.629241857400662,0.37258995457083,0.0,0.0,0.999533302220148,0.0,0.0,0.0,0.9985963796773298,0.982,0.5004595568984239,0.99016711974825,0.7005490428339572,0.5147590024702879,,
2024-07-22 09:36:08,hf_copula_syn_300000_2,1500,0.01,8,3.0,4,0.9995251661918328,0.9832510342986788,0.5,0.9913213132400432,0.7011601223325092,0.5153833711143435,0.0,0.0,0.993663287086446,0.0,0.0,0.0,0.0126582278481012,0.4,0.9895965321773924,0.0245398773006134,0.6291570653429531,0.3725001055258944,0.0,0.0,0.9996666444429628,0.0,0.0,0.0,0.9985964954460032,0.9824666666666668,0.5004597970401348,0.9904042599734526,0.7007154252401132,0.5150265133364788,,
2024-07-22 09:37:11,hf_copula_syn_300000_2,1500,0.01,8,5.0,4,0.9995251661918328,0.9832510342986788,0.5,0.9913213132400432,0.7011601223325092,0.5153833711143435,0.0,0.0,0.9935298826040556,0.0,0.0,0.0,0.0129032258064516,0.4,0.9897965988662888,0.025,0.6292206604574547,0.3725674928432852,0.0,0.0,0.9995999733315556,0.0,0.0,0.0,0.9985965771119892,0.9824666666666668,0.5004597881352331,0.9904044133476856,0.7007154464384848,0.5150265357989179,,
2024-07-22 09:38:14,hf_copula_syn_300000_2,1500,0.01,8,7.0,4,0.9995251983992404,0.983317763245696,0.5,0.9913552423559489,0.7011839142641879,0.5154216287174316,0.0,0.0,0.9935965848452508,0.0,0.0,0.0,0.0129032258064516,0.4,0.9897965988662888,0.025,0.6292206604574547,0.3725674928432852,0.0,0.0,0.9995999733315556,0.0,0.0,0.0,0.9985966092893364,0.9825333333333334,0.5004598237097617,0.9904383107964164,0.7007392161643605,0.5150647576949098,,
2024-07-22 09:39:16,hf_copula_syn_300000_2,1500,0.01,8,9.0,4,0.9995251983992404,0.983317763245696,0.5,0.9913552423559489,0.7011839142641879,0.5154216287174316,0.0,0.0,0.9935298826040556,0.0,0.0,0.0,0.0129870129870129,0.4,0.9898632877625876,0.0251572327044025,0.629241857400662,0.37258995457083,0.0,0.0,0.9995999733315556,0.0,0.0,0.0,0.9985966372183966,0.9825333333333334,0.5004598103648652,0.990438363207318,0.7007392232300081,0.5150647651821523,,
2024-07-22 09:40:55,hf_copula_syn_300000_2,1500,0.01,10,1.0,4,0.9995244888254874,0.9818497264113172,0.5,0.9906082741441412,0.7006603051448388,0.5145800643080746,0.0,0.0,0.9925960512273212,0.0,0.0,0.0,0.0126582278481012,0.4,0.9895965321773924,0.0245398773006134,0.6291570653429531,0.3725001055258944,0.0,0.0,0.9993332888859258,0.0,0.0,0.0,0.9985958187118662,0.9810666666666666,0.5004592056239727,0.9896918863807068,0.7002160745484846,0.514223956283229,,
2024-07-22 09:42:34,hf_copula_syn_300000_2,1500,0.01,10,3.0,4,0.9995247470975628,0.9823835579874548,0.5,0.9908800269224298,0.7008507537227362,0.5148860627942456,0.0,0.0,0.9927961579509073,0.0,0.0,0.0,0.0129870129870129,0.4,0.9898632877625876,0.0251572327044025,0.629241857400662,0.37258995457083,0.0,0.0,0.9993999599973332,0.0,0.0,0.0,0.998596186337934,0.9816,0.5004594057108278,0.9899635913082035,0.7004063736383951,0.5145296991204946,,
2024-07-22 09:44:28,hf_copula_syn_300000_2,1500,0.01,10,5.0,4,0.9995244888254874,0.9818497264113172,0.5,0.9906082741441412,0.7006603051448388,0.5145800643080746,0.0,0.0,0.9926627534685164,0.0,0.0,0.0,0.0124223602484472,0.4,0.989396465488496,0.0240963855421686,0.6290934637996158,0.3724327150063693,0.0,0.0,0.9994666311087406,0.0,0.0,0.0,0.998595740089333,0.9810666666666666,0.5004591833990866,0.9896917385501206,0.7002160533479701,0.5142239338197224,,
2024-07-22 09:46:12,hf_copula_syn_300000_2,1500,0.01,10,7.0,4,0.9995247793618466,0.9824502869344722,0.5,0.9909139857315924,0.7008745561562612,0.5149243146087557,0.0,0.0,0.9929962646744932,0.0,0.0,0.0,0.0127388535031847,0.4,0.9896632210736912,0.0246913580246913,0.6291782644286724,0.3725225683208173,0.0,0.0,0.9994666311087406,0.0,0.0,0.0,0.9985961358522766,0.9816666666666668,0.5004594501902582,0.9899973631309178,0.7004301326586583,0.5145678927712277,,
2024-07-22 09:48:08,hf_copula_syn_300000_2,1500,0.01,10,9.0,4,0.9995246179966044,0.982116642199386,0.5,0.9907441688263606,0.7007555359037081,0.5147330599889584,0.0,0.0,0.9928628601921023,0.0,0.0,0.0,0.0125786163522012,0.4,0.9895298432810936,0.024390243902439,0.6291358655429188,0.3724776423751788,0.0,0.0,0.9993999599973332,0.0,0.0,0.0,0.9985959212252584,0.9813333333333332,0.500459330137196,0.9898276043500904,0.7003112093587123,0.514376801680427,,
2024-07-22 09:48:27,hf_copula_syn_300000_2,1000,0.01,2,1.0,4,0.9995274421116588,0.9879887895369012,0.5,0.9937246216315984,0.7028473481264979,0.5181007674425575,0.0,0.0,0.9989994663820704,0.0,0.0,0.0,0.0174418604651162,0.6,0.9887295765255084,0.0338983050847457,0.7702192843049991,0.5701768401404447,0.0,0.0,1.0,0.0,0.0,0.0,0.9986003637858428,0.9872666666666666,0.5004623762409123,0.9928084447531036,0.7024480970296815,0.5178072656729913,,
2024-07-22 09:48:47,hf_copula_syn_300000_2,1000,0.01,2,3.0,4,0.9995274421116588,0.9879887895369012,0.5,0.9937246216315984,0.7028473481264979,0.5181007674425575,0.0,0.0,0.9990661686232656,0.0,0.0,0.0,0.0173410404624277,0.6,0.9886628876292096,0.0337078651685393,0.7701933085774804,0.5701423382096578,0.0,0.0,1.0,0.0,0.0,0.0,0.9986003301791752,0.9872666666666666,0.5004623895858088,0.9928083812731316,0.7024480883711056,0.5178072541723477,,
2024-07-22 09:49:07,hf_copula_syn_300000_2,1000,0.01,2,5.0,4,0.9995274421116588,0.9879887895369012,0.5,0.9937246216315984,0.7028473481264979,0.5181007674425575,0.0,0.0,0.9990661686232656,0.0,0.0,0.0,0.0173410404624277,0.6,0.9886628876292096,0.0337078651685393,0.7701933085774804,0.5701423382096578,0.0,0.0,1.0,0.0,0.0,0.0,0.9986003301791752,0.9872666666666666,0.5004623895858088,0.9928083812731316,0.7024480883711056,0.5178072541723477,,
2024-07-22 09:49:25,hf_copula_syn_300000_2,1000,0.01,2,7.0,4,0.9995274102079396,0.987922060589884,0.5,0.9936908517350158,0.7028236125052586,0.5180624786702029,0.0,0.0,0.9990661686232656,0.0,0.0,0.0,0.0172413793103448,0.6,0.9885961987329108,0.0335195530726257,0.7701673319738682,0.5701078357451816,0.0,0.0,1.0,0.0,0.0,0.0,0.998600265084849,0.9872,0.5004623673561767,0.9927745801244208,0.702424366244245,0.5177689896353591,,
2024-07-22 09:49:43,hf_copula_syn_300000_2,1000,0.01,2,9.0,4,0.9995274740110706,0.9880555184839184,0.5,0.993758389261745,0.7028710829461966,0.5181390566601874,0.0,0.0,0.999132870864461,0.0,0.0,0.0,0.0173410404624277,0.6,0.9886628876292096,0.0337078651685393,0.7701933085774804,0.5701423382096578,0.0,0.0,1.0,0.0,0.0,0.0,0.9986003620488144,0.9873333333333332,0.5004624251603375,0.9928421173868236,0.702471801038306,0.5178455076533744,,
2024-07-22 09:50:05,hf_copula_syn_300000_2,1000,0.01,4,1.0,4,0.9995260984361248,0.985186173762178,0.5,0.992304331753873,0.701849760904062,0.5164930223856427,0.0,0.0,0.99559765208111,0.0,0.0,0.0,0.0184049079754601,0.6,0.9893297765921976,0.0357142857142857,0.7704530264430911,0.5704873335015196,0.0,0.0,1.0,0.0,0.0,0.0,0.9985993423802428,0.9844666666666668,0.5004607620066407,0.9913900858061409,0.7014515188026993,0.5162011246759166,,
2024-07-22 09:50:32,hf_copula_syn_300000_2,1000,0.01,4,3.0,4,0.9995261946663055,0.9853863606032296,0.5,0.9924059139784948,0.7019210641529536,0.516607835269678,0.0,0.0,0.9955309498399146,0.0,0.0,0.0,0.0188679245283018,0.6,0.9895965321773924,0.0365853658536585,0.7705568890785647,0.5706253166749703,0.0,0.0,1.0,0.0,0.0,0.0,0.99859959285946,0.9846666666666668,0.5004608153506404,0.9914918635807326,0.7015227901227704,0.5163158763956512,,
2024-07-22 09:50:55,hf_copula_syn_300000_2,1000,0.01,4,5.0,4,0.999526034260952,0.9850527158681436,0.5,0.9922365988909426,0.7018022213801206,0.5164164826893285,0.0,0.0,0.9953308431163288,0.0,0.0,0.0,0.0186335403726708,0.6,0.9894631543847948,0.036144578313253,0.7705049595108892,0.570556326155623,0.0,0.0,1.0,0.0,0.0,0.0,0.998599354475766,0.9843333333333332,0.5004606641677903,0.9913225595914156,0.7014040409600028,0.5161246794142036,,
2024-07-22 09:51:21,hf_copula_syn_300000_2,1000,0.01,4,7.0,4,0.9995261305171949,0.9852529027091952,0.5,0.992338194771154,0.7018735294585469,0.5165312929017125,0.0,0.0,0.9957977588046958,0.0,0.0,0.0,0.0181818181818181,0.6,0.9891963987996,0.0352941176470588,0.7704010898744627,0.5704183387126597,0.0,0.0,1.0,0.0,0.0,0.0,0.998599300068106,0.9845333333333334,0.5004608242709624,0.9914237771619164,0.7014752478610105,0.5162393364745751,,
2024-07-22 09:51:47,hf_copula_syn_300000_2,1000,0.01,4,9.0,4,0.999526034260952,0.9850527158681436,0.5,0.9922365988909426,0.7018022213801206,0.5164164826893285,0.0,0.0,0.99559765208111,0.0,0.0,0.0,0.0181818181818181,0.6,0.9891963987996,0.0352941176470588,0.7704010898744627,0.5704183387126597,0.0,0.0,1.0,0.0,0.0,0.0,0.9985992039017024,0.9843333333333332,0.5004607175473764,0.9913222761045268,0.7014040063367907,0.5161246334183893,,
2024-07-22 09:52:53,hf_copula_syn_300000_2,1000,0.01,8,1.0,4,0.9995256166982922,0.9841852395569198,0.5,0.9917961132405354,0.7014931359453632,0.5159190180776224,0.0,0.0,0.9937299893276414,0.0,0.0,0.0,0.0136986301369863,0.4,0.9903967989329776,0.0264900662251655,0.6294114072474307,0.3727696355826512,0.0,0.0,0.9997333155543704,0.0,0.0,0.0,0.9985972923327529,0.9834,0.5004601038149894,0.9908792668902526,0.7010482128208968,0.5155617502059442,,
2024-07-22 09:54:10,hf_copula_syn_300000_2,1000,0.01,8,3.0,4,0.9995254880694144,0.9839183237688508,0.5,0.9916605017149774,0.7013980053325113,0.5157659671826095,0.0,0.0,0.993663287086446,0.0,0.0,0.0,0.0134228187919463,0.4,0.9901967322440812,0.0259740259740259,0.6293478314077459,0.3727022578716635,0.0,0.0,0.9997333155543704,0.0,0.0,0.0,0.9985970718868136,0.9831333333333332,0.5004600015515644,0.9907436099220348,0.7009531498046703,0.5154088196991963,,
2024-07-22 09:54:59,hf_copula_syn_300000_2,1000,0.01,8,5.0,4,0.9995256166982922,0.9841852395569198,0.5,0.9917961132405354,0.7014931359453632,0.5159190180776224,0.0,0.0,0.9939300960512272,0.0,0.0,0.0,0.0133333333333333,0.4,0.9901300433477824,0.0258064516129032,0.629326638033949,0.3726797979230822,0.0,0.0,0.9997999866657776,0.0,0.0,0.0,0.9985971705671516,0.9834,0.5004601260647876,0.9908790390187152,0.7010481845644922,0.5155617202600576,,
2024-07-22 09:55:43,hf_copula_syn_300000_2,1000,0.01,8,7.0,4,0.999525584547611,0.9841185106099026,0.5,0.9917622137789583,0.7014693545016427,0.5158807546859564,0.0,0.0,0.9937299893276414,0.0,0.0,0.0,0.0134228187919463,0.4,0.9901967322440812,0.0259740259740259,0.6293478314077459,0.3727022578716635,0.0,0.0,0.9998666577771852,0.0,0.0,0.0,0.998597168274964,0.9833333333333332,0.5004600460155746,0.990845227054756,0.7010244323812437,0.51552350006754,,
2024-07-22 09:56:26,hf_copula_syn_300000_2,1000,0.01,8,9.0,4,0.9995255523925716,0.9840517816628852,0.5,0.9917283120376597,0.7014455722516485,0.5158424917395655,0.0,0.0,0.993863393810032,0.0,0.0,0.0,0.0132450331125827,0.4,0.990063354451484,0.0256410256410256,0.6293054439464143,0.3726573376187083,0.0,0.0,0.9997999866657776,0.0,0.0,0.0,0.9985970768880428,0.9832666666666666,0.5004600682606268,0.9908112459549716,0.7010006581988625,0.5154852578598148,,
2024-07-22 09:57:45,hf_copula_syn_300000_2,1000,0.01,10,1.0,4,0.9995248761284192,0.9826504737755238,0.5,0.9910158484471214,0.7009459586071967,0.5150390727239368,0.0,0.0,0.9929962646744932,0.0,0.0,0.0,0.0129032258064516,0.4,0.9897965988662888,0.025,0.6292206604574547,0.3725674928432852,0.0,0.0,0.999533302220148,0.0,0.0,0.0,0.9985962873193016,0.9818666666666668,0.5004594990942631,0.9900992336552374,0.7005014825993158,0.5146825587536756,,
2024-07-22 09:59:06,hf_copula_syn_300000_2,1000,0.01,10,3.0,4,0.9995250050892313,0.9829173895635926,0.5,0.9911516334152004,0.7010411505623592,0.5151920897780319,0.0,0.0,0.9933964781216648,0.0,0.0,0.0,0.0127388535031847,0.4,0.9896632210736912,0.0246913580246913,0.6291782644286724,0.3725225683208173,0.0,0.0,0.999533302220148,0.0,0.0,0.0,0.9985963613689822,0.9821333333333332,0.5004596680821708,0.990234789010021,0.7005965715766438,0.5148354180170127,,
2024-07-22 10:00:25,hf_copula_syn_300000_2,1000,0.01,10,5.0,4,0.9995250050892313,0.9829173895635926,0.5,0.9911516334152004,0.7010411505623592,0.5151920897780319,0.0,0.0,0.9935298826040556,0.0,0.0,0.0,0.0125786163522012,0.4,0.9895298432810936,0.024390243902439,0.6291358655429188,0.3724776423751788,0.0,0.0,0.999533302220148,0.0,0.0,0.0,0.9985963079565986,0.9821333333333332,0.5004596947719638,0.990234688638647,0.7005965574436819,0.5148354030416974,,
2024-07-22 10:01:42,hf_copula_syn_300000_2,1000,0.01,10,7.0,4,0.9995250373184964,0.98298411851061,0.5,0.9911855739469788,0.7010649465315641,0.5152303451547438,0.0,0.0,0.993663287086446,0.0,0.0,0.0,0.0125786163522012,0.4,0.9895298432810936,0.024390243902439,0.6291358655429188,0.3724776423751788,0.0,0.0,0.9994666311087406,0.0,0.0,0.0,0.9985963401557832,0.9822,0.5004597614762804,0.9902685974925958,0.7006203312033156,0.514873622713391,,
2024-07-22 10:03:02,hf_copula_syn_300000_2,1000,0.01,10,9.0,4,0.9995250373184964,0.98298411851061,0.5,0.9911855739469788,0.7010649465315641,0.5152303451547438,0.0,0.0,0.9935965848452508,0.0,0.0,0.0,0.0125,0.4,0.9894631543847948,0.0242424242424242,0.629114665028497,0.3724551788686703,0.0,0.0,0.9995999733315556,0.0,0.0,0.0,0.9985963139503324,0.9822,0.5004597125616012,0.9902685482193756,0.7006203241364775,0.5148736152255555,,
2024-07-22 10:03:11,hf_copula_syn_300000_2,100,0.001,2,1.0,4,0.9990666666666668,1.0,0.0,0.9995331154538784,0.0,0.0,0.0,0.0,1.0,0.0,0.0,0.0,0.0,0.0,1.0,0.0,0.0,0.0,0.0,0.0,1.0,0.0,0.0,0.0,0.9981342044444445,0.9990666666666668,0.0009333333333333,0.9986002178794549,0.0,0.0,,
2024-07-22 10:03:19,hf_copula_syn_300000_2,100,0.001,2,3.0,4,0.9990666666666668,1.0,0.0,0.9995331154538784,0.0,0.0,0.0,0.0,1.0,0.0,0.0,0.0,0.0,0.0,1.0,0.0,0.0,0.0,0.0,0.0,1.0,0.0,0.0,0.0,0.9981342044444445,0.9990666666666668,0.0009333333333333,0.9986002178794549,0.0,0.0,,
2024-07-22 10:03:28,hf_copula_syn_300000_2,100,0.001,2,5.0,4,0.9990666666666668,1.0,0.0,0.9995331154538784,0.0,0.0,0.0,0.0,1.0,0.0,0.0,0.0,0.0,0.0,1.0,0.0,0.0,0.0,0.0,0.0,1.0,0.0,0.0,0.0,0.9981342044444445,0.9990666666666668,0.0009333333333333,0.9986002178794549,0.0,0.0,,
2024-07-22 10:03:37,hf_copula_syn_300000_2,100,0.001,2,7.0,4,0.9990666666666668,1.0,0.0,0.9995331154538784,0.0,0.0,0.0,0.0,1.0,0.0,0.0,0.0,0.0,0.0,1.0,0.0,0.0,0.0,0.0,0.0,1.0,0.0,0.0,0.0,0.9981342044444445,0.9990666666666668,0.0009333333333333,0.9986002178794549,0.0,0.0,,
2024-07-22 10:03:46,hf_copula_syn_300000_2,100,0.001,2,9.0,4,0.9990666666666668,1.0,0.0,0.9995331154538784,0.0,0.0,0.0,0.0,1.0,0.0,0.0,0.0,0.0,0.0,1.0,0.0,0.0,0.0,0.0,0.0,1.0,0.0,0.0,0.0,0.9981342044444445,0.9990666666666668,0.0009333333333333,0.9986002178794549,0.0,0.0,,
2024-07-22 10:03:55,hf_copula_syn_300000_2,100,0.001,4,1.0,4,0.9992594587316548,0.990457760576538,0.2142857142857142,0.9948391420911528,0.4606961565880189,0.2287144978405007,0.0,0.0,1.0,0.0,0.0,0.0,0.0136986301369863,0.4,0.9903967989329776,0.0264900662251655,0.6294114072474307,0.3727696355826512,0.0,0.0,1.0,0.0,0.0,0.0,0.9983313827802176,0.9896666666666668,0.2150158465520252,0.9939194555806096,0.4604759773109526,0.2286252875210437,,
2024-07-22 10:04:03,hf_copula_syn_300000_2,100,0.001,4,3.0,4,0.9992594587316548,0.990457760576538,0.2142857142857142,0.9948391420911528,0.4606961565880189,0.2287144978405007,0.0,0.0,1.0,0.0,0.0,0.0,0.0136986301369863,0.4,0.9903967989329776,0.0264900662251655,0.6294114072474307,0.3727696355826512,0.0,0.0,1.0,0.0,0.0,0.0,0.9983313827802176,0.9896666666666668,0.2150158465520252,0.9939194555806096,0.4604759773109526,0.2286252875210437,,
2024-07-22 10:04:12,hf_copula_syn_300000_2,100,0.001,4,5.0,4,0.9992594587316548,0.990457760576538,0.2142857142857142,0.9948391420911528,0.4606961565880189,0.2287144978405007,0.0,0.0,1.0,0.0,0.0,0.0,0.0136986301369863,0.4,0.9903967989329776,0.0264900662251655,0.6294114072474307,0.3727696355826512,0.0,0.0,1.0,0.0,0.0,0.0,0.9983313827802176,0.9896666666666668,0.2150158465520252,0.9939194555806096,0.4604759773109526,0.2286252875210437,,
2024-07-22 10:04:21,hf_copula_syn_300000_2,100,0.001,4,7.0,4,0.9992594587316548,0.990457760576538,0.2142857142857142,0.9948391420911528,0.4606961565880189,0.2287144978405007,0.0,0.0,1.0,0.0,0.0,0.0,0.0136986301369863,0.4,0.9903967989329776,0.0264900662251655,0.6294114072474307,0.3727696355826512,0.0,0.0,1.0,0.0,0.0,0.0,0.9983313827802176,0.9896666666666668,0.2150158465520252,0.9939194555806096,0.4604759773109526,0.2286252875210437,,
2024-07-22 10:04:29,hf_copula_syn_300000_2,100,0.001,4,9.0,4,0.9992594587316548,0.990457760576538,0.2142857142857142,0.9948391420911528,0.4606961565880189,0.2287144978405007,0.0,0.0,1.0,0.0,0.0,0.0,0.0136986301369863,0.4,0.9903967989329776,0.0264900662251655,0.6294114072474307,0.3727696355826512,0.0,0.0,1.0,0.0,0.0,0.0,0.9983313827802176,0.9896666666666668,0.2150158465520252,0.9939194555806096,0.4604759773109526,0.2286252875210437,,
2024-07-22 10:04:40,hf_copula_syn_300000_2,100,0.001,8,1.0,4,0.9994592767826967,0.986720939543574,0.4285714285714285,0.993049259595044,0.6502925515962271,0.4464834516560555,0.0,0.0,1.0,0.0,0.0,0.0,0.0097560975609756,0.4,0.9864621540513504,0.019047619047619,0.6281599013153738,0.3714439528303365,0.0,0.0,1.0,0.0,0.0,0.0,0.9985297001568866,0.9859333333333332,0.4291002492894457,0.992128762825771,0.6498949985151757,0.4461905484187866,,
2024-07-22 10:04:51,hf_copula_syn_300000_2,100,0.001,8,3.0,4,0.9994592767826967,0.986720939543574,0.4285714285714285,0.993049259595044,0.6502925515962271,0.4464834516560555,0.0,0.0,1.0,0.0,0.0,0.0,0.0097560975609756,0.4,0.9864621540513504,0.019047619047619,0.6281599013153738,0.3714439528303365,0.0,0.0,1.0,0.0,0.0,0.0,0.9985297001568866,0.9859333333333332,0.4291002492894457,0.992128762825771,0.6498949985151757,0.4461905484187866,,
2024-07-22 10:05:03,hf_copula_syn_300000_2,100,0.001,8,5.0,4,0.9994592767826967,0.986720939543574,0.4285714285714285,0.993049259595044,0.6502925515962271,0.4464834516560555,0.0,0.0,1.0,0.0,0.0,0.0,0.0097560975609756,0.4,0.9864621540513504,0.019047619047619,0.6281599013153738,0.3714439528303365,0.0,0.0,1.0,0.0,0.0,0.0,0.9985297001568866,0.9859333333333332,0.4291002492894457,0.992128762825771,0.6498949985151757,0.4461905484187866,,
2024-07-22 10:05:13,hf_copula_syn_300000_2,100,0.001,8,7.0,4,0.9994592767826967,0.986720939543574,0.4285714285714285,0.993049259595044,0.6502925515962271,0.4464834516560555,0.0,0.0,1.0,0.0,0.0,0.0,0.0097560975609756,0.4,0.9864621540513504,0.019047619047619,0.6281599013153738,0.3714439528303365,0.0,0.0,1.0,0.0,0.0,0.0,0.9985297001568866,0.9859333333333332,0.4291002492894457,0.992128762825771,0.6498949985151757,0.4461905484187866,,
2024-07-22 10:05:25,hf_copula_syn_300000_2,100,0.001,8,9.0,4,0.9994592767826967,0.986720939543574,0.4285714285714285,0.993049259595044,0.6502925515962271,0.4464834516560555,0.0,0.0,1.0,0.0,0.0,0.0,0.0097560975609756,0.4,0.9864621540513504,0.019047619047619,0.6281599013153738,0.3714439528303365,0.0,0.0,1.0,0.0,0.0,0.0,0.9985297001568866,0.9859333333333332,0.4291002492894457,0.992128762825771,0.6498949985151757,0.4461905484187866,,
2024-07-22 10:05:39,hf_copula_syn_300000_2,100,0.001,10,1.0,4,0.999459203677415,0.9865874816495396,0.4285714285714285,0.992981631350952,0.6502485727944592,0.4464174201009319,0.0,0.0,0.9968649946638208,0.0,0.0,0.0,0.00625,0.2,0.989396465488496,0.0121212121212121,0.4448362542528422,0.1822587716412306,0.0,0.0,1.0,0.0,0.0,0.0,0.9985284584206496,0.9857333333333334,0.429099555390412,0.9920588888990648,0.6497899528779354,0.4460615167660514,,
2024-07-22 10:05:52,hf_copula_syn_300000_2,100,0.001,10,3.0,4,0.999459203677415,0.9865874816495396,0.4285714285714285,0.992981631350952,0.6502485727944592,0.4464174201009319,0.0,0.0,0.9968649946638208,0.0,0.0,0.0,0.00625,0.2,0.989396465488496,0.0121212121212121,0.4448362542528422,0.1822587716412306,0.0,0.0,1.0,0.0,0.0,0.0,0.9985284584206496,0.9857333333333334,0.429099555390412,0.9920588888990648,0.6497899528779354,0.4460615167660514,,
2024-07-22 10:06:06,hf_copula_syn_300000_2,100,0.001,10,5.0,4,0.9994591671173608,0.9865207527025224,0.4285714285714285,0.9929478138222848,0.6502265822781171,0.4463844048958668,0.0,0.0,0.9967982924226254,0.0,0.0,0.0,0.00625,0.2,0.989396465488496,0.0121212121212121,0.4448362542528422,0.1822587716412306,0.0,0.0,1.0,0.0,0.0,0.0,0.998528421894718,0.9856666666666668,0.4290995198158834,0.9920251029334246,0.6497679828860751,0.4460285323751778,,
2024-07-22 10:06:20,hf_copula_syn_300000_2,100,0.001,10,7.0,4,0.999459203677415,0.9865874816495396,0.4285714285714285,0.992981631350952,0.6502485727944592,0.4464174201009319,0.0,0.0,0.9968649946638208,0.0,0.0,0.0,0.00625,0.2,0.989396465488496,0.0121212121212121,0.4448362542528422,0.1822587716412306,0.0,0.0,1.0,0.0,0.0,0.0,0.9985284584206496,0.9857333333333334,0.429099555390412,0.9920588888990648,0.6497899528779354,0.4460615167660514,,
2024-07-22 10:06:34,hf_copula_syn_300000_2,100,0.001,10,9.0,4,0.9994591671173608,0.9865207527025224,0.4285714285714285,0.9929478138222848,0.6502265822781171,0.4463844048958668,0.0,0.0,0.9967982924226254,0.0,0.0,0.0,0.00625,0.2,0.989396465488496,0.0121212121212121,0.4448362542528422,0.1822587716412306,0.0,0.0,1.0,0.0,0.0,0.0,0.998528421894718,0.9856666666666668,0.4290995198158834,0.9920251029334246,0.6497679828860751,0.4460285323751778,,
2024-07-22 10:06:48,hf_copula_syn_300000_2,500,0.001,2,1.0,4,0.9990666666666668,1.0,0.0,0.9995331154538784,0.0,0.0,0.0,0.0,1.0,0.0,0.0,0.0,0.0,0.0,1.0,0.0,0.0,0.0,0.0,0.0,1.0,0.0,0.0,0.0,0.9981342044444445,0.9990666666666668,0.0009333333333333,0.9986002178794549,0.0,0.0,,
2024-07-22 10:07:03,hf_copula_syn_300000_2,500,0.001,2,3.0,4,0.9990666666666668,1.0,0.0,0.9995331154538784,0.0,0.0,0.0,0.0,1.0,0.0,0.0,0.0,0.0,0.0,1.0,0.0,0.0,0.0,0.0,0.0,1.0,0.0,0.0,0.0,0.9981342044444445,0.9990666666666668,0.0009333333333333,0.9986002178794549,0.0,0.0,,
2024-07-22 10:07:15,hf_copula_syn_300000_2,500,0.001,2,5.0,4,0.9990666666666668,1.0,0.0,0.9995331154538784,0.0,0.0,0.0,0.0,1.0,0.0,0.0,0.0,0.0,0.0,1.0,0.0,0.0,0.0,0.0,0.0,1.0,0.0,0.0,0.0,0.9981342044444445,0.9990666666666668,0.0009333333333333,0.9986002178794549,0.0,0.0,,
2024-07-22 10:07:27,hf_copula_syn_300000_2,500,0.001,2,7.0,4,0.9990666666666668,1.0,0.0,0.9995331154538784,0.0,0.0,0.0,0.0,1.0,0.0,0.0,0.0,0.0,0.0,1.0,0.0,0.0,0.0,0.0,0.0,1.0,0.0,0.0,0.0,0.9981342044444445,0.9990666666666668,0.0009333333333333,0.9986002178794549,0.0,0.0,,
2024-07-22 10:07:40,hf_copula_syn_300000_2,500,0.001,2,9.0,4,0.9990666666666668,1.0,0.0,0.9995331154538784,0.0,0.0,0.0,0.0,1.0,0.0,0.0,0.0,0.0,0.0,1.0,0.0,0.0,0.0,0.0,0.0,1.0,0.0,0.0,0.0,0.9981342044444445,0.9990666666666668,0.0009333333333333,0.9986002178794549,0.0,0.0,,
2024-07-22 10:07:52,hf_copula_syn_300000_2,500,0.001,4,1.0,4,0.9992638201044036,0.9963299079140532,0.2142857142857142,0.997794707297514,0.4620598077971972,0.2301958521120637,0.0,0.0,1.0,0.0,0.0,0.0,0.0344827586206896,0.4,0.9962654218072692,0.0634920634920634,0.6312734500380225,0.3747446238442713,0.0,0.0,1.0,0.0,0.0,0.0,0.99834266812518,0.9955333333333334,0.21501780275965,0.9968845962585338,0.4618389764599324,0.2301059175247072,,
2024-07-22 10:08:06,hf_copula_syn_300000_2,500,0.001,4,3.0,4,0.9992638201044036,0.9963299079140532,0.2142857142857142,0.997794707297514,0.4620598077971972,0.2301958521120637,0.0,0.0,1.0,0.0,0.0,0.0,0.0344827586206896,0.4,0.9962654218072692,0.0634920634920634,0.6312734500380225,0.3747446238442713,0.0,0.0,1.0,0.0,0.0,0.0,0.99834266812518,0.9955333333333334,0.21501780275965,0.9968845962585338,0.4618389764599324,0.2301059175247072,,
2024-07-22 10:08:20,hf_copula_syn_300000_2,500,0.001,4,5.0,4,0.9992638201044036,0.9963299079140532,0.2142857142857142,0.997794707297514,0.4620598077971972,0.2301958521120637,0.0,0.0,1.0,0.0,0.0,0.0,0.0344827586206896,0.4,0.9962654218072692,0.0634920634920634,0.6312734500380225,0.3747446238442713,0.0,0.0,1.0,0.0,0.0,0.0,0.99834266812518,0.9955333333333334,0.21501780275965,0.9968845962585338,0.4618389764599324,0.2301059175247072,,
2024-07-22 10:08:33,hf_copula_syn_300000_2,500,0.001,4,7.0,4,0.9992638201044036,0.9963299079140532,0.2142857142857142,0.997794707297514,0.4620598077971972,0.2301958521120637,0.0,0.0,1.0,0.0,0.0,0.0,0.0344827586206896,0.4,0.9962654218072692,0.0634920634920634,0.6312734500380225,0.3747446238442713,0.0,0.0,1.0,0.0,0.0,0.0,0.99834266812518,0.9955333333333334,0.21501780275965,0.9968845962585338,0.4618389764599324,0.2301059175247072,,
2024-07-22 10:08:47,hf_copula_syn_300000_2,500,0.001,4,9.0,4,0.9992638201044036,0.9963299079140532,0.2142857142857142,0.997794707297514,0.4620598077971972,0.2301958521120637,0.0,0.0,1.0,0.0,0.0,0.0,0.0344827586206896,0.4,0.9962654218072692,0.0634920634920634,0.6312734500380225,0.3747446238442713,0.0,0.0,1.0,0.0,0.0,0.0,0.99834266812518,0.9955333333333334,0.21501780275965,0.9968845962585338,0.4618389764599324,0.2301059175247072,,
2024-07-22 10:09:14,hf_copula_syn_300000_2,500,0.001,8,1.0,4,0.9994595690062824,0.9872547711197116,0.4285714285714285,0.993319681761724,0.6504684370688048,0.4467475931431293,0.0,0.0,0.99886606189968,0.0,0.0,0.0,0.0111111111111111,0.4,0.9881293764588196,0.0216216216216216,0.6286905046074164,0.3720058340220331,0.0,0.0,1.0,0.0,0.0,0.0,0.9985304437789136,0.9864666666666668,0.4291002002632613,0.9923997905992872,0.650070896695743,0.4464546306675364,,
2024-07-22 10:09:37,hf_copula_syn_300000_2,500,0.001,8,3.0,4,0.9994595690062824,0.9872547711197116,0.4285714285714285,0.993319681761724,0.6504684370688048,0.4467475931431293,0.0,0.0,0.99886606189968,0.0,0.0,0.0,0.0111111111111111,0.4,0.9881293764588196,0.0216216216216216,0.6286905046074164,0.3720058340220331,0.0,0.0,1.0,0.0,0.0,0.0,0.9985304437789136,0.9864666666666668,0.4291002002632613,0.9923997905992872,0.650070896695743,0.4464546306675364,,
2024-07-22 10:10:01,hf_copula_syn_300000_2,500,0.001,8,5.0,4,0.9994595690062824,0.9872547711197116,0.4285714285714285,0.993319681761724,0.6504684370688048,0.4467475931431293,0.0,0.0,0.99886606189968,0.0,0.0,0.0,0.0111111111111111,0.4,0.9881293764588196,0.0216216216216216,0.6286905046074164,0.3720058340220331,0.0,0.0,1.0,0.0,0.0,0.0,0.9985304437789136,0.9864666666666668,0.4291002002632613,0.9923997905992872,0.650070896695743,0.4464546306675364,,
2024-07-22 10:10:25,hf_copula_syn_300000_2,500,0.001,8,7.0,4,0.9994595690062824,0.9872547711197116,0.4285714285714285,0.993319681761724,0.6504684370688048,0.4467475931431293,0.0,0.0,0.9983324439701174,0.0,0.0,0.0,0.005813953488372,0.2,0.9885961987329108,0.0112994350282485,0.4446563164361687,0.1821271756585306,0.0,0.0,1.0,0.0,0.0,0.0,0.998528678059706,0.9864,0.4291000712744569,0.9923963498704228,0.6500095519663526,0.4463913377814152,,
2024-07-22 10:10:52,hf_copula_syn_300000_2,500,0.001,8,9.0,4,0.9994595690062824,0.9872547711197116,0.4285714285714285,0.993319681761724,0.6504684370688048,0.4467475931431293,0.0,0.0,0.9983324439701174,0.0,0.0,0.0,0.005813953488372,0.2,0.9885961987329108,0.0112994350282485,0.4446563164361687,0.1821271756585306,0.0,0.0,1.0,0.0,0.0,0.0,0.998528678059706,0.9864,0.4291000712744569,0.9923963498704228,0.6500095519663526,0.4463913377814152,,
2024-07-22 10:11:31,hf_copula_syn_300000_2,500,0.001,10,1.0,4,0.9994585814834868,0.9854530895502468,0.4285714285714285,0.992406424299442,0.6498746328167281,0.4458562135211964,0.0,0.0,0.9933964781216648,0.0,0.0,0.0,0.008,0.2,0.9917305768589528,0.0153846153846153,0.4453606576380435,0.1826424469376865,0.0,0.0,1.0,0.0,0.0,0.0,0.9985284201407688,0.9846,0.4290984835520464,0.9914853065085576,0.6494165367119784,0.4455009618708891,,
2024-07-22 10:12:12,hf_copula_syn_300000_2,500,0.001,10,3.0,4,0.9994585814834868,0.9854530895502468,0.4285714285714285,0.992406424299442,0.6498746328167281,0.4458562135211964,0.0,0.0,0.9933964781216648,0.0,0.0,0.0,0.008,0.2,0.9917305768589528,0.0153846153846153,0.4453606576380435,0.1826424469376865,0.0,0.0,1.0,0.0,0.0,0.0,0.9985284201407688,0.9846,0.4290984835520464,0.9914853065085576,0.6494165367119784,0.4455009618708891,,
2024-07-22 10:12:56,hf_copula_syn_300000_2,500,0.001,10,5.0,4,0.9994585814834868,0.9854530895502468,0.4285714285714285,0.992406424299442,0.6498746328167281,0.4458562135211964,0.0,0.0,0.9933964781216648,0.0,0.0,0.0,0.008,0.2,0.9917305768589528,0.0153846153846153,0.4453606576380435,0.1826424469376865,0.0,0.0,1.0,0.0,0.0,0.0,0.9985284201407688,0.9846,0.4290984835520464,0.9914853065085576,0.6494165367119784,0.4455009618708891,,
2024-07-22 10:13:38,hf_copula_syn_300000_2,500,0.001,10,7.0,4,0.9994586181227584,0.985519818497264,0.4285714285714285,0.9924402781977624,0.6498966352419648,0.4458892226196297,0.0,0.0,0.9933964781216648,0.0,0.0,0.0,0.0080645161290322,0.2,0.9917972657552516,0.0155038759689922,0.4453756315191148,0.1826534058868795,0.0,0.0,1.0,0.0,0.0,0.0,0.9985284782512202,0.9846666666666668,0.4290985057816786,0.991519168563434,0.649438523592912,0.4455339438138137,,
2024-07-22 10:14:18,hf_copula_syn_300000_2,500,0.001,10,9.0,4,0.9994591671173608,0.9865207527025224,0.4285714285714285,0.9929478138222848,0.6502265822781171,0.4463844048958668,0.0,0.0,0.9933964781216648,0.0,0.0,0.0,0.0091743119266055,0.2,0.9927975991997332,0.0175438596491228,0.4456001793535845,0.1828177687772105,0.0,0.0,1.0,0.0,0.0,0.0,0.99852939666536,0.9856666666666668,0.42909883922616,0.9920269104826006,0.6497682375277753,0.4460287187075564,,
2024-07-22 10:14:44,hf_copula_syn_300000_2,1500,0.001,2,1.0,4,0.99919882494325,0.9986654210596556,0.1428571428571428,0.9989320517954878,0.3777121770909801,0.1548760049299144,0.0,0.0,1.0,0.0,0.0,0.0,0.0454545454545454,0.2,0.998599533177726,0.074074074074074,0.4469003318812207,0.1837702842150006,0.0,0.0,1.0,0.0,0.0,0.0,0.9982813908884546,0.9978,0.1436566760348687,0.9980244065718368,0.377508612502989,0.1547927107533848,,
2024-07-22 10:15:11,hf_copula_syn_300000_2,1500,0.001,2,3.0,4,0.99919882494325,0.9986654210596556,0.1428571428571428,0.9989320517954878,0.3777121770909801,0.1548760049299144,0.0,0.0,1.0,0.0,0.0,0.0,0.0454545454545454,0.2,0.998599533177726,0.074074074074074,0.4469003318812207,0.1837702842150006,0.0,0.0,1.0,0.0,0.0,0.0,0.9982813908884546,0.9978,0.1436566760348687,0.9980244065718368,0.377508612502989,0.1547927107533848,,
2024-07-22 10:15:36,hf_copula_syn_300000_2,1500,0.001,2,5.0,4,0.99919882494325,0.9986654210596556,0.1428571428571428,0.9989320517954878,0.3777121770909801,0.1548760049299144,0.0,0.0,1.0,0.0,0.0,0.0,0.0454545454545454,0.2,0.998599533177726,0.074074074074074,0.4469003318812207,0.1837702842150006,0.0,0.0,1.0,0.0,0.0,0.0,0.9982813908884546,0.9978,0.1436566760348687,0.9980244065718368,0.377508612502989,0.1547927107533848,,
2024-07-22 10:16:04,hf_copula_syn_300000_2,1500,0.001,2,7.0,4,0.99919882494325,0.9986654210596556,0.1428571428571428,0.9989320517954878,0.3777121770909801,0.1548760049299144,0.0,0.0,1.0,0.0,0.0,0.0,0.0454545454545454,0.2,0.998599533177726,0.074074074074074,0.4469003318812207,0.1837702842150006,0.0,0.0,1.0,0.0,0.0,0.0,0.9982813908884546,0.9978,0.1436566760348687,0.9980244065718368,0.377508612502989,0.1547927107533848,,
2024-07-22 10:16:32,hf_copula_syn_300000_2,1500,0.001,2,9.0,4,0.99919882494325,0.9986654210596556,0.1428571428571428,0.9989320517954878,0.3777121770909801,0.1548760049299144,0.0,0.0,1.0,0.0,0.0,0.0,0.0454545454545454,0.2,0.998599533177726,0.074074074074074,0.4469003318812207,0.1837702842150006,0.0,0.0,1.0,0.0,0.0,0.0,0.9982813908884546,0.9978,0.1436566760348687,0.9980244065718368,0.377508612502989,0.1547927107533848,,
2024-07-22 10:17:03,hf_copula_syn_300000_2,1500,0.001,4,1.0,4,0.9994629791233134,0.99352729213933,0.4285714285714285,0.9964862965565706,0.6525315401701711,0.4498530853158065,0.0,0.0,1.0,0.0,0.0,0.0,0.0194174757281553,0.4,0.9932644214738248,0.037037037037037,0.6303219562965658,0.3737350308944818,0.0,0.0,1.0,0.0,0.0,0.0,0.9985366195013744,0.9927333333333334,0.4291025167119198,0.9955685883587968,0.6521326180514444,0.44955780077981,,
2024-07-22 10:17:28,hf_copula_syn_300000_2,1500,0.001,4,3.0,4,0.9994629791233134,0.99352729213933,0.4285714285714285,0.9964862965565706,0.6525315401701711,0.4498530853158065,0.0,0.0,1.0,0.0,0.0,0.0,0.0194174757281553,0.4,0.9932644214738248,0.037037037037037,0.6303219562965658,0.3737350308944818,0.0,0.0,1.0,0.0,0.0,0.0,0.9985366195013744,0.9927333333333334,0.4291025167119198,0.9955685883587968,0.6521326180514444,0.44955780077981,,
2024-07-22 10:18:02,hf_copula_syn_300000_2,1500,0.001,4,5.0,4,0.9994629791233134,0.99352729213933,0.4285714285714285,0.9964862965565706,0.6525315401701711,0.4498530853158065,0.0,0.0,1.0,0.0,0.0,0.0,0.0194174757281553,0.4,0.9932644214738248,0.037037037037037,0.6303219562965658,0.3737350308944818,0.0,0.0,1.0,0.0,0.0,0.0,0.9985366195013744,0.9927333333333334,0.4291025167119198,0.9955685883587968,0.6521326180514444,0.44955780077981,,
2024-07-22 10:18:36,hf_copula_syn_300000_2,1500,0.001,4,7.0,4,0.9994629791233134,0.99352729213933,0.4285714285714285,0.9964862965565706,0.6525315401701711,0.4498530853158065,0.0,0.0,1.0,0.0,0.0,0.0,0.0194174757281553,0.4,0.9932644214738248,0.037037037037037,0.6303219562965658,0.3737350308944818,0.0,0.0,1.0,0.0,0.0,0.0,0.9985366195013744,0.9927333333333334,0.4291025167119198,0.9955685883587968,0.6521326180514444,0.44955780077981,,
2024-07-22 10:19:09,hf_copula_syn_300000_2,1500,0.001,4,9.0,4,0.9994629791233134,0.99352729213933,0.4285714285714285,0.9964862965565706,0.6525315401701711,0.4498530853158065,0.0,0.0,1.0,0.0,0.0,0.0,0.0194174757281553,0.4,0.9932644214738248,0.037037037037037,0.6303219562965658,0.3737350308944818,0.0,0.0,1.0,0.0,0.0,0.0,0.9985366195013744,0.9927333333333334,0.4291025167119198,0.9955685883587968,0.6521326180514444,0.44955780077981,,
2024-07-22 10:20:15,hf_copula_syn_300000_2,1500,0.001,8,1.0,4,0.9995278564683664,0.9888562658481248,0.5,0.9941634241245136,0.7031558382919554,0.5185985620032143,0.0,0.0,0.9981323372465316,0.0,0.0,0.0,0.0205479452054794,0.6,0.9904634878292764,0.0397350993377483,0.7708943460018148,0.5710737030160437,0.0,0.0,1.0,0.0,0.0,0.0,0.9986018131173976,0.9881333333333332,0.5004624917424745,0.99324878329511,0.7027565242915501,0.5183048945796833,,
2024-07-22 10:21:20,hf_copula_syn_300000_2,1500,0.001,8,3.0,4,0.9995279201510656,0.9889897237421592,0.5,0.9942308982357282,0.7032032863056598,0.5186751524609053,0.0,0.0,0.9981323372465316,0.0,0.0,0.0,0.0208333333333333,0.6,0.990596865621874,0.0402684563758389,0.7709462493411096,0.5711426775247188,0.0,0.0,1.0,0.0,0.0,0.0,0.9986019718700356,0.9882666666666666,0.5004625362017388,0.9933163722161668,0.7028039453215548,0.5183814365444501,,
2024-07-22 10:22:26,hf_copula_syn_300000_2,1500,0.001,8,5.0,4,0.9995279519859734,0.9890564526891764,0.5,0.9942646318966964,0.7032270091119853,0.5187134483576638,0.0,0.0,0.9981990394877268,0.0,0.0,0.0,0.0208333333333333,0.6,0.990596865621874,0.0402684563758389,0.7709462493411096,0.5711426775247188,0.0,0.0,1.0,0.0,0.0,0.0,0.9986020036752308,0.9883333333333332,0.5004625717762674,0.9933500743923848,0.7028276459865945,0.5184196966983715,,
2024-07-22 10:23:32,hf_copula_syn_300000_2,1500,0.001,8,7.0,4,0.9995273144709298,0.9877218737488322,0.5,0.99358952844437,0.7027524008314849,0.5179476150247905,0.0,0.0,0.9981323372465316,0.0,0.0,0.0,0.0184049079754601,0.6,0.9893297765921976,0.0357142857142857,0.7704530264430911,0.5704873335015196,0.0,0.0,1.0,0.0,0.0,0.0,0.998600557280082,0.987,0.5004621138387289,0.9926740829797264,0.7023533162661898,0.5176543596952679,,
2024-07-22 10:24:43,hf_copula_syn_300000_2,1500,0.001,8,9.0,4,0.999527282549973,0.987655144801815,0.5,0.9935557494797612,0.702728662003271,0.5179093280335368,0.0,0.0,0.9981323372465316,0.0,0.0,0.0,0.0182926829268292,0.6,0.9892630876958988,0.0355029585798816,0.7704270585964249,0.5704528363739341,0.0,0.0,1.0,0.0,0.0,0.0,0.9986004879805688,0.9869333333333332,0.5004620916090967,0.9926402650997734,0.7023295909382667,0.5176160969394968,,
2024-07-22 10:26:48,hf_copula_syn_300000_2,1500,0.001,10,1.0,4,0.9994585814834868,0.9854530895502468,0.4285714285714285,0.992406424299442,0.6498746328167281,0.4458562135211964,0.0,0.0,0.9951307363927429,0.0,0.0,0.0,0.0066225165562913,0.2,0.9899966655551852,0.0128205128205128,0.4449711598643636,0.18235745181705,0.0,0.0,1.0,0.0,0.0,0.0,0.9985279609796208,0.9846,0.4290988305193564,0.9914844518077028,0.6494164068793873,0.4455008668725156,,
2024-07-22 10:28:49,hf_copula_syn_300000_2,1500,0.001,10,3.0,4,0.9994585448392554,0.9853863606032296,0.4285714285714285,0.992372568126071,0.649852629646543,0.4458232048044278,0.0,0.0,0.995197438633938,0.0,0.0,0.0,0.0065359477124183,0.2,0.9898632877625876,0.0126582278481012,0.4449411843744266,0.1823355241343646,0.0,0.0,1.0,0.0,0.0,0.0,0.9985278955133096,0.9845333333333334,0.4290988216346209,0.991450573138436,0.6493944142536643,0.445467881654655,,
2024-07-22 10:30:52,hf_copula_syn_300000_2,1500,0.001,10,5.0,4,0.999458141425088,0.9846523421860404,0.4285714285714285,0.992,0.6496105455862569,0.4454601341098277,0.0,0.0,0.9952641408751334,0.0,0.0,0.0,0.006060606060606,0.2,0.9890630210070024,0.0117647058823529,0.4447612890095095,0.1822039430949585,0.0,0.0,1.0,0.0,0.0,0.0,0.9985273340284448,0.9838,0.4290985904535643,0.9910780549019608,0.6491524961733794,0.4451051059656902,,
2024-07-22 10:32:55,hf_copula_syn_300000_2,1500,0.001,10,7.0,4,0.9994583615436696,0.9850527158681436,0.4285714285714285,0.99220325312542,0.6497426026187415,0.4456581669455514,0.0,0.0,0.996064567769477,0.0,0.0,0.0,0.0058479532163742,0.2,0.9886628876292096,0.0113636363636363,0.4446713140352568,0.1821381429688522,0.0,0.0,1.0,0.0,0.0,0.0,0.9985274830573008,0.9842,0.4290988839701154,0.991280984634624,0.6492843999609758,0.4453029320373919,,
2024-07-22 10:34:57,hf_copula_syn_300000_2,1500,0.001,10,9.0,4,0.9994583615436696,0.9850527158681436,0.4285714285714285,0.99220325312542,0.6497426026187415,0.4456581669455514,0.0,0.0,0.9961979722518676,0.0,0.0,0.0,0.0057803468208092,0.2,0.9885295098366124,0.0112359550561797,0.4446413183312168,0.1821162081703126,0.0,0.0,1.0,0.0,0.0,0.0,0.9985274605218356,0.9842,0.4290989106599084,0.9912809420741884,0.6492843899624078,0.4453029247257924,,
2024-07-22 10:35:20,hf_copula_syn_300000_2,1000,0.001,2,1.0,4,0.99919882494325,0.9986654210596556,0.1428571428571428,0.9989320517954878,0.3777121770909801,0.1548760049299144,0.0,0.0,1.0,0.0,0.0,0.0,0.0454545454545454,0.2,0.998599533177726,0.074074074074074,0.4469003318812207,0.1837702842150006,0.0,0.0,1.0,0.0,0.0,0.0,0.9982813908884546,0.9978,0.1436566760348687,0.9980244065718368,0.377508612502989,0.1547927107533848,,
2024-07-22 10:35:40,hf_copula_syn_300000_2,1000,0.001,2,3.0,4,0.99919882494325,0.9986654210596556,0.1428571428571428,0.9989320517954878,0.3777121770909801,0.1548760049299144,0.0,0.0,1.0,0.0,0.0,0.0,0.0454545454545454,0.2,0.998599533177726,0.074074074074074,0.4469003318812207,0.1837702842150006,0.0,0.0,1.0,0.0,0.0,0.0,0.9982813908884546,0.9978,0.1436566760348687,0.9980244065718368,0.377508612502989,0.1547927107533848,,
2024-07-22 10:36:03,hf_copula_syn_300000_2,1000,0.001,2,5.0,4,0.99919882494325,0.9986654210596556,0.1428571428571428,0.9989320517954878,0.3777121770909801,0.1548760049299144,0.0,0.0,1.0,0.0,0.0,0.0,0.0454545454545454,0.2,0.998599533177726,0.074074074074074,0.4469003318812207,0.1837702842150006,0.0,0.0,1.0,0.0,0.0,0.0,0.9982813908884546,0.9978,0.1436566760348687,0.9980244065718368,0.377508612502989,0.1547927107533848,,
2024-07-22 10:36:22,hf_copula_syn_300000_2,1000,0.001,2,7.0,4,0.99919882494325,0.9986654210596556,0.1428571428571428,0.9989320517954878,0.3777121770909801,0.1548760049299144,0.0,0.0,1.0,0.0,0.0,0.0,0.0454545454545454,0.2,0.998599533177726,0.074074074074074,0.4469003318812207,0.1837702842150006,0.0,0.0,1.0,0.0,0.0,0.0,0.9982813908884546,0.9978,0.1436566760348687,0.9980244065718368,0.377508612502989,0.1547927107533848,,
2024-07-22 10:36:46,hf_copula_syn_300000_2,1000,0.001,2,9.0,4,0.99919882494325,0.9986654210596556,0.1428571428571428,0.9989320517954878,0.3777121770909801,0.1548760049299144,0.0,0.0,1.0,0.0,0.0,0.0,0.0454545454545454,0.2,0.998599533177726,0.074074074074074,0.4469003318812207,0.1837702842150006,0.0,0.0,1.0,0.0,0.0,0.0,0.9982813908884546,0.9978,0.1436566760348687,0.9980244065718368,0.377508612502989,0.1547927107533848,,
2024-07-22 10:37:13,hf_copula_syn_300000_2,1000,0.001,4,1.0,4,0.9992638201044036,0.9963299079140532,0.2142857142857142,0.997794707297514,0.4620598077971972,0.2301958521120637,0.0,0.0,1.0,0.0,0.0,0.0,0.0344827586206896,0.4,0.9962654218072692,0.0634920634920634,0.6312734500380225,0.3747446238442713,0.0,0.0,1.0,0.0,0.0,0.0,0.99834266812518,0.9955333333333334,0.21501780275965,0.9968845962585338,0.4618389764599324,0.2301059175247072,,
2024-07-22 10:37:39,hf_copula_syn_300000_2,1000,0.001,4,3.0,4,0.9992638201044036,0.9963299079140532,0.2142857142857142,0.997794707297514,0.4620598077971972,0.2301958521120637,0.0,0.0,1.0,0.0,0.0,0.0,0.0344827586206896,0.4,0.9962654218072692,0.0634920634920634,0.6312734500380225,0.3747446238442713,0.0,0.0,1.0,0.0,0.0,0.0,0.99834266812518,0.9955333333333334,0.21501780275965,0.9968845962585338,0.4618389764599324,0.2301059175247072,,
2024-07-22 10:38:03,hf_copula_syn_300000_2,1000,0.001,4,5.0,4,0.9992638201044036,0.9963299079140532,0.2142857142857142,0.997794707297514,0.4620598077971972,0.2301958521120637,0.0,0.0,1.0,0.0,0.0,0.0,0.0344827586206896,0.4,0.9962654218072692,0.0634920634920634,0.6312734500380225,0.3747446238442713,0.0,0.0,1.0,0.0,0.0,0.0,0.99834266812518,0.9955333333333334,0.21501780275965,0.9968845962585338,0.4618389764599324,0.2301059175247072,,
2024-07-22 10:38:28,hf_copula_syn_300000_2,1000,0.001,4,7.0,4,0.9992638201044036,0.9963299079140532,0.2142857142857142,0.997794707297514,0.4620598077971972,0.2301958521120637,0.0,0.0,1.0,0.0,0.0,0.0,0.0344827586206896,0.4,0.9962654218072692,0.0634920634920634,0.6312734500380225,0.3747446238442713,0.0,0.0,1.0,0.0,0.0,0.0,0.99834266812518,0.9955333333333334,0.21501780275965,0.9968845962585338,0.4618389764599324,0.2301059175247072,,
2024-07-22 10:38:52,hf_copula_syn_300000_2,1000,0.001,4,9.0,4,0.9992638201044036,0.9963299079140532,0.2142857142857142,0.997794707297514,0.4620598077971972,0.2301958521120637,0.0,0.0,1.0,0.0,0.0,0.0,0.0344827586206896,0.4,0.9962654218072692,0.0634920634920634,0.6312734500380225,0.3747446238442713,0.0,0.0,1.0,0.0,0.0,0.0,0.99834266812518,0.9955333333333334,0.21501780275965,0.9968845962585338,0.4618389764599324,0.2301059175247072,,
2024-07-22 10:39:32,hf_copula_syn_300000_2,1000,0.001,8,1.0,4,0.9994618592762008,0.9914586947817964,0.4285714285714285,0.9954441913439636,0.6518518767267595,0.4488285609464652,0.0,0.0,0.998465848452508,0.0,0.0,0.0,0.018018018018018,0.4,0.9927309103034344,0.0344827586206896,0.6301526514435798,0.3735554722753533,0.0,0.0,1.0,0.0,0.0,0.0,0.9985350342135488,0.9906666666666668,0.4291015206607043,0.9945266043515828,0.651453532525629,0.4485341727803403,,
2024-07-22 10:40:14,hf_copula_syn_300000_2,1000,0.001,8,3.0,4,0.9994606620373492,0.9892566395302282,0.4285714285714285,0.9943324725845936,0.6511275844465819,0.4477383412684149,0.0,0.0,0.9991995731056564,0.0,0.0,0.0,0.0129032258064516,0.4,0.9897965988662888,0.025,0.6292206604574547,0.3725674928432852,0.0,0.0,1.0,0.0,0.0,0.0,0.9985321331613832,0.9884666666666668,0.429100933876707,0.993412762276848,0.6507296055879176,0.4474446413141789,,
2024-07-22 10:40:57,hf_copula_syn_300000_2,1000,0.001,8,5.0,4,0.9994605165553982,0.9889897237421592,0.4285714285714285,0.9941975515680026,0.651039736687892,0.4476062216718234,0.0,0.0,0.9996664887940236,0.0,0.0,0.0,0.0120481927710843,0.4,0.9890630210070024,0.023391812865497,0.6289874469357882,0.3723203903579731,0.0,0.0,1.0,0.0,0.0,0.0,0.9985317028042036,0.9882,0.4291009383724543,0.993277431124161,0.6506417620826286,0.4473125626617156,,
2024-07-22 10:41:41,hf_copula_syn_300000_2,1000,0.001,8,7.0,4,0.9994597149996624,0.9875216869077806,0.4285714285714285,0.9934548383848556,0.6505563619728383,0.4468796730466141,0.0,0.0,0.9992662753468516,0.0,0.0,0.0,0.0109890109890109,0.4,0.987995998666222,0.0213903743315508,0.6286480728249224,0.3719608917099298,0.0,0.0,1.0,0.0,0.0,0.0,0.9985305489359924,0.9867333333333334,0.4291003692511689,0.9925347439938068,0.6501587253926052,0.4465865723156739,,
2024-07-22 10:42:21,hf_copula_syn_300000_2,1000,0.001,8,9.0,4,0.9994597149996624,0.9875216869077806,0.4285714285714285,0.9934548383848556,0.6505563619728383,0.4468796730466141,0.0,0.0,0.9992662753468516,0.0,0.0,0.0,0.0109890109890109,0.4,0.987995998666222,0.0213903743315508,0.6286480728249224,0.3719608917099298,0.0,0.0,1.0,0.0,0.0,0.0,0.9985305489359924,0.9867333333333334,0.4291003692511689,0.9925347439938068,0.6501587253926052,0.4465865723156739,,
2024-07-22 10:43:48,hf_copula_syn_300000_2,1000,0.001,10,1.0,4,0.9994586547570712,0.9855865474442812,0.4285714285714285,0.9924741298212608,0.6499186369223287,0.4459222320997274,0.0,0.0,0.99559765208111,0.0,0.0,0.0,0.0064102564102564,0.2,0.9896632210736912,0.0124223602484472,0.444896217352697,0.1823026312761139,0.0,0.0,1.0,0.0,0.0,0.0,0.9985279634314348,0.9847333333333332,0.4290989683928963,0.991551961420177,0.649460344933652,0.445566805560193,,
2024-07-22 10:45:08,hf_copula_syn_300000_2,1000,0.001,10,3.0,4,0.9994585448392554,0.9853863606032296,0.4285714285714285,0.992372568126071,0.649852629646543,0.4458232048044278,0.0,0.0,0.99559765208111,0.0,0.0,0.0,0.0062893081761006,0.2,0.9894631543847948,0.0121951219512195,0.4448512457855536,0.182269736816796,0.0,0.0,1.0,0.0,0.0,0.0,0.9985278133001309,0.9845333333333334,0.429098901704,0.9914504187698038,0.6493943842741348,0.4454678597255492,,
2024-07-22 10:46:27,hf_copula_syn_300000_2,1000,0.001,10,5.0,4,0.9994585814834868,0.9854530895502468,0.4285714285714285,0.992406424299442,0.6498746328167281,0.4458562135211964,0.0,0.0,0.9970651013874068,0.0,0.0,0.0,0.0055555555555555,0.2,0.9880626875625208,0.0108108108108108,0.4445363174280636,0.1820394307716888,0.0,0.0,1.0,0.0,0.0,0.0,0.998527605325954,0.9846,0.429099217521356,0.9914837819070328,0.6494162619319085,0.4455007608655005,,
2024-07-22 10:47:47,hf_copula_syn_300000_2,1000,0.001,10,7.0,4,0.9994583615436696,0.9850527158681436,0.4285714285714285,0.99220325312542,0.6497426026187415,0.4456581669455514,0.0,0.0,0.9957310565635006,0.0,0.0,0.0,0.0060240963855421,0.2,0.9889963321107036,0.0116959064327485,0.4447462944445302,0.182192976852015,0.0,0.0,1.0,0.0,0.0,0.0,0.9985275417716908,0.9842,0.4290988172456327,0.9912810953913138,0.6492844249544455,0.445302950315353,,
2024-07-22 10:49:03,hf_copula_syn_300000_2,1000,0.001,10,9.0,4,0.9994583615436696,0.9850527158681436,0.4285714285714285,0.99220325312542,0.6497426026187415,0.4456581669455514,0.0,0.0,0.9957310565635006,0.0,0.0,0.0,0.0060240963855421,0.2,0.9889963321107036,0.0116959064327485,0.4447462944445302,0.182192976852015,0.0,0.0,1.0,0.0,0.0,0.0,0.9985275417716908,0.9842,0.4290988172456327,0.9912810953913138,0.6492844249544455,0.445302950315353,,
2024-07-22 10:49:10,hf_copula_syn_300000_2,100,0.0001,2,1.0,4,0.9990666666666668,1.0,0.0,0.9995331154538784,0.0,0.0,0.0,0.0,1.0,0.0,0.0,0.0,0.0,0.0,1.0,0.0,0.0,0.0,0.0,0.0,1.0,0.0,0.0,0.0,0.9981342044444445,0.9990666666666668,0.0009333333333333,0.9986002178794549,0.0,0.0,,
2024-07-22 10:49:18,hf_copula_syn_300000_2,100,0.0001,2,3.0,4,0.9990666666666668,1.0,0.0,0.9995331154538784,0.0,0.0,0.0,0.0,1.0,0.0,0.0,0.0,0.0,0.0,1.0,0.0,0.0,0.0,0.0,0.0,1.0,0.0,0.0,0.0,0.9981342044444445,0.9990666666666668,0.0009333333333333,0.9986002178794549,0.0,0.0,,
2024-07-22 10:49:25,hf_copula_syn_300000_2,100,0.0001,2,5.0,4,0.9990666666666668,1.0,0.0,0.9995331154538784,0.0,0.0,0.0,0.0,1.0,0.0,0.0,0.0,0.0,0.0,1.0,0.0,0.0,0.0,0.0,0.0,1.0,0.0,0.0,0.0,0.9981342044444445,0.9990666666666668,0.0009333333333333,0.9986002178794549,0.0,0.0,,
2024-07-22 10:49:33,hf_copula_syn_300000_2,100,0.0001,2,7.0,4,0.9990666666666668,1.0,0.0,0.9995331154538784,0.0,0.0,0.0,0.0,1.0,0.0,0.0,0.0,0.0,0.0,1.0,0.0,0.0,0.0,0.0,0.0,1.0,0.0,0.0,0.0,0.9981342044444445,0.9990666666666668,0.0009333333333333,0.9986002178794549,0.0,0.0,,
2024-07-22 10:49:41,hf_copula_syn_300000_2,100,0.0001,2,9.0,4,0.9990666666666668,1.0,0.0,0.9995331154538784,0.0,0.0,0.0,0.0,1.0,0.0,0.0,0.0,0.0,0.0,1.0,0.0,0.0,0.0,0.0,0.0,1.0,0.0,0.0,0.0,0.9981342044444445,0.9990666666666668,0.0009333333333333,0.9986002178794549,0.0,0.0,,
2024-07-22 10:49:50,hf_copula_syn_300000_2,100,0.0001,4,1.0,4,0.9992594587316548,0.990457760576538,0.2142857142857142,0.9948391420911528,0.4606961565880189,0.2287144978405007,0.0,0.0,1.0,0.0,0.0,0.0,0.0136986301369863,0.4,0.9903967989329776,0.0264900662251655,0.6294114072474307,0.3727696355826512,0.0,0.0,1.0,0.0,0.0,0.0,0.9983313827802176,0.9896666666666668,0.2150158465520252,0.9939194555806096,0.4604759773109526,0.2286252875210437,,
2024-07-22 10:49:58,hf_copula_syn_300000_2,100,0.0001,4,3.0,4,0.9992594587316548,0.990457760576538,0.2142857142857142,0.9948391420911528,0.4606961565880189,0.2287144978405007,0.0,0.0,1.0,0.0,0.0,0.0,0.0136986301369863,0.4,0.9903967989329776,0.0264900662251655,0.6294114072474307,0.3727696355826512,0.0,0.0,1.0,0.0,0.0,0.0,0.9983313827802176,0.9896666666666668,0.2150158465520252,0.9939194555806096,0.4604759773109526,0.2286252875210437,,
2024-07-22 10:50:07,hf_copula_syn_300000_2,100,0.0001,4,5.0,4,0.9992594587316548,0.990457760576538,0.2142857142857142,0.9948391420911528,0.4606961565880189,0.2287144978405007,0.0,0.0,1.0,0.0,0.0,0.0,0.0136986301369863,0.4,0.9903967989329776,0.0264900662251655,0.6294114072474307,0.3727696355826512,0.0,0.0,1.0,0.0,0.0,0.0,0.9983313827802176,0.9896666666666668,0.2150158465520252,0.9939194555806096,0.4604759773109526,0.2286252875210437,,
2024-07-22 10:50:16,hf_copula_syn_300000_2,100,0.0001,4,7.0,4,0.9992594587316548,0.990457760576538,0.2142857142857142,0.9948391420911528,0.4606961565880189,0.2287144978405007,0.0,0.0,1.0,0.0,0.0,0.0,0.0136986301369863,0.4,0.9903967989329776,0.0264900662251655,0.6294114072474307,0.3727696355826512,0.0,0.0,1.0,0.0,0.0,0.0,0.9983313827802176,0.9896666666666668,0.2150158465520252,0.9939194555806096,0.4604759773109526,0.2286252875210437,,
2024-07-22 10:50:24,hf_copula_syn_300000_2,100,0.0001,4,9.0,4,0.9992594587316548,0.990457760576538,0.2142857142857142,0.9948391420911528,0.4606961565880189,0.2287144978405007,0.0,0.0,1.0,0.0,0.0,0.0,0.0136986301369863,0.4,0.9903967989329776,0.0264900662251655,0.6294114072474307,0.3727696355826512,0.0,0.0,1.0,0.0,0.0,0.0,0.9983313827802176,0.9896666666666668,0.2150158465520252,0.9939194555806096,0.4604759773109526,0.2286252875210437,,
2024-07-22 10:50:34,hf_copula_syn_300000_2,100,0.0001,8,1.0,4,0.9994591671173608,0.9865207527025224,0.4285714285714285,0.9929478138222848,0.6502265822781171,0.4463844048958668,0.0,0.0,1.0,0.0,0.0,0.0,0.0096153846153846,0.4,0.986262087362454,0.0187793427230046,0.6280961987983861,0.3713765121440391,0.0,0.0,1.0,0.0,0.0,0.0,0.9985295436895896,0.9857333333333334,0.4291001826005494,0.992027322310292,0.649829069534257,0.446091571622012,,
2024-07-22 10:50:45,hf_copula_syn_300000_2,100,0.0001,8,3.0,4,0.9994591671173608,0.9865207527025224,0.4285714285714285,0.9929478138222848,0.6502265822781171,0.4463844048958668,0.0,0.0,1.0,0.0,0.0,0.0,0.0096153846153846,0.4,0.986262087362454,0.0187793427230046,0.6280961987983861,0.3713765121440391,0.0,0.0,1.0,0.0,0.0,0.0,0.9985295436895896,0.9857333333333334,0.4291001826005494,0.992027322310292,0.649829069534257,0.446091571622012,,
2024-07-22 10:50:55,hf_copula_syn_300000_2,100,0.0001,8,5.0,4,0.9994591671173608,0.9865207527025224,0.4285714285714285,0.9929478138222848,0.6502265822781171,0.4463844048958668,0.0,0.0,1.0,0.0,0.0,0.0,0.0096153846153846,0.4,0.986262087362454,0.0187793427230046,0.6280961987983861,0.3713765121440391,0.0,0.0,1.0,0.0,0.0,0.0,0.9985295436895896,0.9857333333333334,0.4291001826005494,0.992027322310292,0.649829069534257,0.446091571622012,,
2024-07-22 10:51:05,hf_copula_syn_300000_2,100,0.0001,8,7.0,4,0.9994591671173608,0.9865207527025224,0.4285714285714285,0.9929478138222848,0.6502265822781171,0.4463844048958668,0.0,0.0,1.0,0.0,0.0,0.0,0.0096153846153846,0.4,0.986262087362454,0.0187793427230046,0.6280961987983861,0.3713765121440391,0.0,0.0,1.0,0.0,0.0,0.0,0.9985295436895896,0.9857333333333334,0.4291001826005494,0.992027322310292,0.649829069534257,0.446091571622012,,
2024-07-22 10:51:15,hf_copula_syn_300000_2,100,0.0001,8,9.0,4,0.9994591671173608,0.9865207527025224,0.4285714285714285,0.9929478138222848,0.6502265822781171,0.4463844048958668,0.0,0.0,1.0,0.0,0.0,0.0,0.0096153846153846,0.4,0.986262087362454,0.0187793427230046,0.6280961987983861,0.3713765121440391,0.0,0.0,1.0,0.0,0.0,0.0,0.9985295436895896,0.9857333333333334,0.4291001826005494,0.992027322310292,0.649829069534257,0.446091571622012,,
2024-07-22 10:51:29,hf_copula_syn_300000_2,100,0.0001,10,1.0,4,0.999459203677415,0.9865874816495396,0.4285714285714285,0.992981631350952,0.6502485727944592,0.4464174201009319,0.0,0.0,0.9968649946638208,0.0,0.0,0.0,0.00625,0.2,0.989396465488496,0.0121212121212121,0.4448362542528422,0.1822587716412306,0.0,0.0,1.0,0.0,0.0,0.0,0.9985284584206496,0.9857333333333334,0.429099555390412,0.9920588888990648,0.6497899528779354,0.4460615167660514,,
2024-07-22 10:51:42,hf_copula_syn_300000_2,100,0.0001,10,3.0,4,0.9994591671173608,0.9865207527025224,0.4285714285714285,0.9929478138222848,0.6502265822781171,0.4463844048958668,0.0,0.0,0.9967982924226254,0.0,0.0,0.0,0.00625,0.2,0.989396465488496,0.0121212121212121,0.4448362542528422,0.1822587716412306,0.0,0.0,1.0,0.0,0.0,0.0,0.998528421894718,0.9856666666666668,0.4290995198158834,0.9920251029334246,0.6497679828860751,0.4460285323751778,,
2024-07-22 10:51:55,hf_copula_syn_300000_2,100,0.0001,10,5.0,4,0.9994591671173608,0.9865207527025224,0.4285714285714285,0.9929478138222848,0.6502265822781171,0.4463844048958668,0.0,0.0,0.9967982924226254,0.0,0.0,0.0,0.00625,0.2,0.989396465488496,0.0121212121212121,0.4448362542528422,0.1822587716412306,0.0,0.0,1.0,0.0,0.0,0.0,0.998528421894718,0.9856666666666668,0.4290995198158834,0.9920251029334246,0.6497679828860751,0.4460285323751778,,
2024-07-22 10:52:08,hf_copula_syn_300000_2,100,0.0001,10,7.0,4,0.9994591671173608,0.9865207527025224,0.4285714285714285,0.9929478138222848,0.6502265822781171,0.4463844048958668,0.0,0.0,0.9967982924226254,0.0,0.0,0.0,0.00625,0.2,0.989396465488496,0.0121212121212121,0.4448362542528422,0.1822587716412306,0.0,0.0,1.0,0.0,0.0,0.0,0.998528421894718,0.9856666666666668,0.4290995198158834,0.9920251029334246,0.6497679828860751,0.4460285323751778,,
2024-07-22 10:52:23,hf_copula_syn_300000_2,100,0.0001,10,9.0,4,0.9994591671173608,0.9865207527025224,0.4285714285714285,0.9929478138222848,0.6502265822781171,0.4463844048958668,0.0,0.0,0.9967982924226254,0.0,0.0,0.0,0.00625,0.2,0.989396465488496,0.0121212121212121,0.4448362542528422,0.1822587716412306,0.0,0.0,1.0,0.0,0.0,0.0,0.998528421894718,0.9856666666666668,0.4290995198158834,0.9920251029334246,0.6497679828860751,0.4460285323751778,,
2024-07-22 10:52:37,hf_copula_syn_300000_2,500,0.0001,2,1.0,4,0.9990666666666668,1.0,0.0,0.9995331154538784,0.0,0.0,0.0,0.0,1.0,0.0,0.0,0.0,0.0,0.0,1.0,0.0,0.0,0.0,0.0,0.0,1.0,0.0,0.0,0.0,0.9981342044444445,0.9990666666666668,0.0009333333333333,0.9986002178794549,0.0,0.0,,
2024-07-22 10:52:52,hf_copula_syn_300000_2,500,0.0001,2,3.0,4,0.9990666666666668,1.0,0.0,0.9995331154538784,0.0,0.0,0.0,0.0,1.0,0.0,0.0,0.0,0.0,0.0,1.0,0.0,0.0,0.0,0.0,0.0,1.0,0.0,0.0,0.0,0.9981342044444445,0.9990666666666668,0.0009333333333333,0.9986002178794549,0.0,0.0,,
2024-07-22 10:53:05,hf_copula_syn_300000_2,500,0.0001,2,5.0,4,0.9990666666666668,1.0,0.0,0.9995331154538784,0.0,0.0,0.0,0.0,1.0,0.0,0.0,0.0,0.0,0.0,1.0,0.0,0.0,0.0,0.0,0.0,1.0,0.0,0.0,0.0,0.9981342044444445,0.9990666666666668,0.0009333333333333,0.9986002178794549,0.0,0.0,,
2024-07-22 10:53:18,hf_copula_syn_300000_2,500,0.0001,2,7.0,4,0.9990666666666668,1.0,0.0,0.9995331154538784,0.0,0.0,0.0,0.0,1.0,0.0,0.0,0.0,0.0,0.0,1.0,0.0,0.0,0.0,0.0,0.0,1.0,0.0,0.0,0.0,0.9981342044444445,0.9990666666666668,0.0009333333333333,0.9986002178794549,0.0,0.0,,
2024-07-22 10:53:30,hf_copula_syn_300000_2,500,0.0001,2,9.0,4,0.9990666666666668,1.0,0.0,0.9995331154538784,0.0,0.0,0.0,0.0,1.0,0.0,0.0,0.0,0.0,0.0,1.0,0.0,0.0,0.0,0.0,0.0,1.0,0.0,0.0,0.0,0.9981342044444445,0.9990666666666668,0.0009333333333333,0.9986002178794549,0.0,0.0,,
2024-07-22 10:53:45,hf_copula_syn_300000_2,500,0.0001,4,1.0,4,0.9992594587316548,0.990457760576538,0.2142857142857142,0.9948391420911528,0.4606961565880189,0.2287144978405007,0.0,0.0,1.0,0.0,0.0,0.0,0.0136986301369863,0.4,0.9903967989329776,0.0264900662251655,0.6294114072474307,0.3727696355826512,0.0,0.0,1.0,0.0,0.0,0.0,0.9983313827802176,0.9896666666666668,0.2150158465520252,0.9939194555806096,0.4604759773109526,0.2286252875210437,,
2024-07-22 10:53:59,hf_copula_syn_300000_2,500,0.0001,4,3.0,4,0.9992594587316548,0.990457760576538,0.2142857142857142,0.9948391420911528,0.4606961565880189,0.2287144978405007,0.0,0.0,1.0,0.0,0.0,0.0,0.0136986301369863,0.4,0.9903967989329776,0.0264900662251655,0.6294114072474307,0.3727696355826512,0.0,0.0,1.0,0.0,0.0,0.0,0.9983313827802176,0.9896666666666668,0.2150158465520252,0.9939194555806096,0.4604759773109526,0.2286252875210437,,
2024-07-22 10:54:14,hf_copula_syn_300000_2,500,0.0001,4,5.0,4,0.9992594587316548,0.990457760576538,0.2142857142857142,0.9948391420911528,0.4606961565880189,0.2287144978405007,0.0,0.0,1.0,0.0,0.0,0.0,0.0136986301369863,0.4,0.9903967989329776,0.0264900662251655,0.6294114072474307,0.3727696355826512,0.0,0.0,1.0,0.0,0.0,0.0,0.9983313827802176,0.9896666666666668,0.2150158465520252,0.9939194555806096,0.4604759773109526,0.2286252875210437,,
2024-07-22 10:54:28,hf_copula_syn_300000_2,500,0.0001,4,7.0,4,0.9992594587316548,0.990457760576538,0.2142857142857142,0.9948391420911528,0.4606961565880189,0.2287144978405007,0.0,0.0,1.0,0.0,0.0,0.0,0.0136986301369863,0.4,0.9903967989329776,0.0264900662251655,0.6294114072474307,0.3727696355826512,0.0,0.0,1.0,0.0,0.0,0.0,0.9983313827802176,0.9896666666666668,0.2150158465520252,0.9939194555806096,0.4604759773109526,0.2286252875210437,,
2024-07-22 10:54:42,hf_copula_syn_300000_2,500,0.0001,4,9.0,4,0.9992594587316548,0.990457760576538,0.2142857142857142,0.9948391420911528,0.4606961565880189,0.2287144978405007,0.0,0.0,1.0,0.0,0.0,0.0,0.0136986301369863,0.4,0.9903967989329776,0.0264900662251655,0.6294114072474307,0.3727696355826512,0.0,0.0,1.0,0.0,0.0,0.0,0.9983313827802176,0.9896666666666668,0.2150158465520252,0.9939194555806096,0.4604759773109526,0.2286252875210437,,
2024-07-22 10:55:07,hf_copula_syn_300000_2,500,0.0001,8,1.0,4,0.9994591671173608,0.9865207527025224,0.4285714285714285,0.9929478138222848,0.6502265822781171,0.4463844048958668,0.0,0.0,1.0,0.0,0.0,0.0,0.0096153846153846,0.4,0.986262087362454,0.0187793427230046,0.6280961987983861,0.3713765121440391,0.0,0.0,1.0,0.0,0.0,0.0,0.9985295436895896,0.9857333333333334,0.4291001826005494,0.992027322310292,0.649829069534257,0.446091571622012,,
2024-07-22 10:55:34,hf_copula_syn_300000_2,500,0.0001,8,3.0,4,0.9994591671173608,0.9865207527025224,0.4285714285714285,0.9929478138222848,0.6502265822781171,0.4463844048958668,0.0,0.0,1.0,0.0,0.0,0.0,0.0096153846153846,0.4,0.986262087362454,0.0187793427230046,0.6280961987983861,0.3713765121440391,0.0,0.0,1.0,0.0,0.0,0.0,0.9985295436895896,0.9857333333333334,0.4291001826005494,0.992027322310292,0.649829069534257,0.446091571622012,,
2024-07-22 10:55:57,hf_copula_syn_300000_2,500,0.0001,8,5.0,4,0.9994591671173608,0.9865207527025224,0.4285714285714285,0.9929478138222848,0.6502265822781171,0.4463844048958668,0.0,0.0,1.0,0.0,0.0,0.0,0.0096153846153846,0.4,0.986262087362454,0.0187793427230046,0.6280961987983861,0.3713765121440391,0.0,0.0,1.0,0.0,0.0,0.0,0.9985295436895896,0.9857333333333334,0.4291001826005494,0.992027322310292,0.649829069534257,0.446091571622012,,
2024-07-22 10:56:23,hf_copula_syn_300000_2,500,0.0001,8,7.0,4,0.9994591671173608,0.9865207527025224,0.4285714285714285,0.9929478138222848,0.6502265822781171,0.4463844048958668,0.0,0.0,1.0,0.0,0.0,0.0,0.0096153846153846,0.4,0.986262087362454,0.0187793427230046,0.6280961987983861,0.3713765121440391,0.0,0.0,1.0,0.0,0.0,0.0,0.9985295436895896,0.9857333333333334,0.4291001826005494,0.992027322310292,0.649829069534257,0.446091571622012,,
2024-07-22 10:56:50,hf_copula_syn_300000_2,500,0.0001,8,9.0,4,0.9994591671173608,0.9865207527025224,0.4285714285714285,0.9929478138222848,0.6502265822781171,0.4463844048958668,0.0,0.0,1.0,0.0,0.0,0.0,0.0096153846153846,0.4,0.986262087362454,0.0187793427230046,0.6280961987983861,0.3713765121440391,0.0,0.0,1.0,0.0,0.0,0.0,0.9985295436895896,0.9857333333333334,0.4291001826005494,0.992027322310292,0.649829069534257,0.446091571622012,,
2024-07-22 10:57:33,hf_copula_syn_300000_2,500,0.0001,10,1.0,4,0.999459203677415,0.9865874816495396,0.4285714285714285,0.992981631350952,0.6502485727944592,0.4464174201009319,0.0,0.0,0.9968649946638208,0.0,0.0,0.0,0.00625,0.2,0.989396465488496,0.0121212121212121,0.4448362542528422,0.1822587716412306,0.0,0.0,1.0,0.0,0.0,0.0,0.9985284584206496,0.9857333333333334,0.429099555390412,0.9920588888990648,0.6497899528779354,0.4460615167660514,,
2024-07-22 10:58:12,hf_copula_syn_300000_2,500,0.0001,10,3.0,4,0.9994591671173608,0.9865207527025224,0.4285714285714285,0.9929478138222848,0.6502265822781171,0.4463844048958668,0.0,0.0,0.9967982924226254,0.0,0.0,0.0,0.00625,0.2,0.989396465488496,0.0121212121212121,0.4448362542528422,0.1822587716412306,0.0,0.0,1.0,0.0,0.0,0.0,0.998528421894718,0.9856666666666668,0.4290995198158834,0.9920251029334246,0.6497679828860751,0.4460285323751778,,
2024-07-22 10:58:52,hf_copula_syn_300000_2,500,0.0001,10,5.0,4,0.9994591671173608,0.9865207527025224,0.4285714285714285,0.9929478138222848,0.6502265822781171,0.4463844048958668,0.0,0.0,0.9967982924226254,0.0,0.0,0.0,0.00625,0.2,0.989396465488496,0.0121212121212121,0.4448362542528422,0.1822587716412306,0.0,0.0,1.0,0.0,0.0,0.0,0.998528421894718,0.9856666666666668,0.4290995198158834,0.9920251029334246,0.6497679828860751,0.4460285323751778,,
2024-07-22 10:59:32,hf_copula_syn_300000_2,500,0.0001,10,7.0,4,0.9994591671173608,0.9865207527025224,0.4285714285714285,0.9929478138222848,0.6502265822781171,0.4463844048958668,0.0,0.0,0.9967982924226254,0.0,0.0,0.0,0.00625,0.2,0.989396465488496,0.0121212121212121,0.4448362542528422,0.1822587716412306,0.0,0.0,1.0,0.0,0.0,0.0,0.998528421894718,0.9856666666666668,0.4290995198158834,0.9920251029334246,0.6497679828860751,0.4460285323751778,,
2024-07-22 11:00:11,hf_copula_syn_300000_2,500,0.0001,10,9.0,4,0.9994591671173608,0.9865207527025224,0.4285714285714285,0.9929478138222848,0.6502265822781171,0.4463844048958668,0.0,0.0,0.9967982924226254,0.0,0.0,0.0,0.00625,0.2,0.989396465488496,0.0121212121212121,0.4448362542528422,0.1822587716412306,0.0,0.0,1.0,0.0,0.0,0.0,0.998528421894718,0.9856666666666668,0.4290995198158834,0.9920251029334246,0.6497679828860751,0.4460285323751778,,
2024-07-22 11:00:36,hf_copula_syn_300000_2,1500,0.0001,2,1.0,4,0.9990666666666668,1.0,0.0,0.9995331154538784,0.0,0.0,0.0,0.0,1.0,0.0,0.0,0.0,0.0,0.0,1.0,0.0,0.0,0.0,0.0,0.0,1.0,0.0,0.0,0.0,0.9981342044444445,0.9990666666666668,0.0009333333333333,0.9986002178794549,0.0,0.0,,
2024-07-22 11:01:02,hf_copula_syn_300000_2,1500,0.0001,2,3.0,4,0.9990666666666668,1.0,0.0,0.9995331154538784,0.0,0.0,0.0,0.0,1.0,0.0,0.0,0.0,0.0,0.0,1.0,0.0,0.0,0.0,0.0,0.0,1.0,0.0,0.0,0.0,0.9981342044444445,0.9990666666666668,0.0009333333333333,0.9986002178794549,0.0,0.0,,
2024-07-22 11:01:28,hf_copula_syn_300000_2,1500,0.0001,2,5.0,4,0.9990666666666668,1.0,0.0,0.9995331154538784,0.0,0.0,0.0,0.0,1.0,0.0,0.0,0.0,0.0,0.0,1.0,0.0,0.0,0.0,0.0,0.0,1.0,0.0,0.0,0.0,0.9981342044444445,0.9990666666666668,0.0009333333333333,0.9986002178794549,0.0,0.0,,
2024-07-22 11:01:57,hf_copula_syn_300000_2,1500,0.0001,2,7.0,4,0.9990666666666668,1.0,0.0,0.9995331154538784,0.0,0.0,0.0,0.0,1.0,0.0,0.0,0.0,0.0,0.0,1.0,0.0,0.0,0.0,0.0,0.0,1.0,0.0,0.0,0.0,0.9981342044444445,0.9990666666666668,0.0009333333333333,0.9986002178794549,0.0,0.0,,
2024-07-22 11:02:22,hf_copula_syn_300000_2,1500,0.0001,2,9.0,4,0.9990666666666668,1.0,0.0,0.9995331154538784,0.0,0.0,0.0,0.0,1.0,0.0,0.0,0.0,0.0,0.0,1.0,0.0,0.0,0.0,0.0,0.0,1.0,0.0,0.0,0.0,0.9981342044444445,0.9990666666666668,0.0009333333333333,0.9986002178794549,0.0,0.0,,
2024-07-22 11:02:55,hf_copula_syn_300000_2,1500,0.0001,4,1.0,4,0.9992594587316548,0.990457760576538,0.2142857142857142,0.9948391420911528,0.4606961565880189,0.2287144978405007,0.0,0.0,1.0,0.0,0.0,0.0,0.0136986301369863,0.4,0.9903967989329776,0.0264900662251655,0.6294114072474307,0.3727696355826512,0.0,0.0,1.0,0.0,0.0,0.0,0.9983313827802176,0.9896666666666668,0.2150158465520252,0.9939194555806096,0.4604759773109526,0.2286252875210437,,
2024-07-22 11:03:26,hf_copula_syn_300000_2,1500,0.0001,4,3.0,4,0.9992594587316548,0.990457760576538,0.2142857142857142,0.9948391420911528,0.4606961565880189,0.2287144978405007,0.0,0.0,1.0,0.0,0.0,0.0,0.0136986301369863,0.4,0.9903967989329776,0.0264900662251655,0.6294114072474307,0.3727696355826512,0.0,0.0,1.0,0.0,0.0,0.0,0.9983313827802176,0.9896666666666668,0.2150158465520252,0.9939194555806096,0.4604759773109526,0.2286252875210437,,
2024-07-22 11:03:57,hf_copula_syn_300000_2,1500,0.0001,4,5.0,4,0.9992594587316548,0.990457760576538,0.2142857142857142,0.9948391420911528,0.4606961565880189,0.2287144978405007,0.0,0.0,1.0,0.0,0.0,0.0,0.0136986301369863,0.4,0.9903967989329776,0.0264900662251655,0.6294114072474307,0.3727696355826512,0.0,0.0,1.0,0.0,0.0,0.0,0.9983313827802176,0.9896666666666668,0.2150158465520252,0.9939194555806096,0.4604759773109526,0.2286252875210437,,
2024-07-22 11:04:29,hf_copula_syn_300000_2,1500,0.0001,4,7.0,4,0.9992594587316548,0.990457760576538,0.2142857142857142,0.9948391420911528,0.4606961565880189,0.2287144978405007,0.0,0.0,1.0,0.0,0.0,0.0,0.0136986301369863,0.4,0.9903967989329776,0.0264900662251655,0.6294114072474307,0.3727696355826512,0.0,0.0,1.0,0.0,0.0,0.0,0.9983313827802176,0.9896666666666668,0.2150158465520252,0.9939194555806096,0.4604759773109526,0.2286252875210437,,
2024-07-22 11:05:02,hf_copula_syn_300000_2,1500,0.0001,4,9.0,4,0.9992594587316548,0.990457760576538,0.2142857142857142,0.9948391420911528,0.4606961565880189,0.2287144978405007,0.0,0.0,1.0,0.0,0.0,0.0,0.0136986301369863,0.4,0.9903967989329776,0.0264900662251655,0.6294114072474307,0.3727696355826512,0.0,0.0,1.0,0.0,0.0,0.0,0.9983313827802176,0.9896666666666668,0.2150158465520252,0.9939194555806096,0.4604759773109526,0.2286252875210437,,
2024-07-22 11:06:06,hf_copula_syn_300000_2,1500,0.0001,8,1.0,4,0.9994595690062824,0.9872547711197116,0.4285714285714285,0.993319681761724,0.6504684370688048,0.4467475931431293,0.0,0.0,1.0,0.0,0.0,0.0,0.0101522842639593,0.4,0.9869956652217404,0.0198019801980198,0.6283297431195631,0.3716237790055838,0.0,0.0,1.0,0.0,0.0,0.0,0.9985301241699648,0.9864666666666668,0.4291004271265025,0.992399184052146,0.6500707764419138,0.4464545033158642,,
2024-07-22 11:07:08,hf_copula_syn_300000_2,1500,0.0001,8,3.0,4,0.9994595690062824,0.9872547711197116,0.4285714285714285,0.993319681761724,0.6504684370688048,0.4467475931431293,0.0,0.0,1.0,0.0,0.0,0.0,0.0101522842639593,0.4,0.9869956652217404,0.0198019801980198,0.6283297431195631,0.3716237790055838,0.0,0.0,1.0,0.0,0.0,0.0,0.9985301241699648,0.9864666666666668,0.4291004271265025,0.992399184052146,0.6500707764419138,0.4464545033158642,,
2024-07-22 11:08:11,hf_copula_syn_300000_2,1500,0.0001,8,5.0,4,0.9994595690062824,0.9872547711197116,0.4285714285714285,0.993319681761724,0.6504684370688048,0.4467475931431293,0.0,0.0,1.0,0.0,0.0,0.0,0.0101522842639593,0.4,0.9869956652217404,0.0198019801980198,0.6283297431195631,0.3716237790055838,0.0,0.0,1.0,0.0,0.0,0.0,0.9985301241699648,0.9864666666666668,0.4291004271265025,0.992399184052146,0.6500707764419138,0.4464545033158642,,
2024-07-22 11:09:16,hf_copula_syn_300000_2,1500,0.0001,8,7.0,4,0.9994595690062824,0.9872547711197116,0.4285714285714285,0.993319681761724,0.6504684370688048,0.4467475931431293,0.0,0.0,1.0,0.0,0.0,0.0,0.0101522842639593,0.4,0.9869956652217404,0.0198019801980198,0.6283297431195631,0.3716237790055838,0.0,0.0,1.0,0.0,0.0,0.0,0.9985301241699648,0.9864666666666668,0.4291004271265025,0.992399184052146,0.6500707764419138,0.4464545033158642,,
2024-07-22 11:10:16,hf_copula_syn_300000_2,1500,0.0001,8,9.0,4,0.9994595690062824,0.9872547711197116,0.4285714285714285,0.993319681761724,0.6504684370688048,0.4467475931431293,0.0,0.0,1.0,0.0,0.0,0.0,0.0101522842639593,0.4,0.9869956652217404,0.0198019801980198,0.6283297431195631,0.3716237790055838,0.0,0.0,1.0,0.0,0.0,0.0,0.9985301241699648,0.9864666666666668,0.4291004271265025,0.992399184052146,0.6500707764419138,0.4464545033158642,,
2024-07-22 11:12:06,hf_copula_syn_300000_2,1500,0.0001,10,1.0,4,0.9994592402325267,0.9866542105965568,0.4285714285714285,0.9930154466084622,0.6502705625671374,0.4464504356876614,0.0,0.0,0.996931696905016,0.0,0.0,0.0,0.00625,0.2,0.989396465488496,0.0121212121212121,0.4448362542528422,0.1822587716412306,0.0,0.0,1.0,0.0,0.0,0.0,0.9985284949416432,0.9858,0.4290995909649407,0.992092672595668,0.6498119221268257,0.4460945015382334,,
2024-07-22 11:13:59,hf_copula_syn_300000_2,1500,0.0001,10,3.0,4,0.999459203677415,0.9865874816495396,0.4285714285714285,0.992981631350952,0.6502485727944592,0.4464174201009319,0.0,0.0,0.9968649946638208,0.0,0.0,0.0,0.00625,0.2,0.989396465488496,0.0121212121212121,0.4448362542528422,0.1822587716412306,0.0,0.0,1.0,0.0,0.0,0.0,0.9985284584206496,0.9857333333333334,0.429099555390412,0.9920588888990648,0.6497899528779354,0.4460615167660514,,
2024-07-22 11:15:49,hf_copula_syn_300000_2,1500,0.0001,10,5.0,4,0.999459203677415,0.9865874816495396,0.4285714285714285,0.992981631350952,0.6502485727944592,0.4464174201009319,0.0,0.0,0.9968649946638208,0.0,0.0,0.0,0.00625,0.2,0.989396465488496,0.0121212121212121,0.4448362542528422,0.1822587716412306,0.0,0.0,1.0,0.0,0.0,0.0,0.9985284584206496,0.9857333333333334,0.429099555390412,0.9920588888990648,0.6497899528779354,0.4460615167660514,,
2024-07-22 11:17:37,hf_copula_syn_300000_2,1500,0.0001,10,7.0,4,0.999459203677415,0.9865874816495396,0.4285714285714285,0.992981631350952,0.6502485727944592,0.4464174201009319,0.0,0.0,0.9968649946638208,0.0,0.0,0.0,0.00625,0.2,0.989396465488496,0.0121212121212121,0.4448362542528422,0.1822587716412306,0.0,0.0,1.0,0.0,0.0,0.0,0.9985284584206496,0.9857333333333334,0.429099555390412,0.9920588888990648,0.6497899528779354,0.4460615167660514,,
2024-07-22 11:19:26,hf_copula_syn_300000_2,1500,0.0001,10,9.0,4,0.999459203677415,0.9865874816495396,0.4285714285714285,0.992981631350952,0.6502485727944592,0.4464174201009319,0.0,0.0,0.9968649946638208,0.0,0.0,0.0,0.00625,0.2,0.989396465488496,0.0121212121212121,0.4448362542528422,0.1822587716412306,0.0,0.0,1.0,0.0,0.0,0.0,0.9985284584206496,0.9857333333333334,0.429099555390412,0.9920588888990648,0.6497899528779354,0.4460615167660514,,
2024-07-22 11:19:46,hf_copula_syn_300000_2,1000,0.0001,2,1.0,4,0.9990666666666668,1.0,0.0,0.9995331154538784,0.0,0.0,0.0,0.0,1.0,0.0,0.0,0.0,0.0,0.0,1.0,0.0,0.0,0.0,0.0,0.0,1.0,0.0,0.0,0.0,0.9981342044444445,0.9990666666666668,0.0009333333333333,0.9986002178794549,0.0,0.0,,
2024-07-22 11:20:07,hf_copula_syn_300000_2,1000,0.0001,2,3.0,4,0.9990666666666668,1.0,0.0,0.9995331154538784,0.0,0.0,0.0,0.0,1.0,0.0,0.0,0.0,0.0,0.0,1.0,0.0,0.0,0.0,0.0,0.0,1.0,0.0,0.0,0.0,0.9981342044444445,0.9990666666666668,0.0009333333333333,0.9986002178794549,0.0,0.0,,
2024-07-22 11:20:27,hf_copula_syn_300000_2,1000,0.0001,2,5.0,4,0.9990666666666668,1.0,0.0,0.9995331154538784,0.0,0.0,0.0,0.0,1.0,0.0,0.0,0.0,0.0,0.0,1.0,0.0,0.0,0.0,0.0,0.0,1.0,0.0,0.0,0.0,0.9981342044444445,0.9990666666666668,0.0009333333333333,0.9986002178794549,0.0,0.0,,
2024-07-22 11:20:48,hf_copula_syn_300000_2,1000,0.0001,2,7.0,4,0.9990666666666668,1.0,0.0,0.9995331154538784,0.0,0.0,0.0,0.0,1.0,0.0,0.0,0.0,0.0,0.0,1.0,0.0,0.0,0.0,0.0,0.0,1.0,0.0,0.0,0.0,0.9981342044444445,0.9990666666666668,0.0009333333333333,0.9986002178794549,0.0,0.0,,
2024-07-22 11:21:08,hf_copula_syn_300000_2,1000,0.0001,2,9.0,4,0.9990666666666668,1.0,0.0,0.9995331154538784,0.0,0.0,0.0,0.0,1.0,0.0,0.0,0.0,0.0,0.0,1.0,0.0,0.0,0.0,0.0,0.0,1.0,0.0,0.0,0.0,0.9981342044444445,0.9990666666666668,0.0009333333333333,0.9986002178794549,0.0,0.0,,
2024-07-22 11:21:30,hf_copula_syn_300000_2,1000,0.0001,4,1.0,4,0.9992594587316548,0.990457760576538,0.2142857142857142,0.9948391420911528,0.4606961565880189,0.2287144978405007,0.0,0.0,1.0,0.0,0.0,0.0,0.0136986301369863,0.4,0.9903967989329776,0.0264900662251655,0.6294114072474307,0.3727696355826512,0.0,0.0,1.0,0.0,0.0,0.0,0.9983313827802176,0.9896666666666668,0.2150158465520252,0.9939194555806096,0.4604759773109526,0.2286252875210437,,
2024-07-22 11:21:52,hf_copula_syn_300000_2,1000,0.0001,4,3.0,4,0.9992594587316548,0.990457760576538,0.2142857142857142,0.9948391420911528,0.4606961565880189,0.2287144978405007,0.0,0.0,1.0,0.0,0.0,0.0,0.0136986301369863,0.4,0.9903967989329776,0.0264900662251655,0.6294114072474307,0.3727696355826512,0.0,0.0,1.0,0.0,0.0,0.0,0.9983313827802176,0.9896666666666668,0.2150158465520252,0.9939194555806096,0.4604759773109526,0.2286252875210437,,
2024-07-22 11:22:14,hf_copula_syn_300000_2,1000,0.0001,4,5.0,4,0.9992594587316548,0.990457760576538,0.2142857142857142,0.9948391420911528,0.4606961565880189,0.2287144978405007,0.0,0.0,1.0,0.0,0.0,0.0,0.0136986301369863,0.4,0.9903967989329776,0.0264900662251655,0.6294114072474307,0.3727696355826512,0.0,0.0,1.0,0.0,0.0,0.0,0.9983313827802176,0.9896666666666668,0.2150158465520252,0.9939194555806096,0.4604759773109526,0.2286252875210437,,
2024-07-22 11:22:37,hf_copula_syn_300000_2,1000,0.0001,4,7.0,4,0.9992594587316548,0.990457760576538,0.2142857142857142,0.9948391420911528,0.4606961565880189,0.2287144978405007,0.0,0.0,1.0,0.0,0.0,0.0,0.0136986301369863,0.4,0.9903967989329776,0.0264900662251655,0.6294114072474307,0.3727696355826512,0.0,0.0,1.0,0.0,0.0,0.0,0.9983313827802176,0.9896666666666668,0.2150158465520252,0.9939194555806096,0.4604759773109526,0.2286252875210437,,
2024-07-22 11:23:00,hf_copula_syn_300000_2,1000,0.0001,4,9.0,4,0.9992594587316548,0.990457760576538,0.2142857142857142,0.9948391420911528,0.4606961565880189,0.2287144978405007,0.0,0.0,1.0,0.0,0.0,0.0,0.0136986301369863,0.4,0.9903967989329776,0.0264900662251655,0.6294114072474307,0.3727696355826512,0.0,0.0,1.0,0.0,0.0,0.0,0.9983313827802176,0.9896666666666668,0.2150158465520252,0.9939194555806096,0.4604759773109526,0.2286252875210437,,
2024-07-22 11:23:45,hf_copula_syn_300000_2,1000,0.0001,8,1.0,4,0.9994592767826967,0.986720939543574,0.4285714285714285,0.993049259595044,0.6502925515962271,0.4464834516560555,0.0,0.0,1.0,0.0,0.0,0.0,0.0097560975609756,0.4,0.9864621540513504,0.019047619047619,0.6281599013153738,0.3714439528303365,0.0,0.0,1.0,0.0,0.0,0.0,0.9985297001568866,0.9859333333333332,0.4291002492894457,0.992128762825771,0.6498949985151757,0.4461905484187866,,
2024-07-22 11:24:26,hf_copula_syn_300000_2,1000,0.0001,8,3.0,4,0.9994592767826967,0.986720939543574,0.4285714285714285,0.993049259595044,0.6502925515962271,0.4464834516560555,0.0,0.0,1.0,0.0,0.0,0.0,0.0097560975609756,0.4,0.9864621540513504,0.019047619047619,0.6281599013153738,0.3714439528303365,0.0,0.0,1.0,0.0,0.0,0.0,0.9985297001568866,0.9859333333333332,0.4291002492894457,0.992128762825771,0.6498949985151757,0.4461905484187866,,
2024-07-22 11:25:11,hf_copula_syn_300000_2,1000,0.0001,8,5.0,4,0.9994592767826967,0.986720939543574,0.4285714285714285,0.993049259595044,0.6502925515962271,0.4464834516560555,0.0,0.0,1.0,0.0,0.0,0.0,0.0097560975609756,0.4,0.9864621540513504,0.019047619047619,0.6281599013153738,0.3714439528303365,0.0,0.0,1.0,0.0,0.0,0.0,0.9985297001568866,0.9859333333333332,0.4291002492894457,0.992128762825771,0.6498949985151757,0.4461905484187866,,
2024-07-22 11:25:57,hf_copula_syn_300000_2,1000,0.0001,8,7.0,4,0.9994592767826967,0.986720939543574,0.4285714285714285,0.993049259595044,0.6502925515962271,0.4464834516560555,0.0,0.0,1.0,0.0,0.0,0.0,0.0097560975609756,0.4,0.9864621540513504,0.019047619047619,0.6281599013153738,0.3714439528303365,0.0,0.0,1.0,0.0,0.0,0.0,0.9985297001568866,0.9859333333333332,0.4291002492894457,0.992128762825771,0.6498949985151757,0.4461905484187866,,
2024-07-22 11:26:37,hf_copula_syn_300000_2,1000,0.0001,8,9.0,4,0.9994592767826967,0.986720939543574,0.4285714285714285,0.993049259595044,0.6502925515962271,0.4464834516560555,0.0,0.0,1.0,0.0,0.0,0.0,0.0097560975609756,0.4,0.9864621540513504,0.019047619047619,0.6281599013153738,0.3714439528303365,0.0,0.0,1.0,0.0,0.0,0.0,0.9985297001568866,0.9859333333333332,0.4291002492894457,0.992128762825771,0.6498949985151757,0.4461905484187866,,
2024-07-22 11:27:48,hf_copula_syn_300000_2,1000,0.0001,10,1.0,4,0.999459203677415,0.9865874816495396,0.4285714285714285,0.992981631350952,0.6502485727944592,0.4464174201009319,0.0,0.0,0.9968649946638208,0.0,0.0,0.0,0.00625,0.2,0.989396465488496,0.0121212121212121,0.4448362542528422,0.1822587716412306,0.0,0.0,1.0,0.0,0.0,0.0,0.9985284584206496,0.9857333333333334,0.429099555390412,0.9920588888990648,0.6497899528779354,0.4460615167660514,,
2024-07-22 11:29:03,hf_copula_syn_300000_2,1000,0.0001,10,3.0,4,0.999459203677415,0.9865874816495396,0.4285714285714285,0.992981631350952,0.6502485727944592,0.4464174201009319,0.0,0.0,0.9968649946638208,0.0,0.0,0.0,0.00625,0.2,0.989396465488496,0.0121212121212121,0.4448362542528422,0.1822587716412306,0.0,0.0,1.0,0.0,0.0,0.0,0.9985284584206496,0.9857333333333334,0.429099555390412,0.9920588888990648,0.6497899528779354,0.4460615167660514,,
2024-07-22 11:30:19,hf_copula_syn_300000_2,1000,0.0001,10,5.0,4,0.9994591671173608,0.9865207527025224,0.4285714285714285,0.9929478138222848,0.6502265822781171,0.4463844048958668,0.0,0.0,0.9967982924226254,0.0,0.0,0.0,0.00625,0.2,0.989396465488496,0.0121212121212121,0.4448362542528422,0.1822587716412306,0.0,0.0,1.0,0.0,0.0,0.0,0.998528421894718,0.9856666666666668,0.4290995198158834,0.9920251029334246,0.6497679828860751,0.4460285323751778,,
2024-07-22 11:31:40,hf_copula_syn_300000_2,1000,0.0001,10,7.0,4,0.9994591671173608,0.9865207527025224,0.4285714285714285,0.9929478138222848,0.6502265822781171,0.4463844048958668,0.0,0.0,0.9967982924226254,0.0,0.0,0.0,0.00625,0.2,0.989396465488496,0.0121212121212121,0.4448362542528422,0.1822587716412306,0.0,0.0,1.0,0.0,0.0,0.0,0.998528421894718,0.9856666666666668,0.4290995198158834,0.9920251029334246,0.6497679828860751,0.4460285323751778,,
2024-07-22 11:32:58,hf_copula_syn_300000_2,1000,0.0001,10,9.0,4,0.9994591671173608,0.9865207527025224,0.4285714285714285,0.9929478138222848,0.6502265822781171,0.4463844048958668,0.0,0.0,0.9967982924226254,0.0,0.0,0.0,0.00625,0.2,0.989396465488496,0.0121212121212121,0.4448362542528422,0.1822587716412306,0.0,0.0,1.0,0.0,0.0,0.0,0.998528421894718,0.9856666666666668,0.4290995198158834,0.9920251029334246,0.6497679828860751,0.4460285323751778,,
2024-07-22 11:33:03,hf_ctgan_syn_100000_2,100,0.1,2,1.0,4,0.9995254880694144,0.9839183237688508,0.5,0.9916605017149774,0.7013980053325113,0.5157659671826095,0.0164835164835164,0.375,0.9880602988260404,0.031578947368421,0.6087056859104942,0.3478073417326488,0.0151515151515151,0.2,0.99566522174058,0.028169014084507,0.4462432569217333,0.1832887205594039,0.0,0.0,1.0,0.0,0.0,0.0,0.9986064393277246,0.9832666666666666,0.500458853899954,0.9907611836900014,0.7012167579789939,0.5155311791023496,,
2024-07-22 11:33:09,hf_ctgan_syn_100000_2,100,0.1,2,3.0,4,0.9995253915519696,0.9837181369277992,0.5,0.9915587691272912,0.7013266489047023,0.5156511836867397,0.0161290322580645,0.375,0.9877934898612594,0.0309278350515463,0.6086234950262537,0.3477233054511854,0.0153846153846153,0.2,0.9957319106368788,0.0285714285714285,0.4462582011878054,0.1832996690127119,0.0,0.0,1.0,0.0,0.0,0.0,0.998606231542187,0.9830666666666666,0.5004587338314717,0.9906593329309902,0.7011454292968011,0.5154164615678769,,
2024-07-22 11:33:14,hf_ctgan_syn_100000_2,100,0.1,2,5.0,4,0.999525359370762,0.983651407980782,0.5,0.9915248537028318,0.7013028618153437,0.5156129234120004,0.0162162162162162,0.375,0.9878601921024548,0.0310880829015544,0.6086440437878452,0.347744315022085,0.0149253731343283,0.2,0.9955985328442816,0.0277777777777777,0.446228312155175,0.1832777719281997,0.0,0.0,1.0,0.0,0.0,0.0,0.998606092808376,0.983,0.500458724946736,0.9906252700761826,0.7011216654050547,0.5153782409088037,,
2024-07-22 11:33:20,hf_ctgan_syn_100000_2,100,0.1,2,7.0,4,0.9995255202331728,0.983985052715868,0.5,0.9916944080164094,0.7014217891952987,0.5158042292384498,0.0163934426229508,0.375,0.9879935965848452,0.031413612565445,0.6086851392298953,0.3477863331628167,0.015625,0.2,0.9957985995331776,0.0289855072463768,0.4462731449534416,0.1833106172881235,0.0,0.0,1.0,0.0,0.0,0.0,0.9986065812503542,0.9833333333333332,0.5004588627846897,0.9907952423313778,0.7012405186479569,0.5155694015412768,,
2024-07-22 11:33:26,hf_ctgan_syn_100000_2,100,0.1,2,9.0,4,0.9995254880694144,0.9839183237688508,0.5,0.9916605017149774,0.7013980053325113,0.5157659671826095,0.0162162162162162,0.375,0.9878601921024548,0.0310880829015544,0.6086440437878452,0.347744315022085,0.0158730158730158,0.2,0.9958652884294764,0.0294117647058823,0.4462880882186923,0.1833215653856387,0.0,0.0,1.0,0.0,0.0,0.0,0.9986065372678226,0.9832666666666666,0.5004588138652645,0.9907613361458264,0.7012167400469607,0.5155311564363794,,
2024-07-22 11:33:32,hf_ctgan_syn_100000_2,100,0.1,4,1.0,4,0.9995245211248472,0.9819164553583344,0.5,0.9906422512454558,0.7006841140479547,0.5146183125603827,0.0138248847926267,0.375,0.9857257203842048,0.0266666666666666,0.6079861389407466,0.3470718432434687,0.0172413793103448,0.2,0.9961987329109704,0.0317460317460317,0.4463627970409206,0.1833763032047694,0.0,0.0,0.9997999866657776,0.0,0.0,0.0,0.9986047519701235,0.9812666666666666,0.5004577732942863,0.9897424560437642,0.700503189081292,0.5143842325527912,,
2024-07-22 11:33:38,hf_ctgan_syn_100000_2,100,0.1,4,3.0,4,0.9995245534198194,0.9819831843053516,0.5,0.9906762260594434,0.7007079221420833,0.5146565612579661,0.0136986301369863,0.375,0.9855923159018144,0.026431718061674,0.6079449962481641,0.3470298024118732,0.0181818181818181,0.2,0.9963987995998668,0.0333333333333333,0.4464076163328459,0.1834091437614917,0.0,0.0,0.9997999866657776,0.0,0.0,0.0,0.9986050303787612,0.9813333333333332,0.5004577688341253,0.989776802942532,0.7005269679515272,0.5144224340766655,,
2024-07-22 11:33:44,hf_ctgan_syn_100000_2,100,0.1,4,5.0,4,0.9995247148288974,0.9823168290404376,0.5,0.990846065827556,0.7008269504808008,0.5148478114250108,0.013953488372093,0.375,0.9858591248665955,0.0269058295964125,0.6080272788493731,0.3471138827403075,0.0185185185185185,0.2,0.9964654884961652,0.0338983050847457,0.446422555096887,0.1834200902579397,0.0,0.0,0.9997999866657776,0.0,0.0,0.0,0.9986054397950284,0.9816666666666668,0.5004579333618719,0.98994692537693,0.7006459340607707,0.5146135542352283,,
2024-07-22 11:33:50,hf_ctgan_syn_100000_2,100,0.1,4,7.0,4,0.9995245534198194,0.9819831843053516,0.5,0.9906762260594434,0.7007079221420833,0.5146565612579661,0.0138248847926267,0.375,0.9857257203842048,0.0266666666666666,0.6079861389407466,0.3470718432434687,0.0,0.0,0.9961987329109704,0.0,0.0,0.0,0.0,0.0,0.9997999866657776,0.0,0.0,0.0,0.9985990371085168,0.9812666666666666,0.5004577732942863,0.9897658171373434,0.700378187355519,0.5143613201171886,,
2024-07-22 11:33:56,hf_ctgan_syn_100000_2,100,0.1,4,9.0,4,0.9995247148288974,0.9823168290404376,0.5,0.990846065827556,0.7008269504808008,0.5148478114250108,0.0144230769230769,0.375,0.9863260405549626,0.0277777777777777,0.6081712466140692,0.347261010468034,0.0163934426229508,0.2,0.995998666222074,0.0303030303030303,0.4463179732482379,0.1833434610469801,0.0,0.0,0.9997999866657776,0.0,0.0,0.0,0.9986049818836238,0.9816666666666668,0.5004580267761477,0.9899461919910328,0.7006459759829624,0.5146136071602794,,
2024-07-22 11:34:04,hf_ctgan_syn_100000_2,100,0.1,8,1.0,4,0.9994564109533192,0.9815160816762312,0.4285714285714285,0.9904050095949904,0.6485751685732452,0.4439093522597812,0.010204081632653,0.25,0.987059765208111,0.0196078431372548,0.4967544074309031,0.2285768903322611,0.0,0.0,0.9949316438812936,0.0,0.0,0.0,0.0,0.0,0.9992666177745184,0.0,0.0,0.0,0.9985290271466336,0.9807333333333332,0.4290961221020182,0.9894910891023748,0.6482347674332065,0.4436169445391826,,
2024-07-22 11:34:12,hf_ctgan_syn_100000_2,100,0.1,8,3.0,4,0.9994566324797935,0.9819164553583344,0.4285714285714285,0.9906089063920024,0.6487074363769193,0.4441072774661189,0.0101010101010101,0.25,0.9869263607257204,0.0194174757281553,0.4967208372732415,0.2285492888985829,0.0,0.0,0.9953984661553852,0.0,0.0,0.0,0.0,0.0,0.9993332888859258,0.0,0.0,0.0,0.9985291934948662,0.9811333333333332,0.4290962110051265,0.9896946940664252,0.6483668938828465,0.443814670294563,,
2024-07-22 11:34:21,hf_ctgan_syn_100000_2,100,0.1,8,5.0,4,0.999524230272548,0.9813158948351794,0.5,0.99033637496212,0.7004698047864659,0.5142740943195186,0.0153061224489795,0.375,0.9871264674493064,0.0294117647058823,0.6084179692394776,0.3475131913892852,0.0,0.0,0.9947982660886964,0.0,0.0,0.0,0.0,0.0,0.9991332755517034,0.0,0.0,0.0,0.9985995042562664,0.9806,0.5004580090897061,0.989427747286665,0.7001405225522597,0.5139794455335615,,
2024-07-22 11:34:28,hf_ctgan_syn_100000_2,100,0.1,8,7.0,4,0.999524230272548,0.9813158948351794,0.5,0.99033637496212,0.7004698047864659,0.5142740943195186,0.0141509433962264,0.375,0.9860592315901814,0.0272727272727272,0.6080889834936315,0.3471769394828967,0.0,0.0,0.9953984661553852,0.0,0.0,0.0,0.0,0.0,0.9995999733315556,0.0,0.0,0.0,0.9985988881607718,0.9806,0.500457671077122,0.9894266064667008,0.7001403470931952,0.5139792661992113,,
2024-07-22 11:34:37,hf_ctgan_syn_100000_2,100,0.1,8,9.0,4,0.9995241655903746,0.981182436941145,0.5,0.990268377277166,0.7004221716012226,0.5141976062751321,0.0142180094786729,0.375,0.9861259338313768,0.0273972602739726,0.6081095503170183,0.3471979577297148,0.0,0.0,0.9952650883627876,0.0,0.0,0.0,0.0,0.0,0.999533302220148,0.0,0.0,0.0,0.9985988593075455,0.9804666666666668,0.5004576577476457,0.9893587386638536,0.7000927693345639,0.5139028607533979,,
2024-07-22 11:34:48,hf_ctgan_syn_100000_2,100,0.1,10,1.0,4,0.9995240038079696,0.980848792206059,0.5,0.9900983429880104,0.7003030744634994,0.5140063939564823,0.0147058823529411,0.375,0.986592849519744,0.0283018867924528,0.6082534986088481,0.3473450761141446,0.0,0.0,0.9950650216738912,0.0,0.0,0.0,0.0,0.0,0.9989332622174812,0.0,0.0,0.0,0.9985989578750036,0.9801333333333332,0.500457800077783,0.989189345540844,0.6999738601265915,0.513711905362717,,
2024-07-22 11:35:01,hf_ctgan_syn_100000_2,100,0.1,10,3.0,4,0.9994563001223324,0.9813158948351794,0.4285714285714285,0.9903030303030302,0.6485090245550655,0.4438103948090828,0.0101010101010101,0.25,0.9869263607257204,0.0194174757281553,0.4967208372732415,0.2285492888985829,0.0,0.0,0.9951983994664888,0.0,0.0,0.0,0.0,0.0,0.9989332622174812,0.0,0.0,0.0,0.9985288614476054,0.9805333333333334,0.4290961176477856,0.9893891034618024,0.6481686672453599,0.4435180647280069,,
2024-07-22 11:35:13,hf_ctgan_syn_100000_2,100,0.1,10,5.0,4,0.9994562631686263,0.9812491658881622,0.4285714285714285,0.9902690326273612,0.6484869750497788,0.4437774097555125,0.0098039215686274,0.25,0.9865261472785486,0.0188679245283018,0.4966201131847532,0.2284664792585216,0.0,0.0,0.9953317772590864,0.0,0.0,0.0,0.0,0.0,0.9991332755517034,0.0,0.0,0.0,0.9985286660811722,0.9804666666666668,0.4290959619941003,0.989354844423324,0.6481465846000976,0.4434850662953452,,
2024-07-22 11:35:25,hf_ctgan_syn_100000_2,100,0.1,10,7.0,4,0.9994561153035556,0.9809822501000934,0.4285714285714285,0.990133019026772,0.6483987695304576,0.4436454733578756,0.0101522842639593,0.25,0.9869930629669156,0.0195121951219512,0.4967376226356615,0.2285630897266518,0.0,0.0,0.9945315105035012,0.0,0.0,0.0,0.0,0.0,0.9991999466631108,0.0,0.0,0.0,0.9985287041475464,0.9802,0.4290959487049562,0.9892193013797456,0.6480585240776349,0.4433533045639292,,
2024-07-22 11:35:37,hf_ctgan_syn_100000_2,100,0.1,10,9.0,4,0.9994564848155444,0.9816495395702656,0.4285714285714285,0.9904729843460696,0.6486192608380619,0.4439753258019023,0.0103626943005181,0.25,0.987259871931697,0.0199004975124378,0.4968047584141322,0.2286182908143325,0.0,0.0,0.994864954984995,0.0,0.0,0.0,0.0,0.0,0.9992666177745184,0.0,0.0,0.0,0.9985291855333436,0.9808666666666668,0.429096206595972,0.9895591564926868,0.6482788453991006,0.4436828785862548,,
2024-07-22 11:35:47,hf_ctgan_syn_100000_2,500,0.1,2,1.0,4,0.9995248761284192,0.9826504737755238,0.5,0.9910158484471214,0.7009459586071967,0.5150390727239368,0.0163934426229508,0.375,0.9879935965848452,0.031413612565445,0.6086851392298953,0.3477863331628167,0.0125,0.2,0.9947315771923976,0.0235294117647058,0.4460339846227858,0.1831354235339756,0.0,0.0,0.9997333155543704,0.0,0.0,0.0,0.9986048960800984,0.982,0.500458489331613,0.9901154973858606,0.7007650524482935,0.5148049007749259,,
2024-07-22 11:35:56,hf_ctgan_syn_100000_2,500,0.1,2,3.0,4,0.9995249728555916,0.9828506606165754,0.5,0.9911176905995558,0.7010173537854022,0.5151538348465953,0.0164835164835164,0.375,0.9880602988260404,0.031578947368421,0.6087056859104942,0.3478073417326488,0.0129870129870129,0.2,0.9949316438812936,0.024390243902439,0.4460788369517868,0.1831682758318573,0.0,0.0,0.9996666444429628,0.0,0.0,0.0,0.9986052030940468,0.9822,0.5004585871502971,0.9902176196082269,0.7008364069000054,0.5149195779416065,,
2024-07-22 11:36:06,hf_ctgan_syn_100000_2,500,0.1,2,5.0,4,0.9995247793618466,0.9824502869344722,0.5,0.9909139857315924,0.7008745561562612,0.5149243146087557,0.0159574468085106,0.375,0.9876600853788688,0.0306122448979591,0.6085823954215861,0.3476812853083188,0.0129870129870129,0.2,0.9949316438812936,0.024390243902439,0.4460788369517868,0.1831682758318573,0.0,0.0,0.9996666444429628,0.0,0.0,0.0,0.9986047292104024,0.9818,0.5004583737031254,0.990013589290156,0.7006936767937241,0.5146902046925625,,
2024-07-22 11:36:15,hf_ctgan_syn_100000_2,500,0.1,2,7.0,4,0.9995247470975628,0.9823835579874548,0.5,0.9908800269224298,0.7008507537227362,0.5148860627942456,0.0159574468085106,0.375,0.9876600853788688,0.0306122448979591,0.6085823954215861,0.3476812853083188,0.0128205128205128,0.2,0.994864954984995,0.0240963855421686,0.44606388667656,0.183157325243793,0.0,0.0,0.9996666444429628,0.0,0.0,0.0,0.9986046414761764,0.9817333333333332,0.5004583514734933,0.9899795642230952,0.7006698915923787,0.5146519849295501,,
2024-07-22 11:36:25,hf_ctgan_syn_100000_2,500,0.1,2,9.0,4,0.9995247470975628,0.9823835579874548,0.5,0.9908800269224298,0.7008507537227362,0.5148860627942456,0.0158730158730158,0.375,0.9875933831376734,0.0304568527918781,0.6085618445783695,0.3476602747363517,0.0129870129870129,0.2,0.9949316438812936,0.024390243902439,0.4460788369517868,0.1831682758318573,0.0,0.0,0.9996666444429628,0.0,0.0,0.0,0.9986046519463996,0.9817333333333332,0.5004583381285967,0.9899795793000922,0.700669885615354,0.5146519773741077,,
2024-07-22 11:36:35,hf_ctgan_syn_100000_2,500,0.1,4,1.0,4,0.9993888775718068,0.982116642199386,0.3571428571428571,0.9906774812371688,0.5922465226935806,0.3726772706155792,0.0054054054054054,0.125,0.987726787620064,0.0103626943005181,0.3513770744549336,0.1128141189708862,0.0,0.0,0.9949983327775924,0.0,0.0,0.0,0.0,0.0,0.9991332755517034,0.0,0.0,0.0,0.9984589975022892,0.9812666666666666,0.3577345864255504,0.989758375691641,0.5918811603787758,0.3723896060264557,,
2024-07-22 11:36:47,hf_ctgan_syn_100000_2,500,0.1,4,3.0,4,0.9993890849850664,0.9824502869344722,0.3571428571428571,0.9908472979339122,0.5923471131664247,0.3728155833273482,0.0055555555555555,0.125,0.9880602988260404,0.0106382978723404,0.3514363916176796,0.1128480921437181,0.0135135135135135,0.2,0.99513171057019,0.0253164556962025,0.4461236847714298,0.1832011265286717,0.0,0.0,0.999066604440296,0.0,0.0,0.0,0.998463789306548,0.9816666666666668,0.3577348043127171,0.989936619699938,0.5921303964979227,0.3725888748075623,,
2024-07-22 11:36:57,hf_ctgan_syn_100000_2,500,0.1,4,5.0,4,0.9993891264508248,0.9825170158814894,0.3571428571428571,0.9908812544163668,0.5923672292112293,0.3728432468238633,0.0054644808743169,0.125,0.9878601921024548,0.0104712041884816,0.3514008025215748,0.1128277085737082,0.0138888888888888,0.2,0.9952650883627876,0.0259740259740259,0.446153580813331,0.1832230261037329,0.0,0.0,0.9991999466631108,0.0,0.0,0.0,0.9984639072855666,0.9817333333333332,0.3577347509378769,0.9899706745631364,0.5921504847522481,0.3726165089134349,,
2024-07-22 11:37:08,hf_ctgan_syn_100000_2,500,0.1,4,7.0,4,0.9994565217391304,0.9817162685172828,0.4285714285714285,0.9905069682892346,0.6486413058465087,0.4440083131454597,0.010204081632653,0.25,0.987059765208111,0.0196078431372548,0.4967544074309031,0.2285768903322611,0.0,0.0,0.9951983994664888,0.0,0.0,0.0,0.0,0.0,0.9991999466631108,0.0,0.0,0.0,0.9985291378290448,0.9809333333333332,0.4290962065758059,0.9895929526351712,0.6483008429783484,0.4437158130613678,,
2024-07-22 11:37:18,hf_ctgan_syn_100000_2,500,0.1,4,9.0,4,0.999457001289622,0.9825837448285066,0.4285714285714285,0.990948551431744,0.6489278228063712,0.4444371833431739,0.0108695652173913,0.25,0.9878601921024548,0.0208333333333333,0.4969557807548008,0.2287424802477365,0.0,0.0,0.9953317772590864,0.0,0.0,0.0,0.0,0.0,0.9991332755517034,0.0,0.0,0.0,0.9985299718565342,0.9818,0.429096673484673,0.9900347772281852,0.6485871999214878,0.4441443712948524,,
2024-07-22 11:37:30,hf_ctgan_syn_100000_2,500,0.1,8,1.0,4,0.999456041340858,0.980848792206059,0.4285714285714285,0.9900649984844913,0.6483546622708215,0.4435795074490441,0.0099502487562189,0.25,0.9867262540021344,0.0191387559808612,0.4966704777823357,0.2285078850796198,0.0,0.0,0.9947982660886964,0.0,0.0,0.0,0.0,0.0,0.999066604440296,0.0,0.0,0.0,0.9985285225016098,0.9800666666666666,0.4290958864358887,0.9891511451557622,0.648014422174186,0.4432873707808007,,
2024-07-22 11:37:39,hf_ctgan_syn_100000_2,500,0.1,8,3.0,4,0.9994565217391304,0.9817162685172828,0.4285714285714285,0.9905069682892346,0.6486413058465087,0.4440083131454597,0.0105820105820105,0.25,0.987526680896478,0.0203045685279187,0.496871885121426,0.2286734883426621,0.0,0.0,0.9947315771923976,0.0,0.0,0.0,0.0,0.0,0.9991999466631108,0.0,0.0,0.0,0.998529339391151,0.9809333333333332,0.4290962999900817,0.9895933242220462,0.6483009056331168,0.4437158645803067,,
2024-07-22 11:37:51,hf_ctgan_syn_100000_2,500,0.1,8,5.0,4,0.9994564109533192,0.9815160816762312,0.4285714285714285,0.9904050095949904,0.6485751685732452,0.4439093522597812,0.0103626943005181,0.25,0.987259871931697,0.0199004975124378,0.4968047584141322,0.2286182908143325,0.0,0.0,0.9951983994664888,0.0,0.0,0.0,0.0,0.0,0.9987999199946664,0.0,0.0,0.0,0.9985291117400564,0.9807333333333332,0.4290962866309472,0.9894912451847084,0.6482347942870642,0.4436169666194397,,
2024-07-22 11:38:03,hf_ctgan_syn_100000_2,500,0.1,8,7.0,4,0.9994561892461424,0.9811157079941278,0.4285714285714285,0.9902010304071118,0.648442873789906,0.443711440793365,0.0101522842639593,0.25,0.9869930629669156,0.0195121951219512,0.4967376226356615,0.2285630897266518,0.0,0.0,0.9949983327775924,0.0,0.0,0.0,0.0,0.0,0.9988665911060738,0.0,0.0,0.0,0.99852877802112,0.9803333333333332,0.4290960820886771,0.9892872492827968,0.6481025871731078,0.4434192104298121,,
2024-07-22 11:38:15,hf_ctgan_syn_100000_2,500,0.1,8,9.0,4,0.9994562631686263,0.9812491658881622,0.4285714285714285,0.9902690326273612,0.6484869750497788,0.4437774097555125,0.0104166666666666,0.25,0.9873265741728922,0.0199999999999999,0.4968215409412348,0.2286320905301041,0.0,0.0,0.9946648882960988,0.0,0.0,0.0,0.0,0.0,0.9989999333288886,0.0,0.0,0.0,0.998528992878558,0.9804666666666668,0.4290961577026414,0.9893554481969088,0.6481466920282344,0.4434851546213567,,
2024-07-22 11:38:28,hf_ctgan_syn_100000_2,500,0.1,10,1.0,4,0.9995243272628432,0.9815160816762312,0.5,0.9904383543195744,0.7005412484915614,0.5143888297256629,0.015,0.375,0.9868596584845252,0.0288461538461538,0.6083357394824809,0.3474291364212282,0.0,0.0,0.995465155051684,0.0,0.0,0.0,0.0,0.0,0.9989332622174812,0.0,0.0,0.0,0.9985994378907312,0.9808,0.5004580757536901,0.9895293298042608,0.7002118557206933,0.5140940290240102,,
2024-07-22 11:38:42,hf_ctgan_syn_100000_2,500,0.1,10,3.0,4,0.9994562262098968,0.981182436941145,0.4285714285714285,0.990235032662132,0.648464924794751,0.4437444250836065,0.0100502512562814,0.25,0.9868596584845252,0.0193236714975845,0.4967040513435855,0.2285354878480546,0.0,0.0,0.9951983994664888,0.0,0.0,0.0,0.0,0.0,0.9988665911060738,0.0,0.0,0.0,0.9985287605327708,0.9804,0.4290960776285161,0.9893211192564462,0.6481245996923258,0.443452149213714,,
2024-07-22 11:39:01,hf_ctgan_syn_100000_2,500,0.1,10,5.0,4,0.9994562262098968,0.981182436941145,0.4285714285714285,0.990235032662132,0.648464924794751,0.4437444250836065,0.0099009900990099,0.25,0.9866595517609392,0.019047619047619,0.4966536901506267,0.2284940833617132,0.0,0.0,0.9953317772590864,0.0,0.0,0.0,0.0,0.0,0.9989332622174812,0.0,0.0,0.0,0.9985286809268202,0.9804,0.4290960198089352,0.9893209720284728,0.6481245728330229,0.4434521271313213,,
2024-07-22 11:39:18,hf_ctgan_syn_100000_2,500,0.1,10,7.0,4,0.999456041340858,0.980848792206059,0.4285714285714285,0.9900649984844913,0.6483546622708215,0.4435795074490441,0.0101010101010101,0.25,0.9869263607257204,0.0194174757281553,0.4967208372732415,0.2285492888985829,0.0,0.0,0.9947315771923976,0.0,0.0,0.0,0.0,0.0,0.9989332622174812,0.0,0.0,0.0,0.9985286029076604,0.9800666666666666,0.4290959620403609,0.9891512938062942,0.6480144490325811,0.4432873928628376,,
2024-07-22 11:39:35,hf_ctgan_syn_100000_2,500,0.1,10,9.0,4,0.999456337071016,0.9813826237821968,0.4285714285714285,0.9903370256893708,0.6485310733106879,0.4438433802443178,0.0106382978723404,0.25,0.9875933831376734,0.0204081632653061,0.4968886653813089,0.2286872871685959,0.0,0.0,0.9946648882960988,0.0,0.0,0.0,0.0,0.0,0.9988665911060738,0.0,0.0,0.0,0.9985291849152816,0.9806,0.4290962911112744,0.989423595485802,0.648190784930468,0.443551092975913,,
2024-07-22 11:39:55,hf_ctgan_syn_100000_2,1500,0.1,2,1.0,4,0.9993892093654564,0.9826504737755238,0.3571428571428571,0.9909491605262272,0.592407459251631,0.3728985747710545,0.005813953488372,0.125,0.988593916755603,0.0111111111111111,0.3515312782590624,0.1129024434363037,0.0117647058823529,0.2,0.9943981327109036,0.0222222222222222,0.4459592207166264,0.1830806661462456,0.0,0.0,0.9994666311087406,0.0,0.0,0.0,0.9984634684472032,0.9818666666666668,0.3577348710514376,0.9900376079764028,0.5921906820449732,0.3726717776264829,,
2024-07-22 11:40:12,hf_ctgan_syn_100000_2,1500,0.1,2,3.0,4,0.9995250373184964,0.98298411851061,0.5,0.9911855739469788,0.7010649465315641,0.5152303451547438,0.0171428571428571,0.375,0.9885272145144076,0.0327868852459016,0.6088494932599541,0.3479543923781762,0.0125,0.2,0.9947315771923976,0.0235294117647058,0.4460339846227858,0.1831354235339756,0.0,0.0,0.999533302220148,0.0,0.0,0.0,0.9986054568074751,0.9823333333333332,0.5004587605936198,0.9902857968873476,0.7008840169727475,0.514996084316379,,
2024-07-22 11:40:28,hf_ctgan_syn_100000_2,1500,0.1,2,5.0,4,0.9995249083751866,0.982717202722541,0.5,0.9910497981157468,0.7009697578079033,0.5150773263195478,0.0168539325842696,0.375,0.9883271077908218,0.032258064516129,0.6087878656983549,0.3478913726750852,0.0121951219512195,0.2,0.9945981993998,0.0229885057471264,0.4460040805642477,0.1831135211125727,0.0,0.0,0.9995999733315556,0.0,0.0,0.0,0.9986050722653984,0.9820666666666666,0.5004586138555105,0.9901496854404964,0.7007888742558431,0.5148431673874472,,
2024-07-22 11:40:43,hf_ctgan_syn_100000_2,1500,0.1,2,7.0,4,0.9995250373184964,0.98298411851061,0.5,0.9911855739469788,0.7010649465315641,0.5152303451547438,0.0172413793103448,0.375,0.988593916755603,0.0329670329670329,0.6088700343943289,0.347975398278495,0.0121951219512195,0.2,0.9945981993998,0.0229885057471264,0.4460040805642477,0.1831135211125727,0.0,0.0,0.9995999733315556,0.0,0.0,0.0,0.998605407726615,0.9823333333333332,0.500458756153625,0.9902857126641263,0.7008840179599998,0.5149960882187188,,
2024-07-22 11:41:03,hf_ctgan_syn_100000_2,1500,0.1,2,9.0,4,0.9994570749915168,0.982717202722541,0.4285714285714285,0.9910164530130212,0.6489718911112542,0.4445031690985589,0.0111111111111111,0.25,0.9881270010672358,0.0212765957446808,0.4970228870653835,0.2287976697675259,0.0126582278481012,0.2,0.9947982660886964,0.0238095238095238,0.4460489359002432,0.1831463744778325,0.0,0.0,0.9995999733315556,0.0,0.0,0.0,0.9985343937234,0.982,0.4290966690589161,0.9901107883492092,0.6487799458646187,0.4442713736894355,,
2024-07-22 11:41:14,hf_ctgan_syn_100000_2,1500,0.1,4,1.0,4,0.9993888775718068,0.982116642199386,0.3571428571428571,0.9906774812371688,0.5922465226935806,0.3726772706155792,0.0054054054054054,0.125,0.987726787620064,0.0103626943005181,0.3513770744549336,0.1128141189708862,0.0,0.0,0.9949983327775924,0.0,0.0,0.0,0.0,0.0,0.9991332755517034,0.0,0.0,0.0,0.9984589975022892,0.9812666666666666,0.3577345864255504,0.989758375691641,0.5918811603787758,0.3723896060264557,,
2024-07-22 11:41:25,hf_ctgan_syn_100000_2,1500,0.1,4,3.0,4,0.9993890849850664,0.9824502869344722,0.3571428571428571,0.9908472979339122,0.5923471131664247,0.3728155833273482,0.0055555555555555,0.125,0.9880602988260404,0.0106382978723404,0.3514363916176796,0.1128480921437181,0.0135135135135135,0.2,0.99513171057019,0.0253164556962025,0.4461236847714298,0.1832011265286717,0.0,0.0,0.999066604440296,0.0,0.0,0.0,0.998463789306548,0.9816666666666668,0.3577348043127171,0.989936619699938,0.5921303964979227,0.3725888748075623,,
2024-07-22 11:41:39,hf_ctgan_syn_100000_2,1500,0.1,4,5.0,4,0.9993885454174876,0.9815828106232484,0.3571428571428571,0.9904056556135332,0.5920855423908804,0.3724559868155435,0.0052910052910052,0.125,0.9874599786552828,0.0101522842639593,0.3513296135140195,0.1127869384304855,0.0,0.0,0.994864954984995,0.0,0.0,0.0,0.0,0.0,0.9989999333288886,0.0,0.0,0.0,0.9984586046445864,0.9807333333333332,0.3577343907786902,0.9894866915532348,0.5917203050118565,0.3721685142616786,,
2024-07-22 11:41:55,hf_ctgan_syn_100000_2,1500,0.1,4,7.0,4,0.9993885869565218,0.9816495395702656,0.3571428571428571,0.9904396418232008,0.5921056673222228,0.3724836461773597,0.0052083333333333,0.125,0.987259871931697,0.0099999999999999,0.3512940136003774,0.112766551857273,0.0,0.0,0.9950650216738912,0.0,0.0,0.0,0.0,0.0,0.999066604440296,0.0,0.0,0.0,0.99845860205314,0.9808,0.3577343551887413,0.9895205648241658,0.591740392173309,0.3721961369352514,,
2024-07-22 11:42:07,hf_ctgan_syn_100000_2,1500,0.1,4,9.0,4,0.999457001289622,0.9825837448285066,0.4285714285714285,0.990948551431744,0.6489278228063712,0.4444371833431739,0.0108695652173913,0.25,0.9878601921024548,0.0208333333333333,0.4969557807548008,0.2287424802477365,0.0,0.0,0.9953317772590864,0.0,0.0,0.0,0.0,0.0,0.9991332755517034,0.0,0.0,0.0,0.9985299718565342,0.9818,0.429096673484673,0.9900347772281852,0.6485871999214878,0.4441443712948524,,
2024-07-22 11:42:18,hf_ctgan_syn_100000_2,1500,0.1,8,1.0,4,0.999456041340858,0.980848792206059,0.4285714285714285,0.9900649984844913,0.6483546622708215,0.4435795074490441,0.0099502487562189,0.25,0.9867262540021344,0.0191387559808612,0.4966704777823357,0.2285078850796198,0.0,0.0,0.9947982660886964,0.0,0.0,0.0,0.0,0.0,0.999066604440296,0.0,0.0,0.0,0.9985285225016098,0.9800666666666666,0.4290958864358887,0.9891511451557622,0.648014422174186,0.4432873707808007,,
2024-07-22 11:42:29,hf_ctgan_syn_100000_2,1500,0.1,8,3.0,4,0.9994565217391304,0.9817162685172828,0.4285714285714285,0.9905069682892346,0.6486413058465087,0.4440083131454597,0.0105820105820105,0.25,0.987526680896478,0.0203045685279187,0.496871885121426,0.2286734883426621,0.0,0.0,0.9947315771923976,0.0,0.0,0.0,0.0,0.0,0.9991999466631108,0.0,0.0,0.0,0.998529339391151,0.9809333333333332,0.4290962999900817,0.9895933242220462,0.6483009056331168,0.4437158645803067,,
2024-07-22 11:42:40,hf_ctgan_syn_100000_2,1500,0.1,8,5.0,4,0.9994564109533192,0.9815160816762312,0.4285714285714285,0.9904050095949904,0.6485751685732452,0.4439093522597812,0.0103626943005181,0.25,0.987259871931697,0.0199004975124378,0.4968047584141322,0.2286182908143325,0.0,0.0,0.9951983994664888,0.0,0.0,0.0,0.0,0.0,0.9987999199946664,0.0,0.0,0.0,0.9985291117400564,0.9807333333333332,0.4290962866309472,0.9894912451847084,0.6482347942870642,0.4436169666194397,,
2024-07-22 11:42:50,hf_ctgan_syn_100000_2,1500,0.1,8,7.0,4,0.9994561892461424,0.9811157079941278,0.4285714285714285,0.9902010304071118,0.648442873789906,0.443711440793365,0.0101522842639593,0.25,0.9869930629669156,0.0195121951219512,0.4967376226356615,0.2285630897266518,0.0,0.0,0.9949983327775924,0.0,0.0,0.0,0.0,0.0,0.9988665911060738,0.0,0.0,0.0,0.99852877802112,0.9803333333333332,0.4290960820886771,0.9892872492827968,0.6481025871731078,0.4434192104298121,,
2024-07-22 11:43:02,hf_ctgan_syn_100000_2,1500,0.1,8,9.0,4,0.9994562631686263,0.9812491658881622,0.4285714285714285,0.9902690326273612,0.6484869750497788,0.4437774097555125,0.0104166666666666,0.25,0.9873265741728922,0.0199999999999999,0.4968215409412348,0.2286320905301041,0.0,0.0,0.9946648882960988,0.0,0.0,0.0,0.0,0.0,0.9989999333288886,0.0,0.0,0.0,0.998528992878558,0.9804666666666668,0.4290961577026414,0.9893554481969088,0.6481466920282344,0.4434851546213567,,
2024-07-22 11:43:16,hf_ctgan_syn_100000_2,1500,0.1,10,1.0,4,0.9995243272628432,0.9815160816762312,0.5,0.9904383543195744,0.7005412484915614,0.5143888297256629,0.015,0.375,0.9868596584845252,0.0288461538461538,0.6083357394824809,0.3474291364212282,0.0,0.0,0.995465155051684,0.0,0.0,0.0,0.0,0.0,0.9989332622174812,0.0,0.0,0.0,0.9985994378907312,0.9808,0.5004580757536901,0.9895293298042608,0.7002118557206933,0.5140940290240102,,
2024-07-22 11:43:29,hf_ctgan_syn_100000_2,1500,0.1,10,3.0,4,0.9994562262098968,0.981182436941145,0.4285714285714285,0.990235032662132,0.648464924794751,0.4437444250836065,0.0100502512562814,0.25,0.9868596584845252,0.0193236714975845,0.4967040513435855,0.2285354878480546,0.0,0.0,0.9951983994664888,0.0,0.0,0.0,0.0,0.0,0.9988665911060738,0.0,0.0,0.0,0.9985287605327708,0.9804,0.4290960776285161,0.9893211192564462,0.6481245996923258,0.443452149213714,,
2024-07-22 11:43:44,hf_ctgan_syn_100000_2,1500,0.1,10,5.0,4,0.9994562262098968,0.981182436941145,0.4285714285714285,0.990235032662132,0.648464924794751,0.4437444250836065,0.0099009900990099,0.25,0.9866595517609392,0.019047619047619,0.4966536901506267,0.2284940833617132,0.0,0.0,0.9953317772590864,0.0,0.0,0.0,0.0,0.0,0.9989332622174812,0.0,0.0,0.0,0.9985286809268202,0.9804,0.4290960198089352,0.9893209720284728,0.6481245728330229,0.4434521271313213,,
2024-07-22 11:43:59,hf_ctgan_syn_100000_2,1500,0.1,10,7.0,4,0.999456041340858,0.980848792206059,0.4285714285714285,0.9900649984844913,0.6483546622708215,0.4435795074490441,0.0101010101010101,0.25,0.9869263607257204,0.0194174757281553,0.4967208372732415,0.2285492888985829,0.0,0.0,0.9947315771923976,0.0,0.0,0.0,0.0,0.0,0.9989332622174812,0.0,0.0,0.0,0.9985286029076604,0.9800666666666666,0.4290959620403609,0.9891512938062942,0.6480144490325811,0.4432873928628376,,
2024-07-22 11:44:16,hf_ctgan_syn_100000_2,1500,0.1,10,9.0,4,0.999456337071016,0.9813826237821968,0.4285714285714285,0.9903370256893708,0.6485310733106879,0.4438433802443178,0.0106382978723404,0.25,0.9875933831376734,0.0204081632653061,0.4968886653813089,0.2286872871685959,0.0,0.0,0.9946648882960988,0.0,0.0,0.0,0.0,0.0,0.9988665911060738,0.0,0.0,0.0,0.9985291849152816,0.9806,0.4290962911112744,0.989423595485802,0.648190784930468,0.443551092975913,,
2024-07-22 11:44:31,hf_ctgan_syn_100000_2,1000,0.1,2,1.0,4,0.9994573695991318,0.9832510342986788,0.4285714285714285,0.991287967977396,0.6491481344144181,0.4447671273866781,0.0119047619047619,0.25,0.9889274279615796,0.0227272727272727,0.497224151656368,0.2289632169707871,0.0120481927710843,0.2,0.9945315105035012,0.0227272727272727,0.4459891277830663,0.1831025696350267,0.0,0.0,0.9995999733315556,0.0,0.0,0.0,0.9985349079914456,0.9825333333333334,0.4290970070347313,0.9903824628436474,0.6489561120791091,0.4445351593067133,,
2024-07-22 11:44:46,hf_ctgan_syn_100000_2,1000,0.1,2,3.0,4,0.9995250695433884,0.9830508474576272,0.5,0.991219512195122,0.7010887416930995,0.5152686009767309,0.0174418604651162,0.375,0.9887273212379936,0.0333333333333333,0.6089111145842615,0.3480174090780647,0.0120481927710843,0.2,0.9945315105035012,0.0227272727272727,0.4459891277830663,0.1831025696350267,0.0,0.0,0.9995999733315556,0.0,0.0,0.0,0.9986054978683196,0.9824,0.5004588050730502,0.9903197275190936,0.700907807837892,0.5150343270905392,,
2024-07-22 11:44:59,hf_ctgan_syn_100000_2,1000,0.1,2,5.0,4,0.9995249083751866,0.982717202722541,0.5,0.9910497981157468,0.7009697578079033,0.5150773263195478,0.0168539325842696,0.375,0.9883271077908218,0.032258064516129,0.6087878656983549,0.3478913726750852,0.0121951219512195,0.2,0.9945981993998,0.0229885057471264,0.4460040805642477,0.1831135211125727,0.0,0.0,0.9995999733315556,0.0,0.0,0.0,0.9986050722653984,0.9820666666666666,0.5004586138555105,0.9901496854404964,0.7007888742558431,0.5148431673874472,,
2024-07-22 11:45:14,hf_ctgan_syn_100000_2,1000,0.1,2,7.0,4,0.9995250373184964,0.98298411851061,0.5,0.9911855739469788,0.7010649465315641,0.5152303451547438,0.0172413793103448,0.375,0.988593916755603,0.0329670329670329,0.6088700343943289,0.347975398278495,0.0121951219512195,0.2,0.9945981993998,0.0229885057471264,0.4460040805642477,0.1831135211125727,0.0,0.0,0.9995999733315556,0.0,0.0,0.0,0.998605407726615,0.9823333333333332,0.500458756153625,0.9902857126641263,0.7008840179599998,0.5149960882187188,,
2024-07-22 11:45:27,hf_ctgan_syn_100000_2,1000,0.1,2,9.0,4,0.9995250373184964,0.98298411851061,0.5,0.9911855739469788,0.7010649465315641,0.5152303451547438,0.0170454545454545,0.375,0.9884605122732124,0.0326086956521739,0.608828951432547,0.3479333861441684,0.0125,0.2,0.9947315771923976,0.0235294117647058,0.4460339846227858,0.1831354235339756,0.0,0.0,0.9995999733315556,0.0,0.0,0.0,0.9986054048594234,0.9823333333333332,0.500458729463832,0.9902857018528975,0.7008840060171062,0.5149960731130542,,
2024-07-22 11:45:38,hf_ctgan_syn_100000_2,1000,0.1,4,1.0,4,0.9993887945670628,0.9819831843053516,0.3571428571428571,0.990609538554744,0.5922062817203598,0.3726219477572479,0.0054945054945054,0.125,0.98792689434365,0.0105263157894736,0.3514126659540834,0.1128345032082745,0.0,0.0,0.9947315771923976,0.0,0.0,0.0,0.0,0.0,0.999066604440296,0.0,0.0,0.0,0.998458962095064,0.9811333333333332,0.3577345997858672,0.9896905836871808,0.5918409759459297,0.3723343456743856,,
2024-07-22 11:45:49,hf_ctgan_syn_100000_2,1000,0.1,4,3.0,4,0.9993890849850664,0.9824502869344722,0.3571428571428571,0.9908472979339122,0.5923471131664247,0.3728155833273482,0.0055555555555555,0.125,0.9880602988260404,0.0106382978723404,0.3514363916176796,0.1128480921437181,0.0135135135135135,0.2,0.99513171057019,0.0253164556962025,0.4461236847714298,0.1832011265286717,0.0,0.0,0.999066604440296,0.0,0.0,0.0,0.998463789306548,0.9816666666666668,0.3577348043127171,0.989936619699938,0.5921303964979227,0.3725888748075623,,
2024-07-22 11:46:01,hf_ctgan_syn_100000_2,1000,0.1,4,5.0,4,0.9993885454174876,0.9815828106232484,0.3571428571428571,0.9904056556135332,0.5920855423908804,0.3724559868155435,0.0052910052910052,0.125,0.9874599786552828,0.0101522842639593,0.3513296135140195,0.1127869384304855,0.0,0.0,0.994864954984995,0.0,0.0,0.0,0.0,0.0,0.9989999333288886,0.0,0.0,0.0,0.9984586046445864,0.9807333333333332,0.3577343907786902,0.9894866915532348,0.5917203050118565,0.3721685142616786,,
2024-07-22 11:46:13,hf_ctgan_syn_100000_2,1000,0.1,4,7.0,4,0.9993885869565218,0.9816495395702656,0.3571428571428571,0.9904396418232008,0.5921056673222228,0.3724836461773597,0.0052083333333333,0.125,0.987259871931697,0.0099999999999999,0.3512940136003774,0.112766551857273,0.0,0.0,0.9950650216738912,0.0,0.0,0.0,0.0,0.0,0.999066604440296,0.0,0.0,0.0,0.99845860205314,0.9808,0.3577343551887413,0.9895205648241658,0.591740392173309,0.3721961369352514,,
2024-07-22 11:46:23,hf_ctgan_syn_100000_2,1000,0.1,4,9.0,4,0.999457001289622,0.9825837448285066,0.4285714285714285,0.990948551431744,0.6489278228063712,0.4444371833431739,0.0108695652173913,0.25,0.9878601921024548,0.0208333333333333,0.4969557807548008,0.2287424802477365,0.0,0.0,0.9953317772590864,0.0,0.0,0.0,0.0,0.0,0.9991332755517034,0.0,0.0,0.0,0.9985299718565342,0.9818,0.429096673484673,0.9900347772281852,0.6485871999214878,0.4441443712948524,,
2024-07-22 11:46:34,hf_ctgan_syn_100000_2,1000,0.1,8,1.0,4,0.999456041340858,0.980848792206059,0.4285714285714285,0.9900649984844913,0.6483546622708215,0.4435795074490441,0.0099502487562189,0.25,0.9867262540021344,0.0191387559808612,0.4966704777823357,0.2285078850796198,0.0,0.0,0.9947982660886964,0.0,0.0,0.0,0.0,0.0,0.999066604440296,0.0,0.0,0.0,0.9985285225016098,0.9800666666666666,0.4290958864358887,0.9891511451557622,0.648014422174186,0.4432873707808007,,
2024-07-22 11:46:43,hf_ctgan_syn_100000_2,1000,0.1,8,3.0,4,0.9994565217391304,0.9817162685172828,0.4285714285714285,0.9905069682892346,0.6486413058465087,0.4440083131454597,0.0105820105820105,0.25,0.987526680896478,0.0203045685279187,0.496871885121426,0.2286734883426621,0.0,0.0,0.9947315771923976,0.0,0.0,0.0,0.0,0.0,0.9991999466631108,0.0,0.0,0.0,0.998529339391151,0.9809333333333332,0.4290962999900817,0.9895933242220462,0.6483009056331168,0.4437158645803067,,
2024-07-22 11:46:56,hf_ctgan_syn_100000_2,1000,0.1,8,5.0,4,0.9994564109533192,0.9815160816762312,0.4285714285714285,0.9904050095949904,0.6485751685732452,0.4439093522597812,0.0103626943005181,0.25,0.987259871931697,0.0199004975124378,0.4968047584141322,0.2286182908143325,0.0,0.0,0.9951983994664888,0.0,0.0,0.0,0.0,0.0,0.9987999199946664,0.0,0.0,0.0,0.9985291117400564,0.9807333333333332,0.4290962866309472,0.9894912451847084,0.6482347942870642,0.4436169666194397,,
2024-07-22 11:47:08,hf_ctgan_syn_100000_2,1000,0.1,8,7.0,4,0.9994561892461424,0.9811157079941278,0.4285714285714285,0.9902010304071118,0.648442873789906,0.443711440793365,0.0101522842639593,0.25,0.9869930629669156,0.0195121951219512,0.4967376226356615,0.2285630897266518,0.0,0.0,0.9949983327775924,0.0,0.0,0.0,0.0,0.0,0.9988665911060738,0.0,0.0,0.0,0.99852877802112,0.9803333333333332,0.4290960820886771,0.9892872492827968,0.6481025871731078,0.4434192104298121,,
2024-07-22 11:47:18,hf_ctgan_syn_100000_2,1000,0.1,8,9.0,4,0.9994562631686263,0.9812491658881622,0.4285714285714285,0.9902690326273612,0.6484869750497788,0.4437774097555125,0.0104166666666666,0.25,0.9873265741728922,0.0199999999999999,0.4968215409412348,0.2286320905301041,0.0,0.0,0.9946648882960988,0.0,0.0,0.0,0.0,0.0,0.9989999333288886,0.0,0.0,0.0,0.998528992878558,0.9804666666666668,0.4290961577026414,0.9893554481969088,0.6481466920282344,0.4434851546213567,,
2024-07-22 11:47:31,hf_ctgan_syn_100000_2,1000,0.1,10,1.0,4,0.9995243272628432,0.9815160816762312,0.5,0.9904383543195744,0.7005412484915614,0.5143888297256629,0.015,0.375,0.9868596584845252,0.0288461538461538,0.6083357394824809,0.3474291364212282,0.0,0.0,0.995465155051684,0.0,0.0,0.0,0.0,0.0,0.9989332622174812,0.0,0.0,0.0,0.9985994378907312,0.9808,0.5004580757536901,0.9895293298042608,0.7002118557206933,0.5140940290240102,,
2024-07-22 11:47:43,hf_ctgan_syn_100000_2,1000,0.1,10,3.0,4,0.9994562262098968,0.981182436941145,0.4285714285714285,0.990235032662132,0.648464924794751,0.4437444250836065,0.0100502512562814,0.25,0.9868596584845252,0.0193236714975845,0.4967040513435855,0.2285354878480546,0.0,0.0,0.9951983994664888,0.0,0.0,0.0,0.0,0.0,0.9988665911060738,0.0,0.0,0.0,0.9985287605327708,0.9804,0.4290960776285161,0.9893211192564462,0.6481245996923258,0.443452149213714,,
2024-07-22 11:47:58,hf_ctgan_syn_100000_2,1000,0.1,10,5.0,4,0.9994562262098968,0.981182436941145,0.4285714285714285,0.990235032662132,0.648464924794751,0.4437444250836065,0.0099009900990099,0.25,0.9866595517609392,0.019047619047619,0.4966536901506267,0.2284940833617132,0.0,0.0,0.9953317772590864,0.0,0.0,0.0,0.0,0.0,0.9989332622174812,0.0,0.0,0.0,0.9985286809268202,0.9804,0.4290960198089352,0.9893209720284728,0.6481245728330229,0.4434521271313213,,
2024-07-22 11:48:14,hf_ctgan_syn_100000_2,1000,0.1,10,7.0,4,0.999456041340858,0.980848792206059,0.4285714285714285,0.9900649984844913,0.6483546622708215,0.4435795074490441,0.0101010101010101,0.25,0.9869263607257204,0.0194174757281553,0.4967208372732415,0.2285492888985829,0.0,0.0,0.9947315771923976,0.0,0.0,0.0,0.0,0.0,0.9989332622174812,0.0,0.0,0.0,0.9985286029076604,0.9800666666666666,0.4290959620403609,0.9891512938062942,0.6480144490325811,0.4432873928628376,,
2024-07-22 11:48:31,hf_ctgan_syn_100000_2,1000,0.1,10,9.0,4,0.999456337071016,0.9813826237821968,0.4285714285714285,0.9903370256893708,0.6485310733106879,0.4438433802443178,0.0106382978723404,0.25,0.9875933831376734,0.0204081632653061,0.4968886653813089,0.2286872871685959,0.0,0.0,0.9946648882960988,0.0,0.0,0.0,0.0,0.0,0.9988665911060738,0.0,0.0,0.0,0.9985291849152816,0.9806,0.4290962911112744,0.989423595485802,0.648190784930468,0.443551092975913,,
2024-07-22 11:48:36,hf_ctgan_syn_100000_2,100,0.01,2,1.0,4,0.9992613979722016,0.9930601895102096,0.2142857142857142,0.9961511429432044,0.4613009993896632,0.2293708247797338,0.0,0.0,1.0,0.0,0.0,0.0,0.0186915887850467,0.4,0.9929976658886296,0.0357142857142857,0.6302373095552594,0.3736452544312592,0.0,0.0,1.0,0.0,0.0,0.0,0.998334984530356,0.9922666666666666,0.2150167135076771,0.9952333066383622,0.4610805308934179,0.2292812937614165,,
2024-07-22 11:48:42,hf_ctgan_syn_100000_2,100,0.01,2,3.0,4,0.9992613979722016,0.9930601895102096,0.2142857142857142,0.9961511429432044,0.4613009993896632,0.2293708247797338,0.0,0.0,1.0,0.0,0.0,0.0,0.0186915887850467,0.4,0.9929976658886296,0.0357142857142857,0.6302373095552594,0.3736452544312592,0.0,0.0,1.0,0.0,0.0,0.0,0.998334984530356,0.9922666666666666,0.2150167135076771,0.9952333066383622,0.4610805308934179,0.2292812937614165,,
2024-07-22 11:48:48,hf_ctgan_syn_100000_2,100,0.01,2,5.0,4,0.9992613979722016,0.9930601895102096,0.2142857142857142,0.9961511429432044,0.4613009993896632,0.2293708247797338,0.0,0.0,1.0,0.0,0.0,0.0,0.0186915887850467,0.4,0.9929976658886296,0.0357142857142857,0.6302373095552594,0.3736452544312592,0.0,0.0,1.0,0.0,0.0,0.0,0.998334984530356,0.9922666666666666,0.2150167135076771,0.9952333066383622,0.4610805308934179,0.2292812937614165,,
2024-07-22 11:48:53,hf_ctgan_syn_100000_2,100,0.01,2,7.0,4,0.9992613979722016,0.9930601895102096,0.2142857142857142,0.9961511429432044,0.4613009993896632,0.2293708247797338,0.0,0.0,1.0,0.0,0.0,0.0,0.0186915887850467,0.4,0.9929976658886296,0.0357142857142857,0.6302373095552594,0.3736452544312592,0.0,0.0,1.0,0.0,0.0,0.0,0.998334984530356,0.9922666666666666,0.2150167135076771,0.9952333066383622,0.4610805308934179,0.2292812937614165,,
2024-07-22 11:48:59,hf_ctgan_syn_100000_2,100,0.01,2,9.0,4,0.9992613979722016,0.9930601895102096,0.2142857142857142,0.9961511429432044,0.4613009993896632,0.2293708247797338,0.0,0.0,1.0,0.0,0.0,0.0,0.0186915887850467,0.4,0.9929976658886296,0.0357142857142857,0.6302373095552594,0.3736452544312592,0.0,0.0,1.0,0.0,0.0,0.0,0.998334984530356,0.9922666666666666,0.2150167135076771,0.9952333066383622,0.4610805308934179,0.2292812937614165,,
2024-07-22 11:49:05,hf_ctgan_syn_100000_2,100,0.01,4,1.0,4,0.9995275059061762,0.9881222474309356,0.5,0.9937921546256838,0.7028948169644359,0.5181773463230926,0.0384615384615384,0.375,0.9949973319103522,0.0697674418604651,0.6108387671606822,0.3499904110522944,0.0186915887850467,0.4,0.9929976658886296,0.0357142857142857,0.6302373095552594,0.3736452544312592,0.0,0.0,1.0,0.0,0.0,0.0,0.9986213569174384,0.9875333333333334,0.5004616644656484,0.9929137293455969,0.7027746415809399,0.518004924103896,,
2024-07-22 11:49:11,hf_ctgan_syn_100000_2,100,0.01,4,3.0,4,0.9995275059061762,0.9881222474309356,0.5,0.9937921546256838,0.7028948169644359,0.5181773463230926,0.0384615384615384,0.375,0.9949973319103522,0.0697674418604651,0.6108387671606822,0.3499904110522944,0.0186915887850467,0.4,0.9929976658886296,0.0357142857142857,0.6302373095552594,0.3736452544312592,0.0,0.0,1.0,0.0,0.0,0.0,0.9986213569174384,0.9875333333333334,0.5004616644656484,0.9929137293455969,0.7027746415809399,0.518004924103896,,
2024-07-22 11:49:17,hf_ctgan_syn_100000_2,100,0.01,4,5.0,4,0.9995275059061762,0.9881222474309356,0.5,0.9937921546256838,0.7028948169644359,0.5181773463230926,0.0384615384615384,0.375,0.9949973319103522,0.0697674418604651,0.6108387671606822,0.3499904110522944,0.0186915887850467,0.4,0.9929976658886296,0.0357142857142857,0.6302373095552594,0.3736452544312592,0.0,0.0,1.0,0.0,0.0,0.0,0.9986213569174384,0.9875333333333334,0.5004616644656484,0.9929137293455969,0.7027746415809399,0.518004924103896,,
2024-07-22 11:49:23,hf_ctgan_syn_100000_2,100,0.01,4,7.0,4,0.9995275059061762,0.9881222474309356,0.5,0.9937921546256838,0.7028948169644359,0.5181773463230926,0.0384615384615384,0.375,0.9949973319103522,0.0697674418604651,0.6108387671606822,0.3499904110522944,0.0186915887850467,0.4,0.9929976658886296,0.0357142857142857,0.6302373095552594,0.3736452544312592,0.0,0.0,1.0,0.0,0.0,0.0,0.9986213569174384,0.9875333333333334,0.5004616644656484,0.9929137293455969,0.7027746415809399,0.518004924103896,,
2024-07-22 11:49:29,hf_ctgan_syn_100000_2,100,0.01,4,9.0,4,0.9995275059061762,0.9881222474309356,0.5,0.9937921546256838,0.7028948169644359,0.5181773463230926,0.0384615384615384,0.375,0.9949973319103522,0.0697674418604651,0.6108387671606822,0.3499904110522944,0.0186915887850467,0.4,0.9929976658886296,0.0357142857142857,0.6302373095552594,0.3736452544312592,0.0,0.0,1.0,0.0,0.0,0.0,0.9986213569174384,0.9875333333333334,0.5004616644656484,0.9929137293455969,0.7027746415809399,0.518004924103896,,
2024-07-22 11:49:36,hf_ctgan_syn_100000_2,100,0.01,8,1.0,4,0.999524294937139,0.981449352729214,0.5,0.9904043634894448,0.7005174347327888,0.5143505841450063,0.0130434782608695,0.375,0.984858591248666,0.0252100840336134,0.6077186616504793,0.3467985539793225,0.0181818181818181,0.2,0.9963987995998668,0.0333333333333333,0.4464076163328459,0.1834091437614917,0.0,0.0,1.0,0.0,0.0,0.0,0.9986044227229974,0.9808,0.5004573908485326,0.9895045425727838,0.7003365376186961,0.5141166192098471,,
2024-07-22 11:49:43,hf_ctgan_syn_100000_2,100,0.01,8,3.0,4,0.9995244565217392,0.9817829974643,0.5,0.9905742947552684,0.700636495432653,0.5145418165010418,0.0132743362831858,0.375,0.9851254002134472,0.0256410256410256,0.6078009748923102,0.3468826489900804,0.0185185185185185,0.2,0.9964654884961652,0.0338983050847457,0.446422555096887,0.1834200902579397,0.0,0.0,1.0,0.0,0.0,0.0,0.9986048195145094,0.9811333333333332,0.5004575553762792,0.9896747333955336,0.7004555360752241,0.5143077215818549,,
2024-07-22 11:49:51,hf_ctgan_syn_100000_2,100,0.01,8,5.0,4,0.9995250695433884,0.9830508474576272,0.5,0.991219512195122,0.7010887416930995,0.5152686009767309,0.0144230769230769,0.375,0.9863260405549626,0.0277777777777777,0.6081712466140692,0.347261010468034,0.0188679245283018,0.2,0.996532177392464,0.0344827586206896,0.4464374933610447,0.1834310365764913,0.0,0.0,1.0,0.0,0.0,0.0,0.9986061610943496,0.9824,0.5004582179474268,0.9903206830514284,0.7009075626968339,0.5150340331669278,,
2024-07-22 11:49:59,hf_ctgan_syn_100000_2,100,0.01,8,7.0,4,0.9995241979336597,0.9812491658881622,0.5,0.9903023772644624,0.7004459885987506,0.5142358500746878,0.0127659574468085,0.375,0.9845250800426896,0.0246913580246913,0.6076157544172209,0.3466934277078689,0.0188679245283018,0.2,0.996532177392464,0.0344827586206896,0.4464374933610447,0.1834310365764913,0.0,0.0,1.0,0.0,0.0,0.0,0.9986044065010692,0.9806,0.5004572574351536,0.9894027580228356,0.7002651132428679,0.5140019434549211,,
2024-07-22 11:50:07,hf_ctgan_syn_100000_2,100,0.01,8,9.0,4,0.9995241979336597,0.9812491658881622,0.5,0.9903023772644624,0.7004459885987506,0.5142358500746878,0.0127659574468085,0.375,0.9845250800426896,0.0246913580246913,0.6076157544172209,0.3466934277078689,0.0188679245283018,0.2,0.996532177392464,0.0344827586206896,0.4464374933610447,0.1834310365764913,0.0,0.0,1.0,0.0,0.0,0.0,0.9986044065010692,0.9806,0.5004572574351536,0.9894027580228356,0.7002651132428679,0.5140019434549211,,
2024-07-22 11:50:18,hf_ctgan_syn_100000_2,100,0.01,10,1.0,4,0.9995249728555916,0.9828506606165754,0.5,0.9911176905995558,0.7010173537854022,0.5151538348465953,0.0150753768844221,0.375,0.9869263607257204,0.0289855072463768,0.6083562979637386,0.3474501506637762,0.0153846153846153,0.2,0.9957319106368788,0.0285714285714285,0.4462582011878054,0.1832996690127119,0.0,0.0,1.0,0.0,0.0,0.0,0.9986052512870598,0.9822,0.5004582713625993,0.9902176301683848,0.7008362803478458,0.51491943123743,,
2024-07-22 11:50:29,hf_ctgan_syn_100000_2,100,0.01,10,3.0,4,0.9995245857104048,0.9820499132523688,0.5,0.9907101985863348,0.7007317294273069,0.5146948104008244,0.0138248847926267,0.375,0.9857257203842048,0.0266666666666666,0.6079861389407466,0.3470718432434687,0.0169491525423728,0.2,0.9961320440146716,0.03125,0.4463478562768441,0.183365355996736,0.0,0.0,1.0,0.0,0.0,0.0,0.9986047190864786,0.9814,0.5004577643988765,0.9898101746232096,0.7005507550393687,0.514460655346179,,
2024-07-22 11:50:40,hf_ctgan_syn_100000_2,100,0.01,10,5.0,4,0.9995244565217392,0.9817829974643,0.5,0.9905742947552684,0.700636495432653,0.5145418165010418,0.0132743362831858,0.375,0.9851254002134472,0.0256410256410256,0.6078009748923102,0.3468826489900804,0.0185185185185185,0.2,0.9964654884961652,0.0338983050847457,0.446422555096887,0.1834200902579397,0.0,0.0,1.0,0.0,0.0,0.0,0.9986048195145094,0.9811333333333332,0.5004575553762792,0.9896747333955336,0.7004555360752241,0.5143077215818549,,
2024-07-22 11:50:51,hf_ctgan_syn_100000_2,100,0.01,10,7.0,4,0.9995243595841544,0.9815828106232484,0.5,0.9904723428609904,0.7005650614408516,0.5144270757515947,0.0131004366812227,0.375,0.9849252934898612,0.0253164556962025,0.6077392410061225,0.3468195782325457,0.0185185185185185,0.2,0.9964654884961652,0.0338983050847457,0.446422555096887,0.1834200902579397,0.0,0.0,1.0,0.0,0.0,0.0,0.9986046299209456,0.9809333333333332,0.5004574486526933,0.9895727035523864,0.700384135830409,0.5141930542860366,,
2024-07-22 11:51:03,hf_ctgan_syn_100000_2,100,0.01,10,9.0,4,0.9995241979336597,0.9812491658881622,0.5,0.9903023772644624,0.7004459885987506,0.5142358500746878,0.0128755364806866,0.375,0.98465848452508,0.0248962655601659,0.607656919401816,0.346735479217518,0.0181818181818181,0.2,0.9963987995998668,0.0333333333333333,0.4464076163328459,0.1834091437614917,0.0,0.0,1.0,0.0,0.0,0.0,0.9986042362411052,0.9806,0.5004572841249467,0.989402484165092,0.7002651252385169,0.5140019585847879,,
2024-07-22 11:51:12,hf_ctgan_syn_100000_2,500,0.01,2,1.0,4,0.9993266900080796,0.9903910316295208,0.2857142857142857,0.9948387961659628,0.5319481799760791,0.302909024161358,0.0,0.0,0.9949306296691568,0.0,0.0,0.0,0.0138888888888888,0.2,0.9952650883627876,0.0259740259740259,0.446153580813331,0.1832230261037329,0.0,0.0,1.0,0.0,0.0,0.0,0.9983986147270352,0.9895333333333334,0.2863766704128968,0.993918937964866,0.5316004128683726,0.3026873834141753,,
2024-07-22 11:51:20,hf_ctgan_syn_100000_2,500,0.01,2,3.0,4,0.9993266900080796,0.9903910316295208,0.2857142857142857,0.9948387961659628,0.5319481799760791,0.302909024161358,0.0,0.0,0.9949306296691568,0.0,0.0,0.0,0.0138888888888888,0.2,0.9952650883627876,0.0259740259740259,0.446153580813331,0.1832230261037329,0.0,0.0,1.0,0.0,0.0,0.0,0.9983986147270352,0.9895333333333334,0.2863766704128968,0.993918937964866,0.5316004128683726,0.3026873834141753,,
2024-07-22 11:51:31,hf_ctgan_syn_100000_2,500,0.01,2,5.0,4,0.9993266446703926,0.9903243026825036,0.2857142857142857,0.9948051077521198,0.5319302593070163,0.3028867271583484,0.0,0.0,0.9948639274279616,0.0,0.0,0.0,0.0138888888888888,0.2,0.9952650883627876,0.0259740259740259,0.446153580813331,0.1832230261037329,0.0,0.0,1.0,0.0,0.0,0.0,0.9983985694316632,0.9894666666666668,0.2863766348383682,0.9938852809935425,0.5315825089252676,0.3026651072217018,,
2024-07-22 11:51:40,hf_ctgan_syn_100000_2,500,0.01,2,7.0,4,0.999326735339662,0.990457760576538,0.2857142857142857,0.9948724823217936,0.5319661000414374,0.3029313214188107,0.0,0.0,0.9949973319103522,0.0,0.0,0.0,0.0138888888888888,0.2,0.9952650883627876,0.0259740259740259,0.446153580813331,0.1832230261037329,0.0,0.0,1.0,0.0,0.0,0.0,0.998398660016308,0.9896,0.2863767059874255,0.9939525926802846,0.5316183162083365,0.3027096598608544,,
2024-07-22 11:51:50,hf_ctgan_syn_100000_2,500,0.01,2,9.0,4,0.9993266900080796,0.9903910316295208,0.2857142857142857,0.9948387961659628,0.5319481799760791,0.302909024161358,0.0,0.0,0.9949306296691568,0.0,0.0,0.0,0.0138888888888888,0.2,0.9952650883627876,0.0259740259740259,0.446153580813331,0.1832230261037329,0.0,0.0,1.0,0.0,0.0,0.0,0.9983986147270352,0.9895333333333334,0.2863766704128968,0.993918937964866,0.5316004128683726,0.3026873834141753,,
2024-07-22 11:52:00,hf_ctgan_syn_100000_2,500,0.01,4,1.0,4,0.9995259379655966,0.984852529027092,0.5,0.9921349825221836,0.701730906055552,0.5163016764844215,0.0169491525423728,0.375,0.9883938100320172,0.0324324324324324,0.6088084089120374,0.3479123795764715,0.0175438596491228,0.2,0.9962654218072692,0.032258064516129,0.4463777373049129,0.1833872502349066,0.0,0.0,1.0,0.0,0.0,0.0,0.9986079345914012,0.9842,0.5004592318392861,0.9912370398572988,0.7015494476070883,0.5160664772722218,,
2024-07-22 11:52:10,hf_ctgan_syn_100000_2,500,0.01,4,3.0,4,0.999525873746952,0.9847190711330576,0.5,0.9920672268907562,0.701683358479114,0.5162251412408599,0.0167597765363128,0.375,0.9882604055496264,0.0320855614973262,0.6087673217914296,0.3478703654400099,0.0175438596491228,0.2,0.9962654218072692,0.032258064516129,0.4463777373049129,0.1833872502349066,0.0,0.0,1.0,0.0,0.0,0.0,0.9986077694321572,0.9840666666666666,0.5004591606902289,0.9911691624666288,0.7015019224952573,0.5159899910540148,,
2024-07-22 11:52:20,hf_ctgan_syn_100000_2,500,0.01,4,5.0,4,0.9995259379655966,0.984852529027092,0.5,0.9921349825221836,0.701730906055552,0.5163016764844215,0.0170454545454545,0.375,0.9884605122732124,0.0326086956521739,0.608828951432547,0.3479333861441684,0.0172413793103448,0.2,0.9961987329109704,0.0317460317460317,0.4463627970409206,0.1833763032047694,0.0,0.0,1.0,0.0,0.0,0.0,0.9986078851256898,0.9842,0.5004592451841827,0.9912369631867592,0.7015494535830112,0.5160664848267145,,
2024-07-22 11:52:31,hf_ctgan_syn_100000_2,500,0.01,4,7.0,4,0.999525905858449,0.9847858000800748,0.5,0.9921011058451816,0.7017071326700601,0.5162634086400031,0.0169491525423728,0.375,0.9883938100320172,0.0324324324324324,0.6088084089120374,0.3479123795764715,0.0172413793103448,0.2,0.9961987329109704,0.0317460317460317,0.4463627970409206,0.1833763032047694,0.0,0.0,1.0,0.0,0.0,0.0,0.9986078016874406,0.9841333333333332,0.5004592096096541,0.9912030241209386,0.7015256914300014,0.516028241495448,,
2024-07-22 11:52:41,hf_ctgan_syn_100000_2,500,0.01,4,9.0,4,0.9995259379655966,0.984852529027092,0.5,0.9921349825221836,0.701730906055552,0.5163016764844215,0.0170454545454545,0.375,0.9884605122732124,0.0326086956521739,0.608828951432547,0.3479333861441684,0.0172413793103448,0.2,0.9961987329109704,0.0317460317460317,0.4463627970409206,0.1833763032047694,0.0,0.0,1.0,0.0,0.0,0.0,0.9986078851256898,0.9842,0.5004592451841827,0.9912369631867592,0.7015494535830112,0.5160664848267145,,
2024-07-22 11:53:02,hf_ctgan_syn_100000_2,500,0.01,8,1.0,4,0.999524843877274,0.9825837448285066,0.5,0.9909818964937076,0.7009221585984091,0.5150008195736013,0.0143540669856459,0.375,0.9862593383137672,0.0276497695852534,0.6081506818771667,0.3472399932222835,0.0,0.0,0.9962654218072692,0.0,0.0,0.0,0.0,0.0,0.9997999866657776,0.0,0.0,0.0,0.9985996095253808,0.9818666666666668,0.5004580801201475,0.9900717266007588,0.7005923116140518,0.5147053468050512,,
2024-07-22 11:53:20,hf_ctgan_syn_100000_2,500,0.01,8,3.0,4,0.9995250050892313,0.9829173895635926,0.5,0.9911516334152004,0.7010411505623592,0.5151920897780319,0.0144927536231884,0.375,0.986392742796158,0.027906976744186,0.6081918106556181,0.3472820273800954,0.0,0.0,0.9964654884961652,0.0,0.0,0.0,0.0,0.0,0.9997999866657776,0.0,0.0,0.0,0.9985998445530804,0.9822,0.5004582179581011,0.9902414422782764,0.7007112144541839,0.5148964609088418,,
2024-07-22 11:53:41,hf_ctgan_syn_100000_2,500,0.01,8,5.0,4,0.999524843877274,0.9825837448285066,0.5,0.9909818964937076,0.7009221585984091,0.5150008195736013,0.0140845070422535,0.375,0.9859925293489862,0.0271493212669683,0.6080684159746087,0.3471559209023894,0.0,0.0,0.996532177392464,0.0,0.0,0.0,0.0,0.0,0.9997999866657776,0.0,0.0,0.0,0.9985994657600776,0.9818666666666668,0.5004580267405614,0.9900714596949892,0.7005922677389038,0.5147053019664806,,
2024-07-22 11:53:59,hf_ctgan_syn_100000_2,500,0.01,8,7.0,4,0.9995249083751866,0.982717202722541,0.5,0.9910497981157468,0.7009697578079033,0.5150773263195478,0.0142180094786729,0.375,0.9861259338313768,0.0273972602739726,0.6081095503170183,0.3471979577297148,0.0,0.0,0.996532177392464,0.0,0.0,0.0,0.0,0.0,0.9997999866657776,0.0,0.0,0.0,0.9985996013990918,0.982,0.5004580978896186,0.9901394301763184,0.700639844460785,0.5147817597257721,,
2024-07-22 11:54:19,hf_ctgan_syn_100000_2,500,0.01,8,9.0,4,0.9995249406175772,0.9827839316695582,0.5,0.9910837454998148,0.700993556200611,0.515115580360434,0.0145631067961165,0.375,0.9864594450373532,0.02803738317757,0.6082123740018839,0.3473030439584676,0.0,0.0,0.9962654218072692,0.0,0.0,0.0,0.0,0.0,0.9997999866657776,0.0,0.0,0.0,0.998599817663292,0.9820666666666666,0.5004581868437333,0.9901736872750432,0.7006636754809581,0.5148200341088754,,
2024-07-22 11:54:57,hf_ctgan_syn_100000_2,500,0.01,10,1.0,4,0.9994570749915168,0.982717202722541,0.4285714285714285,0.9910164530130212,0.6489718911112542,0.4445031690985589,0.0103626943005181,0.25,0.987259871931697,0.0199004975124378,0.4968047584141322,0.2286182908143325,0.0,0.0,0.9957985995331776,0.0,0.0,0.0,0.0,0.0,0.9993999599973332,0.0,0.0,0.0,0.9985297751584852,0.9819333333333332,0.429096526700303,0.9901021179222156,0.6486311465507045,0.4442102292291678,,
2024-07-22 11:55:35,hf_ctgan_syn_100000_2,500,0.01,10,3.0,4,0.9995249406175772,0.9827839316695582,0.5,0.9910837454998148,0.700993556200611,0.515115580360434,0.0151515151515151,0.375,0.9869930629669156,0.029126213592233,0.608376855750277,0.347471164572635,0.0,0.0,0.9959319773257752,0.0,0.0,0.0,0.0,0.0,0.9995999733315556,0.0,0.0,0.0,0.9986001314810816,0.9820666666666666,0.5004583469575797,0.9901742679845976,0.7006637632045573,0.5148201237732031,,
2024-07-22 11:56:13,hf_ctgan_syn_100000_2,500,0.01,10,5.0,4,0.9995249728555916,0.9828506606165754,0.5,0.9911176905995558,0.7010173537854022,0.5151538348465953,0.0153846153846153,0.375,0.9871931696905016,0.0295566502463054,0.6084385249422806,0.3475342042970766,0.0,0.0,0.9958652884294764,0.0,0.0,0.0,0.0,0.0,0.999533302220148,0.0,0.0,0.0,0.9986002880091316,0.9821333333333332,0.5004584270067928,0.9902084109684608,0.7006875714685051,0.5148583761763635,,
2024-07-22 11:56:53,hf_ctgan_syn_100000_2,500,0.01,10,7.0,4,0.9995250050892313,0.9829173895635926,0.5,0.9911516334152004,0.7010411505623592,0.5151920897780319,0.0153846153846153,0.375,0.9871931696905016,0.0295566502463054,0.6084385249422806,0.3475342042970766,0.0,0.0,0.9957985995331776,0.0,0.0,0.0,0.0,0.0,0.9996666444429628,0.0,0.0,0.0,0.9986003202126864,0.9822,0.5004584136666422,0.9902423221041442,0.7007113460351369,0.5148965954031974,,
2024-07-22 11:57:32,hf_ctgan_syn_100000_2,500,0.01,10,9.0,4,0.999524843877274,0.9825837448285066,0.5,0.9909818964937076,0.7009221585984091,0.5150008195736013,0.0150753768844221,0.375,0.9869263607257204,0.0289855072463768,0.6083562979637386,0.3474501506637762,0.0,0.0,0.9955985328442816,0.0,0.0,0.0,0.0,0.0,0.9997999866657776,0.0,0.0,0.0,0.9985999942239934,0.9818666666666668,0.5004582135691129,0.9900724389941782,0.7005924212759647,0.51470545888902,,
2024-07-22 11:57:52,hf_ctgan_syn_100000_2,1500,0.01,2,1.0,4,0.999525359370762,0.983651407980782,0.5,0.9915248537028318,0.7013028618153437,0.5156129234120004,0.0162162162162162,0.375,0.9878601921024548,0.0310880829015544,0.6086440437878452,0.347744315022085,0.0149253731343283,0.2,0.9955985328442816,0.0277777777777777,0.446228312155175,0.1832777719281997,0.0,0.0,1.0,0.0,0.0,0.0,0.998606092808376,0.983,0.500458724946736,0.9906252700761826,0.7011216654050547,0.5153782409088037,,
2024-07-22 11:58:12,hf_ctgan_syn_100000_2,1500,0.01,2,3.0,4,0.999525359370762,0.983651407980782,0.5,0.9915248537028318,0.7013028618153437,0.5156129234120004,0.0163934426229508,0.375,0.9879935965848452,0.031413612565445,0.6086851392298953,0.3477863331628167,0.0144927536231884,0.2,0.995465155051684,0.027027027027027,0.4461984211203988,0.183255874132102,0.0,0.0,1.0,0.0,0.0,0.0,0.9986060431226228,0.983,0.5004587516365292,0.9906251934417531,0.7011216773589456,0.5153782560192134,,
2024-07-22 11:58:30,hf_ctgan_syn_100000_2,1500,0.01,2,5.0,4,0.9995253271851902,0.9835846790337648,0.5,0.9914909359970404,0.701279073919137,0.515574663582536,0.0160427807486631,0.375,0.987726787620064,0.0307692307692307,0.6086029455708574,0.3477022955465967,0.0151515151515151,0.2,0.99566522174058,0.028169014084507,0.4462432569217333,0.1832887205594039,0.0,0.0,1.0,0.0,0.0,0.0,0.9986060435346004,0.9829333333333332,0.500458676027311,0.990591344384548,0.7010978827734242,0.5153399980276703,,
2024-07-22 11:58:48,hf_ctgan_syn_100000_2,1500,0.01,2,7.0,4,0.999525294995253,0.9835179500867476,0.5,0.9914570160096864,0.7012552852160002,0.515536404198347,0.0162162162162162,0.375,0.9878601921024548,0.0310880829015544,0.6086440437878452,0.347744315022085,0.0144927536231884,0.2,0.995465155051684,0.027027027027027,0.4461984211203988,0.183255874132102,0.0,0.0,1.0,0.0,0.0,0.0,0.998605884286447,0.9828666666666668,0.5004586804874719,0.9905572454479672,0.7010741232468589,0.5153017858138177,,
2024-07-22 11:59:06,hf_ctgan_syn_100000_2,1500,0.01,2,9.0,4,0.999525294995253,0.9835179500867476,0.5,0.9914570160096864,0.7012552852160002,0.515536404198347,0.0161290322580645,0.375,0.9877934898612594,0.0309278350515463,0.6086234950262537,0.3477233054511854,0.0147058823529411,0.2,0.9955318439479828,0.0273972602739726,0.4462133668880803,0.183266823119099,0.0,0.0,1.0,0.0,0.0,0.0,0.998605908831246,0.9828666666666668,0.5004586671425753,0.9905572833935294,0.7010741172694419,0.5153017782583755,,
2024-07-22 11:59:30,hf_ctgan_syn_100000_2,1500,0.01,4,1.0,4,0.9995247470975628,0.9823835579874548,0.5,0.9908800269224298,0.7008507537227362,0.5148860627942456,0.0146341463414634,0.375,0.9865261472785486,0.028169014084507,0.6082329366529371,0.3473240602031507,0.0,0.0,0.9957985995331776,0.0,0.0,0.0,0.0,0.0,0.9997999866657776,0.0,0.0,0.0,0.9985996622116536,0.9816666666666668,0.5004580668108374,0.9899702290381474,0.7005210172521432,0.514590741967746,,
2024-07-22 11:59:55,hf_ctgan_syn_100000_2,1500,0.01,4,3.0,4,0.9995247470975628,0.9823835579874548,0.5,0.9908800269224298,0.7008507537227362,0.5148860627942456,0.0146341463414634,0.375,0.9865261472785486,0.028169014084507,0.6082329366529371,0.3473240602031507,0.0,0.0,0.9957985995331776,0.0,0.0,0.0,0.0,0.0,0.9997999866657776,0.0,0.0,0.0,0.9985996622116536,0.9816666666666668,0.5004580668108374,0.9899702290381474,0.7005210172521432,0.514590741967746,,
2024-07-22 12:00:17,hf_ctgan_syn_100000_2,1500,0.01,4,5.0,4,0.9995246825558498,0.9822501000934204,0.5,0.9908121024467405,0.7008031464303726,0.5148095605010514,0.0144927536231884,0.375,0.986392742796158,0.027906976744186,0.6081918106556181,0.3472820273800954,0.0,0.0,0.9957985995331776,0.0,0.0,0.0,0.0,0.0,0.9997999866657776,0.0,0.0,0.0,0.99859952232073,0.9815333333333334,0.5004579956617801,0.9899022282053872,0.7004734324593872,0.5145142886591865,,
2024-07-22 12:00:39,hf_ctgan_syn_100000_2,1500,0.01,4,7.0,4,0.9995245534198194,0.9819831843053516,0.5,0.9906762260594434,0.7007079221420833,0.5146565612579661,0.0142857142857142,0.375,0.986192636072572,0.0275229357798165,0.6081301164448399,0.3472189756428438,0.0,0.0,0.9957319106368788,0.0,0.0,0.0,0.0,0.0,0.9997999866657776,0.0,0.0,0.0,0.9985992828842466,0.9812666666666666,0.5004578667085621,0.9897662738142038,0.7003782641435212,0.5143613985878015,,
2024-07-22 12:01:00,hf_ctgan_syn_100000_2,1500,0.01,4,9.0,4,0.9995246502784192,0.9821833711464032,0.5,0.9907781367797522,0.7007793415713691,0.5147713100223672,0.0144230769230769,0.375,0.9863260405549626,0.0277777777777777,0.6081712466140692,0.347261010468034,0.0,0.0,0.9957985995331776,0.0,0.0,0.0,0.0,0.0,0.9997999866657776,0.0,0.0,0.0,0.9985994529125184,0.9814666666666668,0.5004579600872514,0.9898682253335728,0.7004496388507634,0.5144760626719292,,
2024-07-22 12:01:46,hf_ctgan_syn_100000_2,1500,0.01,8,1.0,4,0.9994566693833198,0.9819831843053516,0.4285714285714285,0.9906428811847864,0.6487294783890007,0.4441402663363341,0.0103092783505154,0.25,0.9871931696905016,0.0198019801980198,0.496787975320081,0.2286044908761015,0.0,0.0,0.995465155051684,0.0,0.0,0.0,0.0,0.0,0.999066604440296,0.0,0.0,0.0,0.9985293414403488,0.9812,0.4290963577539101,0.9897288422184528,0.6483889511293418,0.4438476578162208,,
2024-07-22 12:02:42,hf_ctgan_syn_100000_2,1500,0.01,8,3.0,4,0.9994561892461424,0.9811157079941278,0.4285714285714285,0.9902010304071118,0.648442873789906,0.443711440793365,0.01,0.25,0.9867929562433296,0.0192307692307692,0.4966872648466361,0.228521686575067,0.0,0.0,0.9952650883627876,0.0,0.0,0.0,0.0,0.0,0.9987999199946664,0.0,0.0,0.0,0.998528696802846,0.9803333333333332,0.4290960598388789,0.9892870991889882,0.6481025603156203,0.4434191883481312,,
2024-07-22 12:03:36,hf_ctgan_syn_100000_2,1500,0.01,8,5.0,4,0.9994561153035556,0.9809822501000934,0.4285714285714285,0.990133019026772,0.6483987695304576,0.4436454733578756,0.0098522167487684,0.25,0.986592849519744,0.0189573459715639,0.4966369019514518,0.2284802814213472,0.0,0.0,0.99513171057019,0.0,0.0,0.0,0.0,0.0,0.9989999333288886,0.0,0.0,0.0,0.9985285441115384,0.9802,0.4290959219902511,0.9892190054601986,0.6480584703599366,0.4433532603994997,,
2024-07-22 12:04:31,hf_ctgan_syn_100000_2,1500,0.01,8,7.0,4,0.9994560783247212,0.9809155211530762,0.4285714285714285,0.99009900990099,0.6483767162757013,0.4436124902126276,0.0099009900990099,0.25,0.9866595517609392,0.019047619047619,0.4966536901506267,0.2284940833617132,0.0,0.0,0.9950650216738912,0.0,0.0,0.0,0.0,0.0,0.9989332622174812,0.0,0.0,0.0,0.9985285331796708,0.9801333333333332,0.4290959308904068,0.989185076221908,0.6480364466419244,0.4433203153995554,,
2024-07-22 12:05:21,hf_ctgan_syn_100000_2,1500,0.01,8,9.0,4,0.9994561153035556,0.9809822501000934,0.4285714285714285,0.990133019026772,0.6483987695304576,0.4436454733578756,0.0099502487562189,0.25,0.9867262540021344,0.0191387559808612,0.4966704777823357,0.2285078850796198,0.0,0.0,0.9949316438812936,0.0,0.0,0.0,0.0,0.0,0.999066604440296,0.0,0.0,0.0,0.9985285963952756,0.9802,0.4290959308951528,0.9892191022122035,0.6480584882670464,0.4433532751214507,,
2024-07-22 12:06:39,hf_ctgan_syn_100000_2,1500,0.01,10,1.0,4,0.9994560783247212,0.9809155211530762,0.4285714285714285,0.99009900990099,0.6483767162757013,0.4436124902126276,0.0101010101010101,0.25,0.9869263607257204,0.0194174757281553,0.4967208372732415,0.2285492888985829,0.0,0.0,0.994864954984995,0.0,0.0,0.0,0.0,0.0,0.9988665911060738,0.0,0.0,0.0,0.9985286398570054,0.9801333333333332,0.4290960020548843,0.9891852734788044,0.648036482453723,0.4433203448425084,,
2024-07-22 12:08:00,hf_ctgan_syn_100000_2,1500,0.01,10,3.0,4,0.9994561522773624,0.9810489790471106,0.4285714285714285,0.9901670258620688,0.6484208220351669,0.4436784568847881,0.0098522167487684,0.25,0.986592849519744,0.0189573459715639,0.4966369019514518,0.2284802814213472,0.0,0.0,0.9951983994664888,0.0,0.0,0.0,0.0,0.0,0.9989999333288886,0.0,0.0,0.0,0.9985285810508362,0.9802666666666666,0.4290959442198832,0.9892529805557824,0.6480805022823082,0.4433862131417869,,
2024-07-22 12:09:29,hf_ctgan_syn_100000_2,1500,0.01,10,5.0,4,0.9994561892461424,0.9811157079941278,0.4285714285714285,0.9902010304071118,0.648442873789906,0.443711440793365,0.0099009900990099,0.25,0.9866595517609392,0.019047619047619,0.4966536901506267,0.2284940833617132,0.0,0.0,0.99513171057019,0.0,0.0,0.0,0.0,0.0,0.999066604440296,0.0,0.0,0.0,0.9985286439975654,0.9803333333333332,0.4290959620095205,0.9892870015088904,0.6481025424091158,0.4434191736264175,,
2024-07-22 12:11:06,hf_ctgan_syn_100000_2,1500,0.01,10,7.0,4,0.9994560783247212,0.9809155211530762,0.4285714285714285,0.99009900990099,0.6483767162757013,0.4436124902126276,0.0100502512562814,0.25,0.9868596584845252,0.0193236714975845,0.4967040513435855,0.2285354878480546,0.0,0.0,0.9949316438812936,0.0,0.0,0.0,0.0,0.0,0.9988665911060738,0.0,0.0,0.0,0.9985286127856214,0.9801333333333332,0.4290959887099878,0.9891852234498812,0.6480364735012273,0.4433203374819481,,
2024-07-22 12:12:38,hf_ctgan_syn_100000_2,1500,0.01,10,9.0,4,0.9994563001223324,0.9813158948351794,0.4285714285714285,0.9903030303030302,0.6485090245550655,0.4438103948090828,0.0100502512562814,0.25,0.9868596584845252,0.0193236714975845,0.4967040513435855,0.2285354878480546,0.0,0.0,0.99513171057019,0.0,0.0,0.0,0.0,0.0,0.999066604440296,0.0,0.0,0.0,0.9985288343762216,0.9805333333333334,0.4290960687331064,0.9893890534328796,0.6481686582928641,0.4435180573674466,,
2024-07-22 12:12:53,hf_ctgan_syn_100000_2,1000,0.01,2,1.0,4,0.999525777386356,0.9845188842920058,0.5,0.9919655763606414,0.7016120310727311,0.5161103417150816,0.0177514792899408,0.375,0.9889274279615796,0.0338983050847457,0.6089727296731704,0.3480804227747505,0.0142857142857142,0.2,0.9953984661553852,0.0266666666666666,0.4461834748520804,0.1832449249672087,0.0,0.0,1.0,0.0,0.0,0.0,0.9986071160211786,0.9838666666666668,0.5004592274502979,0.9910667098076388,0.7014307064578396,0.5158753632632832,,
2024-07-22 12:13:08,hf_ctgan_syn_100000_2,1000,0.01,2,3.0,4,0.9995258095109064,0.984585613239023,0.5,0.9919994621487158,0.7016358076805314,0.5161486077783992,0.0181818181818181,0.375,0.9891942369263608,0.0346820809248554,0.6090548734288113,0.34816443636535,0.0136986301369863,0.2,0.9951983994664888,0.0256410256410256,0.4461386330427995,0.1832120764051505,0.0,0.0,1.0,0.0,0.0,0.0,0.9986071819351056,0.9839333333333332,0.5004593030595161,0.9911006401024172,0.7014544897368725,0.5159136274693359,,
2024-07-22 12:13:25,hf_ctgan_syn_100000_2,1000,0.01,2,5.0,4,0.9995258095109064,0.984585613239023,0.5,0.9919994621487158,0.7016358076805314,0.5161486077783992,0.0178571428571428,0.375,0.9889941302027748,0.034090909090909,0.6089932666508231,0.3481014266729341,0.0142857142857142,0.2,0.9953984661553852,0.0266666666666666,0.4461834748520804,0.1832449249672087,0.0,0.0,1.0,0.0,0.0,0.0,0.9986072044696488,0.9839333333333332,0.5004592630248266,0.9911006666911144,0.7014544718271939,0.5159136048136873,,
2024-07-22 12:13:41,hf_ctgan_syn_100000_2,1000,0.01,2,7.0,4,0.9995258416311048,0.9846523421860404,0.5,0.9920333456586776,0.7016595834826317,0.516186874286992,0.0182926829268292,0.375,0.989260939167556,0.0348837209302325,0.6090754076367174,0.3481854389287769,0.0136986301369863,0.2,0.9951983994664888,0.0256410256410256,0.4461386330427995,0.1832120764051505,0.0,0.0,1.0,0.0,0.0,0.0,0.9986072731531892,0.984,0.5004593386340449,0.991134599529106,0.7014782542998018,0.5159518694638878,,
2024-07-22 12:13:57,hf_ctgan_syn_100000_2,1000,0.01,2,9.0,4,0.9995258416311048,0.9846523421860404,0.5,0.9920333456586776,0.7016595834826317,0.516186874286992,0.0186335403726708,0.375,0.989461045891142,0.0355029585798816,0.6091370061071468,0.3482484446169227,0.0131578947368421,0.2,0.9949983327775924,0.0246913580246913,0.4460937867259737,0.1831792262420251,0.0,0.0,1.0,0.0,0.0,0.0,0.9986072746986936,0.984,0.5004593786687345,0.9911346132333136,0.7014782722035472,0.5159518921168671,,
2024-07-22 12:14:15,hf_ctgan_syn_100000_2,1000,0.01,4,1.0,4,0.9995246179966044,0.982116642199386,0.5,0.9907441688263606,0.7007555359037081,0.5147330599889584,0.0144230769230769,0.375,0.9863260405549626,0.0277777777777777,0.6081712466140692,0.347261010468034,0.0,0.0,0.9957319106368788,0.0,0.0,0.0,0.0,0.0,0.9997999866657776,0.0,0.0,0.0,0.9985994206608332,0.9814,0.5004579378576193,0.9898342890836044,0.7004258554017255,0.5144378483385517,,
2024-07-22 12:14:32,hf_ctgan_syn_100000_2,1000,0.01,4,3.0,4,0.9995246179966044,0.982116642199386,0.5,0.9907441688263606,0.7007555359037081,0.5147330599889584,0.0142180094786729,0.375,0.9861259338313768,0.0273972602739726,0.6081095503170183,0.3471979577297148,0.0,0.0,0.9958652884294764,0.0,0.0,0.0,0.0,0.0,0.9998666577771852,0.0,0.0,0.0,0.9985993112915296,0.9814,0.5004578800380385,0.9898340861409356,0.7004258224970338,0.5144378147104245,,
2024-07-22 12:14:49,hf_ctgan_syn_100000_2,1000,0.01,4,5.0,4,0.9995245534198194,0.9819831843053516,0.5,0.9906762260594434,0.7007079221420833,0.5146565612579661,0.0142180094786729,0.375,0.9861259338313768,0.0273972602739726,0.6081095503170183,0.3471979577297148,0.0,0.0,0.9957319106368788,0.0,0.0,0.0,0.0,0.0,0.9998666577771852,0.0,0.0,0.0,0.9985992467750162,0.9812666666666666,0.5004578355787742,0.9897662067872672,0.7003782531749198,0.5143613873782479,,
2024-07-22 12:15:07,hf_ctgan_syn_100000_2,1000,0.01,4,7.0,4,0.9995245211248472,0.9819164553583344,0.5,0.9906422512454558,0.7006841140479547,0.5146183125603827,0.014018691588785,0.375,0.9859258271077908,0.027027027027027,0.6080478477598794,0.3471349019881929,0.0,0.0,0.9958652884294764,0.0,0.0,0.0,0.0,0.0,0.9998666577771852,0.0,0.0,0.0,0.9985991082073112,0.9812,0.5004577733144525,0.9897320662253744,0.7003544343936486,0.5143231407497201,,
2024-07-22 12:15:25,hf_ctgan_syn_100000_2,1000,0.01,4,9.0,4,0.9995245534198194,0.9819831843053516,0.5,0.9906762260594434,0.7007079221420833,0.5146565612579661,0.0140845070422535,0.375,0.9859925293489862,0.0271493212669683,0.6080684159746087,0.3471559209023894,0.0,0.0,0.9958652884294764,0.0,0.0,0.0,0.0,0.0,0.9998666577771852,0.0,0.0,0.0,0.9985991755737168,0.9812666666666666,0.5004578088889812,0.9897660745531304,0.7003782312366038,0.5143613649586066,,
2024-07-22 12:16:03,hf_ctgan_syn_100000_2,1000,0.01,8,1.0,4,0.9995244888254874,0.9818497264113172,0.5,0.9906082741441412,0.7006603051448388,0.5145800643080746,0.0149253731343283,0.375,0.9867929562433296,0.0287081339712918,0.6083151803064335,0.3474081218449911,0.0,0.0,0.9955318439479828,0.0,0.0,0.0,0.0,0.0,0.9992666177745184,0.0,0.0,0.0,0.9985995595015884,0.9811333333333332,0.5004580846324973,0.9896990174263912,0.7003307902895336,0.5142850739130377,,
2024-07-22 12:16:37,hf_ctgan_syn_100000_2,1000,0.01,8,3.0,4,0.999456374014678,0.981449352729214,0.4285714285714285,0.9903710187866136,0.6485531213167223,0.4438763660612173,0.0097560975609756,0.25,0.9864594450373532,0.0187793427230046,0.4966033238504735,0.2284526768732367,0.0,0.0,0.9955318439479828,0.0,0.0,0.0,0.0,0.0,0.9991999466631108,0.0,0.0,0.0,0.99852875131763,0.9806666666666668,0.4290959975532086,0.9894566881518652,0.6482126601762136,0.4435839228805591,,
2024-07-22 12:17:12,hf_ctgan_syn_100000_2,1000,0.01,8,5.0,4,0.999524230272548,0.9813158948351794,0.5,0.99033637496212,0.7004698047864659,0.5142740943195186,0.0145631067961165,0.375,0.9864594450373532,0.02803738317757,0.6082123740018839,0.3473030439584676,0.0,0.0,0.995465155051684,0.0,0.0,0.0,0.0,0.0,0.9991332755517034,0.0,0.0,0.0,0.9985991079812516,0.9806,0.5004578756407406,0.9894270142831834,0.7001404129014662,0.5139793334549316,,
2024-07-22 12:17:48,hf_ctgan_syn_100000_2,1000,0.01,8,7.0,4,0.9995241979336597,0.9812491658881622,0.5,0.9903023772644624,0.7004459885987506,0.5142358500746878,0.0144927536231884,0.375,0.986392742796158,0.027906976744186,0.6081918106556181,0.3472820273800954,0.0,0.0,0.9952650883627876,0.0,0.0,0.0,0.0,0.0,0.9993332888859258,0.0,0.0,0.0,0.998599038150854,0.9805333333333334,0.500457786711538,0.9893929787666124,0.7001166079750748,0.5139411136958875,,
2024-07-22 12:18:26,hf_ctgan_syn_100000_2,1000,0.01,8,9.0,4,0.999524133242692,0.9811157079941278,0.5,0.990234375,0.7003983537937992,0.5141593629208517,0.0144927536231884,0.375,0.986392742796158,0.027906976744186,0.6081918106556181,0.3472820273800954,0.0,0.0,0.99513171057019,0.0,0.0,0.0,0.0,0.0,0.9993332888859258,0.0,0.0,0.0,0.9985989735202648,0.9804,0.5004577422522738,0.9893250399709304,0.7000690176292746,0.5138646979300616,,
2024-07-22 12:19:39,hf_ctgan_syn_100000_2,1000,0.01,10,1.0,4,0.9994561892461424,0.9811157079941278,0.4285714285714285,0.9902010304071118,0.648442873789906,0.443711440793365,0.010204081632653,0.25,0.987059765208111,0.0196078431372548,0.4967544074309031,0.2285768903322611,0.0,0.0,0.9949316438812936,0.0,0.0,0.0,0.0,0.0,0.9988665911060738,0.0,0.0,0.0,0.9985288056463834,0.9803333333333332,0.4290960954335737,0.9892873002950716,0.6481025961249985,0.4434192177901351,,
2024-07-22 12:20:49,hf_ctgan_syn_100000_2,1000,0.01,10,3.0,4,0.9994561522773624,0.9810489790471106,0.4285714285714285,0.9901670258620688,0.6484208220351669,0.4436784568847881,0.0097560975609756,0.25,0.9864594450373532,0.0187793427230046,0.4966033238504735,0.2284526768732367,0.0,0.0,0.9952650883627876,0.0,0.0,0.0,0.0,0.0,0.999066604440296,0.0,0.0,0.0,0.9985285297872692,0.9802666666666666,0.4290958997451988,0.9892528856207166,0.6480804843739877,0.4433861984193613,,
2024-07-22 12:21:56,hf_ctgan_syn_100000_2,1000,0.01,10,5.0,4,0.9994562262098968,0.981182436941145,0.4285714285714285,0.990235032662132,0.648464924794751,0.4437444250836065,0.0097560975609756,0.25,0.9864594450373532,0.0187793427230046,0.4966033238504735,0.2284526768732367,0.0,0.0,0.9952650883627876,0.0,0.0,0.0,0.0,0.0,0.9991999466631108,0.0,0.0,0.0,0.9985286036508,0.9804,0.4290959086346803,0.9893208289477664,0.6481245459709961,0.4434521050478608,,
2024-07-22 12:23:12,hf_ctgan_syn_100000_2,1000,0.01,10,7.0,4,0.9994563001223324,0.9813158948351794,0.4285714285714285,0.9903030303030302,0.6485090245550655,0.4438103948090828,0.0099009900990099,0.25,0.9866595517609392,0.019047619047619,0.4966536901506267,0.2284940833617132,0.0,0.0,0.9952650883627876,0.0,0.0,0.0,0.0,0.0,0.9991332755517034,0.0,0.0,0.0,0.998528754770271,0.9805333333333334,0.4290960109135254,0.9893889062049062,0.6481686314335612,0.4435180352850539,,
2024-07-22 12:24:22,hf_ctgan_syn_100000_2,1000,0.01,10,9.0,4,0.999456337071016,0.9813826237821968,0.4285714285714285,0.9903370256893708,0.6485310733106879,0.4438433802443178,0.01,0.25,0.9867929562433296,0.0192307692307692,0.4966872648466361,0.228521686575067,0.0,0.0,0.99513171057019,0.0,0.0,0.0,0.0,0.0,0.9991999466631108,0.0,0.0,0.0,0.9985288444897495,0.9806,0.4290960420480593,0.989422967542317,0.6481906775168496,0.4435510046555964,,
2024-07-22 12:24:28,hf_ctgan_syn_100000_2,100,0.001,2,1.0,4,0.9990666666666668,1.0,0.0,0.9995331154538784,0.0,0.0,0.0,0.0,1.0,0.0,0.0,0.0,0.0,0.0,1.0,0.0,0.0,0.0,0.0,0.0,1.0,0.0,0.0,0.0,0.9981342044444445,0.9990666666666668,0.0009333333333333,0.9986002178794549,0.0,0.0,,
2024-07-22 12:24:33,hf_ctgan_syn_100000_2,100,0.001,2,3.0,4,0.9990666666666668,1.0,0.0,0.9995331154538784,0.0,0.0,0.0,0.0,1.0,0.0,0.0,0.0,0.0,0.0,1.0,0.0,0.0,0.0,0.0,0.0,1.0,0.0,0.0,0.0,0.9981342044444445,0.9990666666666668,0.0009333333333333,0.9986002178794549,0.0,0.0,,
2024-07-22 12:24:39,hf_ctgan_syn_100000_2,100,0.001,2,5.0,4,0.9990666666666668,1.0,0.0,0.9995331154538784,0.0,0.0,0.0,0.0,1.0,0.0,0.0,0.0,0.0,0.0,1.0,0.0,0.0,0.0,0.0,0.0,1.0,0.0,0.0,0.0,0.9981342044444445,0.9990666666666668,0.0009333333333333,0.9986002178794549,0.0,0.0,,
2024-07-22 12:24:45,hf_ctgan_syn_100000_2,100,0.001,2,7.0,4,0.9990666666666668,1.0,0.0,0.9995331154538784,0.0,0.0,0.0,0.0,1.0,0.0,0.0,0.0,0.0,0.0,1.0,0.0,0.0,0.0,0.0,0.0,1.0,0.0,0.0,0.0,0.9981342044444445,0.9990666666666668,0.0009333333333333,0.9986002178794549,0.0,0.0,,
2024-07-22 12:24:51,hf_ctgan_syn_100000_2,100,0.001,2,9.0,4,0.9990666666666668,1.0,0.0,0.9995331154538784,0.0,0.0,0.0,0.0,1.0,0.0,0.0,0.0,0.0,0.0,1.0,0.0,0.0,0.0,0.0,0.0,1.0,0.0,0.0,0.0,0.9981342044444445,0.9990666666666668,0.0009333333333333,0.9986002178794549,0.0,0.0,,
2024-07-22 12:24:58,hf_ctgan_syn_100000_2,100,0.001,4,1.0,4,0.9994601160750438,0.98825570532497,0.4285714285714285,0.9938263320359684,0.6507980942081708,0.4472429242685172,0.0491803278688524,0.375,0.9961312700106724,0.0869565217391304,0.6111867359931841,0.3503469157225369,0.0165289256198347,0.4,0.9920640213404468,0.0317460317460317,0.6299409563889133,0.3733309919800988,0.0,0.0,1.0,0.0,0.0,0.0,0.9985590257834438,0.9876666666666668,0.4291000532558811,0.9929557196149108,0.6507266292315692,0.4471367928915787,,
2024-07-22 12:25:03,hf_ctgan_syn_100000_2,100,0.001,4,3.0,4,0.9994601160750438,0.98825570532497,0.4285714285714285,0.9938263320359684,0.6507980942081708,0.4472429242685172,0.0491803278688524,0.375,0.9961312700106724,0.0869565217391304,0.6111867359931841,0.3503469157225369,0.0165289256198347,0.4,0.9920640213404468,0.0317460317460317,0.6299409563889133,0.3733309919800988,0.0,0.0,1.0,0.0,0.0,0.0,0.9985590257834438,0.9876666666666668,0.4291000532558811,0.9929557196149108,0.6507266292315692,0.4471367928915787,,
2024-07-22 12:25:09,hf_ctgan_syn_100000_2,100,0.001,4,5.0,4,0.9994601160750438,0.98825570532497,0.4285714285714285,0.9938263320359684,0.6507980942081708,0.4472429242685172,0.0491803278688524,0.375,0.9961312700106724,0.0869565217391304,0.6111867359931841,0.3503469157225369,0.0165289256198347,0.4,0.9920640213404468,0.0317460317460317,0.6299409563889133,0.3733309919800988,0.0,0.0,1.0,0.0,0.0,0.0,0.9985590257834438,0.9876666666666668,0.4291000532558811,0.9929557196149108,0.6507266292315692,0.4471367928915787,,
2024-07-22 12:25:15,hf_ctgan_syn_100000_2,100,0.001,4,7.0,4,0.9994601160750438,0.98825570532497,0.4285714285714285,0.9938263320359684,0.6507980942081708,0.4472429242685172,0.0491803278688524,0.375,0.9961312700106724,0.0869565217391304,0.6111867359931841,0.3503469157225369,0.0165289256198347,0.4,0.9920640213404468,0.0317460317460317,0.6299409563889133,0.3733309919800988,0.0,0.0,1.0,0.0,0.0,0.0,0.9985590257834438,0.9876666666666668,0.4291000532558811,0.9929557196149108,0.6507266292315692,0.4471367928915787,,
2024-07-22 12:25:21,hf_ctgan_syn_100000_2,100,0.001,4,9.0,4,0.9994601160750438,0.98825570532497,0.4285714285714285,0.9938263320359684,0.6507980942081708,0.4472429242685172,0.0491803278688524,0.375,0.9961312700106724,0.0869565217391304,0.6111867359931841,0.3503469157225369,0.0165289256198347,0.4,0.9920640213404468,0.0317460317460317,0.6299409563889133,0.3733309919800988,0.0,0.0,1.0,0.0,0.0,0.0,0.9985590257834438,0.9876666666666668,0.4291000532558811,0.9929557196149108,0.6507266292315692,0.4471367928915787,,
2024-07-22 12:25:29,hf_ctgan_syn_100000_2,100,0.001,8,1.0,4,0.9995224124991472,0.9775790738022154,0.5,0.988428971426644,0.6991348488675898,0.5121331023328521,0.0103806228373702,0.375,0.980923159018143,0.0202020202020202,0.6065032437108673,0.3455575324093163,0.0185185185185185,0.2,0.9964654884961652,0.0338983050847457,0.446422555096887,0.1834200902579397,0.0,0.0,1.0,0.0,0.0,0.0,0.998601234085834,0.9769333333333332,0.5004553141809751,0.9875285115657816,0.6989545989236581,0.5119005488180458,,
2024-07-22 12:25:37,hf_ctgan_syn_100000_2,100,0.001,8,3.0,4,0.9995224124991472,0.9775790738022154,0.5,0.988428971426644,0.6991348488675898,0.5121331023328521,0.0103806228373702,0.375,0.980923159018143,0.0202020202020202,0.6065032437108673,0.3455575324093163,0.0185185185185185,0.2,0.9964654884961652,0.0338983050847457,0.446422555096887,0.1834200902579397,0.0,0.0,1.0,0.0,0.0,0.0,0.998601234085834,0.9769333333333332,0.5004553141809751,0.9875285115657816,0.6989545989236581,0.5119005488180458,,
2024-07-22 12:25:45,hf_ctgan_syn_100000_2,100,0.001,8,5.0,4,0.9995224124991472,0.9775790738022154,0.5,0.988428971426644,0.6991348488675898,0.5121331023328521,0.0103806228373702,0.375,0.980923159018143,0.0202020202020202,0.6065032437108673,0.3455575324093163,0.0185185185185185,0.2,0.9964654884961652,0.0338983050847457,0.446422555096887,0.1834200902579397,0.0,0.0,1.0,0.0,0.0,0.0,0.998601234085834,0.9769333333333332,0.5004553141809751,0.9875285115657816,0.6989545989236581,0.5119005488180458,,
2024-07-22 12:25:52,hf_ctgan_syn_100000_2,100,0.001,8,7.0,4,0.9995224124991472,0.9775790738022154,0.5,0.988428971426644,0.6991348488675898,0.5121331023328521,0.0103806228373702,0.375,0.980923159018143,0.0202020202020202,0.6065032437108673,0.3455575324093163,0.0185185185185185,0.2,0.9964654884961652,0.0338983050847457,0.446422555096887,0.1834200902579397,0.0,0.0,1.0,0.0,0.0,0.0,0.998601234085834,0.9769333333333332,0.5004553141809751,0.9875285115657816,0.6989545989236581,0.5119005488180458,,
2024-07-22 12:26:00,hf_ctgan_syn_100000_2,100,0.001,8,9.0,4,0.9995224124991472,0.9775790738022154,0.5,0.988428971426644,0.6991348488675898,0.5121331023328521,0.0103806228373702,0.375,0.980923159018143,0.0202020202020202,0.6065032437108673,0.3455575324093163,0.0185185185185185,0.2,0.9964654884961652,0.0338983050847457,0.446422555096887,0.1834200902579397,0.0,0.0,1.0,0.0,0.0,0.0,0.998601234085834,0.9769333333333332,0.5004553141809751,0.9875285115657816,0.6989545989236581,0.5119005488180458,,
2024-07-22 12:26:11,hf_ctgan_syn_100000_2,100,0.001,10,1.0,4,0.9995228682434736,0.9785132790604564,0.5,0.9889064976228208,0.6994688267036839,0.5126682194185992,0.0122448979591836,0.375,0.9838580576307364,0.0237154150197628,0.6074098876471523,0.3464831501382737,0.0119047619047619,0.2,0.9944648216072024,0.0224719101123595,0.4459741745005426,0.1830916179795844,0.0,0.0,1.0,0.0,0.0,0.0,0.998600479099326,0.9778666666666668,0.5004562125712722,0.9880036570830876,0.6992885991303393,0.5124355506332088,,
2024-07-22 12:26:22,hf_ctgan_syn_100000_2,100,0.001,10,3.0,4,0.9995229007633588,0.9785800080074736,0.5,0.9889405893856632,0.6994926761616141,0.5127064454071454,0.0122448979591836,0.375,0.9838580576307364,0.0237154150197628,0.6074098876471523,0.3464831501382737,0.0120481927710843,0.2,0.9945315105035012,0.0227272727272727,0.4459891277830663,0.1831025696350267,0.0,0.0,1.0,0.0,0.0,0.0,0.9986005593991484,0.9779333333333332,0.5004562348009042,0.9880378021478228,0.6993124313132029,0.5124737445947175,,
2024-07-22 12:26:33,hf_ctgan_syn_100000_2,100,0.001,10,5.0,4,0.9995230957896172,0.9789803816895768,0.5,0.9891450916936354,0.6996357558364127,0.5129358106892026,0.0122448979591836,0.375,0.9838580576307364,0.0237154150197628,0.6074098876471523,0.3464831501382737,0.0129870129870129,0.2,0.9949316438812936,0.024390243902439,0.4460788369517868,0.1831682758318573,0.0,0.0,1.0,0.0,0.0,0.0,0.998601067183454,0.9783333333333334,0.5004563681786969,0.9882426679106996,0.6994554073500279,0.512702917704577,,
2024-07-22 12:26:43,hf_ctgan_syn_100000_2,100,0.001,10,7.0,4,0.9995231282784932,0.979047110636594,0.5,0.9891791673689532,0.6996595996041911,0.5129740397946754,0.0122448979591836,0.375,0.9838580576307364,0.0237154150197628,0.6074098876471523,0.3464831501382737,0.0131578947368421,0.2,0.9949983327775924,0.0246913580246913,0.4460937867259737,0.1831792262420251,0.0,0.0,1.0,0.0,0.0,0.0,0.9986011566025904,0.9784,0.5004563904083289,0.9882768121534276,0.6994792338468812,0.5127411147796881,,
2024-07-22 12:26:54,hf_ctgan_syn_100000_2,100,0.001,10,9.0,4,0.9995231282784932,0.979047110636594,0.5,0.9891791673689532,0.6996595996041911,0.5129740397946754,0.0122448979591836,0.375,0.9838580576307364,0.0237154150197628,0.6074098876471523,0.3464831501382737,0.0131578947368421,0.2,0.9949983327775924,0.0246913580246913,0.4460937867259737,0.1831792262420251,0.0,0.0,1.0,0.0,0.0,0.0,0.9986011566025904,0.9784,0.5004563904083289,0.9882768121534276,0.6994792338468812,0.5127411147796881,,
2024-07-22 12:27:04,hf_ctgan_syn_100000_2,500,0.001,2,1.0,4,0.9992613979722016,0.9930601895102096,0.2142857142857142,0.9961511429432044,0.4613009993896632,0.2293708247797338,0.0,0.0,1.0,0.0,0.0,0.0,0.0186915887850467,0.4,0.9929976658886296,0.0357142857142857,0.6302373095552594,0.3736452544312592,0.0,0.0,1.0,0.0,0.0,0.0,0.998334984530356,0.9922666666666666,0.2150167135076771,0.9952333066383622,0.4610805308934179,0.2292812937614165,,
2024-07-22 12:27:13,hf_ctgan_syn_100000_2,500,0.001,2,3.0,4,0.9992613979722016,0.9930601895102096,0.2142857142857142,0.9961511429432044,0.4613009993896632,0.2293708247797338,0.0,0.0,1.0,0.0,0.0,0.0,0.0186915887850467,0.4,0.9929976658886296,0.0357142857142857,0.6302373095552594,0.3736452544312592,0.0,0.0,1.0,0.0,0.0,0.0,0.998334984530356,0.9922666666666666,0.2150167135076771,0.9952333066383622,0.4610805308934179,0.2292812937614165,,
2024-07-22 12:27:24,hf_ctgan_syn_100000_2,500,0.001,2,5.0,4,0.9992613979722016,0.9930601895102096,0.2142857142857142,0.9961511429432044,0.4613009993896632,0.2293708247797338,0.0,0.0,1.0,0.0,0.0,0.0,0.0186915887850467,0.4,0.9929976658886296,0.0357142857142857,0.6302373095552594,0.3736452544312592,0.0,0.0,1.0,0.0,0.0,0.0,0.998334984530356,0.9922666666666666,0.2150167135076771,0.9952333066383622,0.4610805308934179,0.2292812937614165,,
2024-07-22 12:27:32,hf_ctgan_syn_100000_2,500,0.001,2,7.0,4,0.9992613979722016,0.9930601895102096,0.2142857142857142,0.9961511429432044,0.4613009993896632,0.2293708247797338,0.0,0.0,1.0,0.0,0.0,0.0,0.0186915887850467,0.4,0.9929976658886296,0.0357142857142857,0.6302373095552594,0.3736452544312592,0.0,0.0,1.0,0.0,0.0,0.0,0.998334984530356,0.9922666666666666,0.2150167135076771,0.9952333066383622,0.4610805308934179,0.2292812937614165,,
2024-07-22 12:27:43,hf_ctgan_syn_100000_2,500,0.001,2,9.0,4,0.9992613979722016,0.9930601895102096,0.2142857142857142,0.9961511429432044,0.4613009993896632,0.2293708247797338,0.0,0.0,1.0,0.0,0.0,0.0,0.0186915887850467,0.4,0.9929976658886296,0.0357142857142857,0.6302373095552594,0.3736452544312592,0.0,0.0,1.0,0.0,0.0,0.0,0.998334984530356,0.9922666666666666,0.2150167135076771,0.9952333066383622,0.4610805308934179,0.2292812937614165,,
2024-07-22 12:27:53,hf_ctgan_syn_100000_2,500,0.001,4,1.0,4,0.9994604437849868,0.9888562658481248,0.4285714285714285,0.9941300774829772,0.6509958083631101,0.4475401641635145,0.0491803278688524,0.375,0.9961312700106724,0.0869565217391304,0.6111867359931841,0.3503469157225369,0.0178571428571428,0.4,0.9926642214071356,0.0341880341880341,0.6301314851385021,0.3735330258468951,0.0,0.0,1.0,0.0,0.0,0.0,0.9985597959266036,0.9882666666666666,0.4291002533225699,0.9932599955669832,0.6509242223628804,0.4474338227072961,,
2024-07-22 12:28:04,hf_ctgan_syn_100000_2,500,0.001,4,3.0,4,0.9994604801726464,0.988922994795142,0.4285714285714285,0.994163815657074,0.6510177728960166,0.4475731927268367,0.0491803278688524,0.375,0.9961312700106724,0.0869565217391304,0.6111867359931841,0.3503469157225369,0.018018018018018,0.4,0.9927309103034344,0.0344827586206896,0.6301526514435798,0.3735554722753533,0.0,0.0,1.0,0.0,0.0,0.0,0.9985598859053546,0.9883333333333332,0.429100275552202,0.9932938004935952,0.6509461734509912,0.4474668279261021,,
2024-07-22 12:28:16,hf_ctgan_syn_100000_2,500,0.001,4,5.0,4,0.9994604801726464,0.988922994795142,0.4285714285714285,0.994163815657074,0.6510177728960166,0.4475731927268367,0.0491803278688524,0.375,0.9961312700106724,0.0869565217391304,0.6111867359931841,0.3503469157225369,0.018018018018018,0.4,0.9927309103034344,0.0344827586206896,0.6301526514435798,0.3735554722753533,0.0,0.0,1.0,0.0,0.0,0.0,0.9985598859053546,0.9883333333333332,0.429100275552202,0.9932938004935952,0.6509461734509912,0.4474668279261021,,
2024-07-22 12:28:27,hf_ctgan_syn_100000_2,500,0.001,4,7.0,4,0.9994604801726464,0.988922994795142,0.4285714285714285,0.994163815657074,0.6510177728960166,0.4475731927268367,0.0491803278688524,0.375,0.9961312700106724,0.0869565217391304,0.6111867359931841,0.3503469157225369,0.018018018018018,0.4,0.9927309103034344,0.0344827586206896,0.6301526514435798,0.3735554722753533,0.0,0.0,1.0,0.0,0.0,0.0,0.9985598859053546,0.9883333333333332,0.429100275552202,0.9932938004935952,0.6509461734509912,0.4474668279261021,,
2024-07-22 12:28:38,hf_ctgan_syn_100000_2,500,0.001,4,9.0,4,0.9994604801726464,0.988922994795142,0.4285714285714285,0.994163815657074,0.6510177728960166,0.4475731927268367,0.0491803278688524,0.375,0.9961312700106724,0.0869565217391304,0.6111867359931841,0.3503469157225369,0.018018018018018,0.4,0.9927309103034344,0.0344827586206896,0.6301526514435798,0.3735554722753533,0.0,0.0,1.0,0.0,0.0,0.0,0.9985598859053546,0.9883333333333332,0.429100275552202,0.9932938004935952,0.6509461734509912,0.4474668279261021,,
2024-07-22 12:29:01,hf_ctgan_syn_100000_2,500,0.001,8,1.0,4,0.9995224450811844,0.9776458027492326,0.5,0.9884630953987316,0.6991587097180556,0.5121713220875451,0.0103806228373702,0.375,0.980923159018143,0.0202020202020202,0.6065032437108673,0.3455575324093163,0.0188679245283018,0.2,0.996532177392464,0.0344827586206896,0.4464374933610447,0.1834310365764913,0.0,0.0,1.0,0.0,0.0,0.0,0.9986013831061312,0.977,0.5004553364106072,0.9875627985066742,0.6989784424834182,0.5119387365497405,,
2024-07-22 12:29:19,hf_ctgan_syn_100000_2,500,0.001,8,3.0,4,0.9995224124991472,0.9775790738022154,0.5,0.988428971426644,0.6991348488675898,0.5121331023328521,0.0103806228373702,0.375,0.980923159018143,0.0202020202020202,0.6065032437108673,0.3455575324093163,0.0185185185185185,0.2,0.9964654884961652,0.0338983050847457,0.446422555096887,0.1834200902579397,0.0,0.0,1.0,0.0,0.0,0.0,0.998601234085834,0.9769333333333332,0.5004553141809751,0.9875285115657816,0.6989545989236581,0.5119005488180458,,
2024-07-22 12:29:36,hf_ctgan_syn_100000_2,500,0.001,8,5.0,4,0.9995224124991472,0.9775790738022154,0.5,0.988428971426644,0.6991348488675898,0.5121331023328521,0.0103806228373702,0.375,0.980923159018143,0.0202020202020202,0.6065032437108673,0.3455575324093163,0.0185185185185185,0.2,0.9964654884961652,0.0338983050847457,0.446422555096887,0.1834200902579397,0.0,0.0,1.0,0.0,0.0,0.0,0.998601234085834,0.9769333333333332,0.5004553141809751,0.9875285115657816,0.6989545989236581,0.5119005488180458,,
2024-07-22 12:29:54,hf_ctgan_syn_100000_2,500,0.001,8,7.0,4,0.9995224124991472,0.9775790738022154,0.5,0.988428971426644,0.6991348488675898,0.5121331023328521,0.0103806228373702,0.375,0.980923159018143,0.0202020202020202,0.6065032437108673,0.3455575324093163,0.0185185185185185,0.2,0.9964654884961652,0.0338983050847457,0.446422555096887,0.1834200902579397,0.0,0.0,1.0,0.0,0.0,0.0,0.998601234085834,0.9769333333333332,0.5004553141809751,0.9875285115657816,0.6989545989236581,0.5119005488180458,,
2024-07-22 12:30:11,hf_ctgan_syn_100000_2,500,0.001,8,9.0,4,0.9995224124991472,0.9775790738022154,0.5,0.988428971426644,0.6991348488675898,0.5121331023328521,0.0103806228373702,0.375,0.980923159018143,0.0202020202020202,0.6065032437108673,0.3455575324093163,0.0185185185185185,0.2,0.9964654884961652,0.0338983050847457,0.446422555096887,0.1834200902579397,0.0,0.0,1.0,0.0,0.0,0.0,0.998601234085834,0.9769333333333332,0.5004553141809751,0.9875285115657816,0.6989545989236581,0.5119005488180458,,
2024-07-22 12:30:49,hf_ctgan_syn_100000_2,500,0.001,10,1.0,4,0.9995231282784932,0.979047110636594,0.5,0.9891791673689532,0.6996595996041911,0.5129740397946754,0.0112781954887218,0.375,0.982457310565635,0.0218978102189781,0.606977340155391,0.3460414586262976,0.0181818181818181,0.2,0.9963987995998668,0.0333333333333333,0.4464076163328459,0.1834091437614917,0.0,0.0,1.0,0.0,0.0,0.0,0.998602315669088,0.9784,0.5004561101655017,0.9882787234226368,0.6994791077647544,0.5127409558500549,,
2024-07-22 12:31:29,hf_ctgan_syn_100000_2,500,0.001,10,3.0,4,0.9995231607629428,0.9791138395836114,0.5,0.9892132407469832,0.6996834425594233,0.5130122693454235,0.0112781954887218,0.375,0.982457310565635,0.0218978102189781,0.606977340155391,0.3460414586262976,0.0185185185185185,0.2,0.9964654884961652,0.0338983050847457,0.446422555096887,0.1834200902579397,0.0,0.0,1.0,0.0,0.0,0.0,0.9986024603566642,0.9784666666666668,0.5004561323951338,0.9883129533227644,0.6995029334461497,0.5127791533687212,,
2024-07-22 12:32:04,hf_ctgan_syn_100000_2,500,0.001,10,5.0,4,0.9995239066857105,0.9806486053650072,0.5,0.9899962949240458,0.7002316064578231,0.5138916719085952,0.012396694214876,0.375,0.9840581643543224,0.024,0.6074716550036477,0.3465462369128885,0.0181818181818181,0.2,0.9963987995998668,0.0333333333333333,0.4464076163328459,0.1834091437614917,0.0,0.0,1.0,0.0,0.0,0.0,0.9986036898824456,0.98,0.5004569639541889,0.989096209493228,0.7000508443799086,0.5136580007224212,,
2024-07-22 12:32:44,hf_ctgan_syn_100000_2,500,0.001,10,7.0,4,0.9995239390642002,0.9807153343120244,0.5,0.99003031323678,0.7002554299368283,0.513929912145949,0.012396694214876,0.375,0.9840581643543224,0.024,0.6074716550036477,0.3465462369128885,0.0185185185185185,0.2,0.9964654884961652,0.0338983050847457,0.446422555096887,0.1834200902579397,0.0,0.0,1.0,0.0,0.0,0.0,0.9986038344641612,0.9800666666666666,0.5004569861838211,0.9891303843794538,0.7000746506032547,0.5136962089177189,,
2024-07-22 12:33:23,hf_ctgan_syn_100000_2,500,0.001,10,9.0,4,0.9995239390642002,0.9807153343120244,0.5,0.99003031323678,0.7002554299368283,0.513929912145949,0.012396694214876,0.375,0.9840581643543224,0.024,0.6074716550036477,0.3465462369128885,0.0185185185185185,0.2,0.9964654884961652,0.0338983050847457,0.446422555096887,0.1834200902579397,0.0,0.0,1.0,0.0,0.0,0.0,0.9986038344641612,0.9800666666666666,0.5004569861838211,0.9891303843794538,0.7000746506032547,0.5136962089177189,,
2024-07-22 12:33:44,hf_ctgan_syn_100000_2,1500,0.001,2,1.0,4,0.9992613979722016,0.9930601895102096,0.2142857142857142,0.9961511429432044,0.4613009993896632,0.2293708247797338,0.0,0.0,1.0,0.0,0.0,0.0,0.0186915887850467,0.4,0.9929976658886296,0.0357142857142857,0.6302373095552594,0.3736452544312592,0.0,0.0,1.0,0.0,0.0,0.0,0.998334984530356,0.9922666666666666,0.2150167135076771,0.9952333066383622,0.4610805308934179,0.2292812937614165,,
2024-07-22 12:34:04,hf_ctgan_syn_100000_2,1500,0.001,2,3.0,4,0.9992613979722016,0.9930601895102096,0.2142857142857142,0.9961511429432044,0.4613009993896632,0.2293708247797338,0.0,0.0,1.0,0.0,0.0,0.0,0.0186915887850467,0.4,0.9929976658886296,0.0357142857142857,0.6302373095552594,0.3736452544312592,0.0,0.0,1.0,0.0,0.0,0.0,0.998334984530356,0.9922666666666666,0.2150167135076771,0.9952333066383622,0.4610805308934179,0.2292812937614165,,
2024-07-22 12:34:25,hf_ctgan_syn_100000_2,1500,0.001,2,5.0,4,0.9992613979722016,0.9930601895102096,0.2142857142857142,0.9961511429432044,0.4613009993896632,0.2293708247797338,0.0,0.0,1.0,0.0,0.0,0.0,0.0186915887850467,0.4,0.9929976658886296,0.0357142857142857,0.6302373095552594,0.3736452544312592,0.0,0.0,1.0,0.0,0.0,0.0,0.998334984530356,0.9922666666666666,0.2150167135076771,0.9952333066383622,0.4610805308934179,0.2292812937614165,,
2024-07-22 12:34:48,hf_ctgan_syn_100000_2,1500,0.001,2,7.0,4,0.9992613979722016,0.9930601895102096,0.2142857142857142,0.9961511429432044,0.4613009993896632,0.2293708247797338,0.0,0.0,1.0,0.0,0.0,0.0,0.0186915887850467,0.4,0.9929976658886296,0.0357142857142857,0.6302373095552594,0.3736452544312592,0.0,0.0,1.0,0.0,0.0,0.0,0.998334984530356,0.9922666666666666,0.2150167135076771,0.9952333066383622,0.4610805308934179,0.2292812937614165,,
2024-07-22 12:35:08,hf_ctgan_syn_100000_2,1500,0.001,2,9.0,4,0.9992613979722016,0.9930601895102096,0.2142857142857142,0.9961511429432044,0.4613009993896632,0.2293708247797338,0.0,0.0,1.0,0.0,0.0,0.0,0.0186915887850467,0.4,0.9929976658886296,0.0357142857142857,0.6302373095552594,0.3736452544312592,0.0,0.0,1.0,0.0,0.0,0.0,0.998334984530356,0.9922666666666666,0.2150167135076771,0.9952333066383622,0.4610805308934179,0.2292812937614165,,
2024-07-22 12:35:28,hf_ctgan_syn_100000_2,1500,0.001,4,1.0,4,0.9995275059061762,0.9881222474309356,0.5,0.9937921546256838,0.7028948169644359,0.5181773463230926,0.0384615384615384,0.375,0.9949973319103522,0.0697674418604651,0.6108387671606822,0.3499904110522944,0.0186915887850467,0.4,0.9929976658886296,0.0357142857142857,0.6302373095552594,0.3736452544312592,0.0,0.0,1.0,0.0,0.0,0.0,0.9986213569174384,0.9875333333333334,0.5004616644656484,0.9929137293455969,0.7027746415809399,0.518004924103896,,
2024-07-22 12:35:49,hf_ctgan_syn_100000_2,1500,0.001,4,3.0,4,0.9995275059061762,0.9881222474309356,0.5,0.9937921546256838,0.7028948169644359,0.5181773463230926,0.0384615384615384,0.375,0.9949973319103522,0.0697674418604651,0.6108387671606822,0.3499904110522944,0.0186915887850467,0.4,0.9929976658886296,0.0357142857142857,0.6302373095552594,0.3736452544312592,0.0,0.0,1.0,0.0,0.0,0.0,0.9986213569174384,0.9875333333333334,0.5004616644656484,0.9929137293455969,0.7027746415809399,0.518004924103896,,
2024-07-22 12:36:13,hf_ctgan_syn_100000_2,1500,0.001,4,5.0,4,0.9995275059061762,0.9881222474309356,0.5,0.9937921546256838,0.7028948169644359,0.5181773463230926,0.0384615384615384,0.375,0.9949973319103522,0.0697674418604651,0.6108387671606822,0.3499904110522944,0.0186915887850467,0.4,0.9929976658886296,0.0357142857142857,0.6302373095552594,0.3736452544312592,0.0,0.0,1.0,0.0,0.0,0.0,0.9986213569174384,0.9875333333333334,0.5004616644656484,0.9929137293455969,0.7027746415809399,0.518004924103896,,
2024-07-22 12:36:35,hf_ctgan_syn_100000_2,1500,0.001,4,7.0,4,0.99952772905141,0.988589350060056,0.5,0.9940284487385936,0.7030609326580649,0.5184453864311348,0.0422535211267605,0.375,0.9954642475987192,0.0759493670886076,0.6109820724452721,0.3501372187721036,0.0186915887850467,0.4,0.9929976658886296,0.0357142857142857,0.6302373095552594,0.3736452544312592,0.0,0.0,1.0,0.0,0.0,0.0,0.998623602245158,0.988,0.5004619134873489,0.9931530999441228,0.7029406786627399,0.5182727923386213,,
2024-07-22 12:36:59,hf_ctgan_syn_100000_2,1500,0.001,4,9.0,4,0.99952772905141,0.988589350060056,0.5,0.9940284487385936,0.7030609326580649,0.5184453864311348,0.0422535211267605,0.375,0.9954642475987192,0.0759493670886076,0.6109820724452721,0.3501372187721036,0.0186915887850467,0.4,0.9929976658886296,0.0357142857142857,0.6302373095552594,0.3736452544312592,0.0,0.0,1.0,0.0,0.0,0.0,0.998623602245158,0.988,0.5004619134873489,0.9931530999441228,0.7029406786627399,0.5182727923386213,,
2024-07-22 12:37:59,hf_ctgan_syn_100000_2,1500,0.001,8,1.0,4,0.9995255523925716,0.9840517816628852,0.5,0.9917283120376597,0.7014455722516485,0.5158424917395655,0.0161290322580645,0.375,0.9877934898612594,0.0309278350515463,0.6086234950262537,0.3477233054511854,0.0166666666666666,0.2,0.9960653551183728,0.0307692307692307,0.4463329150126333,0.1833544086108062,0.0,0.0,1.0,0.0,0.0,0.0,0.9986068195830984,0.9834,0.5004588449796321,0.9908294502020416,0.7012642665532318,0.5156076093130528,,
2024-07-22 12:38:55,hf_ctgan_syn_100000_2,1500,0.001,8,3.0,4,0.9995256166982922,0.9841852395569198,0.5,0.9917961132405354,0.7014931359453632,0.5159190180776224,0.0154639175257731,0.375,0.987259871931697,0.0297029702970297,0.6084590799506457,0.3475552168711786,0.02,0.2,0.9967322440813604,0.0363636363636363,0.4464823051547195,0.1834638744647682,0.0,0.0,1.0,0.0,0.0,0.0,0.9986076402120542,0.9835333333333334,0.500458782679724,0.9908983996644573,0.7013117479628395,0.5156840110679028,,
2024-07-22 12:39:48,hf_ctgan_syn_100000_2,1500,0.001,8,5.0,4,0.9995256166982922,0.9841852395569198,0.5,0.9917961132405354,0.7014931359453632,0.5159190180776224,0.0157894736842105,0.375,0.987526680896478,0.0303030303030303,0.6085412930411372,0.3476392638306954,0.0185185185185185,0.2,0.9964654884961652,0.0338983050847457,0.446422555096887,0.1834200902579397,0.0,0.0,1.0,0.0,0.0,0.0,0.9986073200148448,0.9835333333333334,0.5004588360593102,0.9908978979193672,0.7013117718931351,0.5156840412982123,,
2024-07-22 12:40:39,hf_ctgan_syn_100000_2,1500,0.001,8,7.0,4,0.9995256166982922,0.9841852395569198,0.5,0.9917961132405354,0.7014931359453632,0.5159190180776224,0.0157068062827225,0.375,0.9874599786552828,0.0301507537688442,0.6085207408098191,0.34761825259135,0.0188679245283018,0.2,0.996532177392464,0.0344827586206896,0.4464374933610447,0.1834310365764913,0.0,0.0,1.0,0.0,0.0,0.0,0.998607392394234,0.9835333333333334,0.5004588227144137,0.9908980115230612,0.7013117659113665,0.5156840337409908,,
2024-07-22 12:41:35,hf_ctgan_syn_100000_2,1500,0.001,8,9.0,4,0.9995256166982922,0.9841852395569198,0.5,0.9917961132405354,0.7014931359453632,0.5159190180776224,0.0158730158730158,0.375,0.9875933831376734,0.0304568527918781,0.6085618445783695,0.3476602747363517,0.0181818181818181,0.2,0.9963987995998668,0.0333333333333333,0.4464076163328459,0.1834091437614917,0.0,0.0,1.0,0.0,0.0,0.0,0.9986072523372334,0.9835333333333334,0.5004588494042067,0.990897791634111,0.7013117778743669,0.5156840488551965,,
2024-07-22 12:43:21,hf_ctgan_syn_100000_2,1500,0.001,10,1.0,4,0.9995252628009494,0.9834512211397304,0.5,0.9914230937405402,0.7012314957058512,0.5154981452594333,0.0154639175257731,0.375,0.987259871931697,0.0297029702970297,0.6084590799506457,0.3475552168711786,0.0169491525423728,0.2,0.9961320440146716,0.03125,0.4463478562768441,0.183365355996736,0.0,0.0,0.9998666577771852,0.0,0.0,0.0,0.998606269695863,0.9828,0.5004585737235536,0.9905240237705408,0.7010503071045917,0.5152634982248547,,
2024-07-22 12:45:15,hf_ctgan_syn_100000_2,1500,0.001,10,3.0,4,0.9995252306022788,0.9833844921927132,0.5,0.991389169189371,0.7012077053886078,0.5154598867657947,0.015625,0.375,0.9873932764140876,0.03,0.6085001878843447,0.3475972410183154,0.015625,0.2,0.9957985995331776,0.0289855072463768,0.4462731449534416,0.1833106172881235,0.0,0.0,1.0,0.0,0.0,0.0,0.9986058820537168,0.9827333333333332,0.5004585426139319,0.9904895344672098,0.7010265360121013,0.5152252796057857,,
2024-07-22 12:47:08,hf_ctgan_syn_100000_2,1500,0.001,10,5.0,4,0.9995251017639076,0.9831175764046444,0.5,0.99125344815986,0.7011125360470473,0.515306857243993,0.0150753768844221,0.375,0.9869263607257204,0.0289855072463768,0.6083562979637386,0.3474501506637762,0.0163934426229508,0.2,0.995998666222074,0.0303030303030303,0.4463179732482379,0.1833434610469801,0.0,0.0,1.0,0.0,0.0,0.0,0.9986057163508074,0.9824666666666668,0.5004583602811278,0.99035383822221,0.7009313936967335,0.5150723254112684,,
2024-07-22 12:49:33,hf_ctgan_syn_100000_2,1500,0.001,10,7.0,4,0.9995250050892313,0.9829173895635926,0.5,0.9911516334152004,0.7010411505623592,0.5151920897780319,0.0150753768844221,0.375,0.9869263607257204,0.0289855072463768,0.6083562979637386,0.3474501506637762,0.015625,0.2,0.9957985995331776,0.0289855072463768,0.4462731449534416,0.1833106172881235,0.0,0.0,1.0,0.0,0.0,0.0,0.9986053636188196,0.9822666666666666,0.5004582935922315,0.9902516793302932,0.7008600598957327,0.5149576541136891,,
2024-07-22 12:52:57,hf_ctgan_syn_100000_2,1500,0.001,10,9.0,4,0.9995249406175772,0.9827839316695582,0.5,0.9910837454998148,0.700993556200611,0.515115580360434,0.0147058823529411,0.375,0.986592849519744,0.0283018867924528,0.6082534986088481,0.3473450761141446,0.0163934426229508,0.2,0.995998666222074,0.0303030303030303,0.4463179732482379,0.1833434610469801,0.0,0.0,1.0,0.0,0.0,0.0,0.99860535829113,0.9821333333333332,0.5004581824084846,0.9901839293537388,0.7008124700718312,0.5148811710130408,,
2024-07-22 12:53:25,hf_ctgan_syn_100000_2,1000,0.001,2,1.0,4,0.9992613979722016,0.9930601895102096,0.2142857142857142,0.9961511429432044,0.4613009993896632,0.2293708247797338,0.0,0.0,1.0,0.0,0.0,0.0,0.0186915887850467,0.4,0.9929976658886296,0.0357142857142857,0.6302373095552594,0.3736452544312592,0.0,0.0,1.0,0.0,0.0,0.0,0.998334984530356,0.9922666666666666,0.2150167135076771,0.9952333066383622,0.4610805308934179,0.2292812937614165,,
2024-07-22 12:53:55,hf_ctgan_syn_100000_2,1000,0.001,2,3.0,4,0.9992613979722016,0.9930601895102096,0.2142857142857142,0.9961511429432044,0.4613009993896632,0.2293708247797338,0.0,0.0,1.0,0.0,0.0,0.0,0.0186915887850467,0.4,0.9929976658886296,0.0357142857142857,0.6302373095552594,0.3736452544312592,0.0,0.0,1.0,0.0,0.0,0.0,0.998334984530356,0.9922666666666666,0.2150167135076771,0.9952333066383622,0.4610805308934179,0.2292812937614165,,
2024-07-22 12:54:25,hf_ctgan_syn_100000_2,1000,0.001,2,5.0,4,0.9992613979722016,0.9930601895102096,0.2142857142857142,0.9961511429432044,0.4613009993896632,0.2293708247797338,0.0,0.0,1.0,0.0,0.0,0.0,0.0186915887850467,0.4,0.9929976658886296,0.0357142857142857,0.6302373095552594,0.3736452544312592,0.0,0.0,1.0,0.0,0.0,0.0,0.998334984530356,0.9922666666666666,0.2150167135076771,0.9952333066383622,0.4610805308934179,0.2292812937614165,,
2024-07-22 12:54:54,hf_ctgan_syn_100000_2,1000,0.001,2,7.0,4,0.9992613979722016,0.9930601895102096,0.2142857142857142,0.9961511429432044,0.4613009993896632,0.2293708247797338,0.0,0.0,1.0,0.0,0.0,0.0,0.0186915887850467,0.4,0.9929976658886296,0.0357142857142857,0.6302373095552594,0.3736452544312592,0.0,0.0,1.0,0.0,0.0,0.0,0.998334984530356,0.9922666666666666,0.2150167135076771,0.9952333066383622,0.4610805308934179,0.2292812937614165,,
2024-07-22 12:55:23,hf_ctgan_syn_100000_2,1000,0.001,2,9.0,4,0.9992613979722016,0.9930601895102096,0.2142857142857142,0.9961511429432044,0.4613009993896632,0.2293708247797338,0.0,0.0,1.0,0.0,0.0,0.0,0.0186915887850467,0.4,0.9929976658886296,0.0357142857142857,0.6302373095552594,0.3736452544312592,0.0,0.0,1.0,0.0,0.0,0.0,0.998334984530356,0.9922666666666666,0.2150167135076771,0.9952333066383622,0.4610805308934179,0.2292812937614165,,
2024-07-22 12:55:59,hf_ctgan_syn_100000_2,1000,0.001,4,1.0,4,0.9995275059061762,0.9881222474309356,0.5,0.9937921546256838,0.7028948169644359,0.5181773463230926,0.0384615384615384,0.375,0.9949973319103522,0.0697674418604651,0.6108387671606822,0.3499904110522944,0.0186915887850467,0.4,0.9929976658886296,0.0357142857142857,0.6302373095552594,0.3736452544312592,0.0,0.0,1.0,0.0,0.0,0.0,0.9986213569174384,0.9875333333333334,0.5004616644656484,0.9929137293455969,0.7027746415809399,0.518004924103896,,
2024-07-22 12:56:34,hf_ctgan_syn_100000_2,1000,0.001,4,3.0,4,0.9995275059061762,0.9881222474309356,0.5,0.9937921546256838,0.7028948169644359,0.5181773463230926,0.0384615384615384,0.375,0.9949973319103522,0.0697674418604651,0.6108387671606822,0.3499904110522944,0.0186915887850467,0.4,0.9929976658886296,0.0357142857142857,0.6302373095552594,0.3736452544312592,0.0,0.0,1.0,0.0,0.0,0.0,0.9986213569174384,0.9875333333333334,0.5004616644656484,0.9929137293455969,0.7027746415809399,0.518004924103896,,
2024-07-22 12:57:12,hf_ctgan_syn_100000_2,1000,0.001,4,5.0,4,0.9995275059061762,0.9881222474309356,0.5,0.9937921546256838,0.7028948169644359,0.5181773463230926,0.0384615384615384,0.375,0.9949973319103522,0.0697674418604651,0.6108387671606822,0.3499904110522944,0.0186915887850467,0.4,0.9929976658886296,0.0357142857142857,0.6302373095552594,0.3736452544312592,0.0,0.0,1.0,0.0,0.0,0.0,0.9986213569174384,0.9875333333333334,0.5004616644656484,0.9929137293455969,0.7027746415809399,0.518004924103896,,
2024-07-22 12:57:48,hf_ctgan_syn_100000_2,1000,0.001,4,7.0,4,0.9995275059061762,0.9881222474309356,0.5,0.9937921546256838,0.7028948169644359,0.5181773463230926,0.0384615384615384,0.375,0.9949973319103522,0.0697674418604651,0.6108387671606822,0.3499904110522944,0.0186915887850467,0.4,0.9929976658886296,0.0357142857142857,0.6302373095552594,0.3736452544312592,0.0,0.0,1.0,0.0,0.0,0.0,0.9986213569174384,0.9875333333333334,0.5004616644656484,0.9929137293455969,0.7027746415809399,0.518004924103896,,
2024-07-22 12:58:23,hf_ctgan_syn_100000_2,1000,0.001,4,9.0,4,0.9995275059061762,0.9881222474309356,0.5,0.9937921546256838,0.7028948169644359,0.5181773463230926,0.0384615384615384,0.375,0.9949973319103522,0.0697674418604651,0.6108387671606822,0.3499904110522944,0.0186915887850467,0.4,0.9929976658886296,0.0357142857142857,0.6302373095552594,0.3736452544312592,0.0,0.0,1.0,0.0,0.0,0.0,0.9986213569174384,0.9875333333333334,0.5004616644656484,0.9929137293455969,0.7027746415809399,0.518004924103896,,
2024-07-22 12:59:38,hf_ctgan_syn_100000_2,1000,0.001,8,1.0,4,0.9995246179966044,0.982116642199386,0.5,0.9907441688263606,0.7007555359037081,0.5147330599889584,0.0135746606334841,0.375,0.9854589114194237,0.0262008733624454,0.6079038507710606,0.3469877602455212,0.0185185185185185,0.2,0.9964654884961652,0.0338983050847457,0.446422555096887,0.1834200902579397,0.0,0.0,1.0,0.0,0.0,0.0,0.9986051410116518,0.9814666666666668,0.5004577332489224,0.9898447475029444,0.7005745203089747,0.5144988426351856,,
2024-07-22 13:00:54,hf_ctgan_syn_100000_2,1000,0.001,8,3.0,4,0.9995244242136014,0.9817162685172828,0.5,0.990540313078606,0.7006126849113149,0.5145035691392842,0.0131578947368421,0.375,0.9849919957310566,0.0254237288135593,0.6077598196649283,0.3468406021520798,0.0188679245283018,0.2,0.996532177392464,0.0344827586206896,0.4464374933610447,0.1834310365764913,0.0,0.0,1.0,0.0,0.0,0.0,0.998604841603038,0.9810666666666666,0.500457506456854,0.9896408623613068,0.700431730807006,0.5142694911414274,,
2024-07-22 13:02:14,hf_ctgan_syn_100000_2,1000,0.001,8,5.0,4,0.9995245857104048,0.9820499132523688,0.5,0.9907101985863348,0.7007317294273069,0.5146948104008244,0.0134529147982062,0.375,0.9853255069370332,0.0259740259740259,0.6078627025088703,0.3469457167444123,0.0188679245283018,0.2,0.996532177392464,0.0344827586206896,0.4464374933610447,0.1834310365764913,0.0,0.0,1.0,0.0,0.0,0.0,0.9986051602931436,0.9814,0.5004576843294972,0.989810882801047,0.700550719085633,0.5144606099722394,,
2024-07-22 13:03:28,hf_ctgan_syn_100000_2,1000,0.001,8,7.0,4,0.9995248761284192,0.9826504737755238,0.5,0.9910158484471214,0.7009459586071967,0.5150390727239368,0.014018691588785,0.375,0.9859258271077908,0.027027027027027,0.6080478477598794,0.3471349019881929,0.0188679245283018,0.2,0.996532177392464,0.0344827586206896,0.4464374933610447,0.1834310365764913,0.0,0.0,1.0,0.0,0.0,0.0,0.9986057521877229,0.982,0.500458004500255,0.990116808989192,0.7007648470624223,0.514804651882647,,
2024-07-22 13:04:46,hf_ctgan_syn_100000_2,1000,0.001,8,9.0,4,0.9995251983992404,0.983317763245696,0.5,0.9913552423559489,0.7011839142641879,0.5154216287174316,0.0148514851485148,0.375,0.9867262540021344,0.0285714285714285,0.6082946204355258,0.3473871069350648,0.0181818181818181,0.2,0.9963987995998668,0.0333333333333333,0.4464076163328459,0.1834091437614917,0.0,0.0,1.0,0.0,0.0,0.0,0.9986062896122077,0.9826666666666668,0.5004583869353345,0.9904563266694324,0.7010027022805513,0.5151869780355812,,
2024-07-22 13:06:59,hf_ctgan_syn_100000_2,1000,0.001,10,1.0,4,0.9995249406175772,0.9827839316695582,0.5,0.9910837454998148,0.700993556200611,0.515115580360434,0.0148514851485148,0.375,0.9867262540021344,0.0285714285714285,0.6082946204355258,0.3473871069350648,0.0158730158730158,0.2,0.9958652884294764,0.0294117647058823,0.4462880882186923,0.1833215653856387,0.0,0.0,1.0,0.0,0.0,0.0,0.9986052624703712,0.9821333333333332,0.5004582090982777,0.990183776020822,0.7008124820417956,0.5148811861309249,,
2024-07-22 13:09:12,hf_ctgan_syn_100000_2,1000,0.001,10,3.0,4,0.9995245211248472,0.9819164553583344,0.5,0.9906422512454558,0.7006841140479547,0.5146183125603827,0.014018691588785,0.375,0.9859258271077908,0.027027027027027,0.6080478477598794,0.3471349019881929,0.015625,0.2,0.9957985995331776,0.0289855072463768,0.4462731449534416,0.1833106172881235,0.0,0.0,1.0,0.0,0.0,0.0,0.9986043165406446,0.9812666666666666,0.5004577599743019,0.9897417280611231,0.7005031921086331,0.5143842442888161,,
2024-07-22 13:11:26,hf_ctgan_syn_100000_2,1000,0.001,10,5.0,4,0.9995243272628432,0.9815160816762312,0.5,0.9904383543195744,0.7005412484915614,0.5143888297256629,0.0134529147982062,0.375,0.9853255069370332,0.0259740259740259,0.6078627025088703,0.3469457167444123,0.0163934426229508,0.2,0.995998666222074,0.0303030303030303,0.4463179732482379,0.1833434610469801,0.0,0.0,1.0,0.0,0.0,0.0,0.9986040772594976,0.9808666666666668,0.5004575064924405,0.98953789901283,0.7003603760920568,0.5141548856871982,,
2024-07-22 13:13:40,hf_ctgan_syn_100000_2,1000,0.001,10,7.0,4,0.9995242626070407,0.9813826237821968,0.5,0.9903703703703703,0.7004936201644512,0.5143123390096249,0.0131004366812227,0.375,0.9849252934898612,0.0253164556962025,0.6077392410061225,0.3468195782325457,0.0175438596491228,0.2,0.9962654218072692,0.032258064516129,0.4463777373049129,0.1833872502349066,0.0,0.0,1.0,0.0,0.0,0.0,0.998604208148054,0.9807333333333332,0.500457381963797,0.9894702794892348,0.7003127462932693,0.5140784136850183,,
2024-07-22 13:15:47,hf_ctgan_syn_100000_2,1000,0.001,10,9.0,4,0.9995242626070407,0.9813826237821968,0.5,0.9903703703703703,0.7004936201644512,0.5143123390096249,0.0131004366812227,0.375,0.9849252934898612,0.0253164556962025,0.6077392410061225,0.3468195782325457,0.0175438596491228,0.2,0.9962654218072692,0.032258064516129,0.4463777373049129,0.1833872502349066,0.0,0.0,1.0,0.0,0.0,0.0,0.998604208148054,0.9807333333333332,0.500457381963797,0.9894702794892348,0.7003127462932693,0.5140784136850183,,
2024-07-22 13:15:55,hf_ctgan_syn_100000_2,100,0.0001,2,1.0,4,0.9990666666666668,1.0,0.0,0.9995331154538784,0.0,0.0,0.0,0.0,1.0,0.0,0.0,0.0,0.0,0.0,1.0,0.0,0.0,0.0,0.0,0.0,1.0,0.0,0.0,0.0,0.9981342044444445,0.9990666666666668,0.0009333333333333,0.9986002178794549,0.0,0.0,,
2024-07-22 13:16:04,hf_ctgan_syn_100000_2,100,0.0001,2,3.0,4,0.9990666666666668,1.0,0.0,0.9995331154538784,0.0,0.0,0.0,0.0,1.0,0.0,0.0,0.0,0.0,0.0,1.0,0.0,0.0,0.0,0.0,0.0,1.0,0.0,0.0,0.0,0.9981342044444445,0.9990666666666668,0.0009333333333333,0.9986002178794549,0.0,0.0,,
2024-07-22 13:16:13,hf_ctgan_syn_100000_2,100,0.0001,2,5.0,4,0.9990666666666668,1.0,0.0,0.9995331154538784,0.0,0.0,0.0,0.0,1.0,0.0,0.0,0.0,0.0,0.0,1.0,0.0,0.0,0.0,0.0,0.0,1.0,0.0,0.0,0.0,0.9981342044444445,0.9990666666666668,0.0009333333333333,0.9986002178794549,0.0,0.0,,
2024-07-22 13:16:22,hf_ctgan_syn_100000_2,100,0.0001,2,7.0,4,0.9990666666666668,1.0,0.0,0.9995331154538784,0.0,0.0,0.0,0.0,1.0,0.0,0.0,0.0,0.0,0.0,1.0,0.0,0.0,0.0,0.0,0.0,1.0,0.0,0.0,0.0,0.9981342044444445,0.9990666666666668,0.0009333333333333,0.9986002178794549,0.0,0.0,,
2024-07-22 13:16:31,hf_ctgan_syn_100000_2,100,0.0001,2,9.0,4,0.9990666666666668,1.0,0.0,0.9995331154538784,0.0,0.0,0.0,0.0,1.0,0.0,0.0,0.0,0.0,0.0,1.0,0.0,0.0,0.0,0.0,0.0,1.0,0.0,0.0,0.0,0.9981342044444445,0.9990666666666668,0.0009333333333333,0.9986002178794549,0.0,0.0,,
2024-07-22 13:16:40,hf_ctgan_syn_100000_2,100,0.0001,4,1.0,4,0.9994604801726464,0.988922994795142,0.4285714285714285,0.994163815657074,0.6510177728960166,0.4475731927268367,0.0,0.0,1.0,0.0,0.0,0.0,0.0116279069767441,0.4,0.9886628876292096,0.0225988700564971,0.6288602031069257,0.3721855890387381,0.0,0.0,1.0,0.0,0.0,0.0,0.998531526360144,0.9881333333333332,0.4291009828673049,0.9932434623858128,0.6506197763756826,0.4472795196099712,,
2024-07-22 13:16:49,hf_ctgan_syn_100000_2,100,0.0001,4,3.0,4,0.9994604801726464,0.988922994795142,0.4285714285714285,0.994163815657074,0.6510177728960166,0.4475731927268367,0.0,0.0,1.0,0.0,0.0,0.0,0.0116279069767441,0.4,0.9886628876292096,0.0225988700564971,0.6288602031069257,0.3721855890387381,0.0,0.0,1.0,0.0,0.0,0.0,0.998531526360144,0.9881333333333332,0.4291009828673049,0.9932434623858128,0.6506197763756826,0.4472795196099712,,
2024-07-22 13:16:59,hf_ctgan_syn_100000_2,100,0.0001,4,5.0,4,0.9994604801726464,0.988922994795142,0.4285714285714285,0.994163815657074,0.6510177728960166,0.4475731927268367,0.0,0.0,1.0,0.0,0.0,0.0,0.0116279069767441,0.4,0.9886628876292096,0.0225988700564971,0.6288602031069257,0.3721855890387381,0.0,0.0,1.0,0.0,0.0,0.0,0.998531526360144,0.9881333333333332,0.4291009828673049,0.9932434623858128,0.6506197763756826,0.4472795196099712,,
2024-07-22 13:17:08,hf_ctgan_syn_100000_2,100,0.0001,4,7.0,4,0.9994604801726464,0.988922994795142,0.4285714285714285,0.994163815657074,0.6510177728960166,0.4475731927268367,0.0,0.0,1.0,0.0,0.0,0.0,0.0116279069767441,0.4,0.9886628876292096,0.0225988700564971,0.6288602031069257,0.3721855890387381,0.0,0.0,1.0,0.0,0.0,0.0,0.998531526360144,0.9881333333333332,0.4291009828673049,0.9932434623858128,0.6506197763756826,0.4472795196099712,,
2024-07-22 13:17:17,hf_ctgan_syn_100000_2,100,0.0001,4,9.0,4,0.9994604801726464,0.988922994795142,0.4285714285714285,0.994163815657074,0.6510177728960166,0.4475731927268367,0.0,0.0,1.0,0.0,0.0,0.0,0.0116279069767441,0.4,0.9886628876292096,0.0225988700564971,0.6288602031069257,0.3721855890387381,0.0,0.0,1.0,0.0,0.0,0.0,0.998531526360144,0.9881333333333332,0.4291009828673049,0.9932434623858128,0.6506197763756826,0.4472795196099712,,
2024-07-22 13:17:30,hf_ctgan_syn_100000_2,100,0.0001,8,1.0,4,0.9995224124991472,0.9775790738022154,0.5,0.988428971426644,0.6991348488675898,0.5121331023328521,0.0103806228373702,0.375,0.980923159018143,0.0202020202020202,0.6065032437108673,0.3455575324093163,0.0185185185185185,0.2,0.9964654884961652,0.0338983050847457,0.446422555096887,0.1834200902579397,0.0,0.0,1.0,0.0,0.0,0.0,0.998601234085834,0.9769333333333332,0.5004553141809751,0.9875285115657816,0.6989545989236581,0.5119005488180458,,
2024-07-22 13:17:43,hf_ctgan_syn_100000_2,100,0.0001,8,3.0,4,0.9995224124991472,0.9775790738022154,0.5,0.988428971426644,0.6991348488675898,0.5121331023328521,0.0103806228373702,0.375,0.980923159018143,0.0202020202020202,0.6065032437108673,0.3455575324093163,0.0185185185185185,0.2,0.9964654884961652,0.0338983050847457,0.446422555096887,0.1834200902579397,0.0,0.0,1.0,0.0,0.0,0.0,0.998601234085834,0.9769333333333332,0.5004553141809751,0.9875285115657816,0.6989545989236581,0.5119005488180458,,
2024-07-22 13:17:57,hf_ctgan_syn_100000_2,100,0.0001,8,5.0,4,0.9995224124991472,0.9775790738022154,0.5,0.988428971426644,0.6991348488675898,0.5121331023328521,0.0103806228373702,0.375,0.980923159018143,0.0202020202020202,0.6065032437108673,0.3455575324093163,0.0185185185185185,0.2,0.9964654884961652,0.0338983050847457,0.446422555096887,0.1834200902579397,0.0,0.0,1.0,0.0,0.0,0.0,0.998601234085834,0.9769333333333332,0.5004553141809751,0.9875285115657816,0.6989545989236581,0.5119005488180458,,
2024-07-22 13:18:10,hf_ctgan_syn_100000_2,100,0.0001,8,7.0,4,0.9995224124991472,0.9775790738022154,0.5,0.988428971426644,0.6991348488675898,0.5121331023328521,0.0103806228373702,0.375,0.980923159018143,0.0202020202020202,0.6065032437108673,0.3455575324093163,0.0185185185185185,0.2,0.9964654884961652,0.0338983050847457,0.446422555096887,0.1834200902579397,0.0,0.0,1.0,0.0,0.0,0.0,0.998601234085834,0.9769333333333332,0.5004553141809751,0.9875285115657816,0.6989545989236581,0.5119005488180458,,
2024-07-22 13:18:22,hf_ctgan_syn_100000_2,100,0.0001,8,9.0,4,0.9995224124991472,0.9775790738022154,0.5,0.988428971426644,0.6991348488675898,0.5121331023328521,0.0103806228373702,0.375,0.980923159018143,0.0202020202020202,0.6065032437108673,0.3455575324093163,0.0185185185185185,0.2,0.9964654884961652,0.0338983050847457,0.446422555096887,0.1834200902579397,0.0,0.0,1.0,0.0,0.0,0.0,0.998601234085834,0.9769333333333332,0.5004553141809751,0.9875285115657816,0.6989545989236581,0.5119005488180458,,
2024-07-22 13:18:42,hf_ctgan_syn_100000_2,100,0.0001,10,1.0,4,0.9995228682434736,0.9785132790604564,0.5,0.9889064976228208,0.6994688267036839,0.5126682194185992,0.0114503816793893,0.375,0.9827241195304164,0.0222222222222222,0.607059753915466,0.3461256016882963,0.0149253731343283,0.2,0.9955985328442816,0.0277777777777777,0.446228312155175,0.1832777719281997,0.0,0.0,1.0,0.0,0.0,0.0,0.99860106222772,0.9778666666666668,0.500455985708031,0.9880046293361504,0.6992884971049006,0.5124354219920183,,
2024-07-22 13:19:02,hf_ctgan_syn_100000_2,100,0.0001,10,3.0,4,0.9995229007633588,0.9785800080074736,0.5,0.9889405893856632,0.6994926761616141,0.5127064454071454,0.0122448979591836,0.375,0.9838580576307364,0.0237154150197628,0.6074098876471523,0.3464831501382737,0.0120481927710843,0.2,0.9945315105035012,0.0227272727272727,0.4459891277830663,0.1831025696350267,0.0,0.0,1.0,0.0,0.0,0.0,0.9986005593991484,0.9779333333333332,0.5004562348009042,0.9880378021478228,0.6993124313132029,0.5124737445947175,,
2024-07-22 13:19:20,hf_ctgan_syn_100000_2,100,0.0001,10,5.0,4,0.9995231282784932,0.979047110636594,0.5,0.9891791673689532,0.6996595996041911,0.5129740397946754,0.0122448979591836,0.375,0.9838580576307364,0.0237154150197628,0.6074098876471523,0.3464831501382737,0.0131578947368421,0.2,0.9949983327775924,0.0246913580246913,0.4460937867259737,0.1831792262420251,0.0,0.0,1.0,0.0,0.0,0.0,0.9986011566025904,0.9784,0.5004563904083289,0.9882768121534276,0.6994792338468812,0.5127411147796881,,
2024-07-22 13:19:38,hf_ctgan_syn_100000_2,100,0.0001,10,7.0,4,0.9995231282784932,0.979047110636594,0.5,0.9891791673689532,0.6996595996041911,0.5129740397946754,0.0122448979591836,0.375,0.9838580576307364,0.0237154150197628,0.6074098876471523,0.3464831501382737,0.0131578947368421,0.2,0.9949983327775924,0.0246913580246913,0.4460937867259737,0.1831792262420251,0.0,0.0,1.0,0.0,0.0,0.0,0.9986011566025904,0.9784,0.5004563904083289,0.9882768121534276,0.6994792338468812,0.5127411147796881,,
2024-07-22 13:19:57,hf_ctgan_syn_100000_2,100,0.0001,10,9.0,4,0.9995231282784932,0.979047110636594,0.5,0.9891791673689532,0.6996595996041911,0.5129740397946754,0.0122448979591836,0.375,0.9838580576307364,0.0237154150197628,0.6074098876471523,0.3464831501382737,0.0131578947368421,0.2,0.9949983327775924,0.0246913580246913,0.4460937867259737,0.1831792262420251,0.0,0.0,1.0,0.0,0.0,0.0,0.9986011566025904,0.9784,0.5004563904083289,0.9882768121534276,0.6994792338468812,0.5127411147796881,,
2024-07-22 13:20:14,hf_ctgan_syn_100000_2,500,0.0001,2,1.0,4,0.9990666666666668,1.0,0.0,0.9995331154538784,0.0,0.0,0.0,0.0,1.0,0.0,0.0,0.0,0.0,0.0,1.0,0.0,0.0,0.0,0.0,0.0,1.0,0.0,0.0,0.0,0.9981342044444445,0.9990666666666668,0.0009333333333333,0.9986002178794549,0.0,0.0,,
2024-07-22 13:20:34,hf_ctgan_syn_100000_2,500,0.0001,2,3.0,4,0.9990666666666668,1.0,0.0,0.9995331154538784,0.0,0.0,0.0,0.0,1.0,0.0,0.0,0.0,0.0,0.0,1.0,0.0,0.0,0.0,0.0,0.0,1.0,0.0,0.0,0.0,0.9981342044444445,0.9990666666666668,0.0009333333333333,0.9986002178794549,0.0,0.0,,
2024-07-22 13:20:51,hf_ctgan_syn_100000_2,500,0.0001,2,5.0,4,0.9990666666666668,1.0,0.0,0.9995331154538784,0.0,0.0,0.0,0.0,1.0,0.0,0.0,0.0,0.0,0.0,1.0,0.0,0.0,0.0,0.0,0.0,1.0,0.0,0.0,0.0,0.9981342044444445,0.9990666666666668,0.0009333333333333,0.9986002178794549,0.0,0.0,,
2024-07-22 13:21:09,hf_ctgan_syn_100000_2,500,0.0001,2,7.0,4,0.9990666666666668,1.0,0.0,0.9995331154538784,0.0,0.0,0.0,0.0,1.0,0.0,0.0,0.0,0.0,0.0,1.0,0.0,0.0,0.0,0.0,0.0,1.0,0.0,0.0,0.0,0.9981342044444445,0.9990666666666668,0.0009333333333333,0.9986002178794549,0.0,0.0,,
2024-07-22 13:21:27,hf_ctgan_syn_100000_2,500,0.0001,2,9.0,4,0.9990666666666668,1.0,0.0,0.9995331154538784,0.0,0.0,0.0,0.0,1.0,0.0,0.0,0.0,0.0,0.0,1.0,0.0,0.0,0.0,0.0,0.0,1.0,0.0,0.0,0.0,0.9981342044444445,0.9990666666666668,0.0009333333333333,0.9986002178794549,0.0,0.0,,
2024-07-22 13:21:49,hf_ctgan_syn_100000_2,500,0.0001,4,1.0,4,0.9994601160750438,0.98825570532497,0.4285714285714285,0.9938263320359684,0.6507980942081708,0.4472429242685172,0.0491803278688524,0.375,0.9961312700106724,0.0869565217391304,0.6111867359931841,0.3503469157225369,0.0165289256198347,0.4,0.9920640213404468,0.0317460317460317,0.6299409563889133,0.3733309919800988,0.0,0.0,1.0,0.0,0.0,0.0,0.9985590257834438,0.9876666666666668,0.4291000532558811,0.9929557196149108,0.6507266292315692,0.4471367928915787,,
2024-07-22 13:22:09,hf_ctgan_syn_100000_2,500,0.0001,4,3.0,4,0.9994601160750438,0.98825570532497,0.4285714285714285,0.9938263320359684,0.6507980942081708,0.4472429242685172,0.0491803278688524,0.375,0.9961312700106724,0.0869565217391304,0.6111867359931841,0.3503469157225369,0.0165289256198347,0.4,0.9920640213404468,0.0317460317460317,0.6299409563889133,0.3733309919800988,0.0,0.0,1.0,0.0,0.0,0.0,0.9985590257834438,0.9876666666666668,0.4291000532558811,0.9929557196149108,0.6507266292315692,0.4471367928915787,,
2024-07-22 13:22:30,hf_ctgan_syn_100000_2,500,0.0001,4,5.0,4,0.9994601160750438,0.98825570532497,0.4285714285714285,0.9938263320359684,0.6507980942081708,0.4472429242685172,0.0491803278688524,0.375,0.9961312700106724,0.0869565217391304,0.6111867359931841,0.3503469157225369,0.0165289256198347,0.4,0.9920640213404468,0.0317460317460317,0.6299409563889133,0.3733309919800988,0.0,0.0,1.0,0.0,0.0,0.0,0.9985590257834438,0.9876666666666668,0.4291000532558811,0.9929557196149108,0.6507266292315692,0.4471367928915787,,
2024-07-22 13:22:52,hf_ctgan_syn_100000_2,500,0.0001,4,7.0,4,0.9994601160750438,0.98825570532497,0.4285714285714285,0.9938263320359684,0.6507980942081708,0.4472429242685172,0.0491803278688524,0.375,0.9961312700106724,0.0869565217391304,0.6111867359931841,0.3503469157225369,0.0165289256198347,0.4,0.9920640213404468,0.0317460317460317,0.6299409563889133,0.3733309919800988,0.0,0.0,1.0,0.0,0.0,0.0,0.9985590257834438,0.9876666666666668,0.4291000532558811,0.9929557196149108,0.6507266292315692,0.4471367928915787,,
2024-07-22 13:23:13,hf_ctgan_syn_100000_2,500,0.0001,4,9.0,4,0.9994601160750438,0.98825570532497,0.4285714285714285,0.9938263320359684,0.6507980942081708,0.4472429242685172,0.0491803278688524,0.375,0.9961312700106724,0.0869565217391304,0.6111867359931841,0.3503469157225369,0.0165289256198347,0.4,0.9920640213404468,0.0317460317460317,0.6299409563889133,0.3733309919800988,0.0,0.0,1.0,0.0,0.0,0.0,0.9985590257834438,0.9876666666666668,0.4291000532558811,0.9929557196149108,0.6507266292315692,0.4471367928915787,,
2024-07-22 13:23:53,hf_ctgan_syn_100000_2,500,0.0001,8,1.0,4,0.9995224124991472,0.9775790738022154,0.5,0.988428971426644,0.6991348488675898,0.5121331023328521,0.0103806228373702,0.375,0.980923159018143,0.0202020202020202,0.6065032437108673,0.3455575324093163,0.0185185185185185,0.2,0.9964654884961652,0.0338983050847457,0.446422555096887,0.1834200902579397,0.0,0.0,1.0,0.0,0.0,0.0,0.998601234085834,0.9769333333333332,0.5004553141809751,0.9875285115657816,0.6989545989236581,0.5119005488180458,,
2024-07-22 13:24:33,hf_ctgan_syn_100000_2,500,0.0001,8,3.0,4,0.9995224124991472,0.9775790738022154,0.5,0.988428971426644,0.6991348488675898,0.5121331023328521,0.0103806228373702,0.375,0.980923159018143,0.0202020202020202,0.6065032437108673,0.3455575324093163,0.0185185185185185,0.2,0.9964654884961652,0.0338983050847457,0.446422555096887,0.1834200902579397,0.0,0.0,1.0,0.0,0.0,0.0,0.998601234085834,0.9769333333333332,0.5004553141809751,0.9875285115657816,0.6989545989236581,0.5119005488180458,,
2024-07-22 13:25:12,hf_ctgan_syn_100000_2,500,0.0001,8,5.0,4,0.9995224124991472,0.9775790738022154,0.5,0.988428971426644,0.6991348488675898,0.5121331023328521,0.0103806228373702,0.375,0.980923159018143,0.0202020202020202,0.6065032437108673,0.3455575324093163,0.0185185185185185,0.2,0.9964654884961652,0.0338983050847457,0.446422555096887,0.1834200902579397,0.0,0.0,1.0,0.0,0.0,0.0,0.998601234085834,0.9769333333333332,0.5004553141809751,0.9875285115657816,0.6989545989236581,0.5119005488180458,,
2024-07-22 13:25:53,hf_ctgan_syn_100000_2,500,0.0001,8,7.0,4,0.9995224124991472,0.9775790738022154,0.5,0.988428971426644,0.6991348488675898,0.5121331023328521,0.0103806228373702,0.375,0.980923159018143,0.0202020202020202,0.6065032437108673,0.3455575324093163,0.0185185185185185,0.2,0.9964654884961652,0.0338983050847457,0.446422555096887,0.1834200902579397,0.0,0.0,1.0,0.0,0.0,0.0,0.998601234085834,0.9769333333333332,0.5004553141809751,0.9875285115657816,0.6989545989236581,0.5119005488180458,,
2024-07-22 13:26:33,hf_ctgan_syn_100000_2,500,0.0001,8,9.0,4,0.9995224124991472,0.9775790738022154,0.5,0.988428971426644,0.6991348488675898,0.5121331023328521,0.0103806228373702,0.375,0.980923159018143,0.0202020202020202,0.6065032437108673,0.3455575324093163,0.0185185185185185,0.2,0.9964654884961652,0.0338983050847457,0.446422555096887,0.1834200902579397,0.0,0.0,1.0,0.0,0.0,0.0,0.998601234085834,0.9769333333333332,0.5004553141809751,0.9875285115657816,0.6989545989236581,0.5119005488180458,,
2024-07-22 13:27:41,hf_ctgan_syn_100000_2,500,0.0001,10,1.0,4,0.9995228682434736,0.9785132790604564,0.5,0.9889064976228208,0.6994688267036839,0.5126682194185992,0.0122448979591836,0.375,0.9838580576307364,0.0237154150197628,0.6074098876471523,0.3464831501382737,0.0119047619047619,0.2,0.9944648216072024,0.0224719101123595,0.4459741745005426,0.1830916179795844,0.0,0.0,1.0,0.0,0.0,0.0,0.998600479099326,0.9778666666666668,0.5004562125712722,0.9880036570830876,0.6992885991303393,0.5124355506332088,,
2024-07-22 13:28:49,hf_ctgan_syn_100000_2,500,0.0001,10,3.0,4,0.9995229007633588,0.9785800080074736,0.5,0.9889405893856632,0.6994926761616141,0.5127064454071454,0.0122448979591836,0.375,0.9838580576307364,0.0237154150197628,0.6074098876471523,0.3464831501382737,0.0120481927710843,0.2,0.9945315105035012,0.0227272727272727,0.4459891277830663,0.1831025696350267,0.0,0.0,1.0,0.0,0.0,0.0,0.9986005593991484,0.9779333333333332,0.5004562348009042,0.9880378021478228,0.6993124313132029,0.5124737445947175,,
2024-07-22 13:29:58,hf_ctgan_syn_100000_2,500,0.0001,10,5.0,4,0.9995230957896172,0.9789803816895768,0.5,0.9891450916936354,0.6996357558364127,0.5129358106892026,0.0122448979591836,0.375,0.9838580576307364,0.0237154150197628,0.6074098876471523,0.3464831501382737,0.0129870129870129,0.2,0.9949316438812936,0.024390243902439,0.4460788369517868,0.1831682758318573,0.0,0.0,1.0,0.0,0.0,0.0,0.998601067183454,0.9783333333333334,0.5004563681786969,0.9882426679106996,0.6994554073500279,0.512702917704577,,
2024-07-22 13:31:08,hf_ctgan_syn_100000_2,500,0.0001,10,7.0,4,0.9995230957896172,0.9789803816895768,0.5,0.9891450916936354,0.6996357558364127,0.5129358106892026,0.0122448979591836,0.375,0.9838580576307364,0.0237154150197628,0.6074098876471523,0.3464831501382737,0.0129870129870129,0.2,0.9949316438812936,0.024390243902439,0.4460788369517868,0.1831682758318573,0.0,0.0,1.0,0.0,0.0,0.0,0.998601067183454,0.9783333333333334,0.5004563681786969,0.9882426679106996,0.6994554073500279,0.512702917704577,,
2024-07-22 13:32:15,hf_ctgan_syn_100000_2,500,0.0001,10,9.0,4,0.9995231282784932,0.979047110636594,0.5,0.9891791673689532,0.6996595996041911,0.5129740397946754,0.0114942528735632,0.375,0.9827908217716116,0.0223048327137546,0.6070803556073564,0.3461466366195732,0.0166666666666666,0.2,0.9960653551183728,0.0307692307692307,0.4463329150126333,0.1833544086108062,0.0,0.0,1.0,0.0,0.0,0.0,0.998601925849188,0.9784,0.5004561768899842,0.988278085800446,0.6994791378058888,0.5127409936999344,,
2024-07-22 13:32:59,hf_ctgan_syn_100000_2,1500,0.0001,2,1.0,4,0.9990666666666668,1.0,0.0,0.9995331154538784,0.0,0.0,0.0,0.0,1.0,0.0,0.0,0.0,0.0,0.0,1.0,0.0,0.0,0.0,0.0,0.0,1.0,0.0,0.0,0.0,0.9981342044444445,0.9990666666666668,0.0009333333333333,0.9986002178794549,0.0,0.0,,
2024-07-22 13:33:42,hf_ctgan_syn_100000_2,1500,0.0001,2,3.0,4,0.9990666666666668,1.0,0.0,0.9995331154538784,0.0,0.0,0.0,0.0,1.0,0.0,0.0,0.0,0.0,0.0,1.0,0.0,0.0,0.0,0.0,0.0,1.0,0.0,0.0,0.0,0.9981342044444445,0.9990666666666668,0.0009333333333333,0.9986002178794549,0.0,0.0,,
2024-07-22 13:34:19,hf_ctgan_syn_100000_2,1500,0.0001,2,5.0,4,0.9990666666666668,1.0,0.0,0.9995331154538784,0.0,0.0,0.0,0.0,1.0,0.0,0.0,0.0,0.0,0.0,1.0,0.0,0.0,0.0,0.0,0.0,1.0,0.0,0.0,0.0,0.9981342044444445,0.9990666666666668,0.0009333333333333,0.9986002178794549,0.0,0.0,,
2024-07-22 13:35:01,hf_ctgan_syn_100000_2,1500,0.0001,2,7.0,4,0.9990666666666668,1.0,0.0,0.9995331154538784,0.0,0.0,0.0,0.0,1.0,0.0,0.0,0.0,0.0,0.0,1.0,0.0,0.0,0.0,0.0,0.0,1.0,0.0,0.0,0.0,0.9981342044444445,0.9990666666666668,0.0009333333333333,0.9986002178794549,0.0,0.0,,
2024-07-22 13:35:41,hf_ctgan_syn_100000_2,1500,0.0001,2,9.0,4,0.9990666666666668,1.0,0.0,0.9995331154538784,0.0,0.0,0.0,0.0,1.0,0.0,0.0,0.0,0.0,0.0,1.0,0.0,0.0,0.0,0.0,0.0,1.0,0.0,0.0,0.0,0.9981342044444445,0.9990666666666668,0.0009333333333333,0.9986002178794549,0.0,0.0,,
2024-07-22 13:36:31,hf_ctgan_syn_100000_2,1500,0.0001,4,1.0,4,0.9994601160750438,0.98825570532497,0.4285714285714285,0.9938263320359684,0.6507980942081708,0.4472429242685172,0.0476190476190476,0.375,0.9959978655282816,0.0845070422535211,0.6111458087667014,0.3503049790019635,0.0168067226890756,0.4,0.9921973991330444,0.032258064516129,0.6299833010907653,0.3733758908854914,0.0,0.0,1.0,0.0,0.0,0.0,0.998558285699667,0.9876666666666668,0.4291000265660879,0.992954583903442,0.6507266215186156,0.4471367854916295,,
2024-07-22 13:37:21,hf_ctgan_syn_100000_2,1500,0.0001,4,3.0,4,0.9994601160750438,0.98825570532497,0.4285714285714285,0.9938263320359684,0.6507980942081708,0.4472429242685172,0.0476190476190476,0.375,0.9959978655282816,0.0845070422535211,0.6111458087667014,0.3503049790019635,0.0168067226890756,0.4,0.9921973991330444,0.032258064516129,0.6299833010907653,0.3733758908854914,0.0,0.0,1.0,0.0,0.0,0.0,0.998558285699667,0.9876666666666668,0.4291000265660879,0.992954583903442,0.6507266215186156,0.4471367854916295,,
2024-07-22 13:38:07,hf_ctgan_syn_100000_2,1500,0.0001,4,5.0,4,0.9994601160750438,0.98825570532497,0.4285714285714285,0.9938263320359684,0.6507980942081708,0.4472429242685172,0.0476190476190476,0.375,0.9959978655282816,0.0845070422535211,0.6111458087667014,0.3503049790019635,0.0168067226890756,0.4,0.9921973991330444,0.032258064516129,0.6299833010907653,0.3733758908854914,0.0,0.0,1.0,0.0,0.0,0.0,0.998558285699667,0.9876666666666668,0.4291000265660879,0.992954583903442,0.6507266215186156,0.4471367854916295,,
2024-07-22 13:38:55,hf_ctgan_syn_100000_2,1500,0.0001,4,7.0,4,0.9994601160750438,0.98825570532497,0.4285714285714285,0.9938263320359684,0.6507980942081708,0.4472429242685172,0.0476190476190476,0.375,0.9959978655282816,0.0845070422535211,0.6111458087667014,0.3503049790019635,0.0168067226890756,0.4,0.9921973991330444,0.032258064516129,0.6299833010907653,0.3733758908854914,0.0,0.0,1.0,0.0,0.0,0.0,0.998558285699667,0.9876666666666668,0.4291000265660879,0.992954583903442,0.6507266215186156,0.4471367854916295,,
2024-07-22 13:39:44,hf_ctgan_syn_100000_2,1500,0.0001,4,9.0,4,0.9994601160750438,0.98825570532497,0.4285714285714285,0.9938263320359684,0.6507980942081708,0.4472429242685172,0.0476190476190476,0.375,0.9959978655282816,0.0845070422535211,0.6111458087667014,0.3503049790019635,0.0168067226890756,0.4,0.9921973991330444,0.032258064516129,0.6299833010907653,0.3733758908854914,0.0,0.0,1.0,0.0,0.0,0.0,0.998558285699667,0.9876666666666668,0.4291000265660879,0.992954583903442,0.6507266215186156,0.4471367854916295,,
2024-07-22 13:41:39,hf_ctgan_syn_100000_2,1500,0.0001,8,1.0,4,0.9995224450811844,0.9776458027492326,0.5,0.9884630953987316,0.6991587097180556,0.5121713220875451,0.0103806228373702,0.375,0.980923159018143,0.0202020202020202,0.6065032437108673,0.3455575324093163,0.0188679245283018,0.2,0.996532177392464,0.0344827586206896,0.4464374933610447,0.1834310365764913,0.0,0.0,1.0,0.0,0.0,0.0,0.9986013831061312,0.977,0.5004553364106072,0.9875627985066742,0.6989784424834182,0.5119387365497405,,
2024-07-22 13:43:26,hf_ctgan_syn_100000_2,1500,0.0001,8,3.0,4,0.9995224124991472,0.9775790738022154,0.5,0.988428971426644,0.6991348488675898,0.5121331023328521,0.0103806228373702,0.375,0.980923159018143,0.0202020202020202,0.6065032437108673,0.3455575324093163,0.0185185185185185,0.2,0.9964654884961652,0.0338983050847457,0.446422555096887,0.1834200902579397,0.0,0.0,1.0,0.0,0.0,0.0,0.998601234085834,0.9769333333333332,0.5004553141809751,0.9875285115657816,0.6989545989236581,0.5119005488180458,,
2024-07-22 13:45:11,hf_ctgan_syn_100000_2,1500,0.0001,8,5.0,4,0.9995224124991472,0.9775790738022154,0.5,0.988428971426644,0.6991348488675898,0.5121331023328521,0.0103806228373702,0.375,0.980923159018143,0.0202020202020202,0.6065032437108673,0.3455575324093163,0.0185185185185185,0.2,0.9964654884961652,0.0338983050847457,0.446422555096887,0.1834200902579397,0.0,0.0,1.0,0.0,0.0,0.0,0.998601234085834,0.9769333333333332,0.5004553141809751,0.9875285115657816,0.6989545989236581,0.5119005488180458,,
2024-07-22 13:47:02,hf_ctgan_syn_100000_2,1500,0.0001,8,7.0,4,0.9995224124991472,0.9775790738022154,0.5,0.988428971426644,0.6991348488675898,0.5121331023328521,0.0103806228373702,0.375,0.980923159018143,0.0202020202020202,0.6065032437108673,0.3455575324093163,0.0185185185185185,0.2,0.9964654884961652,0.0338983050847457,0.446422555096887,0.1834200902579397,0.0,0.0,1.0,0.0,0.0,0.0,0.998601234085834,0.9769333333333332,0.5004553141809751,0.9875285115657816,0.6989545989236581,0.5119005488180458,,
2024-07-22 13:48:52,hf_ctgan_syn_100000_2,1500,0.0001,8,9.0,4,0.9995224124991472,0.9775790738022154,0.5,0.988428971426644,0.6991348488675898,0.5121331023328521,0.0103806228373702,0.375,0.980923159018143,0.0202020202020202,0.6065032437108673,0.3455575324093163,0.0185185185185185,0.2,0.9964654884961652,0.0338983050847457,0.446422555096887,0.1834200902579397,0.0,0.0,1.0,0.0,0.0,0.0,0.998601234085834,0.9769333333333332,0.5004553141809751,0.9875285115657816,0.6989545989236581,0.5119005488180458,,
2024-07-22 13:52:03,hf_ctgan_syn_100000_2,1500,0.0001,10,1.0,4,0.9995228682434736,0.9785132790604564,0.5,0.9889064976228208,0.6994688267036839,0.5126682194185992,0.0122448979591836,0.375,0.9838580576307364,0.0237154150197628,0.6074098876471523,0.3464831501382737,0.0119047619047619,0.2,0.9944648216072024,0.0224719101123595,0.4459741745005426,0.1830916179795844,0.0,0.0,1.0,0.0,0.0,0.0,0.998600479099326,0.9778666666666668,0.5004562125712722,0.9880036570830876,0.6992885991303393,0.5124355506332088,,
2024-07-22 13:55:16,hf_ctgan_syn_100000_2,1500,0.0001,10,3.0,4,0.9995229007633588,0.9785800080074736,0.5,0.9889405893856632,0.6994926761616141,0.5127064454071454,0.0122448979591836,0.375,0.9838580576307364,0.0237154150197628,0.6074098876471523,0.3464831501382737,0.0120481927710843,0.2,0.9945315105035012,0.0227272727272727,0.4459891277830663,0.1831025696350267,0.0,0.0,1.0,0.0,0.0,0.0,0.9986005593991484,0.9779333333333332,0.5004562348009042,0.9880378021478228,0.6993124313132029,0.5124737445947175,,
2024-07-22 13:58:27,hf_ctgan_syn_100000_2,1500,0.0001,10,5.0,4,0.9995230957896172,0.9789803816895768,0.5,0.9891450916936354,0.6996357558364127,0.5129358106892026,0.0122448979591836,0.375,0.9838580576307364,0.0237154150197628,0.6074098876471523,0.3464831501382737,0.0129870129870129,0.2,0.9949316438812936,0.024390243902439,0.4460788369517868,0.1831682758318573,0.0,0.0,1.0,0.0,0.0,0.0,0.998601067183454,0.9783333333333334,0.5004563681786969,0.9882426679106996,0.6994554073500279,0.512702917704577,,
2024-07-22 14:01:38,hf_ctgan_syn_100000_2,1500,0.0001,10,7.0,4,0.9995230957896172,0.9789803816895768,0.5,0.9891450916936354,0.6996357558364127,0.5129358106892026,0.0122448979591836,0.375,0.9838580576307364,0.0237154150197628,0.6074098876471523,0.3464831501382737,0.0129870129870129,0.2,0.9949316438812936,0.024390243902439,0.4460788369517868,0.1831682758318573,0.0,0.0,1.0,0.0,0.0,0.0,0.998601067183454,0.9783333333333334,0.5004563681786969,0.9882426679106996,0.6994554073500279,0.512702917704577,,
2024-07-22 14:04:53,hf_ctgan_syn_100000_2,1500,0.0001,10,9.0,4,0.9995231282784932,0.979047110636594,0.5,0.9891791673689532,0.6996595996041911,0.5129740397946754,0.0122448979591836,0.375,0.9838580576307364,0.0237154150197628,0.6074098876471523,0.3464831501382737,0.0131578947368421,0.2,0.9949983327775924,0.0246913580246913,0.4460937867259737,0.1831792262420251,0.0,0.0,1.0,0.0,0.0,0.0,0.9986011566025904,0.9784,0.5004563904083289,0.9882768121534276,0.6994792338468812,0.5127411147796881,,
2024-07-22 14:05:21,hf_ctgan_syn_100000_2,1000,0.0001,2,1.0,4,0.9990666666666668,1.0,0.0,0.9995331154538784,0.0,0.0,0.0,0.0,1.0,0.0,0.0,0.0,0.0,0.0,1.0,0.0,0.0,0.0,0.0,0.0,1.0,0.0,0.0,0.0,0.9981342044444445,0.9990666666666668,0.0009333333333333,0.9986002178794549,0.0,0.0,,
2024-07-22 14:05:52,hf_ctgan_syn_100000_2,1000,0.0001,2,3.0,4,0.9990666666666668,1.0,0.0,0.9995331154538784,0.0,0.0,0.0,0.0,1.0,0.0,0.0,0.0,0.0,0.0,1.0,0.0,0.0,0.0,0.0,0.0,1.0,0.0,0.0,0.0,0.9981342044444445,0.9990666666666668,0.0009333333333333,0.9986002178794549,0.0,0.0,,
2024-07-22 14:06:20,hf_ctgan_syn_100000_2,1000,0.0001,2,5.0,4,0.9990666666666668,1.0,0.0,0.9995331154538784,0.0,0.0,0.0,0.0,1.0,0.0,0.0,0.0,0.0,0.0,1.0,0.0,0.0,0.0,0.0,0.0,1.0,0.0,0.0,0.0,0.9981342044444445,0.9990666666666668,0.0009333333333333,0.9986002178794549,0.0,0.0,,
2024-07-22 14:06:49,hf_ctgan_syn_100000_2,1000,0.0001,2,7.0,4,0.9990666666666668,1.0,0.0,0.9995331154538784,0.0,0.0,0.0,0.0,1.0,0.0,0.0,0.0,0.0,0.0,1.0,0.0,0.0,0.0,0.0,0.0,1.0,0.0,0.0,0.0,0.9981342044444445,0.9990666666666668,0.0009333333333333,0.9986002178794549,0.0,0.0,,
2024-07-22 14:07:16,hf_ctgan_syn_100000_2,1000,0.0001,2,9.0,4,0.9990666666666668,1.0,0.0,0.9995331154538784,0.0,0.0,0.0,0.0,1.0,0.0,0.0,0.0,0.0,0.0,1.0,0.0,0.0,0.0,0.0,0.0,1.0,0.0,0.0,0.0,0.9981342044444445,0.9990666666666668,0.0009333333333333,0.9986002178794549,0.0,0.0,,
2024-07-22 14:07:52,hf_ctgan_syn_100000_2,1000,0.0001,4,1.0,4,0.9994601160750438,0.98825570532497,0.4285714285714285,0.9938263320359684,0.6507980942081708,0.4472429242685172,0.0491803278688524,0.375,0.9961312700106724,0.0869565217391304,0.6111867359931841,0.3503469157225369,0.0165289256198347,0.4,0.9920640213404468,0.0317460317460317,0.6299409563889133,0.3733309919800988,0.0,0.0,1.0,0.0,0.0,0.0,0.9985590257834438,0.9876666666666668,0.4291000532558811,0.9929557196149108,0.6507266292315692,0.4471367928915787,,
2024-07-22 14:08:26,hf_ctgan_syn_100000_2,1000,0.0001,4,3.0,4,0.9994601160750438,0.98825570532497,0.4285714285714285,0.9938263320359684,0.6507980942081708,0.4472429242685172,0.0491803278688524,0.375,0.9961312700106724,0.0869565217391304,0.6111867359931841,0.3503469157225369,0.0165289256198347,0.4,0.9920640213404468,0.0317460317460317,0.6299409563889133,0.3733309919800988,0.0,0.0,1.0,0.0,0.0,0.0,0.9985590257834438,0.9876666666666668,0.4291000532558811,0.9929557196149108,0.6507266292315692,0.4471367928915787,,
2024-07-22 14:09:00,hf_ctgan_syn_100000_2,1000,0.0001,4,5.0,4,0.9994601160750438,0.98825570532497,0.4285714285714285,0.9938263320359684,0.6507980942081708,0.4472429242685172,0.0491803278688524,0.375,0.9961312700106724,0.0869565217391304,0.6111867359931841,0.3503469157225369,0.0165289256198347,0.4,0.9920640213404468,0.0317460317460317,0.6299409563889133,0.3733309919800988,0.0,0.0,1.0,0.0,0.0,0.0,0.9985590257834438,0.9876666666666668,0.4291000532558811,0.9929557196149108,0.6507266292315692,0.4471367928915787,,
2024-07-22 14:09:36,hf_ctgan_syn_100000_2,1000,0.0001,4,7.0,4,0.9994601160750438,0.98825570532497,0.4285714285714285,0.9938263320359684,0.6507980942081708,0.4472429242685172,0.0491803278688524,0.375,0.9961312700106724,0.0869565217391304,0.6111867359931841,0.3503469157225369,0.0165289256198347,0.4,0.9920640213404468,0.0317460317460317,0.6299409563889133,0.3733309919800988,0.0,0.0,1.0,0.0,0.0,0.0,0.9985590257834438,0.9876666666666668,0.4291000532558811,0.9929557196149108,0.6507266292315692,0.4471367928915787,,
2024-07-22 14:10:12,hf_ctgan_syn_100000_2,1000,0.0001,4,9.0,4,0.9994601160750438,0.98825570532497,0.4285714285714285,0.9938263320359684,0.6507980942081708,0.4472429242685172,0.0491803278688524,0.375,0.9961312700106724,0.0869565217391304,0.6111867359931841,0.3503469157225369,0.0165289256198347,0.4,0.9920640213404468,0.0317460317460317,0.6299409563889133,0.3733309919800988,0.0,0.0,1.0,0.0,0.0,0.0,0.9985590257834438,0.9876666666666668,0.4291000532558811,0.9929557196149108,0.6507266292315692,0.4471367928915787,,
2024-07-22 14:11:23,hf_ctgan_syn_100000_2,1000,0.0001,8,1.0,4,0.9995224450811844,0.9776458027492326,0.5,0.9884630953987316,0.6991587097180556,0.5121713220875451,0.0103806228373702,0.375,0.980923159018143,0.0202020202020202,0.6065032437108673,0.3455575324093163,0.0188679245283018,0.2,0.996532177392464,0.0344827586206896,0.4464374933610447,0.1834310365764913,0.0,0.0,1.0,0.0,0.0,0.0,0.9986013831061312,0.977,0.5004553364106072,0.9875627985066742,0.6989784424834182,0.5119387365497405,,
2024-07-22 14:12:36,hf_ctgan_syn_100000_2,1000,0.0001,8,3.0,4,0.9995224124991472,0.9775790738022154,0.5,0.988428971426644,0.6991348488675898,0.5121331023328521,0.0103806228373702,0.375,0.980923159018143,0.0202020202020202,0.6065032437108673,0.3455575324093163,0.0185185185185185,0.2,0.9964654884961652,0.0338983050847457,0.446422555096887,0.1834200902579397,0.0,0.0,1.0,0.0,0.0,0.0,0.998601234085834,0.9769333333333332,0.5004553141809751,0.9875285115657816,0.6989545989236581,0.5119005488180458,,
2024-07-22 14:13:48,hf_ctgan_syn_100000_2,1000,0.0001,8,5.0,4,0.9995224124991472,0.9775790738022154,0.5,0.988428971426644,0.6991348488675898,0.5121331023328521,0.0103806228373702,0.375,0.980923159018143,0.0202020202020202,0.6065032437108673,0.3455575324093163,0.0185185185185185,0.2,0.9964654884961652,0.0338983050847457,0.446422555096887,0.1834200902579397,0.0,0.0,1.0,0.0,0.0,0.0,0.998601234085834,0.9769333333333332,0.5004553141809751,0.9875285115657816,0.6989545989236581,0.5119005488180458,,
2024-07-22 14:15:04,hf_ctgan_syn_100000_2,1000,0.0001,8,7.0,4,0.9995224124991472,0.9775790738022154,0.5,0.988428971426644,0.6991348488675898,0.5121331023328521,0.0103806228373702,0.375,0.980923159018143,0.0202020202020202,0.6065032437108673,0.3455575324093163,0.0185185185185185,0.2,0.9964654884961652,0.0338983050847457,0.446422555096887,0.1834200902579397,0.0,0.0,1.0,0.0,0.0,0.0,0.998601234085834,0.9769333333333332,0.5004553141809751,0.9875285115657816,0.6989545989236581,0.5119005488180458,,
2024-07-22 14:16:15,hf_ctgan_syn_100000_2,1000,0.0001,8,9.0,4,0.9995224124991472,0.9775790738022154,0.5,0.988428971426644,0.6991348488675898,0.5121331023328521,0.0103806228373702,0.375,0.980923159018143,0.0202020202020202,0.6065032437108673,0.3455575324093163,0.0185185185185185,0.2,0.9964654884961652,0.0338983050847457,0.446422555096887,0.1834200902579397,0.0,0.0,1.0,0.0,0.0,0.0,0.998601234085834,0.9769333333333332,0.5004553141809751,0.9875285115657816,0.6989545989236581,0.5119005488180458,,
2024-07-22 14:18:28,hf_ctgan_syn_100000_2,1000,0.0001,10,1.0,4,0.9995228682434736,0.9785132790604564,0.5,0.9889064976228208,0.6994688267036839,0.5126682194185992,0.0122448979591836,0.375,0.9838580576307364,0.0237154150197628,0.6074098876471523,0.3464831501382737,0.0119047619047619,0.2,0.9944648216072024,0.0224719101123595,0.4459741745005426,0.1830916179795844,0.0,0.0,1.0,0.0,0.0,0.0,0.998600479099326,0.9778666666666668,0.5004562125712722,0.9880036570830876,0.6992885991303393,0.5124355506332088,,
2024-07-22 14:20:39,hf_ctgan_syn_100000_2,1000,0.0001,10,3.0,4,0.9995229007633588,0.9785800080074736,0.5,0.9889405893856632,0.6994926761616141,0.5127064454071454,0.0122448979591836,0.375,0.9838580576307364,0.0237154150197628,0.6074098876471523,0.3464831501382737,0.0120481927710843,0.2,0.9945315105035012,0.0227272727272727,0.4459891277830663,0.1831025696350267,0.0,0.0,1.0,0.0,0.0,0.0,0.9986005593991484,0.9779333333333332,0.5004562348009042,0.9880378021478228,0.6993124313132029,0.5124737445947175,,
2024-07-22 14:22:47,hf_ctgan_syn_100000_2,1000,0.0001,10,5.0,4,0.9995230957896172,0.9789803816895768,0.5,0.9891450916936354,0.6996357558364127,0.5129358106892026,0.0122448979591836,0.375,0.9838580576307364,0.0237154150197628,0.6074098876471523,0.3464831501382737,0.0129870129870129,0.2,0.9949316438812936,0.024390243902439,0.4460788369517868,0.1831682758318573,0.0,0.0,1.0,0.0,0.0,0.0,0.998601067183454,0.9783333333333334,0.5004563681786969,0.9882426679106996,0.6994554073500279,0.512702917704577,,
2024-07-22 14:24:54,hf_ctgan_syn_100000_2,1000,0.0001,10,7.0,4,0.9995230957896172,0.9789803816895768,0.5,0.9891450916936354,0.6996357558364127,0.5129358106892026,0.0122448979591836,0.375,0.9838580576307364,0.0237154150197628,0.6074098876471523,0.3464831501382737,0.0129870129870129,0.2,0.9949316438812936,0.024390243902439,0.4460788369517868,0.1831682758318573,0.0,0.0,1.0,0.0,0.0,0.0,0.998601067183454,0.9783333333333334,0.5004563681786969,0.9882426679106996,0.6994554073500279,0.512702917704577,,
2024-07-22 14:27:00,hf_ctgan_syn_100000_2,1000,0.0001,10,9.0,4,0.9995231282784932,0.979047110636594,0.5,0.9891791673689532,0.6996595996041911,0.5129740397946754,0.0122448979591836,0.375,0.9838580576307364,0.0237154150197628,0.6074098876471523,0.3464831501382737,0.0131578947368421,0.2,0.9949983327775924,0.0246913580246913,0.4460937867259737,0.1831792262420251,0.0,0.0,1.0,0.0,0.0,0.0,0.9986011566025904,0.9784,0.5004563904083289,0.9882768121534276,0.6994792338468812,0.5127411147796881,,
2024-07-22 14:27:10,hf_ctgan_syn_150000_2,100,0.1,2,1.0,4,0.9995268352034608,0.986720939543574,0.5,0.9930826057756884,0.7023962341668604,0.5173733569098853,0.0,0.0,0.999799893276414,0.0,0.0,0.0,0.0147783251231527,0.6,0.9866622207402468,0.0288461538461538,0.7694136289695862,0.5691070321206324,0.0,0.0,1.0,0.0,0.0,0.0,0.9985988695989788,0.986,0.5004621140166609,0.9921653440615796,0.7019971355579612,0.5170801774541429,,
2024-07-22 14:27:19,hf_ctgan_syn_150000_2,100,0.1,2,3.0,4,0.999526803217738,0.9866542105965568,0.5,0.993048792773431,0.7023724833009038,0.5173350765977603,0.0,0.0,0.999799893276414,0.0,0.0,0.0,0.0147058823529411,0.6,0.986595531843948,0.0287081339712918,0.7693876260418858,0.5690725136454843,0.0,0.0,1.0,0.0,0.0,0.0,0.9985988134955192,0.9859333333333332,0.5004620917870287,0.9921315166114996,0.701973398191837,0.517041921364151,,
2024-07-22 14:27:29,hf_ctgan_syn_150000_2,100,0.1,2,5.0,4,0.999526803217738,0.9866542105965568,0.5,0.993048792773431,0.7023724833009038,0.5173350765977603,0.0,0.0,0.999799893276414,0.0,0.0,0.0,0.0147058823529411,0.6,0.986595531843948,0.0287081339712918,0.7693876260418858,0.5690725136454843,0.0,0.0,1.0,0.0,0.0,0.0,0.9985988134955192,0.9859333333333332,0.5004620917870287,0.9921315166114996,0.701973398191837,0.517041921364151,,
2024-07-22 14:27:39,hf_ctgan_syn_150000_2,100,0.1,2,7.0,4,0.999526803217738,0.9866542105965568,0.5,0.993048792773431,0.7023724833009038,0.5173350765977603,0.0,0.0,0.999799893276414,0.0,0.0,0.0,0.0147058823529411,0.6,0.986595531843948,0.0287081339712918,0.7693876260418858,0.5690725136454843,0.0,0.0,1.0,0.0,0.0,0.0,0.9985988134955192,0.9859333333333332,0.5004620917870287,0.9921315166114996,0.701973398191837,0.517041921364151,,
2024-07-22 14:27:48,hf_ctgan_syn_150000_2,100,0.1,2,9.0,4,0.999526803217738,0.9866542105965568,0.5,0.993048792773431,0.7023724833009038,0.5173350765977603,0.0,0.0,0.999799893276414,0.0,0.0,0.0,0.0147058823529411,0.6,0.986595531843948,0.0287081339712918,0.7693876260418858,0.5690725136454843,0.0,0.0,1.0,0.0,0.0,0.0,0.9985988134955192,0.9859333333333332,0.5004620917870287,0.9921315166114996,0.701973398191837,0.517041921364151,,
2024-07-22 14:27:58,hf_ctgan_syn_150000_2,100,0.1,4,1.0,4,0.9995241979336597,0.9812491658881622,0.5,0.9903023772644624,0.7004459885987506,0.5142358500746878,0.0,0.0,0.998265741728922,0.0,0.0,0.0,0.0076335877862595,0.4,0.9826608869623208,0.0149812734082396,0.6269484466723946,0.3701620322257025,0.0,0.0,1.0,0.0,0.0,0.0,0.9985938532115172,0.9804666666666668,0.5004599620245762,0.9893830888034848,0.7000012218249493,0.5138792839586933,,
2024-07-22 14:28:09,hf_ctgan_syn_150000_2,100,0.1,4,3.0,4,0.9995244888254874,0.9818497264113172,0.5,0.9906082741441412,0.7006603051448388,0.5145800643080746,0.0,0.0,0.9981990394877268,0.0,0.0,0.0,0.0079365079365079,0.4,0.9833277759253084,0.0155642023346303,0.627161151834298,0.3703870141886797,0.0,0.0,1.0,0.0,0.0,0.0,0.9985942448052292,0.9810666666666666,0.5004601487463686,0.9896888944890516,0.7002154092439816,0.5142232519194498,,
2024-07-22 14:28:20,hf_ctgan_syn_150000_2,100,0.1,4,5.0,4,0.9995242626070407,0.9813826237821968,0.5,0.9903703703703703,0.7004936201644512,0.5143123390096249,0.0,0.0,0.9980656350053362,0.0,0.0,0.0,0.0077821011673151,0.4,0.9829943314438148,0.015267175572519,0.6270548082723917,0.3702745276546,0.0,0.0,1.0,0.0,0.0,0.0,0.9985939673289967,0.9806,0.5004599664491508,0.989451113749882,0.7000488443883885,0.5139557390024341,,
2024-07-22 14:28:30,hf_ctgan_syn_150000_2,100,0.1,4,7.0,4,0.9995240038079696,0.980848792206059,0.5,0.9900983429880104,0.7003030744634994,0.5140063939564823,0.0,0.0,0.9980656350053362,0.0,0.0,0.0,0.0075471698113207,0.4,0.9824608202734244,0.0148148148148148,0.6268846210502933,0.3700945306988514,0.0,0.0,1.0,0.0,0.0,0.0,0.9985936304610192,0.9800666666666666,0.500459788612094,0.9891791894728266,0.6998584198010168,0.5136500194990224,,
2024-07-22 14:28:40,hf_ctgan_syn_150000_2,100,0.1,4,9.0,4,0.9995239714382864,0.9807820632590418,0.5,0.9900643292580242,0.7002792526053595,0.513968152828578,0.0,0.0,0.9981990394877268,0.0,0.0,0.0,0.0074626865671641,0.4,0.982260753584528,0.0146520146520146,0.6268207889291892,0.3700270259698658,0.0,0.0,1.0,0.0,0.0,0.0,0.9985935699604664,0.98,0.500459793072255,0.9891451532222676,0.6998345988992375,0.5136117915612612,,
2024-07-22 14:28:55,hf_ctgan_syn_150000_2,100,0.1,8,1.0,4,0.9995184038527692,0.969438142266115,0.5,0.984248501067037,0.6962176894715169,0.5074736331604234,0.0,0.0,0.9955309498399146,0.0,0.0,0.0,0.0052356020942408,0.4,0.9746582194064688,0.0103359173126615,0.6243903328548477,0.3674594734868274,0.0,0.0,0.9989332622174812,0.0,0.0,0.0,0.9985872652098714,0.9686666666666668,0.5004557647971979,0.9833333144384788,0.6957760164056284,0.5071224775939692,,
2024-07-22 14:29:08,hf_ctgan_syn_150000_2,100,0.1,8,3.0,4,0.9995194617972128,0.971573468570666,0.5,0.9853483571887796,0.6969840272813524,0.5086951478125881,0.0,0.0,0.996264674493063,0.0,0.0,0.0,0.0053475935828877,0.4,0.9751917305768588,0.0105540897097625,0.624561199748066,0.3676398034645537,0.0,0.0,0.9997999866657776,0.0,0.0,0.0,0.9985883594973964,0.9708,0.5004563917356997,0.9844322167519732,0.6965416959224726,0.5083429122757845,,
2024-07-22 14:29:23,hf_ctgan_syn_150000_2,100,0.1,8,5.0,4,0.9995193958118778,0.9714400106766315,0.5,0.985279685966634,0.6969361558552661,0.5086187897885708,0.0,0.0,0.9958644610458912,0.0,0.0,0.0,0.0054644808743169,0.4,0.9757252417472492,0.0107816711590296,0.6247320199084562,0.3678201106715466,0.0,0.0,0.999533302220148,0.0,0.0,0.0,0.9985883325360784,0.9706666666666668,0.5004563383466215,0.9843636854834515,0.6964939261164373,0.5082666856216587,,
2024-07-22 14:29:37,hf_ctgan_syn_150000_2,100,0.1,8,7.0,4,0.999520219328307,0.973108234352062,0.5,0.9861374087097646,0.6975343125438569,0.5095733931054188,0.0,0.0,0.9961312700106724,0.0,0.0,0.0,0.0056818181818181,0.4,0.9766588862954318,0.011204481792717,0.625030842853513,0.3681355934917064,0.0,0.0,1.0,0.0,0.0,0.0,0.9985892277296612,0.9723333333333334,0.5004568229727708,0.9852207486222332,0.6970916241331004,0.509220503136351,,
2024-07-22 14:29:52,hf_ctgan_syn_150000_2,100,0.1,8,9.0,4,0.9995203836930456,0.973441879087148,0.5,0.9863087792839998,0.6976538823396412,0.5097643471644311,0.0,0.0,0.9961979722518676,0.0,0.0,0.0,0.0057803468208092,0.4,0.9770590196732244,0.0113960113960113,0.6251588661046804,0.3682707790670692,0.0,0.0,0.9998666577771852,0.0,0.0,0.0,0.9985894247838722,0.9726666666666668,0.5004569830356106,0.9853920230938,0.6972111250048257,0.5094113240334334,,
2024-07-22 14:30:12,hf_ctgan_syn_150000_2,100,0.1,10,1.0,4,0.9995193298084186,0.9713065527825973,0.5,0.985211005448577,0.6968882811407425,0.5085424335456543,0.0,0.0,0.9952641408751334,0.0,0.0,0.0,0.0056338028169014,0.4,0.9764588196065356,0.0111111111111111,0.6249668213934354,0.3680679959008232,0.0,0.0,0.9992666177745184,0.0,0.0,0.0,0.9985883230348698,0.9705333333333334,0.5004562449228539,0.9842951788805284,0.6964461743521423,0.5081904832729787,,
2024-07-22 14:30:29,hf_ctgan_syn_150000_2,100,0.1,10,3.0,4,0.99958703283089,0.969104497531029,0.5714285714285714,0.9841097746908352,0.7441599280995715,0.5757962573632,0.0,0.0,0.9949306296691568,0.0,0.0,0.0,0.0079365079365079,0.6,0.9749916638879628,0.0156657963446475,0.7648496573397792,0.5630581735536832,0.0,0.0,0.9988665911060738,0.0,0.0,0.0,0.9986567304362264,0.9684,0.5718174560917647,0.983196494166572,0.7437203287191253,0.5754465335808454,,
2024-07-22 14:30:50,hf_ctgan_syn_150000_2,100,0.1,10,5.0,4,0.99951833757655,0.9693046843720806,0.5,0.9841796808834988,0.6961697653489702,0.5073973036340212,0.0,0.0,0.9951307363927429,0.0,0.0,0.0,0.0053475935828877,0.4,0.9751917305768588,0.0105540897097625,0.624561199748066,0.3676398034645537,0.0,0.0,0.9986665777718514,0.0,0.0,0.0,0.9985872363260062,0.9685333333333334,0.5004557114081198,0.983264631211244,0.695728193967894,0.507046279418451,,
2024-07-22 14:31:12,hf_ctgan_syn_150000_2,100,0.1,10,7.0,4,0.9995189664650908,0.9705725343654076,0.5,0.9848330963504638,0.6966249113997459,0.5081225060467932,0.0,0.0,0.9947972251867664,0.0,0.0,0.0,0.0056179775280898,0.4,0.9763921307102368,0.0110803324099723,0.6249454794492835,0.3680454626589435,0.0,0.0,0.999066604440296,0.0,0.0,0.0,0.998587954755566,0.9698,0.500455960337299,0.9839176122380068,0.6961830433089226,0.5077709401953692,,
2024-07-22 14:31:31,hf_ctgan_syn_150000_2,100,0.1,10,9.0,4,0.999519197747098,0.9710396369945282,0.5,0.9850736165171772,0.696792521843672,0.5083897264031242,0.0,0.0,0.9954642475987192,0.0,0.0,0.0,0.0054644808743169,0.4,0.9757252417472492,0.0107816711590296,0.6247320199084562,0.3678201106715466,0.0,0.0,0.999533302220148,0.0,0.0,0.0,0.9985881346561588,0.9702666666666668,0.5004561248994497,0.9841578083654808,0.696350426163254,0.5080378360287051,,
2024-07-22 14:31:51,hf_ctgan_syn_150000_2,500,0.1,2,1.0,4,0.9995225102319236,0.977779260643267,0.5,0.9885313364366188,0.6992064289761883,0.5122477629327565,0.0,0.0,0.9979989327641408,0.0,0.0,0.0,0.0067340067340067,0.4,0.980326775591864,0.0132450331125827,0.6262034096335996,0.3693743151685218,0.0,0.0,0.9991332755517034,0.0,0.0,0.0,0.9985918672246186,0.977,0.5004589839077083,0.9876131222003156,0.6987625707790218,0.5118927897924088,,
2024-07-22 14:32:11,hf_ctgan_syn_150000_2,500,0.1,2,3.0,4,0.9995225753648888,0.9779127185373014,0.5,0.988599568267674,0.6992541449778119,0.512324205559069,0.0,0.0,0.9980656350053362,0.0,0.0,0.0,0.0067340067340067,0.4,0.980326775591864,0.0132450331125827,0.6262034096335996,0.3693743151685218,0.0,0.0,0.9991999466631108,0.0,0.0,0.0,0.998591932296793,0.9771333333333332,0.5004590239269776,0.9876812903483284,0.6988102422457104,0.51196916107227,,
2024-07-22 14:32:30,hf_ctgan_syn_150000_2,500,0.1,2,5.0,4,0.9995229007633588,0.9785800080074736,0.5,0.9889405893856632,0.6994926761616141,0.5127064454071454,0.0,0.0,0.9980656350053362,0.0,0.0,0.0,0.0069444444444444,0.4,0.9809269756585528,0.0136518771331058,0.626395075222835,0.3695769126109725,0.0,0.0,0.9992666177745184,0.0,0.0,0.0,0.9985923275374612,0.9778,0.5004592284384073,0.9880221287946144,0.6990486146889376,0.5123511116956357,,
2024-07-22 14:32:51,hf_ctgan_syn_150000_2,500,0.1,2,7.0,4,0.999522770657213,0.9783130922194048,0.5,0.9888042085384772,0.6993972734502919,0.512553544124612,0.0,0.0,0.9979989327641408,0.0,0.0,0.0,0.0069204152249134,0.4,0.980860286762254,0.0136054421768707,0.626373781942461,0.3695544032072045,0.0,0.0,0.9991332755517034,0.0,0.0,0.0,0.998592189543008,0.9775333333333334,0.5004591617447651,0.9878858597579,0.6989532939223858,0.5121983456178314,,
2024-07-22 14:33:09,hf_ctgan_syn_150000_2,500,0.1,2,9.0,4,0.9995226404800872,0.978046176431336,0.5,0.9886677908937608,0.6993018577235928,0.5124006499664824,0.0,0.0,0.9979989327641408,0.0,0.0,0.0,0.0068259385665529,0.4,0.980593531177059,0.0134228187919463,0.6262886015814304,0.3694643620342048,0.0,0.0,0.9991332755517034,0.0,0.0,0.0,0.9985920279951614,0.9772666666666666,0.5004590728262367,0.9877495085618572,0.6988579388569113,0.5120455641471917,,
2024-07-22 14:33:27,hf_ctgan_syn_150000_2,500,0.1,4,1.0,4,0.99958674839865,0.9684372080608568,0.5714285714285714,0.983765463480766,0.743903683497057,0.5753628580711306,0.0,0.0,0.996264674493063,0.0,0.0,0.0,0.0051413881748071,0.4,0.9741913971323776,0.0101522842639593,0.624240785957591,0.3673016660771996,0.0,0.0,0.9975998399893328,0.0,0.0,0.0,0.9986555145628696,0.9676666666666668,0.5718178163766777,0.982850666476272,0.7434174536544456,0.5749482866256233,,
2024-07-22 14:33:47,hf_ctgan_syn_150000_2,500,0.1,4,3.0,4,0.9995874587458746,0.9701054317362872,0.5714285714285714,0.9846258042668472,0.7445441296472386,0.576446451717426,0.0,0.0,0.9957310565635006,0.0,0.0,0.0,0.005524861878453,0.4,0.975991997332444,0.0108991825613079,0.624817412475819,0.3679102557360179,0.0,0.0,0.9979998666577772,0.0,0.0,0.0,0.9986563520716714,0.9693333333333334,0.5718181586489599,0.9837104532437188,0.7440574942637264,0.5760310717810684,,
2024-07-22 14:34:10,hf_ctgan_syn_150000_2,500,0.1,4,5.0,4,0.9995859784708804,0.966635526491392,0.5714285714285714,0.982834656353891,0.7432113817717548,0.5741929341710931,0.0,0.0,0.9952641408751334,0.0,0.0,0.0,0.0076923076923076,0.6,0.9741913971323776,0.0151898734177215,0.7645357011150142,0.562642795881388,0.0,0.0,0.996866457763851,0.0,0.0,0.0,0.998655595660205,0.9659333333333332,0.5718172338665999,0.9819224072991,0.7427725630491396,0.5738445683644939,,
2024-07-22 14:34:30,hf_ctgan_syn_150000_2,500,0.1,4,7.0,4,0.9995856639734824,0.9659015080742026,0.5714285714285714,0.9824549496046424,0.7429291479673847,0.5737164048652857,0.0,0.0,0.994530416221985,0.0,0.0,0.0,0.0076142131979695,0.6,0.9739246415471824,0.0150375939849624,0.7644310203859531,0.5625043195792396,0.0,0.0,0.9971331422094808,0.0,0.0,0.0,0.99865525542484,0.9652,0.5718167714072195,0.9815430041830066,0.7424905577694106,0.5733684376606046,,
2024-07-22 14:34:53,hf_ctgan_syn_150000_2,500,0.1,4,9.0,4,0.999586121266469,0.966969171226478,0.5714285714285714,0.9830071566665536,0.7433396344400156,0.574409558756445,0.0,0.0,0.9955309498399146,0.0,0.0,0.0,0.0076142131979695,0.6,0.9739246415471824,0.0150375939849624,0.7644310203859531,0.5625043195792396,0.0,0.0,0.997199813320888,0.0,0.0,0.0,0.9986557122910196,0.9662666666666668,0.5718173094698897,0.98209469585166,0.7429006611213337,0.5740609446081321,,
2024-07-22 14:35:11,hf_ctgan_syn_150000_2,500,0.1,8,1.0,4,0.9995168081728446,0.9662351528092886,0.5,0.9825942387948292,0.6950665985390496,0.5056422161106316,0.0,0.0,0.9944637139807898,0.0,0.0,0.0,0.005,0.4,0.973457819273091,0.0098765432098765,0.6240057112793411,0.367053647781449,0.0,0.0,0.9979998666577772,0.0,0.0,0.0,0.9985855924852166,0.9654666666666668,0.5004547332449912,0.9816804430196908,0.6946258716175063,0.5052926345915222,,
2024-07-22 14:35:30,hf_ctgan_syn_150000_2,500,0.1,8,3.0,4,0.99951684152402,0.966301881756306,0.5,0.9826287575490262,0.6950905990431413,0.5056803601685342,0.0,0.0,0.9946638207043756,0.0,0.0,0.0,0.0048780487804878,0.4,0.9727909303101032,0.0096385542168674,0.6237919301530289,0.3668281392452591,0.0,0.0,0.9985332355490366,0.0,0.0,0.0,0.9985855851548576,0.9655333333333334,0.5004546532301823,0.9817148502267192,0.6946497784607519,0.505330667878792,,
2024-07-22 14:35:50,hf_ctgan_syn_150000_2,500,0.1,8,5.0,4,0.99951777349132,0.968170292272788,0.5,0.9835943325876212,0.6957622770288671,0.506748574571553,0.0,0.0,0.9946638207043756,0.0,0.0,0.0,0.0052493438320209,0.4,0.9747249083027676,0.0103626943005181,0.6244116937735127,0.3674820159793177,0.0,0.0,0.9984665644376292,0.0,0.0,0.0,0.9985866400173388,0.9674,0.5004552934447725,0.9826797654419728,0.6953210361348979,0.5063981032406126,,
2024-07-22 14:36:11,hf_ctgan_syn_150000_2,500,0.1,8,7.0,4,0.9995853489979268,0.9651674896570132,0.5714285714285714,0.9820749592612712,0.742646806903529,0.5732399371346826,0.0,0.0,0.9939300960512272,0.0,0.0,0.0,0.0074812967581047,0.6,0.973457819273091,0.0147783251231527,0.7642477946084336,0.5622619655034504,0.0,0.0,0.9974664977665176,0.0,0.0,0.0,0.9986548964377814,0.9644666666666668,0.5718163178527409,0.981163282074335,0.7422084191486219,0.5728923338485247,,
2024-07-22 14:36:34,hf_ctgan_syn_150000_2,500,0.1,8,9.0,4,0.999516073280332,0.96476711597491,0.5,0.9818342331330008,0.6945383776203119,0.5048031594914094,0.0,0.0,0.9939300960512272,0.0,0.0,0.0,0.0049751243781094,0.4,0.9733244414804936,0.0098280098280098,0.6239629609137047,0.3670085489205527,0.0,0.0,0.997199813320888,0.0,0.0,0.0,0.9985848499867296,0.964,0.5004543508526089,0.9809211305186858,0.6940981294548374,0.5044543460588576,,
2024-07-22 14:36:55,hf_ctgan_syn_150000_2,500,0.1,10,1.0,4,0.9995193298084186,0.9713065527825973,0.5,0.985211005448577,0.6968882811407425,0.5085424335456543,0.0,0.0,0.9952641408751334,0.0,0.0,0.0,0.0056338028169014,0.4,0.9764588196065356,0.0111111111111111,0.6249668213934354,0.3680679959008232,0.0,0.0,0.9992666177745184,0.0,0.0,0.0,0.9985883230348698,0.9705333333333334,0.5004562449228539,0.9842951788805284,0.6964461743521423,0.5081904832729787,,
2024-07-22 14:37:17,hf_ctgan_syn_150000_2,500,0.1,10,3.0,4,0.999586577551161,0.9680368343787537,0.5714285714285714,0.9835587647038884,0.7437498943591775,0.5751028429224163,0.0,0.0,0.9945971184631804,0.0,0.0,0.0,0.0077120822622107,0.6,0.9742580860286764,0.015228426395939,0.7645618690578322,0.5626774136227025,0.0,0.0,0.9988665911060738,0.0,0.0,0.0,0.9986562007728672,0.9673333333333334,0.5718170336931683,0.98264585266563,0.7433105817474616,0.5747536394068963,,
2024-07-22 14:37:40,hf_ctgan_syn_150000_2,500,0.1,10,5.0,4,0.999586947542338,0.9689043106899772,0.5714285714285714,0.9840065058281376,0.744083063984498,0.5756662322322763,0.0,0.0,0.9950640341515476,0.0,0.0,0.0,0.0078947368421052,0.6,0.9748582860953652,0.0155844155844155,0.7647973402524483,0.5629889492785247,0.0,0.0,0.9986665777718514,0.0,0.0,0.0,0.9986566313035792,0.9682,0.5718174694473355,0.9830932945612264,0.7436435189048632,0.5753166067319524,,
2024-07-22 14:38:06,hf_ctgan_syn_150000_2,500,0.1,10,7.0,4,0.9995173412397436,0.967302815961564,0.5,0.9831462579266844,0.6954505072115356,0.5062525744701015,0.0,0.0,0.9941302027748132,0.0,0.0,0.0,0.0051679586563307,0.4,0.974324774924975,0.010204081632653,0.6242835172980222,0.3673467556874855,0.0,0.0,0.9985332355490366,0.0,0.0,0.0,0.9985861810408052,0.9665333333333334,0.5004548799154915,0.9822320561131638,0.6950095145772375,0.5059025209858252,,
2024-07-22 14:38:33,hf_ctgan_syn_150000_2,500,0.1,10,9.0,4,0.999586178357128,0.9671026291205124,0.5714285714285714,0.9830761404103782,0.7433909293118595,0.5744962121527876,0.0,0.0,0.9941969050160084,0.0,0.0,0.0,0.0077519379844961,0.6,0.9743914638212736,0.0153061224489795,0.7646142022567748,0.5627466475042641,0.0,0.0,0.9981998799919994,0.0,0.0,0.0,0.998655815236656,0.9664,0.5718168202578532,0.9821637047201448,0.7429519691785873,0.5741475979039463,,
2024-07-22 14:39:00,hf_ctgan_syn_150000_2,1500,0.1,2,1.0,4,0.9995888439662852,0.9733751501401308,0.5714285714285714,0.9863078535447448,0.7457978087314592,0.5785712178744562,0.0,0.0,0.9973986125933832,0.0,0.0,0.0,0.0059880239520958,0.4,0.9778592864288096,0.0117994100294985,0.6254148339874294,0.3685411117921823,0.0,0.0,0.9977331822121476,0.0,0.0,0.0,0.9986578903865674,0.9726,0.5718196526629116,0.9853912326847796,0.7453102023879723,0.5781540651083706,,
2024-07-22 14:39:27,hf_ctgan_syn_150000_2,1500,0.1,2,3.0,4,0.9995888157894736,0.9733084211931136,0.5714285714285714,0.9862735817161404,0.7457722445101984,0.5785278430865592,0.0,0.0,0.9971985058697972,0.0,0.0,0.0,0.0059701492537313,0.4,0.9777925975325108,0.0117647058823529,0.6253935073319872,0.3685185860219495,0.0,0.0,0.9979331955463696,0.0,0.0,0.0,0.9986578562778212,0.9725333333333334,0.5718195370439159,0.9853569812751662,0.7452846549177662,0.5781107232950191,,
2024-07-22 14:40:03,hf_ctgan_syn_150000_2,1500,0.1,2,5.0,4,0.999588053553038,0.9715067396236488,0.5714285714285714,0.9853473655713852,0.745081678983164,0.577356916172245,0.0,0.0,0.9973319103521878,0.0,0.0,0.0,0.0057803468208092,0.4,0.9770590196732244,0.0113960113960113,0.6251588661046804,0.3682707790670692,0.0,0.0,0.996733115541036,0.0,0.0,0.0,0.9986570314853288,0.9707333333333332,0.5718192836616862,0.9844315067006504,0.7445946557048145,0.5769408066435067,,
2024-07-22 14:40:30,hf_ctgan_syn_150000_2,1500,0.1,2,7.0,4,0.9995892942706552,0.9744428132924062,0.5714285714285714,0.9868558878188884,0.7462067171625553,0.5792652836893007,0.0,0.0,0.9973986125933832,0.0,0.0,0.0,0.0061538461538461,0.4,0.9784594864954984,0.0121212121212121,0.625606741170681,0.3687438277136061,0.0,0.0,0.9981998799919994,0.0,0.0,0.0,0.9986583955447204,0.9736666666666668,0.5718198838427858,0.9859388627276312,0.7457187931402605,0.5788475507004286,,
2024-07-22 14:41:00,hf_ctgan_syn_150000_2,1500,0.1,2,9.0,4,0.99958909738392,0.9739757106632856,0.5714285714285714,0.9866161957550358,0.7460278473022632,0.5789616138653978,0.0,0.0,0.9974653148345785,0.0,0.0,0.0,0.006060606060606,0.4,0.9781260420140048,0.0119402985074626,0.6255001333377971,0.3686312113151866,0.0,0.0,0.9979998666577772,0.0,0.0,0.0,0.9986581677617152,0.9732,0.5718197949349316,0.9856993340718336,0.7455400546892271,0.5785441267628951,,
2024-07-22 14:41:20,hf_ctgan_syn_150000_2,1500,0.1,4,1.0,4,0.99958674839865,0.9684372080608568,0.5714285714285714,0.983765463480766,0.743903683497057,0.5753628580711306,0.0,0.0,0.996264674493063,0.0,0.0,0.0,0.0051413881748071,0.4,0.9741913971323776,0.0101522842639593,0.624240785957591,0.3673016660771996,0.0,0.0,0.9975998399893328,0.0,0.0,0.0,0.9986555145628696,0.9676666666666668,0.5718178163766777,0.982850666476272,0.7434174536544456,0.5749482866256233,,
2024-07-22 14:41:37,hf_ctgan_syn_150000_2,1500,0.1,4,3.0,4,0.9995874587458746,0.9701054317362872,0.5714285714285714,0.9846258042668472,0.7445441296472386,0.576446451717426,0.0,0.0,0.9957310565635006,0.0,0.0,0.0,0.005524861878453,0.4,0.975991997332444,0.0108991825613079,0.624817412475819,0.3679102557360179,0.0,0.0,0.9979998666577772,0.0,0.0,0.0,0.9986563520716714,0.9693333333333334,0.5718181586489599,0.9837104532437188,0.7440574942637264,0.5760310717810684,,
2024-07-22 14:42:03,hf_ctgan_syn_150000_2,1500,0.1,4,5.0,4,0.9995853203400372,0.965100760709996,0.5714285714285714,0.9820404006111016,0.7426211342112077,0.5731966249397618,0.0,0.0,0.9949306296691568,0.0,0.0,0.0,0.0075757575757575,0.6,0.9737912637545848,0.0149625935162094,0.7643786746454606,0.5624350782260309,0.0,0.0,0.9960664044269618,0.0,0.0,0.0,0.9986548992935784,0.9644,0.5718168692792749,0.9811288171017032,0.742182814044159,0.57284911978256,,
2024-07-22 14:42:29,hf_ctgan_syn_150000_2,1500,0.1,4,7.0,4,0.9995848899958488,0.9640998265047378,0.5714285714285714,0.9815217391304348,0.7422359372693671,0.572547003082269,0.0,0.0,0.994263607257204,0.0,0.0,0.0,0.0074257425742574,0.6,0.9732577525841948,0.0146699266503667,0.7641692558265589,0.5621580914656336,0.0,0.0,0.996266417761184,0.0,0.0,0.0,0.9986544193460444,0.9634,0.5718163490311541,0.9806105421494632,0.7417979068131912,0.5722000119098808,,
2024-07-22 14:42:53,hf_ctgan_syn_150000_2,1500,0.1,4,9.0,4,0.9995853203400372,0.965100760709996,0.5714285714285714,0.9820404006111016,0.7426211342112077,0.5731966249397618,0.0,0.0,0.995397545357524,0.0,0.0,0.0,0.0072992700729927,0.6,0.9727909303101032,0.0144230769230769,0.7639859672703825,0.56191570003161,0.0,0.0,0.9965997733182212,0.0,0.0,0.0,0.9986548071310776,0.9644,0.5718168204144198,0.9811286372628388,0.7421826831417007,0.5728489466564952,,
2024-07-22 14:43:11,hf_ctgan_syn_150000_2,1500,0.1,8,1.0,4,0.9995168081728446,0.9662351528092886,0.5,0.9825942387948292,0.6950665985390496,0.5056422161106316,0.0,0.0,0.9944637139807898,0.0,0.0,0.0,0.005,0.4,0.973457819273091,0.0098765432098765,0.6240057112793411,0.367053647781449,0.0,0.0,0.9979998666577772,0.0,0.0,0.0,0.9985855924852166,0.9654666666666668,0.5004547332449912,0.9816804430196908,0.6946258716175063,0.5052926345915222,,
2024-07-22 14:43:33,hf_ctgan_syn_150000_2,1500,0.1,8,3.0,4,0.99951684152402,0.966301881756306,0.5,0.9826287575490262,0.6950905990431413,0.5056803601685342,0.0,0.0,0.9946638207043756,0.0,0.0,0.0,0.0048780487804878,0.4,0.9727909303101032,0.0096385542168674,0.6237919301530289,0.3668281392452591,0.0,0.0,0.9985332355490366,0.0,0.0,0.0,0.9985855851548576,0.9655333333333334,0.5004546532301823,0.9817148502267192,0.6946497784607519,0.505330667878792,,
2024-07-22 14:43:50,hf_ctgan_syn_150000_2,1500,0.1,8,5.0,4,0.99951777349132,0.968170292272788,0.5,0.9835943325876212,0.6957622770288671,0.506748574571553,0.0,0.0,0.9946638207043756,0.0,0.0,0.0,0.0052493438320209,0.4,0.9747249083027676,0.0103626943005181,0.6244116937735127,0.3674820159793177,0.0,0.0,0.9984665644376292,0.0,0.0,0.0,0.9985866400173388,0.9674,0.5004552934447725,0.9826797654419728,0.6953210361348979,0.5063981032406126,,
2024-07-22 14:44:13,hf_ctgan_syn_150000_2,1500,0.1,8,7.0,4,0.9995853489979268,0.9651674896570132,0.5714285714285714,0.9820749592612712,0.742646806903529,0.5732399371346826,0.0,0.0,0.9939300960512272,0.0,0.0,0.0,0.0074812967581047,0.6,0.973457819273091,0.0147783251231527,0.7642477946084336,0.5622619655034504,0.0,0.0,0.9974664977665176,0.0,0.0,0.0,0.9986548964377814,0.9644666666666668,0.5718163178527409,0.981163282074335,0.7422084191486219,0.5728923338485247,,
2024-07-22 14:44:34,hf_ctgan_syn_150000_2,1500,0.1,8,9.0,4,0.999516073280332,0.96476711597491,0.5,0.9818342331330008,0.6945383776203119,0.5048031594914094,0.0,0.0,0.9939300960512272,0.0,0.0,0.0,0.0049751243781094,0.4,0.9733244414804936,0.0098280098280098,0.6239629609137047,0.3670085489205527,0.0,0.0,0.997199813320888,0.0,0.0,0.0,0.9985848499867296,0.964,0.5004543508526089,0.9809211305186858,0.6940981294548374,0.5044543460588576,,
2024-07-22 14:44:55,hf_ctgan_syn_150000_2,1500,0.1,10,1.0,4,0.9995193298084186,0.9713065527825973,0.5,0.985211005448577,0.6968882811407425,0.5085424335456543,0.0,0.0,0.9952641408751334,0.0,0.0,0.0,0.0056338028169014,0.4,0.9764588196065356,0.0111111111111111,0.6249668213934354,0.3680679959008232,0.0,0.0,0.9992666177745184,0.0,0.0,0.0,0.9985883230348698,0.9705333333333334,0.5004562449228539,0.9842951788805284,0.6964461743521423,0.5081904832729787,,
2024-07-22 14:45:21,hf_ctgan_syn_150000_2,1500,0.1,10,3.0,4,0.999586577551161,0.9680368343787537,0.5714285714285714,0.9835587647038884,0.7437498943591775,0.5751028429224163,0.0,0.0,0.9945971184631804,0.0,0.0,0.0,0.0077120822622107,0.6,0.9742580860286764,0.015228426395939,0.7645618690578322,0.5626774136227025,0.0,0.0,0.9988665911060738,0.0,0.0,0.0,0.9986562007728672,0.9673333333333334,0.5718170336931683,0.98264585266563,0.7433105817474616,0.5747536394068963,,
2024-07-22 14:45:44,hf_ctgan_syn_150000_2,1500,0.1,10,5.0,4,0.999586947542338,0.9689043106899772,0.5714285714285714,0.9840065058281376,0.744083063984498,0.5756662322322763,0.0,0.0,0.9950640341515476,0.0,0.0,0.0,0.0078947368421052,0.6,0.9748582860953652,0.0155844155844155,0.7647973402524483,0.5629889492785247,0.0,0.0,0.9986665777718514,0.0,0.0,0.0,0.9986566313035792,0.9682,0.5718174694473355,0.9830932945612264,0.7436435189048632,0.5753166067319524,,
2024-07-22 14:46:11,hf_ctgan_syn_150000_2,1500,0.1,10,7.0,4,0.9995173412397436,0.967302815961564,0.5,0.9831462579266844,0.6954505072115356,0.5062525744701015,0.0,0.0,0.9941302027748132,0.0,0.0,0.0,0.0051679586563307,0.4,0.974324774924975,0.010204081632653,0.6242835172980222,0.3673467556874855,0.0,0.0,0.9985332355490366,0.0,0.0,0.0,0.9985861810408052,0.9665333333333334,0.5004548799154915,0.9822320561131638,0.6950095145772375,0.5059025209858252,,
2024-07-22 14:46:39,hf_ctgan_syn_150000_2,1500,0.1,10,9.0,4,0.999586178357128,0.9671026291205124,0.5714285714285714,0.9830761404103782,0.7433909293118595,0.5744962121527876,0.0,0.0,0.9941969050160084,0.0,0.0,0.0,0.0077519379844961,0.6,0.9743914638212736,0.0153061224489795,0.7646142022567748,0.5627466475042641,0.0,0.0,0.9981998799919994,0.0,0.0,0.0,0.998655815236656,0.9664,0.5718168202578532,0.9821637047201448,0.7429519691785873,0.5741475979039463,,
2024-07-22 14:47:05,hf_ctgan_syn_150000_2,1000,0.1,2,1.0,4,0.9995888439662852,0.9733751501401308,0.5714285714285714,0.9863078535447448,0.7457978087314592,0.5785712178744562,0.0,0.0,0.9973986125933832,0.0,0.0,0.0,0.0059880239520958,0.4,0.9778592864288096,0.0117994100294985,0.6254148339874294,0.3685411117921823,0.0,0.0,0.9977331822121476,0.0,0.0,0.0,0.9986578903865674,0.9726,0.5718196526629116,0.9853912326847796,0.7453102023879723,0.5781540651083706,,
2024-07-22 14:47:31,hf_ctgan_syn_150000_2,1000,0.1,2,3.0,4,0.9995888157894736,0.9733084211931136,0.5714285714285714,0.9862735817161404,0.7457722445101984,0.5785278430865592,0.0,0.0,0.9971985058697972,0.0,0.0,0.0,0.0059701492537313,0.4,0.9777925975325108,0.0117647058823529,0.6253935073319872,0.3685185860219495,0.0,0.0,0.9979331955463696,0.0,0.0,0.0,0.9986578562778212,0.9725333333333334,0.5718195370439159,0.9853569812751662,0.7452846549177662,0.5781107232950191,,
2024-07-22 14:48:02,hf_ctgan_syn_150000_2,1000,0.1,2,5.0,4,0.9995887312358628,0.973108234352062,0.5714285714285714,0.9861707523245984,0.7456955465880014,0.5783977217761844,0.0,0.0,0.9973986125933832,0.0,0.0,0.0,0.0059347181008902,0.4,0.9776592197399132,0.0116959064327485,0.6253508518391618,0.3684735334141057,0.0,0.0,0.99766651110074,0.0,0.0,0.0,0.9986577599927428,0.9723333333333334,0.5718195815292745,0.9852542249245728,0.745208014361799,0.5779807084136647,,
2024-07-22 14:48:27,hf_ctgan_syn_150000_2,1000,0.1,2,7.0,4,0.9995892942706552,0.9744428132924062,0.5714285714285714,0.9868558878188884,0.7462067171625553,0.5792652836893007,0.0,0.0,0.9973986125933832,0.0,0.0,0.0,0.0061538461538461,0.4,0.9784594864954984,0.0121212121212121,0.625606741170681,0.3687438277136061,0.0,0.0,0.9981998799919994,0.0,0.0,0.0,0.9986583955447204,0.9736666666666668,0.5718198838427858,0.9859388627276312,0.7457187931402605,0.5788475507004286,,
2024-07-22 14:48:55,hf_ctgan_syn_150000_2,1000,0.1,2,9.0,4,0.99958909738392,0.9739757106632856,0.5714285714285714,0.9866161957550358,0.7460278473022632,0.5789616138653978,0.0,0.0,0.9974653148345785,0.0,0.0,0.0,0.006060606060606,0.4,0.9781260420140048,0.0119402985074626,0.6255001333377971,0.3686312113151866,0.0,0.0,0.9979998666577772,0.0,0.0,0.0,0.9986581677617152,0.9732,0.5718197949349316,0.9856993340718336,0.7455400546892271,0.5785441267628951,,
2024-07-22 14:49:14,hf_ctgan_syn_150000_2,1000,0.1,4,1.0,4,0.99958674839865,0.9684372080608568,0.5714285714285714,0.983765463480766,0.743903683497057,0.5753628580711306,0.0,0.0,0.996264674493063,0.0,0.0,0.0,0.0051413881748071,0.4,0.9741913971323776,0.0101522842639593,0.624240785957591,0.3673016660771996,0.0,0.0,0.9975998399893328,0.0,0.0,0.0,0.9986555145628696,0.9676666666666668,0.5718178163766777,0.982850666476272,0.7434174536544456,0.5749482866256233,,
2024-07-22 14:49:35,hf_ctgan_syn_150000_2,1000,0.1,4,3.0,4,0.9995874587458746,0.9701054317362872,0.5714285714285714,0.9846258042668472,0.7445441296472386,0.576446451717426,0.0,0.0,0.9957310565635006,0.0,0.0,0.0,0.005524861878453,0.4,0.975991997332444,0.0108991825613079,0.624817412475819,0.3679102557360179,0.0,0.0,0.9979998666577772,0.0,0.0,0.0,0.9986563520716714,0.9693333333333334,0.5718181586489599,0.9837104532437188,0.7440574942637264,0.5760310717810684,,
2024-07-22 14:50:01,hf_ctgan_syn_150000_2,1000,0.1,4,5.0,4,0.9995853203400372,0.965100760709996,0.5714285714285714,0.9820404006111016,0.7426211342112077,0.5731966249397618,0.0,0.0,0.9949306296691568,0.0,0.0,0.0,0.0075757575757575,0.6,0.9737912637545848,0.0149625935162094,0.7643786746454606,0.5624350782260309,0.0,0.0,0.9960664044269618,0.0,0.0,0.0,0.9986548992935784,0.9644,0.5718168692792749,0.9811288171017032,0.742182814044159,0.57284911978256,,
2024-07-22 14:50:29,hf_ctgan_syn_150000_2,1000,0.1,4,7.0,4,0.9995848899958488,0.9640998265047378,0.5714285714285714,0.9815217391304348,0.7422359372693671,0.572547003082269,0.0,0.0,0.994263607257204,0.0,0.0,0.0,0.0074257425742574,0.6,0.9732577525841948,0.0146699266503667,0.7641692558265589,0.5621580914656336,0.0,0.0,0.996266417761184,0.0,0.0,0.0,0.9986544193460444,0.9634,0.5718163490311541,0.9806105421494632,0.7417979068131912,0.5722000119098808,,
2024-07-22 14:50:53,hf_ctgan_syn_150000_2,1000,0.1,4,9.0,4,0.9995853203400372,0.965100760709996,0.5714285714285714,0.9820404006111016,0.7426211342112077,0.5731966249397618,0.0,0.0,0.995397545357524,0.0,0.0,0.0,0.0072992700729927,0.6,0.9727909303101032,0.0144230769230769,0.7639859672703825,0.56191570003161,0.0,0.0,0.9965997733182212,0.0,0.0,0.0,0.9986548071310776,0.9644,0.5718168204144198,0.9811286372628388,0.7421826831417007,0.5728489466564952,,
2024-07-22 14:51:11,hf_ctgan_syn_150000_2,1000,0.1,8,1.0,4,0.9995168081728446,0.9662351528092886,0.5,0.9825942387948292,0.6950665985390496,0.5056422161106316,0.0,0.0,0.9944637139807898,0.0,0.0,0.0,0.005,0.4,0.973457819273091,0.0098765432098765,0.6240057112793411,0.367053647781449,0.0,0.0,0.9979998666577772,0.0,0.0,0.0,0.9985855924852166,0.9654666666666668,0.5004547332449912,0.9816804430196908,0.6946258716175063,0.5052926345915222,,
2024-07-22 14:51:31,hf_ctgan_syn_150000_2,1000,0.1,8,3.0,4,0.99951684152402,0.966301881756306,0.5,0.9826287575490262,0.6950905990431413,0.5056803601685342,0.0,0.0,0.9946638207043756,0.0,0.0,0.0,0.0048780487804878,0.4,0.9727909303101032,0.0096385542168674,0.6237919301530289,0.3668281392452591,0.0,0.0,0.9985332355490366,0.0,0.0,0.0,0.9985855851548576,0.9655333333333334,0.5004546532301823,0.9817148502267192,0.6946497784607519,0.505330667878792,,
2024-07-22 14:51:51,hf_ctgan_syn_150000_2,1000,0.1,8,5.0,4,0.99951777349132,0.968170292272788,0.5,0.9835943325876212,0.6957622770288671,0.506748574571553,0.0,0.0,0.9946638207043756,0.0,0.0,0.0,0.0052493438320209,0.4,0.9747249083027676,0.0103626943005181,0.6244116937735127,0.3674820159793177,0.0,0.0,0.9984665644376292,0.0,0.0,0.0,0.9985866400173388,0.9674,0.5004552934447725,0.9826797654419728,0.6953210361348979,0.5063981032406126,,
2024-07-22 14:52:14,hf_ctgan_syn_150000_2,1000,0.1,8,7.0,4,0.9995853489979268,0.9651674896570132,0.5714285714285714,0.9820749592612712,0.742646806903529,0.5732399371346826,0.0,0.0,0.9939300960512272,0.0,0.0,0.0,0.0074812967581047,0.6,0.973457819273091,0.0147783251231527,0.7642477946084336,0.5622619655034504,0.0,0.0,0.9974664977665176,0.0,0.0,0.0,0.9986548964377814,0.9644666666666668,0.5718163178527409,0.981163282074335,0.7422084191486219,0.5728923338485247,,
2024-07-22 14:52:36,hf_ctgan_syn_150000_2,1000,0.1,8,9.0,4,0.999516073280332,0.96476711597491,0.5,0.9818342331330008,0.6945383776203119,0.5048031594914094,0.0,0.0,0.9939300960512272,0.0,0.0,0.0,0.0049751243781094,0.4,0.9733244414804936,0.0098280098280098,0.6239629609137047,0.3670085489205527,0.0,0.0,0.997199813320888,0.0,0.0,0.0,0.9985848499867296,0.964,0.5004543508526089,0.9809211305186858,0.6940981294548374,0.5044543460588576,,
2024-07-22 14:52:58,hf_ctgan_syn_150000_2,1000,0.1,10,1.0,4,0.9995193298084186,0.9713065527825973,0.5,0.985211005448577,0.6968882811407425,0.5085424335456543,0.0,0.0,0.9952641408751334,0.0,0.0,0.0,0.0056338028169014,0.4,0.9764588196065356,0.0111111111111111,0.6249668213934354,0.3680679959008232,0.0,0.0,0.9992666177745184,0.0,0.0,0.0,0.9985883230348698,0.9705333333333334,0.5004562449228539,0.9842951788805284,0.6964461743521423,0.5081904832729787,,
2024-07-22 14:53:21,hf_ctgan_syn_150000_2,1000,0.1,10,3.0,4,0.999586577551161,0.9680368343787537,0.5714285714285714,0.9835587647038884,0.7437498943591775,0.5751028429224163,0.0,0.0,0.9945971184631804,0.0,0.0,0.0,0.0077120822622107,0.6,0.9742580860286764,0.015228426395939,0.7645618690578322,0.5626774136227025,0.0,0.0,0.9988665911060738,0.0,0.0,0.0,0.9986562007728672,0.9673333333333334,0.5718170336931683,0.98264585266563,0.7433105817474616,0.5747536394068963,,
2024-07-22 14:53:46,hf_ctgan_syn_150000_2,1000,0.1,10,5.0,4,0.999586947542338,0.9689043106899772,0.5714285714285714,0.9840065058281376,0.744083063984498,0.5756662322322763,0.0,0.0,0.9950640341515476,0.0,0.0,0.0,0.0078947368421052,0.6,0.9748582860953652,0.0155844155844155,0.7647973402524483,0.5629889492785247,0.0,0.0,0.9986665777718514,0.0,0.0,0.0,0.9986566313035792,0.9682,0.5718174694473355,0.9830932945612264,0.7436435189048632,0.5753166067319524,,
2024-07-22 14:54:11,hf_ctgan_syn_150000_2,1000,0.1,10,7.0,4,0.9995173412397436,0.967302815961564,0.5,0.9831462579266844,0.6954505072115356,0.5062525744701015,0.0,0.0,0.9941302027748132,0.0,0.0,0.0,0.0051679586563307,0.4,0.974324774924975,0.010204081632653,0.6242835172980222,0.3673467556874855,0.0,0.0,0.9985332355490366,0.0,0.0,0.0,0.9985861810408052,0.9665333333333334,0.5004548799154915,0.9822320561131638,0.6950095145772375,0.5059025209858252,,
2024-07-22 14:54:38,hf_ctgan_syn_150000_2,1000,0.1,10,9.0,4,0.999586178357128,0.9671026291205124,0.5714285714285714,0.9830761404103782,0.7433909293118595,0.5744962121527876,0.0,0.0,0.9941969050160084,0.0,0.0,0.0,0.0077519379844961,0.6,0.9743914638212736,0.0153061224489795,0.7646142022567748,0.5627466475042641,0.0,0.0,0.9981998799919994,0.0,0.0,0.0,0.998655815236656,0.9664,0.5718168202578532,0.9821637047201448,0.7429519691785873,0.5741475979039463,,
2024-07-22 14:54:48,hf_ctgan_syn_150000_2,100,0.01,2,1.0,4,0.999526675231591,0.986387294808488,0.5,0.9929135180520572,0.7022774718045881,0.5171819598020122,0.0,0.0,1.0,0.0,0.0,0.0,0.0142180094786729,0.6,0.9861287095698568,0.0277777777777777,0.769205580935236,0.5688308693761541,0.0,0.0,1.0,0.0,0.0,0.0,0.9985985230045344,0.9856666666666668,0.50046204290319,0.9919960580278012,0.7018784146912156,0.5168888669293223,,
2024-07-22 14:54:58,hf_ctgan_syn_150000_2,100,0.01,2,3.0,4,0.999526675231591,0.986387294808488,0.5,0.9929135180520572,0.7022774718045881,0.5171819598020122,0.0,0.0,1.0,0.0,0.0,0.0,0.0142180094786729,0.6,0.9861287095698568,0.0277777777777777,0.769205580935236,0.5688308693761541,0.0,0.0,1.0,0.0,0.0,0.0,0.9985985230045344,0.9856666666666668,0.50046204290319,0.9919960580278012,0.7018784146912156,0.5168888669293223,,
2024-07-22 14:55:07,hf_ctgan_syn_150000_2,100,0.01,2,5.0,4,0.999526675231591,0.986387294808488,0.5,0.9929135180520572,0.7022774718045881,0.5171819598020122,0.0,0.0,1.0,0.0,0.0,0.0,0.0142180094786729,0.6,0.9861287095698568,0.0277777777777777,0.769205580935236,0.5688308693761541,0.0,0.0,1.0,0.0,0.0,0.0,0.9985985230045344,0.9856666666666668,0.50046204290319,0.9919960580278012,0.7018784146912156,0.5168888669293223,,
2024-07-22 14:55:16,hf_ctgan_syn_150000_2,100,0.01,2,7.0,4,0.999526675231591,0.986387294808488,0.5,0.9929135180520572,0.7022774718045881,0.5171819598020122,0.0,0.0,1.0,0.0,0.0,0.0,0.0142180094786729,0.6,0.9861287095698568,0.0277777777777777,0.769205580935236,0.5688308693761541,0.0,0.0,1.0,0.0,0.0,0.0,0.9985985230045344,0.9856666666666668,0.50046204290319,0.9919960580278012,0.7018784146912156,0.5168888669293223,,
2024-07-22 14:55:26,hf_ctgan_syn_150000_2,100,0.01,2,9.0,4,0.999526675231591,0.986387294808488,0.5,0.9929135180520572,0.7022774718045881,0.5171819598020122,0.0,0.0,1.0,0.0,0.0,0.0,0.0142180094786729,0.6,0.9861287095698568,0.0277777777777777,0.769205580935236,0.5688308693761541,0.0,0.0,1.0,0.0,0.0,0.0,0.9985985230045344,0.9856666666666668,0.50046204290319,0.9919960580278012,0.7018784146912156,0.5168888669293223,,
2024-07-22 14:55:36,hf_ctgan_syn_150000_2,100,0.01,4,1.0,4,0.9995268671848596,0.9867876684905912,0.5,0.993116416507169,0.7024199842297311,0.5174116376672857,0.0,0.0,1.0,0.0,0.0,0.0,0.0146341463414634,0.6,0.9865288429476492,0.0285714285714285,0.7693616222353371,0.5690379946366473,0.0,0.0,1.0,0.0,0.0,0.0,0.9985988534909344,0.9860666666666666,0.5004621762809826,0.992199031661286,0.7020208461185284,0.5171183994703418,,
2024-07-22 14:55:45,hf_ctgan_syn_150000_2,100,0.01,4,3.0,4,0.9995268671848596,0.9867876684905912,0.5,0.993116416507169,0.7024199842297311,0.5174116376672857,0.0,0.0,1.0,0.0,0.0,0.0,0.0146341463414634,0.6,0.9865288429476492,0.0285714285714285,0.7693616222353371,0.5690379946366473,0.0,0.0,1.0,0.0,0.0,0.0,0.9985988534909344,0.9860666666666666,0.5004621762809826,0.992199031661286,0.7020208461185284,0.5171183994703418,,
2024-07-22 14:55:55,hf_ctgan_syn_150000_2,100,0.01,4,5.0,4,0.9995268671848596,0.9867876684905912,0.5,0.993116416507169,0.7024199842297311,0.5174116376672857,0.0,0.0,1.0,0.0,0.0,0.0,0.0146341463414634,0.6,0.9865288429476492,0.0285714285714285,0.7693616222353371,0.5690379946366473,0.0,0.0,1.0,0.0,0.0,0.0,0.9985988534909344,0.9860666666666666,0.5004621762809826,0.992199031661286,0.7020208461185284,0.5171183994703418,,
2024-07-22 14:56:04,hf_ctgan_syn_150000_2,100,0.01,4,7.0,4,0.9995268671848596,0.9867876684905912,0.5,0.993116416507169,0.7024199842297311,0.5174116376672857,0.0,0.0,1.0,0.0,0.0,0.0,0.0146341463414634,0.6,0.9865288429476492,0.0285714285714285,0.7693616222353371,0.5690379946366473,0.0,0.0,1.0,0.0,0.0,0.0,0.9985988534909344,0.9860666666666666,0.5004621762809826,0.992199031661286,0.7020208461185284,0.5171183994703418,,
2024-07-22 14:56:13,hf_ctgan_syn_150000_2,100,0.01,4,9.0,4,0.9995268671848596,0.9867876684905912,0.5,0.993116416507169,0.7024199842297311,0.5174116376672857,0.0,0.0,1.0,0.0,0.0,0.0,0.0146341463414634,0.6,0.9865288429476492,0.0285714285714285,0.7693616222353371,0.5690379946366473,0.0,0.0,1.0,0.0,0.0,0.0,0.9985988534909344,0.9860666666666666,0.5004621762809826,0.992199031661286,0.7020208461185284,0.5171183994703418,,
2024-07-22 14:56:28,hf_ctgan_syn_150000_2,100,0.01,8,1.0,4,0.9995269950672344,0.98705458427866,0.5,0.9932516367298976,0.7025149764519829,0.5175647651496396,0.0,0.0,0.999132870864461,0.0,0.0,0.0,0.0106382978723404,0.4,0.9875958652884296,0.0207253886010362,0.6285207602898824,0.3718260562345946,0.0,0.0,1.0,0.0,0.0,0.0,0.9985976493044624,0.9862666666666666,0.500462069486224,0.9923315103318168,0.7020688027273909,0.5172056467209114,,
2024-07-22 14:56:42,hf_ctgan_syn_150000_2,100,0.01,8,3.0,4,0.999526963103122,0.9869878553316428,0.5,0.9932178350792372,0.7024912296006417,0.5175264826111382,0.0,0.0,0.9990661686232656,0.0,0.0,0.0,0.0106382978723404,0.4,0.9875958652884296,0.0207253886010362,0.6285207602898824,0.3718260562345946,0.0,0.0,1.0,0.0,0.0,0.0,0.9985976173701832,0.9862,0.5004620339116952,0.9922977402293636,0.7020450780397777,0.5171673999127793,,
2024-07-22 14:56:56,hf_ctgan_syn_150000_2,100,0.01,8,5.0,4,0.999526963103122,0.9869878553316428,0.5,0.9932178350792372,0.7024912296006417,0.5175264826111382,0.0,0.0,0.9990661686232656,0.0,0.0,0.0,0.0106382978723404,0.4,0.9875958652884296,0.0207253886010362,0.6285207602898824,0.3718260562345946,0.0,0.0,1.0,0.0,0.0,0.0,0.9985976173701832,0.9862,0.5004620339116952,0.9922977402293636,0.7020450780397777,0.5171673999127793,,
2024-07-22 14:57:11,hf_ctgan_syn_150000_2,100,0.01,8,7.0,4,0.999526963103122,0.9869878553316428,0.5,0.9932178350792372,0.7024912296006417,0.5175264826111382,0.0,0.0,0.9990661686232656,0.0,0.0,0.0,0.0106382978723404,0.4,0.9875958652884296,0.0207253886010362,0.6285207602898824,0.3718260562345946,0.0,0.0,1.0,0.0,0.0,0.0,0.9985976173701832,0.9862,0.5004620339116952,0.9922977402293636,0.7020450780397777,0.5171673999127793,,
2024-07-22 14:57:26,hf_ctgan_syn_150000_2,100,0.01,8,9.0,4,0.999526963103122,0.9869878553316428,0.5,0.9932178350792372,0.7024912296006417,0.5175264826111382,0.0,0.0,0.9990661686232656,0.0,0.0,0.0,0.0106382978723404,0.4,0.9875958652884296,0.0207253886010362,0.6285207602898824,0.3718260562345946,0.0,0.0,1.0,0.0,0.0,0.0,0.9985976173701832,0.9862,0.5004620339116952,0.9922977402293636,0.7020450780397777,0.5171673999127793,,
2024-07-22 14:57:46,hf_ctgan_syn_150000_2,100,0.01,10,1.0,4,0.999525777386356,0.9845188842920058,0.5,0.9919655763606414,0.7016120310727311,0.5161103417150816,0.0,0.0,0.998665955176094,0.0,0.0,0.0,0.0091324200913242,0.4,0.9855285095031676,0.0178571428571428,0.6278625676063728,0.3711292022315763,0.0,0.0,1.0,0.0,0.0,0.0,0.9985959308008258,0.9837333333333332,0.5004611313459283,0.9910456942036572,0.7011664806995986,0.5157523484635581,,
2024-07-22 14:58:04,hf_ctgan_syn_150000_2,100,0.01,10,3.0,4,0.9995259379655966,0.984852529027092,0.5,0.9921349825221836,0.701730906055552,0.5163016764844215,0.0,0.0,0.998465848452508,0.0,0.0,0.0,0.0094786729857819,0.4,0.986062020673558,0.0185185185185185,0.6280324898199321,0.3713090682556072,0.0,0.0,1.0,0.0,0.0,0.0,0.998596206647824,0.9840666666666666,0.5004612024593992,0.9912151627113356,0.7012853013731735,0.5159435646091213,,
2024-07-22 14:58:25,hf_ctgan_syn_150000_2,100,0.01,10,5.0,4,0.9995261625939214,0.9853196316562124,0.5,0.992372055512618,0.7018972972081502,0.5165695638630576,0.0,0.0,0.9987326574172892,0.0,0.0,0.0,0.0096153846153846,0.4,0.986262087362454,0.0187793427230046,0.6280961987983861,0.3713765121440391,0.0,0.0,1.0,0.0,0.0,0.0,0.9985964766370388,0.9845333333333334,0.50046141144641,0.9914521013750472,0.7014515584636887,0.5162112244408334,,
2024-07-22 14:58:44,hf_ctgan_syn_150000_2,100,0.01,10,7.0,4,0.9995261625939214,0.9853196316562124,0.5,0.992372055512618,0.7018972972081502,0.5165695638630576,0.0,0.0,0.9987326574172892,0.0,0.0,0.0,0.0096153846153846,0.4,0.986262087362454,0.0187793427230046,0.6280961987983861,0.3713765121440391,0.0,0.0,1.0,0.0,0.0,0.0,0.9985964766370388,0.9845333333333334,0.50046141144641,0.9914521013750472,0.7014515584636887,0.5162112244408334,,
2024-07-22 14:59:02,hf_ctgan_syn_150000_2,100,0.01,10,9.0,4,0.9995262587980508,0.985519818497264,0.5,0.9924736240844028,0.7019685956284882,0.5166843794187445,0.0,0.0,0.998665955176094,0.0,0.0,0.0,0.0098039215686274,0.4,0.9865288429476492,0.0191387559808612,0.6281811340521615,0.371466432347517,0.0,0.0,1.0,0.0,0.0,0.0,0.9985966355970288,0.9847333333333332,0.5004614647904098,0.9915536949539177,0.7015228186505857,0.5163259628087362,,
2024-07-22 14:59:22,hf_ctgan_syn_150000_2,500,0.01,2,1.0,4,0.9995269950672344,0.98705458427866,0.5,0.9932516367298976,0.7025149764519829,0.5175647651496396,0.0,0.0,1.0,0.0,0.0,0.0,0.0149253731343283,0.6,0.9867955985328444,0.029126213592233,0.7694656321887979,0.5691760674698613,0.0,0.0,1.0,0.0,0.0,0.0,0.9985990783295496,0.9863333333333332,0.500462265199511,0.9923343106068138,0.7021157843513574,0.5172714300579899,,
2024-07-22 14:59:41,hf_ctgan_syn_150000_2,500,0.01,2,3.0,4,0.9995269950672344,0.98705458427866,0.5,0.9932516367298976,0.7025149764519829,0.5175647651496396,0.0,0.0,1.0,0.0,0.0,0.0,0.0149253731343283,0.6,0.9867955985328444,0.029126213592233,0.7694656321887979,0.5691760674698613,0.0,0.0,1.0,0.0,0.0,0.0,0.9985990783295496,0.9863333333333332,0.500462265199511,0.9923343106068138,0.7021157843513574,0.5172714300579899,,
2024-07-22 15:00:02,hf_ctgan_syn_150000_2,500,0.01,2,5.0,4,0.9995271548230208,0.987388229013746,0.5,0.9934206109432694,0.7026336986701343,0.5177561845212744,0.0,0.0,1.0,0.0,0.0,0.0,0.0153061224489795,0.6,0.987129043014338,0.0298507462686567,0.7695956248632153,0.5693486465033749,0.0,0.0,1.0,0.0,0.0,0.0,0.998599364852669,0.9866666666666668,0.5004623763476714,0.992503368621812,0.7022344390929967,0.517462728297889,,
2024-07-22 15:00:21,hf_ctgan_syn_150000_2,500,0.01,2,7.0,4,0.9995269950672344,0.98705458427866,0.5,0.9932516367298976,0.7025149764519829,0.5175647651496396,0.0,0.0,1.0,0.0,0.0,0.0,0.0149253731343283,0.6,0.9867955985328444,0.029126213592233,0.7694656321887979,0.5691760674698613,0.0,0.0,1.0,0.0,0.0,0.0,0.9985990783295496,0.9863333333333332,0.500462265199511,0.9923343106068138,0.7021157843513574,0.5172714300579899,,
2024-07-22 15:00:39,hf_ctgan_syn_150000_2,500,0.01,2,9.0,4,0.999526963103122,0.9869878553316428,0.5,0.9932178350792372,0.7024912296006417,0.5175264826111382,0.0,0.0,1.0,0.0,0.0,0.0,0.0148514851485148,0.6,0.9867289096365456,0.0289855072463768,0.7694396310185272,0.5691415500620913,0.0,0.0,1.0,0.0,0.0,0.0,0.998599021765942,0.9862666666666666,0.5004622429698788,0.9923004936022454,0.7020920509966873,0.5172331717440551,,
2024-07-22 15:00:58,hf_ctgan_syn_150000_2,500,0.01,4,1.0,4,0.9995268991619356,0.9868543974376084,0.5,0.9931502249681016,0.7024437334895971,0.5174499188699612,0.0,0.0,0.9992662753468516,0.0,0.0,0.0,0.0103626943005181,0.4,0.9872624208069356,0.0202020202020202,0.6284146468079609,0.3717136835541824,0.0,0.0,1.0,0.0,0.0,0.0,0.998597461620818,0.9860666666666666,0.5004620294871206,0.9922300187648652,0.7019975908872761,0.5170908701735338,,
2024-07-22 15:01:19,hf_ctgan_syn_150000_2,500,0.01,4,3.0,4,0.9995268991619356,0.9868543974376084,0.5,0.9931502249681016,0.7024437334895971,0.5174499188699612,0.0,0.0,0.9994663820704376,0.0,0.0,0.0,0.010204081632653,0.4,0.9870623541180392,0.0199004975124378,0.6283509701171915,0.3716462556764225,0.0,0.0,1.0,0.0,0.0,0.0,0.9985974087499287,0.9860666666666666,0.5004620695218103,0.992229918257302,0.7019975696617125,0.5170908476975746,,
2024-07-22 15:01:41,hf_ctgan_syn_150000_2,500,0.01,4,5.0,4,0.9995268991619356,0.9868543974376084,0.5,0.9931502249681016,0.7024437334895971,0.5174499188699612,0.0,0.0,0.9994663820704376,0.0,0.0,0.0,0.010204081632653,0.4,0.9870623541180392,0.0199004975124378,0.6283509701171915,0.3716462556764225,0.0,0.0,1.0,0.0,0.0,0.0,0.9985974087499287,0.9860666666666666,0.5004620695218103,0.992229918257302,0.7019975696617125,0.5170908476975746,,
2024-07-22 15:02:05,hf_ctgan_syn_150000_2,500,0.01,4,7.0,4,0.9995268991619356,0.9868543974376084,0.5,0.9931502249681016,0.7024437334895971,0.5174499188699612,0.0,0.0,0.9995997865528282,0.0,0.0,0.0,0.0101010101010101,0.4,0.986928976325442,0.0197044334975369,0.6283085154047944,0.3716013019789524,0.0,0.0,1.0,0.0,0.0,0.0,0.9985973743927516,0.9860666666666666,0.5004620962116033,0.9922298529026304,0.7019975555101418,0.5170908327130088,,
2024-07-22 15:02:28,hf_ctgan_syn_150000_2,500,0.01,4,9.0,4,0.9995268991619356,0.9868543974376084,0.5,0.9931502249681016,0.7024437334895971,0.5174499188699612,0.0,0.0,0.9995997865528282,0.0,0.0,0.0,0.0101010101010101,0.4,0.986928976325442,0.0197044334975369,0.6283085154047944,0.3716013019789524,0.0,0.0,1.0,0.0,0.0,0.0,0.9985973743927516,0.9860666666666666,0.5004620962116033,0.9922298529026304,0.7019975555101418,0.5170908327130088,,
2024-07-22 15:03:11,hf_ctgan_syn_150000_2,500,0.01,8,1.0,4,0.9995233555767398,0.9795142132657146,0.5,0.9894176327851172,0.6998264832319918,0.513241656000692,0.0,0.0,0.9977321237993596,0.0,0.0,0.0,0.0071428571428571,0.4,0.9814604868289428,0.0140350877192982,0.6265653954150174,0.36975697503258,0.0,0.0,1.0,0.0,0.0,0.0,0.9985928480639158,0.9787333333333332,0.5004592772949693,0.9884988546904244,0.699382166979447,0.5128858827801023,,
2024-07-22 15:03:56,hf_ctgan_syn_150000_2,500,0.01,8,3.0,4,0.9995235502314184,0.979914586947818,0.5,0.989621942179392,0.6999694946738101,0.5134710586858693,0.0,0.0,0.9980656350053362,0.0,0.0,0.0,0.007168458781362,0.4,0.9815271757252416,0.0140845070422535,0.6265866821837954,0.3697794812342138,0.0,0.0,1.0,0.0,0.0,0.0,0.9985930510707962,0.9791333333333332,0.5004594773972446,0.9887029898690388,0.6995250520395092,0.5131150788581739,,
2024-07-22 15:04:41,hf_ctgan_syn_150000_2,500,0.01,8,5.0,4,0.999523841915516,0.9805151474709728,0.5,0.989928251423182,0.7001839570680597,0.5138151927697133,0.0,0.0,0.9985992529348986,0.0,0.0,0.0,0.0071942446043165,0.4,0.9815938646215404,0.0141342756183745,0.6266079682294314,0.3698019870800548,0.0,0.0,1.0,0.0,0.0,0.0,0.9985933510779296,0.9797333333333332,0.5004597842231058,0.9890090298137264,0.6997393213642059,0.5134588992521549,,
2024-07-22 15:05:24,hf_ctgan_syn_150000_2,500,0.01,8,7.0,4,0.9995239390642002,0.9807153343120244,0.5,0.99003031323678,0.7002554299368283,0.513929912145949,0.0,0.0,0.9985992529348986,0.0,0.0,0.0,0.0072727272727272,0.4,0.9817939313104368,0.0142857142857142,0.6266718220282246,0.3698695024828216,0.0,0.0,1.0,0.0,0.0,0.0,0.9985934742968312,0.9799333333333332,0.5004598509120021,0.9891110468491876,0.6998107488095633,0.513573534062107,,
2024-07-22 15:06:06,hf_ctgan_syn_150000_2,500,0.01,8,9.0,4,0.9995240361732508,0.9809155211530762,0.5,0.9901323544269692,0.7003268955113305,0.5140446355296617,0.0,0.0,0.9985992529348986,0.0,0.0,0.0,0.0073529411764705,0.4,0.9819939979993332,0.0144404332129963,0.626735669321392,0.369937014683454,0.0,0.0,1.0,0.0,0.0,0.0,0.9985935980532146,0.9801333333333332,0.5004599176008985,0.9892130443739086,0.6998821689652938,0.5136881728747286,,
2024-07-22 15:07:21,hf_ctgan_syn_150000_2,500,0.01,10,1.0,4,0.999522053803086,0.976845055385026,0.5,0.988053455723542,0.6988723257452057,0.5117127144193961,0.0,0.0,0.9973986125933832,0.0,0.0,0.0,0.0063492063492063,0.4,0.979126375458486,0.0125,0.6258199023548184,0.3689690338259914,0.0,0.0,1.0,0.0,0.0,0.0,0.9985912829549864,0.9760666666666666,0.5004583213852026,0.9871354391648668,0.6984286515419619,0.5113581055638801,,
2024-07-22 15:08:33,hf_ctgan_syn_150000_2,500,0.01,10,3.0,4,0.9995222821265268,0.9773121580141464,0.5,0.988292452511893,0.699039397321119,0.511980227766833,0.0,0.0,0.9975320170757738,0.0,0.0,0.0,0.0064516129032258,0.4,0.97945981993998,0.0126984126984126,0.6259264557246259,0.3690816235399574,0.0,0.0,1.0,0.0,0.0,0.0,0.9985915452008431,0.9765333333333334,0.5004585036824204,0.9873742790271148,0.6985956027021942,0.5116254067620973,,
2024-07-22 15:09:49,hf_ctgan_syn_150000_2,500,0.01,10,5.0,4,0.9995226730310264,0.9781129053783532,0.5,0.9887018987555226,0.6993257128757505,0.512438872838102,0.0,0.0,0.9974653148345785,0.0,0.0,0.0,0.0067340067340067,0.4,0.980326775591864,0.0132450331125827,0.6262034096335996,0.3693743151685218,0.0,0.0,1.0,0.0,0.0,0.0,0.9985920298717752,0.9773333333333334,0.500458757093109,0.9877835253277216,0.6988817433469444,0.5120837213285093,,
2024-07-22 15:11:02,hf_ctgan_syn_150000_2,500,0.01,10,7.0,4,0.9995226730310264,0.9781129053783532,0.5,0.9887018987555226,0.6993257128757505,0.512438872838102,0.0,0.0,0.9976654215581644,0.0,0.0,0.0,0.0066666666666666,0.4,0.9801267089029676,0.0131147540983606,0.6261395080660436,0.369306776283436,0.0,0.0,1.0,0.0,0.0,0.0,0.9985920074250862,0.9773333333333334,0.5004587971277986,0.9877834819013837,0.6988817220464217,0.5120836988155476,,
2024-07-22 15:12:16,hf_ctgan_syn_150000_2,500,0.01,10,9.0,4,0.9995223799126638,0.9775123448551982,0.5,0.9883948451521491,0.6991109872027468,0.5120948830234345,0.0,0.0,0.9977321237993596,0.0,0.0,0.0,0.0064516129032258,0.4,0.97945981993998,0.0126984126984126,0.6259264557246259,0.3690816235399574,0.0,0.0,1.0,0.0,0.0,0.0,0.9985916428957132,0.9767333333333332,0.5004586104060063,0.9874765761009068,0.6986671257665991,0.511739955007126,,
2024-07-22 15:13:01,hf_ctgan_syn_150000_2,1500,0.01,2,1.0,4,0.9995267392333176,0.9865207527025224,0.5,0.9929811599556704,0.7023249791594068,0.5172585173093357,0.0,0.0,0.9995330843116328,0.0,0.0,0.0,0.0099502487562189,0.4,0.9867289096365456,0.0194174757281553,0.6282448279569186,0.3715338687643019,0.0,0.0,0.9999333288885924,0.0,0.0,0.0,0.9985971643596184,0.9857333333333334,0.5004619895034377,0.9920608500316213,0.701878890788177,0.5168995873161017,,
2024-07-22 15:13:46,hf_ctgan_syn_150000_2,1500,0.01,2,3.0,4,0.9995267392333176,0.9865207527025224,0.5,0.9929811599556704,0.7023249791594068,0.5172585173093357,0.0,0.0,0.9995330843116328,0.0,0.0,0.0,0.0099502487562189,0.4,0.9867289096365456,0.0194174757281553,0.6282448279569186,0.3715338687643019,0.0,0.0,0.9999333288885924,0.0,0.0,0.0,0.9985971643596184,0.9857333333333334,0.5004619895034377,0.9920608500316213,0.701878890788177,0.5168995873161017,,
2024-07-22 15:14:28,hf_ctgan_syn_150000_2,1500,0.01,2,5.0,4,0.9995267712276906,0.9865874816495396,0.5,0.993014977500168,0.7023487316317798,0.5172967967309103,0.0,0.0,0.9995330843116328,0.0,0.0,0.0,0.01,0.4,0.9867955985328444,0.0195121951219512,0.6282660578235448,0.3715563468583115,0.0,0.0,0.9999333288885924,0.0,0.0,0.0,0.998597212907878,0.9858,0.5004620117330697,0.9920946675862083,0.701902628168198,0.5169378385029142,,
2024-07-22 15:15:14,hf_ctgan_syn_150000_2,1500,0.01,2,7.0,4,0.9995267712276906,0.9865874816495396,0.5,0.993014977500168,0.7023487316317798,0.5172967967309103,0.0,0.0,0.9995330843116328,0.0,0.0,0.0,0.01,0.4,0.9867955985328444,0.0195121951219512,0.6282660578235448,0.3715563468583115,0.0,0.0,0.9999333288885924,0.0,0.0,0.0,0.998597212907878,0.9858,0.5004620117330697,0.9920946675862083,0.701902628168198,0.5169378385029142,,
2024-07-22 15:15:58,hf_ctgan_syn_150000_2,1500,0.01,2,9.0,4,0.999526803217738,0.9866542105965568,0.5,0.993048792773431,0.7023724833009038,0.5173350765977603,0.0,0.0,0.9995997865528282,0.0,0.0,0.0,0.0099502487562189,0.4,0.9867289096365456,0.0194174757281553,0.6282448279569186,0.3715338687643019,0.0,0.0,1.0,0.0,0.0,0.0,0.9985972282843204,0.9858666666666668,0.500462029522707,0.9921284197254184,0.7019263505924754,0.5169760751491905,,
2024-07-22 15:16:50,hf_ctgan_syn_150000_2,1500,0.01,4,1.0,4,0.9995222821265268,0.9773121580141464,0.5,0.988292452511893,0.699039397321119,0.511980227766833,0.0,0.0,0.9977321237993596,0.0,0.0,0.0,0.0064102564102564,0.4,0.9793264421473824,0.0126182965299684,0.6258838365535198,0.3690365887217491,0.0,0.0,0.9999333288885924,0.0,0.0,0.0,0.9985915314153456,0.9765333333333334,0.5004585615020014,0.9873742523217252,0.6985955884958037,0.5116253917504913,,
2024-07-22 15:17:43,hf_ctgan_syn_150000_2,1500,0.01,4,3.0,4,0.9995223799126638,0.9775123448551982,0.5,0.9883948451521491,0.6991109872027468,0.5120948830234345,0.0,0.0,0.9977321237993596,0.0,0.0,0.0,0.0064516129032258,0.4,0.97945981993998,0.0126984126984126,0.6259264557246259,0.3690816235399574,0.0,0.0,1.0,0.0,0.0,0.0,0.9985916428957132,0.9767333333333332,0.5004586104060063,0.9874765761009068,0.6986671257665991,0.511739955007126,,
2024-07-22 15:18:37,hf_ctgan_syn_150000_2,1500,0.01,4,5.0,4,0.9995225102319236,0.977779260643267,0.5,0.9885313364366188,0.6992064289761883,0.5122477629327565,0.0,0.0,0.9977988260405548,0.0,0.0,0.0,0.006514657980456,0.4,0.9796598866288764,0.0128205128205128,0.625990379040725,0.3691491730988244,0.0,0.0,1.0,0.0,0.0,0.0,0.9985917941083672,0.977,0.5004587126694313,0.9876129806935516,0.6987624997688241,0.5118927147450523,,
2024-07-22 15:19:28,hf_ctgan_syn_150000_2,1500,0.01,4,7.0,4,0.9995222495222496,0.9772454290671292,0.5,0.9882583170254404,0.6990155323979322,0.5119420102385164,0.0,0.0,0.9978655282817502,0.0,0.0,0.0,0.0063291139240506,0.4,0.9790596865621874,0.0124610591900311,0.6257985895037437,0.3689465148158201,0.0,0.0,1.0,0.0,0.0,0.0,0.9985914717940036,0.9764666666666668,0.500458548177271,0.9873400962826132,0.6985717174308621,0.5115871798672323,,
2024-07-22 15:20:18,hf_ctgan_syn_150000_2,1500,0.01,4,9.0,4,0.9995225428006276,0.9778459895902842,0.5,0.988565453502884,0.699230287384022,0.5122859840232751,0.0,0.0,0.9979322305229456,0.0,0.0,0.0,0.0064935064935064,0.4,0.9795931977325776,0.0127795527156549,0.6259690719940012,0.3691266569349948,0.0,0.0,1.0,0.0,0.0,0.0,0.998591819596178,0.9770666666666666,0.5004587615888564,0.9876470522638532,0.6987863288064616,0.5119308926571651,,
2024-07-22 15:22:06,hf_ctgan_syn_150000_2,1500,0.01,8,1.0,4,0.9995180059216416,0.9686373949019084,0.5,0.9838354400352436,0.6959300952329581,0.5070156827185243,0.0,0.0,0.995397545357524,0.0,0.0,0.0,0.0052219321148825,0.4,0.97459153051017,0.0103092783505154,0.6243689712053827,0.3674369306385445,0.0,0.0,0.9983332222148144,0.0,0.0,0.0,0.9985868630934862,0.9678666666666668,0.5004556314158417,0.9829206300506608,0.6954886834678091,0.5066649470581998,,
2024-07-22 15:23:57,hf_ctgan_syn_150000_2,1500,0.01,8,3.0,4,0.9995864920744314,0.9678366475377018,0.5714285714285714,0.9834553837808516,0.7436729878640791,0.57497284221802,0.0,0.0,0.9951307363927429,0.0,0.0,0.0,0.0077120822622107,0.6,0.9742580860286764,0.015228426395939,0.7645618690578322,0.5626774136227025,0.0,0.0,0.998133208880592,0.0,0.0,0.0,0.998656115375916,0.9671333333333332,0.5718172693972491,0.9825425682314548,0.7432337470317586,0.5746237600364907,,
2024-07-22 15:25:47,hf_ctgan_syn_150000_2,1500,0.01,8,5.0,4,0.9995179395358448,0.968503937007874,0.5,0.9837665638662012,0.6958821513043261,0.5069393638787277,0.0,0.0,0.9949306296691568,0.0,0.0,0.0,0.0051948051948051,0.4,0.9744581527175724,0.0102564102564102,0.6243262457137526,0.3673918438746004,0.0,0.0,0.9987999199946664,0.0,0.0,0.0,0.9985867877273428,0.9677333333333332,0.5004553690480624,0.9828518005433448,0.6954407700450133,0.5065886844203991,,
2024-07-22 15:27:46,hf_ctgan_syn_150000_2,1500,0.01,8,7.0,4,0.9995178067093752,0.9682370212198051,0.5,0.983628783513541,0.6957862535361723,0.5067867315424376,0.0,0.0,0.9953308431163288,0.0,0.0,0.0,0.0051020408163265,0.4,0.9739913304434812,0.0100755667506297,0.6241766834618163,0.3672340289933256,0.0,0.0,0.998599906660444,0.0,0.0,0.0,0.9985866241033852,0.9674666666666668,0.5004554135535872,0.982714088504512,0.6953449119273591,0.5064361419359957,,
2024-07-22 15:29:44,hf_ctgan_syn_150000_2,1500,0.01,8,9.0,4,0.9995181386383974,0.9689043106899772,0.5,0.9839731643682444,0.696025973182746,0.5071683257414201,0.0,0.0,0.995397545357524,0.0,0.0,0.0,0.005181347150259,0.4,0.9743914638212736,0.0102301790281329,0.6243048818714375,0.3673692999589393,0.0,0.0,0.9987999199946664,0.0,0.0,0.0,0.9985869821580518,0.9681333333333332,0.5004555958401308,0.98305819947451,0.6955844505683992,0.5068174250707145,,
2024-07-22 15:32:05,hf_ctgan_syn_150000_2,1500,0.01,10,1.0,4,0.9995183707169396,0.9693714133190978,0.5,0.9842140921409216,0.6961937278226147,0.5074354681745847,0.0,0.0,0.995197438633938,0.0,0.0,0.0,0.0053619302949061,0.4,0.9752584194731576,0.0105820105820105,0.6245825548230299,0.3676623431107024,0.0,0.0,0.998599906660444,0.0,0.0,0.0,0.9985872742143688,0.9686,0.5004557647675398,0.9832990196584506,0.6957521411949212,0.507084415851992,,
2024-07-22 15:35:02,hf_ctgan_syn_150000_2,1500,0.01,10,3.0,4,0.999517540836722,0.9677031896436674,0.5,0.9833531106967284,0.6955944183371756,0.5064814882430683,0.0,0.0,0.994730522945571,0.0,0.0,0.0,0.0051546391752577,0.4,0.9742580860286764,0.010178117048346,0.6242621519934318,0.367324211060239,0.0,0.0,0.9983998933262216,0.0,0.0,0.0,0.9985863760116662,0.9669333333333332,0.5004551689671356,0.9824387071657608,0.6951532842640586,0.5061312135910615,,
2024-07-22 15:37:55,hf_ctgan_syn_150000_2,1500,0.01,10,5.0,4,0.9995182049693716,0.9690377685840116,0.5,0.9840420125359988,0.6960739072052664,0.5072446499245196,0.0,0.0,0.9952641408751334,0.0,0.0,0.0,0.0052083333333333,0.4,0.9745248416138712,0.0102827763496143,0.6243476088250427,0.3674143874344688,0.0,0.0,0.9989332622174812,0.0,0.0,0.0,0.9985870574225112,0.9682666666666668,0.5004555780398192,0.983127000916415,0.6956323540948165,0.5068936930470681,,
2024-07-22 15:41:05,hf_ctgan_syn_150000_2,1500,0.01,10,7.0,4,0.99951777349132,0.968170292272788,0.5,0.9835943325876212,0.6957622770288671,0.506748574571553,0.0,0.0,0.9949306296691568,0.0,0.0,0.0,0.0051413881748071,0.4,0.9741913971323776,0.0101522842639593,0.624240785957591,0.3673016660771996,0.0,0.0,0.9987332488832588,0.0,0.0,0.0,0.9985866040321196,0.9674,0.5004552756847933,0.982679695305294,0.695320979165626,0.5063980431239786,,
2024-07-22 15:44:26,hf_ctgan_syn_150000_2,1500,0.01,10,9.0,4,0.9995174410588722,0.9675030028026158,0.5,0.983249694832497,0.6955224664964518,0.5063670293528465,0.0,0.0,0.994730522945571,0.0,0.0,0.0,0.0050377833753148,0.4,0.9736578859619872,0.0099502487562189,0.6240698313368425,0.3671212934043482,0.0,0.0,0.9987999199946664,0.0,0.0,0.0,0.998586237375009,0.9667333333333332,0.5004549955688913,0.9823353118669056,0.6950813354715007,0.5060167938899186,,
2024-07-22 15:44:55,hf_ctgan_syn_150000_2,1000,0.01,2,1.0,4,0.9995267712276906,0.9865874816495396,0.5,0.993014977500168,0.7023487316317798,0.5172967967309103,0.0,0.0,0.999799893276414,0.0,0.0,0.0,0.0146341463414634,0.6,0.9865288429476492,0.0285714285714285,0.7693616222353371,0.5690379946366473,0.0,0.0,1.0,0.0,0.0,0.0,0.9985987576233254,0.9858666666666668,0.5004620695573967,0.9920976873306916,0.701949660023002,0.5170036657188404,,
2024-07-22 15:45:22,hf_ctgan_syn_150000_2,1000,0.01,2,3.0,4,0.9995267712276906,0.9865874816495396,0.5,0.993014977500168,0.7023487316317798,0.5172967967309103,0.0,0.0,0.999799893276414,0.0,0.0,0.0,0.0146341463414634,0.6,0.9865288429476492,0.0285714285714285,0.7693616222353371,0.5690379946366473,0.0,0.0,1.0,0.0,0.0,0.0,0.9985987576233254,0.9858666666666668,0.5004620695573967,0.9920976873306916,0.701949660023002,0.5170036657188404,,
2024-07-22 15:45:55,hf_ctgan_syn_150000_2,1000,0.01,2,5.0,4,0.9995267712276906,0.9865874816495396,0.5,0.993014977500168,0.7023487316317798,0.5172967967309103,0.0,0.0,0.999799893276414,0.0,0.0,0.0,0.0146341463414634,0.6,0.9865288429476492,0.0285714285714285,0.7693616222353371,0.5690379946366473,0.0,0.0,1.0,0.0,0.0,0.0,0.9985987576233254,0.9858666666666668,0.5004620695573967,0.9920976873306916,0.701949660023002,0.5170036657188404,,
2024-07-22 15:46:28,hf_ctgan_syn_150000_2,1000,0.01,2,7.0,4,0.9995267712276906,0.9865874816495396,0.5,0.993014977500168,0.7023487316317798,0.5172967967309103,0.0,0.0,0.999799893276414,0.0,0.0,0.0,0.0146341463414634,0.6,0.9865288429476492,0.0285714285714285,0.7693616222353371,0.5690379946366473,0.0,0.0,1.0,0.0,0.0,0.0,0.9985987576233254,0.9858666666666668,0.5004620695573967,0.9920976873306916,0.701949660023002,0.5170036657188404,,
2024-07-22 15:46:58,hf_ctgan_syn_150000_2,1000,0.01,2,9.0,4,0.9995267392333176,0.9865207527025224,0.5,0.9929811599556704,0.7023249791594068,0.5172585173093357,0.0,0.0,0.999799893276414,0.0,0.0,0.0,0.0145631067961165,0.6,0.9864621540513504,0.0284360189573459,0.7693356175498508,0.5690034750941212,0.0,0.0,1.0,0.0,0.0,0.0,0.9985987019789652,0.9858,0.5004620473277646,0.9920638562126975,0.7019259210513747,0.5169654105182117,,
2024-07-22 15:47:39,hf_ctgan_syn_150000_2,1000,0.01,4,1.0,4,0.9995245857104048,0.9820499132523688,0.5,0.9907101985863348,0.7007317294273069,0.5146948104008244,0.0,0.0,0.9985992529348986,0.0,0.0,0.0,0.0078431372549019,0.4,0.983127709236412,0.0153846153846153,0.6270973478612112,0.3703195233356101,0.0,0.0,1.0,0.0,0.0,0.0,0.99859431047616,0.9812666666666666,0.5004602955046441,0.989790663939449,0.7002867455957951,0.5143378684188955,,
2024-07-22 15:48:15,hf_ctgan_syn_150000_2,1000,0.01,4,3.0,4,0.9995245857104048,0.9820499132523688,0.5,0.9907101985863348,0.7007317294273069,0.5146948104008244,0.0,0.0,0.9987326574172892,0.0,0.0,0.0,0.0077821011673151,0.4,0.9829943314438148,0.015267175572519,0.6270548082723917,0.3702745276546,0.0,0.0,1.0,0.0,0.0,0.0,0.9985942901307976,0.9812666666666666,0.5004603221944371,0.9897906247928449,0.7002867314159322,0.5143378534203351,,
2024-07-22 15:48:50,hf_ctgan_syn_150000_2,1000,0.01,4,5.0,4,0.9995246179966044,0.982116642199386,0.5,0.9907441688263606,0.7007555359037081,0.5147330599889584,0.0,0.0,0.9987993596584844,0.0,0.0,0.0,0.0077821011673151,0.4,0.9829943314438148,0.015267175572519,0.6270548082723917,0.3702745276546,0.0,0.0,1.0,0.0,0.0,0.0,0.9985943223868634,0.9813333333333332,0.5004603577689658,0.9898245633273136,0.7003105156729554,0.5143760673088535,,
2024-07-22 15:49:30,hf_ctgan_syn_150000_2,1000,0.01,4,7.0,4,0.9995247793618466,0.9824502869344722,0.5,0.9909139857315924,0.7008745561562612,0.5149243146087557,0.0,0.0,0.9987326574172892,0.0,0.0,0.0,0.0079681274900398,0.4,0.9833944648216072,0.015625,0.6271824183829159,0.3704095104281176,0.0,0.0,1.0,0.0,0.0,0.0,0.9985945456102722,0.9816666666666668,0.5004604555722297,0.9899943410115762,0.700429467376643,0.5145671884185968,,
2024-07-22 15:50:07,hf_ctgan_syn_150000_2,1000,0.01,4,9.0,4,0.999524843877274,0.9825837448285066,0.5,0.9909818964937076,0.7009221585984091,0.5150008195736013,0.0,0.0,0.9987993596584844,0.0,0.0,0.0,0.008,0.4,0.983461153717906,0.0156862745098039,0.6272036842104505,0.3704320063117628,0.0,0.0,1.0,0.0,0.0,0.0,0.9985946206896552,0.9818,0.5004605133763905,0.99006220881515,0.700477032478454,0.5146436294774366,,
2024-07-22 15:51:26,hf_ctgan_syn_150000_2,1000,0.01,8,1.0,4,0.9995198243929208,0.9723074869878552,0.5,0.9857258828304696,0.6972472613742757,0.5091151487818631,0.0,0.0,0.996064567769477,0.0,0.0,0.0,0.0056022408963585,0.4,0.976325441813938,0.011049723756906,0.6249241367762772,0.368022929061271,0.0,0.0,0.9995999733315556,0.0,0.0,0.0,0.9985888066371196,0.9715333333333334,0.5004566495816372,0.9848095552477468,0.6968048053092517,0.5087626489526872,,
2024-07-22 15:52:46,hf_ctgan_syn_150000_2,1000,0.01,8,3.0,4,0.999520219328307,0.973108234352062,0.5,0.9861374087097646,0.6975343125438569,0.5095733931054188,0.0,0.0,0.9961312700106724,0.0,0.0,0.0,0.0056980056980056,0.4,0.9767255751917304,0.0112359550561797,0.6250521818829946,0.3681581253104152,0.0,0.0,0.9999333288885924,0.0,0.0,0.0,0.9985892331255,0.9723333333333334,0.5004568407576622,0.985220759113321,0.6970916312461103,0.5092205106469572,,
2024-07-22 15:54:09,hf_ctgan_syn_150000_2,1000,0.01,8,5.0,4,0.9995203508291078,0.9733751501401308,0.5,0.9862745098039216,0.6976299700199708,0.5097261554620783,0.0,0.0,0.9968649946638208,0.0,0.0,0.0,0.0055865921787709,0.4,0.9762587529176392,0.0110192837465564,0.6249027933743421,0.3680003951078057,0.0,0.0,0.9999333288885924,0.0,0.0,0.0,0.998589327365727,0.9726,0.5004570764700526,0.9853576600226868,0.6971871496457437,0.509373077848683,,
2024-07-22 15:55:32,hf_ctgan_syn_150000_2,1000,0.01,8,7.0,4,0.999520317960666,0.9733084211931136,0.5,0.986240238006694,0.6976060568806415,0.5096879642050005,0.0,0.0,0.99673159018143,0.0,0.0,0.0,0.0056022408963585,0.4,0.976325441813938,0.011049723756906,0.6249241367762772,0.368022929061271,0.0,0.0,0.9999333288885924,0.0,0.0,0.0,0.9985892997442016,0.9725333333333334,0.5004570275506274,0.98532343035914,0.6971632659398116,0.5093349297480962,,
2024-07-22 15:56:55,hf_ctgan_syn_150000_2,1000,0.01,8,9.0,4,0.9995204822578436,0.9736420659281996,0.5,0.9864115738236884,0.6977256143815417,0.5098789249431414,0.0,0.0,0.9967982924226254,0.0,0.0,0.0,0.0056497175141242,0.4,0.9765255085028344,0.011142061281337,0.624988162608808,0.3680905287869103,0.0,0.0,1.0,0.0,0.0,0.0,0.9985894797135744,0.9728666666666668,0.500457134258793,0.9854946370418802,0.6972827331956553,0.5095257347894567,,
2024-07-22 15:59:13,hf_ctgan_syn_150000_2,1000,0.01,10,1.0,4,0.9995183707169396,0.9693714133190978,0.5,0.9842140921409216,0.6961937278226147,0.5074354681745847,0.0,0.0,0.995197438633938,0.0,0.0,0.0,0.0053619302949061,0.4,0.9752584194731576,0.0105820105820105,0.6245825548230299,0.3676623431107024,0.0,0.0,0.998599906660444,0.0,0.0,0.0,0.9985872742143688,0.9686,0.5004557647675398,0.9832990196584506,0.6957521411949212,0.507084415851992,,
2024-07-22 16:01:38,hf_ctgan_syn_150000_2,1000,0.01,10,3.0,4,0.9995188011273802,0.9702388896303216,0.5,0.9846612264246776,0.6965051649594286,0.5079316477219568,0.0,0.0,0.9949973319103522,0.0,0.0,0.0,0.0055401662049861,0.4,0.9760586862287428,0.0109289617486338,0.6248387587942166,0.3679327911126538,0.0,0.0,0.9988665911060738,0.0,0.0,0.0,0.998587763635063,0.9694666666666668,0.5004559425785021,0.983745852267264,0.6960633730583978,0.5075802224477871,,
2024-07-22 16:03:57,hf_ctgan_syn_150000_2,1000,0.01,10,5.0,4,0.9995193298084186,0.9713065527825973,0.5,0.985211005448577,0.6968882811407425,0.5085424335456543,0.0,0.0,0.995397545357524,0.0,0.0,0.0,0.0055401662049861,0.4,0.9760586862287428,0.0109289617486338,0.6248387587942166,0.3679327911126538,0.0,0.0,0.999533302220148,0.0,0.0,0.0,0.9985882918226656,0.9705333333333334,0.5004562004730816,0.9842951181640744,0.6964461316646091,0.5081904382047159,,
2024-07-22 16:06:16,hf_ctgan_syn_150000_2,1000,0.01,10,7.0,4,0.9995193958118778,0.9714400106766315,0.5,0.985279685966634,0.6969361558552661,0.5086187897885708,0.0,0.0,0.9956643543223052,0.0,0.0,0.0,0.0054644808743169,0.4,0.9757252417472492,0.0107816711590296,0.6247320199084562,0.3678201106715466,0.0,0.0,0.9997333155543704,0.0,0.0,0.0,0.9985883325360784,0.9706666666666668,0.5004562449572579,0.9843636854834515,0.6964939261164373,0.5082666856216587,,
2024-07-22 16:08:40,hf_ctgan_syn_150000_2,1000,0.01,10,9.0,4,0.9995193958118778,0.9714400106766315,0.5,0.985279685966634,0.6969361558552661,0.5086187897885708,0.0,0.0,0.995397545357524,0.0,0.0,0.0,0.0055096418732782,0.4,0.9759253084361452,0.0108695652173913,0.6247960654281188,0.367887720003589,0.0,0.0,0.9997999866657776,0.0,0.0,0.0,0.9985883475897444,0.9706666666666668,0.5004561737927804,0.984363714781471,0.6964939474649439,0.5082667081581027,,
2024-07-22 16:08:49,hf_ctgan_syn_150000_2,100,0.001,2,1.0,4,0.9995258416311048,0.9846523421860404,0.5,0.9920333456586776,0.7016595834826317,0.516186874286992,0.0,0.0,1.0,0.0,0.0,0.0,0.0126582278481012,0.6,0.9843947982660888,0.024793388429752,0.7685290358598387,0.5679331045660324,0.0,0.0,1.0,0.0,0.0,0.0,0.998597170254865,0.9839333333333332,0.5004614649327553,0.991115712332206,0.7012608775500012,0.5158944109058461,,
2024-07-22 16:09:00,hf_ctgan_syn_150000_2,100,0.001,2,3.0,4,0.9995258416311048,0.9846523421860404,0.5,0.9920333456586776,0.7016595834826317,0.516186874286992,0.0,0.0,1.0,0.0,0.0,0.0,0.0126582278481012,0.6,0.9843947982660888,0.024793388429752,0.7685290358598387,0.5679331045660324,0.0,0.0,1.0,0.0,0.0,0.0,0.998597170254865,0.9839333333333332,0.5004614649327553,0.991115712332206,0.7012608775500012,0.5158944109058461,,
2024-07-22 16:09:10,hf_ctgan_syn_150000_2,100,0.001,2,5.0,4,0.9995258416311048,0.9846523421860404,0.5,0.9920333456586776,0.7016595834826317,0.516186874286992,0.0,0.0,1.0,0.0,0.0,0.0,0.0126582278481012,0.6,0.9843947982660888,0.024793388429752,0.7685290358598387,0.5679331045660324,0.0,0.0,1.0,0.0,0.0,0.0,0.998597170254865,0.9839333333333332,0.5004614649327553,0.991115712332206,0.7012608775500012,0.5158944109058461,,
2024-07-22 16:09:20,hf_ctgan_syn_150000_2,100,0.001,2,7.0,4,0.9995258416311048,0.9846523421860404,0.5,0.9920333456586776,0.7016595834826317,0.516186874286992,0.0,0.0,1.0,0.0,0.0,0.0,0.0126582278481012,0.6,0.9843947982660888,0.024793388429752,0.7685290358598387,0.5679331045660324,0.0,0.0,1.0,0.0,0.0,0.0,0.998597170254865,0.9839333333333332,0.5004614649327553,0.991115712332206,0.7012608775500012,0.5158944109058461,,
2024-07-22 16:09:30,hf_ctgan_syn_150000_2,100,0.001,2,9.0,4,0.9995258416311048,0.9846523421860404,0.5,0.9920333456586776,0.7016595834826317,0.516186874286992,0.0,0.0,1.0,0.0,0.0,0.0,0.0126582278481012,0.6,0.9843947982660888,0.024793388429752,0.7685290358598387,0.5679331045660324,0.0,0.0,1.0,0.0,0.0,0.0,0.998597170254865,0.9839333333333332,0.5004614649327553,0.991115712332206,0.7012608775500012,0.5158944109058461,,
2024-07-22 16:09:39,hf_ctgan_syn_150000_2,100,0.001,4,1.0,4,0.9995266112125516,0.9862538369144536,0.5,0.9928458670607598,0.7022299612357954,0.5171054040757895,0.0,0.0,1.0,0.0,0.0,0.0,0.0140845070422535,0.6,0.9859953317772592,0.0275229357798165,0.7691535601337066,0.568761823353144,0.0,0.0,1.0,0.0,0.0,0.0,0.998598414544434,0.9855333333333334,0.5004619984439258,0.9919283852300964,0.7018309311253533,0.5168123596397698,,
2024-07-22 16:09:49,hf_ctgan_syn_150000_2,100,0.001,4,3.0,4,0.9995266112125516,0.9862538369144536,0.5,0.9928458670607598,0.7022299612357954,0.5171054040757895,0.0,0.0,1.0,0.0,0.0,0.0,0.0140845070422535,0.6,0.9859953317772592,0.0275229357798165,0.7691535601337066,0.568761823353144,0.0,0.0,1.0,0.0,0.0,0.0,0.998598414544434,0.9855333333333334,0.5004619984439258,0.9919283852300964,0.7018309311253533,0.5168123596397698,,
2024-07-22 16:09:59,hf_ctgan_syn_150000_2,100,0.001,4,5.0,4,0.9995266112125516,0.9862538369144536,0.5,0.9928458670607598,0.7022299612357954,0.5171054040757895,0.0,0.0,1.0,0.0,0.0,0.0,0.0140845070422535,0.6,0.9859953317772592,0.0275229357798165,0.7691535601337066,0.568761823353144,0.0,0.0,1.0,0.0,0.0,0.0,0.998598414544434,0.9855333333333334,0.5004619984439258,0.9919283852300964,0.7018309311253533,0.5168123596397698,,
2024-07-22 16:10:10,hf_ctgan_syn_150000_2,100,0.001,4,7.0,4,0.9995266112125516,0.9862538369144536,0.5,0.9928458670607598,0.7022299612357954,0.5171054040757895,0.0,0.0,1.0,0.0,0.0,0.0,0.0140845070422535,0.6,0.9859953317772592,0.0275229357798165,0.7691535601337066,0.568761823353144,0.0,0.0,1.0,0.0,0.0,0.0,0.998598414544434,0.9855333333333334,0.5004619984439258,0.9919283852300964,0.7018309311253533,0.5168123596397698,,
2024-07-22 16:10:20,hf_ctgan_syn_150000_2,100,0.001,4,9.0,4,0.9995266112125516,0.9862538369144536,0.5,0.9928458670607598,0.7022299612357954,0.5171054040757895,0.0,0.0,1.0,0.0,0.0,0.0,0.0140845070422535,0.6,0.9859953317772592,0.0275229357798165,0.7691535601337066,0.568761823353144,0.0,0.0,1.0,0.0,0.0,0.0,0.998598414544434,0.9855333333333334,0.5004619984439258,0.9919283852300964,0.7018309311253533,0.5168123596397698,,
2024-07-22 16:10:35,hf_ctgan_syn_150000_2,100,0.001,8,1.0,4,0.9995266112125516,0.9862538369144536,0.5,0.9928458670607598,0.7022299612357954,0.5171054040757895,0.0,0.0,0.9989994663820704,0.0,0.0,0.0,0.0101010101010101,0.4,0.986928976325442,0.0197044334975369,0.6283085154047944,0.3716013019789524,0.0,0.0,1.0,0.0,0.0,0.0,0.9985970867121204,0.9854666666666668,0.5004617760408455,0.991925779062669,0.7017839827771103,0.5167466394659784,,
2024-07-22 16:10:49,hf_ctgan_syn_150000_2,100,0.001,8,3.0,4,0.9995266112125516,0.9862538369144536,0.5,0.9928458670607598,0.7022299612357954,0.5171054040757895,0.0,0.0,0.9989994663820704,0.0,0.0,0.0,0.0101010101010101,0.4,0.986928976325442,0.0197044334975369,0.6283085154047944,0.3716013019789524,0.0,0.0,1.0,0.0,0.0,0.0,0.9985970867121204,0.9854666666666668,0.5004617760408455,0.991925779062669,0.7017839827771103,0.5167466394659784,,
2024-07-22 16:11:02,hf_ctgan_syn_150000_2,100,0.001,8,5.0,4,0.9995266112125516,0.9862538369144536,0.5,0.9928458670607598,0.7022299612357954,0.5171054040757895,0.0,0.0,0.9989994663820704,0.0,0.0,0.0,0.0101010101010101,0.4,0.986928976325442,0.0197044334975369,0.6283085154047944,0.3716013019789524,0.0,0.0,1.0,0.0,0.0,0.0,0.9985970867121204,0.9854666666666668,0.5004617760408455,0.991925779062669,0.7017839827771103,0.5167466394659784,,
2024-07-22 16:11:17,hf_ctgan_syn_150000_2,100,0.001,8,7.0,4,0.9995266112125516,0.9862538369144536,0.5,0.9928458670607598,0.7022299612357954,0.5171054040757895,0.0,0.0,0.9989994663820704,0.0,0.0,0.0,0.0101010101010101,0.4,0.986928976325442,0.0197044334975369,0.6283085154047944,0.3716013019789524,0.0,0.0,1.0,0.0,0.0,0.0,0.9985970867121204,0.9854666666666668,0.5004617760408455,0.991925779062669,0.7017839827771103,0.5167466394659784,,
2024-07-22 16:11:30,hf_ctgan_syn_150000_2,100,0.001,8,9.0,4,0.9995266112125516,0.9862538369144536,0.5,0.9928458670607598,0.7022299612357954,0.5171054040757895,0.0,0.0,0.9989994663820704,0.0,0.0,0.0,0.0101010101010101,0.4,0.986928976325442,0.0197044334975369,0.6283085154047944,0.3716013019789524,0.0,0.0,1.0,0.0,0.0,0.0,0.9985970867121204,0.9854666666666668,0.5004617760408455,0.991925779062669,0.7017839827771103,0.5167466394659784,,
2024-07-22 16:11:51,hf_ctgan_syn_150000_2,100,0.001,10,1.0,4,0.999526419051485,0.9858534632323502,0.5,0.9926428595424462,0.7020874102390493,0.5168757475837273,0.0,0.0,0.9985992529348986,0.0,0.0,0.0,0.0101010101010101,0.4,0.986928976325442,0.0197044334975369,0.6283085154047944,0.3716013019789524,0.0,0.0,1.0,0.0,0.0,0.0,0.998596894730404,0.9850666666666666,0.5004615625936737,0.9917229610180393,0.7016415648279613,0.5165171973199755,,
2024-07-22 16:12:12,hf_ctgan_syn_150000_2,100,0.001,10,3.0,4,0.999526419051485,0.9858534632323502,0.5,0.9926428595424462,0.7020874102390493,0.5168757475837273,0.0,0.0,0.9985992529348986,0.0,0.0,0.0,0.0101010101010101,0.4,0.986928976325442,0.0197044334975369,0.6283085154047944,0.3716013019789524,0.0,0.0,1.0,0.0,0.0,0.0,0.998596894730404,0.9850666666666666,0.5004615625936737,0.9917229610180393,0.7016415648279613,0.5165171973199755,,
2024-07-22 16:12:33,hf_ctgan_syn_150000_2,100,0.001,10,5.0,4,0.9995265791965372,0.9861871079674362,0.5,0.9928120381566572,0.7022062047459551,0.517067126880591,0.0,0.0,0.9989327641408752,0.0,0.0,0.0,0.0101010101010101,0.4,0.986928976325442,0.0197044334975369,0.6283085154047944,0.3716013019789524,0.0,0.0,1.0,0.0,0.0,0.0,0.9985970547259876,0.9854,0.500461740466317,0.9918919817322104,0.7017602484599939,0.5167083979961621,,
2024-07-22 16:12:54,hf_ctgan_syn_150000_2,100,0.001,10,7.0,4,0.9995267392333176,0.9865207527025224,0.5,0.9929811599556704,0.7023249791594068,0.5172585173093357,0.0,0.0,0.9989327641408752,0.0,0.0,0.0,0.0103626943005181,0.4,0.9872624208069356,0.0202020202020202,0.6284146468079609,0.3717136835541824,0.0,0.0,1.0,0.0,0.0,0.0,0.9985973018414666,0.9857333333333334,0.5004618516144775,0.992061111546446,0.7018789473944607,0.516899647254365,,
2024-07-22 16:13:14,hf_ctgan_syn_150000_2,100,0.001,10,9.0,4,0.9995267392333176,0.9865207527025224,0.5,0.9929811599556704,0.7023249791594068,0.5172585173093357,0.0,0.0,0.9992662753468516,0.0,0.0,0.0,0.0101010101010101,0.4,0.986928976325442,0.0197044334975369,0.6283085154047944,0.3716013019789524,0.0,0.0,1.0,0.0,0.0,0.0,0.9985972146134,0.9857333333333334,0.5004619183389601,0.992060945684211,0.7018789120173263,0.51689960979384,,
2024-07-22 16:13:32,hf_ctgan_syn_150000_2,500,0.001,2,1.0,4,0.9995266112125516,0.9862538369144536,0.5,0.9928458670607598,0.7022299612357954,0.5171054040757895,0.0,0.0,1.0,0.0,0.0,0.0,0.0140845070422535,0.6,0.9859953317772592,0.0275229357798165,0.7691535601337066,0.568761823353144,0.0,0.0,1.0,0.0,0.0,0.0,0.998598414544434,0.9855333333333334,0.5004619984439258,0.9919283852300964,0.7018309311253533,0.5168123596397698,,
2024-07-22 16:13:51,hf_ctgan_syn_150000_2,500,0.001,2,3.0,4,0.9995266112125516,0.9862538369144536,0.5,0.9928458670607598,0.7022299612357954,0.5171054040757895,0.0,0.0,1.0,0.0,0.0,0.0,0.0140845070422535,0.6,0.9859953317772592,0.0275229357798165,0.7691535601337066,0.568761823353144,0.0,0.0,1.0,0.0,0.0,0.0,0.998598414544434,0.9855333333333334,0.5004619984439258,0.9919283852300964,0.7018309311253533,0.5168123596397698,,
2024-07-22 16:14:10,hf_ctgan_syn_150000_2,500,0.001,2,5.0,4,0.9995266112125516,0.9862538369144536,0.5,0.9928458670607598,0.7022299612357954,0.5171054040757895,0.0,0.0,1.0,0.0,0.0,0.0,0.0140845070422535,0.6,0.9859953317772592,0.0275229357798165,0.7691535601337066,0.568761823353144,0.0,0.0,1.0,0.0,0.0,0.0,0.998598414544434,0.9855333333333334,0.5004619984439258,0.9919283852300964,0.7018309311253533,0.5168123596397698,,
2024-07-22 16:14:30,hf_ctgan_syn_150000_2,500,0.001,2,7.0,4,0.9995266112125516,0.9862538369144536,0.5,0.9928458670607598,0.7022299612357954,0.5171054040757895,0.0,0.0,1.0,0.0,0.0,0.0,0.0140845070422535,0.6,0.9859953317772592,0.0275229357798165,0.7691535601337066,0.568761823353144,0.0,0.0,1.0,0.0,0.0,0.0,0.998598414544434,0.9855333333333334,0.5004619984439258,0.9919283852300964,0.7018309311253533,0.5168123596397698,,
2024-07-22 16:14:50,hf_ctgan_syn_150000_2,500,0.001,2,9.0,4,0.9995266112125516,0.9862538369144536,0.5,0.9928458670607598,0.7022299612357954,0.5171054040757895,0.0,0.0,1.0,0.0,0.0,0.0,0.0140845070422535,0.6,0.9859953317772592,0.0275229357798165,0.7691535601337066,0.568761823353144,0.0,0.0,1.0,0.0,0.0,0.0,0.998598414544434,0.9855333333333334,0.5004619984439258,0.9919283852300964,0.7018309311253533,0.5168123596397698,,
2024-07-22 16:15:14,hf_ctgan_syn_150000_2,500,0.001,4,1.0,4,0.9995268671848596,0.9867876684905912,0.5,0.993116416507169,0.7024199842297311,0.5174116376672857,0.0,0.0,1.0,0.0,0.0,0.0,0.0146341463414634,0.6,0.9865288429476492,0.0285714285714285,0.7693616222353371,0.5690379946366473,0.0,0.0,1.0,0.0,0.0,0.0,0.9985988534909344,0.9860666666666666,0.5004621762809826,0.992199031661286,0.7020208461185284,0.5171183994703418,,
2024-07-22 16:15:36,hf_ctgan_syn_150000_2,500,0.001,4,3.0,4,0.9995268671848596,0.9867876684905912,0.5,0.993116416507169,0.7024199842297311,0.5174116376672857,0.0,0.0,1.0,0.0,0.0,0.0,0.0146341463414634,0.6,0.9865288429476492,0.0285714285714285,0.7693616222353371,0.5690379946366473,0.0,0.0,1.0,0.0,0.0,0.0,0.9985988534909344,0.9860666666666666,0.5004621762809826,0.992199031661286,0.7020208461185284,0.5171183994703418,,
2024-07-22 16:15:58,hf_ctgan_syn_150000_2,500,0.001,4,5.0,4,0.9995268671848596,0.9867876684905912,0.5,0.993116416507169,0.7024199842297311,0.5174116376672857,0.0,0.0,1.0,0.0,0.0,0.0,0.0146341463414634,0.6,0.9865288429476492,0.0285714285714285,0.7693616222353371,0.5690379946366473,0.0,0.0,1.0,0.0,0.0,0.0,0.9985988534909344,0.9860666666666666,0.5004621762809826,0.992199031661286,0.7020208461185284,0.5171183994703418,,
2024-07-22 16:16:21,hf_ctgan_syn_150000_2,500,0.001,4,7.0,4,0.9995268671848596,0.9867876684905912,0.5,0.993116416507169,0.7024199842297311,0.5174116376672857,0.0,0.0,1.0,0.0,0.0,0.0,0.0146341463414634,0.6,0.9865288429476492,0.0285714285714285,0.7693616222353371,0.5690379946366473,0.0,0.0,1.0,0.0,0.0,0.0,0.9985988534909344,0.9860666666666666,0.5004621762809826,0.992199031661286,0.7020208461185284,0.5171183994703418,,
2024-07-22 16:16:42,hf_ctgan_syn_150000_2,500,0.001,4,9.0,4,0.9995268671848596,0.9867876684905912,0.5,0.993116416507169,0.7024199842297311,0.5174116376672857,0.0,0.0,1.0,0.0,0.0,0.0,0.0146341463414634,0.6,0.9865288429476492,0.0285714285714285,0.7693616222353371,0.5690379946366473,0.0,0.0,1.0,0.0,0.0,0.0,0.9985988534909344,0.9860666666666666,0.5004621762809826,0.992199031661286,0.7020208461185284,0.5171183994703418,,
2024-07-22 16:17:25,hf_ctgan_syn_150000_2,500,0.001,8,1.0,4,0.9995267712276906,0.9865874816495396,0.5,0.993014977500168,0.7023487316317798,0.5172967967309103,0.0,0.0,0.9990661686232656,0.0,0.0,0.0,0.0103092783505154,0.4,0.9871957319106368,0.0201005025125628,0.6283934219613178,0.3716912079507218,0.0,0.0,1.0,0.0,0.0,0.0,0.9985973160006616,0.9858,0.5004619005339026,0.992094863688672,0.7019026706229106,0.5169378834566117,,
2024-07-22 16:18:06,hf_ctgan_syn_150000_2,500,0.001,8,3.0,4,0.9995267712276906,0.9865874816495396,0.5,0.993014977500168,0.7023487316317798,0.5172967967309103,0.0,0.0,0.9990661686232656,0.0,0.0,0.0,0.0103092783505154,0.4,0.9871957319106368,0.0201005025125628,0.6283934219613178,0.3716912079507218,0.0,0.0,1.0,0.0,0.0,0.0,0.9985973160006616,0.9858,0.5004619005339026,0.992094863688672,0.7019026706229106,0.5169378834566117,,
2024-07-22 16:18:49,hf_ctgan_syn_150000_2,500,0.001,8,5.0,4,0.9995268991619356,0.9868543974376084,0.5,0.9931502249681016,0.7024437334895971,0.5174499188699612,0.0,0.0,0.9990661686232656,0.0,0.0,0.0,0.0105263157894736,0.4,0.987462487495832,0.0205128205128205,0.6284783170470822,0.3717811082298078,0.0,0.0,1.0,0.0,0.0,0.0,0.9985975161613144,0.9860666666666666,0.500461989452431,0.9922301223649688,0.7019976121106892,0.5170908926484258,,
2024-07-22 16:19:35,hf_ctgan_syn_150000_2,500,0.001,8,7.0,4,0.9995268991619356,0.9868543974376084,0.5,0.9931502249681016,0.7024437334895971,0.5174499188699612,0.0,0.0,0.9990661686232656,0.0,0.0,0.0,0.0105263157894736,0.4,0.987462487495832,0.0205128205128205,0.6284783170470822,0.3717811082298078,0.0,0.0,1.0,0.0,0.0,0.0,0.9985975161613144,0.9860666666666666,0.500461989452431,0.9922301223649688,0.7019976121106892,0.5170908926484258,,
2024-07-22 16:20:18,hf_ctgan_syn_150000_2,500,0.001,8,9.0,4,0.9995268991619356,0.9868543974376084,0.5,0.9931502249681016,0.7024437334895971,0.5174499188699612,0.0,0.0,0.9990661686232656,0.0,0.0,0.0,0.0105263157894736,0.4,0.987462487495832,0.0205128205128205,0.6284783170470822,0.3717811082298078,0.0,0.0,1.0,0.0,0.0,0.0,0.9985975161613144,0.9860666666666666,0.500461989452431,0.9922301223649688,0.7019976121106892,0.5170908926484258,,
2024-07-22 16:21:28,hf_ctgan_syn_150000_2,500,0.001,10,1.0,4,0.9995259700683956,0.9849192579741092,0.5,0.992168856921991,0.7017546786356715,0.5163399447741155,0.0,0.0,0.998665955176094,0.0,0.0,0.0,0.0093896713615023,0.4,0.9859286428809604,0.018348623853211,0.627990013576955,0.3712641038843559,0.0,0.0,1.0,0.0,0.0,0.0,0.9985962090534524,0.9841333333333332,0.5004612647237209,0.9912489488634816,0.7013090376068039,0.5159817821936211,,
2024-07-22 16:22:38,hf_ctgan_syn_150000_2,500,0.001,10,3.0,4,0.9995265791965372,0.9861871079674362,0.5,0.9928120381566572,0.7022062047459551,0.517067126880591,0.0,0.0,0.998665955176094,0.0,0.0,0.0,0.0103092783505154,0.4,0.9871957319106368,0.0201005025125628,0.6283934219613178,0.3716912079507218,0.0,0.0,1.0,0.0,0.0,0.0,0.9985971241487376,0.9854,0.5004616870867308,0.9918921137552154,0.7017602767621792,0.5167084279648194,,
2024-07-22 16:23:50,hf_ctgan_syn_150000_2,500,0.001,10,5.0,4,0.9995266112125516,0.9862538369144536,0.5,0.9928458670607598,0.7022299612357954,0.5171054040757895,0.0,0.0,0.9987326574172892,0.0,0.0,0.0,0.0103092783505154,0.4,0.9871957319106368,0.0201005025125628,0.6283934219613178,0.3716912079507218,0.0,0.0,1.0,0.0,0.0,0.0,0.99859715613487,0.9854666666666668,0.5004617226612594,0.991925911085674,0.7017840110792958,0.5167466694346358,,
2024-07-22 16:25:03,hf_ctgan_syn_150000_2,500,0.001,10,7.0,4,0.999526675231591,0.986387294808488,0.5,0.9929135180520572,0.7022774718045881,0.5171819598020122,0.0,0.0,0.99886606189968,0.0,0.0,0.0,0.0103092783505154,0.4,0.9871957319106368,0.0201005025125628,0.6283934219613178,0.3716912079507218,0.0,0.0,1.0,0.0,0.0,0.0,0.9985972200941584,0.9856,0.5004617938103167,0.991993498936046,0.7018314773048909,0.5168231537088472,,
2024-07-22 16:26:17,hf_ctgan_syn_150000_2,500,0.001,10,9.0,4,0.999526803217738,0.9866542105965568,0.5,0.993048792773431,0.7023724833009038,0.5173350765977603,0.0,0.0,0.9990661686232656,0.0,0.0,0.0,0.0103626943005181,0.4,0.9872624208069356,0.0202020202020202,0.6284146468079609,0.3717136835541824,0.0,0.0,1.0,0.0,0.0,0.0,0.9985973657661684,0.9858666666666668,0.5004619227635347,0.9921286812402432,0.701926407198759,0.5169761350874538,,
2024-07-22 16:26:59,hf_ctgan_syn_150000_2,1500,0.001,2,1.0,4,0.9995271867612292,0.9874549579607632,0.5,0.9934543989795576,0.7026574407066232,0.5177944697314272,0.0,0.0,1.0,0.0,0.0,0.0,0.0153846153846153,0.6,0.9871957319106368,0.03,0.7696216207633346,0.5693831607090103,0.0,0.0,1.0,0.0,0.0,0.0,0.9985994229253804,0.9867333333333334,0.5004623985773036,0.9925371748738432,0.7022581676355515,0.5175009892799142,,
2024-07-22 16:27:42,hf_ctgan_syn_150000_2,1500,0.001,2,3.0,4,0.9995271867612292,0.9874549579607632,0.5,0.9934543989795576,0.7026574407066232,0.5177944697314272,0.0,0.0,1.0,0.0,0.0,0.0,0.0153846153846153,0.6,0.9871957319106368,0.03,0.7696216207633346,0.5693831607090103,0.0,0.0,1.0,0.0,0.0,0.0,0.9985994229253804,0.9867333333333334,0.5004623985773036,0.9925371748738432,0.7022581676355515,0.5175009892799142,,
2024-07-22 16:28:27,hf_ctgan_syn_150000_2,1500,0.001,2,5.0,4,0.9995271867612292,0.9874549579607632,0.5,0.9934543989795576,0.7026574407066232,0.5177944697314272,0.0,0.0,1.0,0.0,0.0,0.0,0.0153846153846153,0.6,0.9871957319106368,0.03,0.7696216207633346,0.5693831607090103,0.0,0.0,1.0,0.0,0.0,0.0,0.9985994229253804,0.9867333333333334,0.5004623985773036,0.9925371748738432,0.7022581676355515,0.5175009892799142,,
2024-07-22 16:29:11,hf_ctgan_syn_150000_2,1500,0.001,2,7.0,4,0.9995271867612292,0.9874549579607632,0.5,0.9934543989795576,0.7026574407066232,0.5177944697314272,0.0,0.0,1.0,0.0,0.0,0.0,0.0153846153846153,0.6,0.9871957319106368,0.03,0.7696216207633346,0.5693831607090103,0.0,0.0,1.0,0.0,0.0,0.0,0.9985994229253804,0.9867333333333334,0.5004623985773036,0.9925371748738432,0.7022581676355515,0.5175009892799142,,
2024-07-22 16:29:52,hf_ctgan_syn_150000_2,1500,0.001,2,9.0,4,0.9995271867612292,0.9874549579607632,0.5,0.9934543989795576,0.7026574407066232,0.5177944697314272,0.0,0.0,1.0,0.0,0.0,0.0,0.0153846153846153,0.6,0.9871957319106368,0.03,0.7696216207633346,0.5693831607090103,0.0,0.0,1.0,0.0,0.0,0.0,0.9985994229253804,0.9867333333333334,0.5004623985773036,0.9925371748738432,0.7022581676355515,0.5175009892799142,,
2024-07-22 16:30:45,hf_ctgan_syn_150000_2,1500,0.001,4,1.0,4,0.9995268671848596,0.9867876684905912,0.5,0.993116416507169,0.7024199842297311,0.5174116376672857,0.0,0.0,1.0,0.0,0.0,0.0,0.0146341463414634,0.6,0.9865288429476492,0.0285714285714285,0.7693616222353371,0.5690379946366473,0.0,0.0,1.0,0.0,0.0,0.0,0.9985988534909344,0.9860666666666666,0.5004621762809826,0.992199031661286,0.7020208461185284,0.5171183994703418,,
2024-07-22 16:31:40,hf_ctgan_syn_150000_2,1500,0.001,4,3.0,4,0.9995267712276906,0.9865874816495396,0.5,0.993014977500168,0.7023487316317798,0.5172967967309103,0.0,0.0,1.0,0.0,0.0,0.0,0.0144230769230769,0.6,0.9863287762587528,0.028169014084507,0.7692836055417089,0.5689344344080014,0.0,0.0,1.0,0.0,0.0,0.0,0.9985986872668524,0.9858666666666668,0.5004621095920863,0.9920975531925292,0.7019496340174374,0.5170036311987641,,
2024-07-22 16:32:37,hf_ctgan_syn_150000_2,1500,0.001,4,5.0,4,0.999526675231591,0.986387294808488,0.5,0.9929135180520572,0.7022774718045881,0.5171819598020122,0.0,0.0,1.0,0.0,0.0,0.0,0.0142180094786729,0.6,0.9861287095698568,0.0277777777777777,0.769205580935236,0.5688308693761541,0.0,0.0,1.0,0.0,0.0,0.0,0.9985985230045344,0.9856666666666668,0.50046204290319,0.9919960580278012,0.7018784146912156,0.5168888669293223,,
2024-07-22 16:33:31,hf_ctgan_syn_150000_2,1500,0.001,4,7.0,4,0.999526675231591,0.986387294808488,0.5,0.9929135180520572,0.7022774718045881,0.5171819598020122,0.0,0.0,1.0,0.0,0.0,0.0,0.0142180094786729,0.6,0.9861287095698568,0.0277777777777777,0.769205580935236,0.5688308693761541,0.0,0.0,1.0,0.0,0.0,0.0,0.9985985230045344,0.9856666666666668,0.50046204290319,0.9919960580278012,0.7018784146912156,0.5168888669293223,,
2024-07-22 16:34:25,hf_ctgan_syn_150000_2,1500,0.001,4,9.0,4,0.999526675231591,0.986387294808488,0.5,0.9929135180520572,0.7022774718045881,0.5171819598020122,0.0,0.0,1.0,0.0,0.0,0.0,0.0142180094786729,0.6,0.9861287095698568,0.0277777777777777,0.769205580935236,0.5688308693761541,0.0,0.0,1.0,0.0,0.0,0.0,0.9985985230045344,0.9856666666666668,0.50046204290319,0.9919960580278012,0.7018784146912156,0.5168888669293223,,
2024-07-22 16:36:24,hf_ctgan_syn_150000_2,1500,0.001,8,1.0,4,0.9995269311346896,0.9869211263846256,0.5,0.9931840311587148,0.7024674819465403,0.5174882005179121,0.0,0.0,0.9990661686232656,0.0,0.0,0.0,0.0105820105820105,0.4,0.9875291763921308,0.0206185567010309,0.6284995390267619,0.3718035824100975,0.0,0.0,1.0,0.0,0.0,0.0,0.9985975666691576,0.9861333333333332,0.5004620116820631,0.9922639322485336,0.702021345476399,0.5171291460582321,,
2024-07-22 16:38:22,hf_ctgan_syn_150000_2,1500,0.001,8,3.0,4,0.999527027027027,0.9871213132256772,0.5,0.9932854361109246,0.7025387225006453,0.5176030481334161,0.0,0.0,0.9992662753468516,0.0,0.0,0.0,0.0105820105820105,0.4,0.9875291763921308,0.0206185567010309,0.6284995390267619,0.3718035824100975,0.0,0.0,1.0,0.0,0.0,0.0,0.9985976624719958,0.9863333333333332,0.500462118405649,0.9923652425561216,0.7020925195393202,0.5172438864826282,,
2024-07-22 16:40:21,hf_ctgan_syn_150000_2,1500,0.001,8,5.0,4,0.999527027027027,0.9871213132256772,0.5,0.9932854361109246,0.7025387225006453,0.5176030481334161,0.0,0.0,0.9991995731056564,0.0,0.0,0.0,0.0106382978723404,0.4,0.9875958652884296,0.0207253886010362,0.6285207602898824,0.3718260562345946,0.0,0.0,1.0,0.0,0.0,0.0,0.998597681234426,0.9863333333333332,0.5004621050607525,0.9923652781667548,0.7020925266130746,0.5172438939739031,,
2024-07-22 16:42:17,hf_ctgan_syn_150000_2,1500,0.001,8,7.0,4,0.9995269950672344,0.98705458427866,0.5,0.9932516367298976,0.7025149764519829,0.5175647651496396,0.0,0.0,0.9990661686232656,0.0,0.0,0.0,0.0106951871657754,0.4,0.9876625541847284,0.0208333333333333,0.6285419808365161,0.371848529703299,0.0,0.0,1.0,0.0,0.0,0.0,0.99859766826756,0.9862666666666666,0.5004620561413273,0.992331546313394,0.7020688098009066,0.5172056542120677,,
2024-07-22 16:44:12,hf_ctgan_syn_150000_2,1500,0.001,8,9.0,4,0.999526963103122,0.9869878553316428,0.5,0.9932178350792372,0.7024912296006417,0.5175264826111382,0.0,0.0,0.9990661686232656,0.0,0.0,0.0,0.0106382978723404,0.4,0.9875958652884296,0.0207253886010362,0.6285207602898824,0.3718260562345946,0.0,0.0,1.0,0.0,0.0,0.0,0.9985976173701832,0.9862,0.5004620339116952,0.9922977402293636,0.7020450780397777,0.5171673999127793,,
2024-07-22 16:47:38,hf_ctgan_syn_150000_2,1500,0.001,10,1.0,4,0.999525648844616,0.984251968503937,0.5,0.9918300104226204,0.7015169165828922,0.5159572819145638,0.0,0.0,0.998665955176094,0.0,0.0,0.0,0.0089686098654708,0.4,0.9852617539179728,0.0175438596491228,0.6277775892521085,0.3710392606805358,0.0,0.0,1.0,0.0,0.0,0.0,0.9985957477756496,0.9834666666666668,0.5004610424273999,0.9909101503661092,0.7010714266571655,0.515599401538337,,
2024-07-22 16:51:04,hf_ctgan_syn_150000_2,1500,0.001,10,3.0,4,0.999525584547611,0.9841185106099026,0.5,0.9917622137789583,0.7014693545016427,0.5158807546859564,0.0,0.0,0.99886606189968,0.0,0.0,0.0,0.0087719298245614,0.4,0.9849283094364788,0.0171673819742489,0.6276713501304576,0.3709268257363991,0.0,0.0,1.0,0.0,0.0,0.0,0.9985956179786414,0.9833333333333332,0.5004610380028254,0.9908422915067562,0.7010238735541513,0.5155229082568283,,
2024-07-22 16:54:31,hf_ctgan_syn_150000_2,1500,0.001,10,5.0,4,0.999525584547611,0.9841185106099026,0.5,0.9917622137789583,0.7014693545016427,0.5158807546859564,0.0,0.0,0.99886606189968,0.0,0.0,0.0,0.0087719298245614,0.4,0.9849283094364788,0.0171673819742489,0.6276713501304576,0.3709268257363991,0.0,0.0,1.0,0.0,0.0,0.0,0.9985956179786414,0.9833333333333332,0.5004610380028254,0.9908422915067562,0.7010238735541513,0.5155229082568283,,
2024-07-22 16:58:07,hf_ctgan_syn_150000_2,1500,0.001,10,7.0,4,0.9995256166982922,0.9841852395569198,0.5,0.9917961132405354,0.7014931359453632,0.5159190180776224,0.0,0.0,0.9987993596584844,0.0,0.0,0.0,0.0088495575221238,0.4,0.9850616872290764,0.0173160173160173,0.6277138479368052,0.370971800781432,0.0,0.0,1.0,0.0,0.0,0.0,0.9985956759752146,0.9834,0.5004610468875609,0.9908762088739496,0.7010476469677931,0.5155611509276771,,
2024-07-22 17:01:35,hf_ctgan_syn_150000_2,1500,0.001,10,9.0,4,0.9995255202331728,0.983985052715868,0.5,0.9916944080164094,0.7014217891952987,0.5158042292384498,0.0,0.0,0.9987993596584844,0.0,0.0,0.0,0.0087336244541484,0.4,0.98486162054018,0.017094017094017,0.6276501001482211,0.3709043376801936,0.0,0.0,1.0,0.0,0.0,0.0,0.9985955409557732,0.9832,0.5004609801986646,0.9907745245746254,0.7009763455587659,0.515446446737054,,
2024-07-22 17:02:06,hf_ctgan_syn_150000_2,1000,0.001,2,1.0,4,0.999526675231591,0.986387294808488,0.5,0.9929135180520572,0.7022774718045881,0.5171819598020122,0.0,0.0,1.0,0.0,0.0,0.0,0.0142180094786729,0.6,0.9861287095698568,0.0277777777777777,0.769205580935236,0.5688308693761541,0.0,0.0,1.0,0.0,0.0,0.0,0.9985985230045344,0.9856666666666668,0.50046204290319,0.9919960580278012,0.7018784146912156,0.5168888669293223,,
2024-07-22 17:02:38,hf_ctgan_syn_150000_2,1000,0.001,2,3.0,4,0.999526675231591,0.986387294808488,0.5,0.9929135180520572,0.7022774718045881,0.5171819598020122,0.0,0.0,1.0,0.0,0.0,0.0,0.0142180094786729,0.6,0.9861287095698568,0.0277777777777777,0.769205580935236,0.5688308693761541,0.0,0.0,1.0,0.0,0.0,0.0,0.9985985230045344,0.9856666666666668,0.50046204290319,0.9919960580278012,0.7018784146912156,0.5168888669293223,,
2024-07-22 17:03:09,hf_ctgan_syn_150000_2,1000,0.001,2,5.0,4,0.999526675231591,0.986387294808488,0.5,0.9929135180520572,0.7022774718045881,0.5171819598020122,0.0,0.0,1.0,0.0,0.0,0.0,0.0142180094786729,0.6,0.9861287095698568,0.0277777777777777,0.769205580935236,0.5688308693761541,0.0,0.0,1.0,0.0,0.0,0.0,0.9985985230045344,0.9856666666666668,0.50046204290319,0.9919960580278012,0.7018784146912156,0.5168888669293223,,
2024-07-22 17:03:41,hf_ctgan_syn_150000_2,1000,0.001,2,7.0,4,0.999526675231591,0.986387294808488,0.5,0.9929135180520572,0.7022774718045881,0.5171819598020122,0.0,0.0,1.0,0.0,0.0,0.0,0.0142180094786729,0.6,0.9861287095698568,0.0277777777777777,0.769205580935236,0.5688308693761541,0.0,0.0,1.0,0.0,0.0,0.0,0.9985985230045344,0.9856666666666668,0.50046204290319,0.9919960580278012,0.7018784146912156,0.5168888669293223,,
2024-07-22 17:04:12,hf_ctgan_syn_150000_2,1000,0.001,2,9.0,4,0.999526675231591,0.986387294808488,0.5,0.9929135180520572,0.7022774718045881,0.5171819598020122,0.0,0.0,1.0,0.0,0.0,0.0,0.0142180094786729,0.6,0.9861287095698568,0.0277777777777777,0.769205580935236,0.5688308693761541,0.0,0.0,1.0,0.0,0.0,0.0,0.9985985230045344,0.9856666666666668,0.50046204290319,0.9919960580278012,0.7018784146912156,0.5168888669293223,,
2024-07-22 17:04:49,hf_ctgan_syn_150000_2,1000,0.001,4,1.0,4,0.9995268671848596,0.9867876684905912,0.5,0.993116416507169,0.7024199842297311,0.5174116376672857,0.0,0.0,1.0,0.0,0.0,0.0,0.0146341463414634,0.6,0.9865288429476492,0.0285714285714285,0.7693616222353371,0.5690379946366473,0.0,0.0,1.0,0.0,0.0,0.0,0.9985988534909344,0.9860666666666666,0.5004621762809826,0.992199031661286,0.7020208461185284,0.5171183994703418,,
2024-07-22 17:05:28,hf_ctgan_syn_150000_2,1000,0.001,4,3.0,4,0.9995268671848596,0.9867876684905912,0.5,0.993116416507169,0.7024199842297311,0.5174116376672857,0.0,0.0,1.0,0.0,0.0,0.0,0.0146341463414634,0.6,0.9865288429476492,0.0285714285714285,0.7693616222353371,0.5690379946366473,0.0,0.0,1.0,0.0,0.0,0.0,0.9985988534909344,0.9860666666666666,0.5004621762809826,0.992199031661286,0.7020208461185284,0.5171183994703418,,
2024-07-22 17:06:06,hf_ctgan_syn_150000_2,1000,0.001,4,5.0,4,0.9995268671848596,0.9867876684905912,0.5,0.993116416507169,0.7024199842297311,0.5174116376672857,0.0,0.0,1.0,0.0,0.0,0.0,0.0146341463414634,0.6,0.9865288429476492,0.0285714285714285,0.7693616222353371,0.5690379946366473,0.0,0.0,1.0,0.0,0.0,0.0,0.9985988534909344,0.9860666666666666,0.5004621762809826,0.992199031661286,0.7020208461185284,0.5171183994703418,,
2024-07-22 17:06:44,hf_ctgan_syn_150000_2,1000,0.001,4,7.0,4,0.9995268671848596,0.9867876684905912,0.5,0.993116416507169,0.7024199842297311,0.5174116376672857,0.0,0.0,1.0,0.0,0.0,0.0,0.0146341463414634,0.6,0.9865288429476492,0.0285714285714285,0.7693616222353371,0.5690379946366473,0.0,0.0,1.0,0.0,0.0,0.0,0.9985988534909344,0.9860666666666666,0.5004621762809826,0.992199031661286,0.7020208461185284,0.5171183994703418,,
2024-07-22 17:07:21,hf_ctgan_syn_150000_2,1000,0.001,4,9.0,4,0.9995268671848596,0.9867876684905912,0.5,0.993116416507169,0.7024199842297311,0.5174116376672857,0.0,0.0,1.0,0.0,0.0,0.0,0.0146341463414634,0.6,0.9865288429476492,0.0285714285714285,0.7693616222353371,0.5690379946366473,0.0,0.0,1.0,0.0,0.0,0.0,0.9985988534909344,0.9860666666666666,0.5004621762809826,0.992199031661286,0.7020208461185284,0.5171183994703418,,
2024-07-22 17:08:45,hf_ctgan_syn_150000_2,1000,0.001,8,1.0,4,0.9995269950672344,0.98705458427866,0.5,0.9932516367298976,0.7025149764519829,0.5175647651496396,0.0,0.0,0.999132870864461,0.0,0.0,0.0,0.0106382978723404,0.4,0.9875958652884296,0.0207253886010362,0.6285207602898824,0.3718260562345946,0.0,0.0,1.0,0.0,0.0,0.0,0.9985976493044624,0.9862666666666666,0.500462069486224,0.9923315103318168,0.7020688027273909,0.5172056467209114,,
2024-07-22 17:10:05,hf_ctgan_syn_150000_2,1000,0.001,8,3.0,4,0.999526963103122,0.9869878553316428,0.5,0.9932178350792372,0.7024912296006417,0.5175264826111382,0.0,0.0,0.9990661686232656,0.0,0.0,0.0,0.0106382978723404,0.4,0.9875958652884296,0.0207253886010362,0.6285207602898824,0.3718260562345946,0.0,0.0,1.0,0.0,0.0,0.0,0.9985976173701832,0.9862,0.5004620339116952,0.9922977402293636,0.7020450780397777,0.5171673999127793,,
2024-07-22 17:11:26,hf_ctgan_syn_150000_2,1000,0.001,8,5.0,4,0.999526963103122,0.9869878553316428,0.5,0.9932178350792372,0.7024912296006417,0.5175264826111382,0.0,0.0,0.9990661686232656,0.0,0.0,0.0,0.0106382978723404,0.4,0.9875958652884296,0.0207253886010362,0.6285207602898824,0.3718260562345946,0.0,0.0,1.0,0.0,0.0,0.0,0.9985976173701832,0.9862,0.5004620339116952,0.9922977402293636,0.7020450780397777,0.5171673999127793,,
2024-07-22 17:12:49,hf_ctgan_syn_150000_2,1000,0.001,8,7.0,4,0.999526963103122,0.9869878553316428,0.5,0.9932178350792372,0.7024912296006417,0.5175264826111382,0.0,0.0,0.9990661686232656,0.0,0.0,0.0,0.0106382978723404,0.4,0.9875958652884296,0.0207253886010362,0.6285207602898824,0.3718260562345946,0.0,0.0,1.0,0.0,0.0,0.0,0.9985976173701832,0.9862,0.5004620339116952,0.9922977402293636,0.7020450780397777,0.5171673999127793,,
2024-07-22 17:14:08,hf_ctgan_syn_150000_2,1000,0.001,8,9.0,4,0.999526963103122,0.9869878553316428,0.5,0.9932178350792372,0.7024912296006417,0.5175264826111382,0.0,0.0,0.9990661686232656,0.0,0.0,0.0,0.0106382978723404,0.4,0.9875958652884296,0.0207253886010362,0.6285207602898824,0.3718260562345946,0.0,0.0,1.0,0.0,0.0,0.0,0.9985976173701832,0.9862,0.5004620339116952,0.9922977402293636,0.7020450780397777,0.5171673999127793,,
2024-07-22 17:16:30,hf_ctgan_syn_150000_2,1000,0.001,10,1.0,4,0.9995255523925716,0.9840517816628852,0.5,0.9917283120376597,0.7014455722516485,0.5158424917395655,0.0,0.0,0.9987326574172892,0.0,0.0,0.0,0.0088105726872246,0.4,0.9849949983327776,0.0172413793103448,0.6276925993932947,0.370949313436812,0.0,0.0,1.0,0.0,0.0,0.0,0.9985955987345676,0.9832666666666666,0.5004609890834001,0.9908084460728612,0.7010001205840114,0.5154846885184209,,
2024-07-22 17:18:53,hf_ctgan_syn_150000_2,1000,0.001,10,3.0,4,0.999525584547611,0.9841185106099026,0.5,0.9917622137789583,0.7014693545016427,0.5158807546859564,0.0,0.0,0.998665955176094,0.0,0.0,0.0,0.0088888888888888,0.4,0.9851283761253752,0.017391304347826,0.6277350957610623,0.3709942877702594,0.0,0.0,1.0,0.0,0.0,0.0,0.9985956569649962,0.9833333333333332,0.5004609979681357,0.9908423661475474,0.7010238948026949,0.5155229307441729,,
2024-07-22 17:21:14,hf_ctgan_syn_150000_2,1000,0.001,10,5.0,4,0.9995258095109064,0.984585613239023,0.5,0.9919994621487158,0.7016358076805314,0.5161486077783992,0.0,0.0,0.9985992529348986,0.0,0.0,0.0,0.0092165898617511,0.4,0.9856618872957652,0.018018018018018,0.6279050524707586,0.3711741708723403,0.0,0.0,1.0,0.0,0.0,0.0,0.9985959909519836,0.9838,0.5004611402306639,0.9910796019900496,0.7011902492775197,0.5157905938014301,,
2024-07-22 17:23:37,hf_ctgan_syn_150000_2,1000,0.001,10,7.0,4,0.9995258416311048,0.9846523421860404,0.5,0.9920333456586776,0.7016595834826317,0.516186874286992,0.0,0.0,0.9987326574172892,0.0,0.0,0.0,0.0091743119266055,0.4,0.9855951983994664,0.0179372197309417,0.6278838103979004,0.3711516867298546,0.0,0.0,1.0,0.0,0.0,0.0,0.998596008949558,0.9838666666666668,0.500461189150089,0.9911134269426396,0.7012139958081806,0.5158288170999007,,
2024-07-22 17:26:01,hf_ctgan_syn_150000_2,1000,0.001,10,9.0,4,0.9995263870094724,0.985786734285333,0.5,0.9926090169992609,0.7020636489255562,0.5168374730601804,0.0,0.0,0.9990661686232656,0.0,0.0,0.0,0.0097087378640776,0.4,0.9863954651550516,0.0189573459715639,0.6281386678608639,0.3714214729573635,0.0,0.0,1.0,0.0,0.0,0.0,0.9985967319608848,0.985,0.5004616337783174,0.991688901032052,0.7016177690758459,0.51647889857631,,
2024-07-22 17:26:10,hf_ctgan_syn_150000_2,100,0.0001,2,1.0,4,0.9995266112125516,0.9862538369144536,0.5,0.9928458670607598,0.7022299612357954,0.5171054040757895,0.0,0.0,1.0,0.0,0.0,0.0,0.0140845070422535,0.6,0.9859953317772592,0.0275229357798165,0.7691535601337066,0.568761823353144,0.0,0.0,1.0,0.0,0.0,0.0,0.998598414544434,0.9855333333333334,0.5004619984439258,0.9919283852300964,0.7018309311253533,0.5168123596397698,,
2024-07-22 17:26:20,hf_ctgan_syn_150000_2,100,0.0001,2,3.0,4,0.9995266112125516,0.9862538369144536,0.5,0.9928458670607598,0.7022299612357954,0.5171054040757895,0.0,0.0,1.0,0.0,0.0,0.0,0.0140845070422535,0.6,0.9859953317772592,0.0275229357798165,0.7691535601337066,0.568761823353144,0.0,0.0,1.0,0.0,0.0,0.0,0.998598414544434,0.9855333333333334,0.5004619984439258,0.9919283852300964,0.7018309311253533,0.5168123596397698,,
2024-07-22 17:26:29,hf_ctgan_syn_150000_2,100,0.0001,2,5.0,4,0.9995266112125516,0.9862538369144536,0.5,0.9928458670607598,0.7022299612357954,0.5171054040757895,0.0,0.0,1.0,0.0,0.0,0.0,0.0140845070422535,0.6,0.9859953317772592,0.0275229357798165,0.7691535601337066,0.568761823353144,0.0,0.0,1.0,0.0,0.0,0.0,0.998598414544434,0.9855333333333334,0.5004619984439258,0.9919283852300964,0.7018309311253533,0.5168123596397698,,
2024-07-22 17:26:39,hf_ctgan_syn_150000_2,100,0.0001,2,7.0,4,0.9995266112125516,0.9862538369144536,0.5,0.9928458670607598,0.7022299612357954,0.5171054040757895,0.0,0.0,1.0,0.0,0.0,0.0,0.0140845070422535,0.6,0.9859953317772592,0.0275229357798165,0.7691535601337066,0.568761823353144,0.0,0.0,1.0,0.0,0.0,0.0,0.998598414544434,0.9855333333333334,0.5004619984439258,0.9919283852300964,0.7018309311253533,0.5168123596397698,,
2024-07-22 17:26:49,hf_ctgan_syn_150000_2,100,0.0001,2,9.0,4,0.9995266112125516,0.9862538369144536,0.5,0.9928458670607598,0.7022299612357954,0.5171054040757895,0.0,0.0,1.0,0.0,0.0,0.0,0.0140845070422535,0.6,0.9859953317772592,0.0275229357798165,0.7691535601337066,0.568761823353144,0.0,0.0,1.0,0.0,0.0,0.0,0.998598414544434,0.9855333333333334,0.5004619984439258,0.9919283852300964,0.7018309311253533,0.5168123596397698,,
2024-07-22 17:27:00,hf_ctgan_syn_150000_2,100,0.0001,4,1.0,4,0.9995265791965372,0.9861871079674362,0.5,0.9928120381566572,0.7022062047459551,0.517067126880591,0.0,0.0,1.0,0.0,0.0,0.0,0.014018691588785,0.6,0.9859286428809604,0.0273972602739726,0.76912754841351,0.5687272995411053,0.0,0.0,1.0,0.0,0.0,0.0,0.9985983606198168,0.9854666666666668,0.5004619762142937,0.9918945460078024,0.7018071881376634,0.5167741066620162,,
2024-07-22 17:27:11,hf_ctgan_syn_150000_2,100,0.0001,4,3.0,4,0.9995265791965372,0.9861871079674362,0.5,0.9928120381566572,0.7022062047459551,0.517067126880591,0.0,0.0,1.0,0.0,0.0,0.0,0.014018691588785,0.6,0.9859286428809604,0.0273972602739726,0.76912754841351,0.5687272995411053,0.0,0.0,1.0,0.0,0.0,0.0,0.9985983606198168,0.9854666666666668,0.5004619762142937,0.9918945460078024,0.7018071881376634,0.5167741066620162,,
2024-07-22 17:27:21,hf_ctgan_syn_150000_2,100,0.0001,4,5.0,4,0.9995265791965372,0.9861871079674362,0.5,0.9928120381566572,0.7022062047459551,0.517067126880591,0.0,0.0,1.0,0.0,0.0,0.0,0.014018691588785,0.6,0.9859286428809604,0.0273972602739726,0.76912754841351,0.5687272995411053,0.0,0.0,1.0,0.0,0.0,0.0,0.9985983606198168,0.9854666666666668,0.5004619762142937,0.9918945460078024,0.7018071881376634,0.5167741066620162,,
2024-07-22 17:27:31,hf_ctgan_syn_150000_2,100,0.0001,4,7.0,4,0.9995265791965372,0.9861871079674362,0.5,0.9928120381566572,0.7022062047459551,0.517067126880591,0.0,0.0,1.0,0.0,0.0,0.0,0.014018691588785,0.6,0.9859286428809604,0.0273972602739726,0.76912754841351,0.5687272995411053,0.0,0.0,1.0,0.0,0.0,0.0,0.9985983606198168,0.9854666666666668,0.5004619762142937,0.9918945460078024,0.7018071881376634,0.5167741066620162,,
2024-07-22 17:27:40,hf_ctgan_syn_150000_2,100,0.0001,4,9.0,4,0.9995265791965372,0.9861871079674362,0.5,0.9928120381566572,0.7022062047459551,0.517067126880591,0.0,0.0,1.0,0.0,0.0,0.0,0.014018691588785,0.6,0.9859286428809604,0.0273972602739726,0.76912754841351,0.5687272995411053,0.0,0.0,1.0,0.0,0.0,0.0,0.9985983606198168,0.9854666666666668,0.5004619762142937,0.9918945460078024,0.7018071881376634,0.5167741066620162,,
2024-07-22 17:27:53,hf_ctgan_syn_150000_2,100,0.0001,8,1.0,4,0.9995266112125516,0.9862538369144536,0.5,0.9928458670607598,0.7022299612357954,0.5171054040757895,0.0,0.0,0.9989994663820704,0.0,0.0,0.0,0.0101010101010101,0.4,0.986928976325442,0.0197044334975369,0.6283085154047944,0.3716013019789524,0.0,0.0,1.0,0.0,0.0,0.0,0.9985970867121204,0.9854666666666668,0.5004617760408455,0.991925779062669,0.7017839827771103,0.5167466394659784,,
2024-07-22 17:28:06,hf_ctgan_syn_150000_2,100,0.0001,8,3.0,4,0.9995266112125516,0.9862538369144536,0.5,0.9928458670607598,0.7022299612357954,0.5171054040757895,0.0,0.0,0.9989994663820704,0.0,0.0,0.0,0.0101010101010101,0.4,0.986928976325442,0.0197044334975369,0.6283085154047944,0.3716013019789524,0.0,0.0,1.0,0.0,0.0,0.0,0.9985970867121204,0.9854666666666668,0.5004617760408455,0.991925779062669,0.7017839827771103,0.5167466394659784,,
2024-07-22 17:28:22,hf_ctgan_syn_150000_2,100,0.0001,8,5.0,4,0.9995266112125516,0.9862538369144536,0.5,0.9928458670607598,0.7022299612357954,0.5171054040757895,0.0,0.0,0.9989994663820704,0.0,0.0,0.0,0.0101010101010101,0.4,0.986928976325442,0.0197044334975369,0.6283085154047944,0.3716013019789524,0.0,0.0,1.0,0.0,0.0,0.0,0.9985970867121204,0.9854666666666668,0.5004617760408455,0.991925779062669,0.7017839827771103,0.5167466394659784,,
2024-07-22 17:28:37,hf_ctgan_syn_150000_2,100,0.0001,8,7.0,4,0.9995266112125516,0.9862538369144536,0.5,0.9928458670607598,0.7022299612357954,0.5171054040757895,0.0,0.0,0.9989994663820704,0.0,0.0,0.0,0.0101010101010101,0.4,0.986928976325442,0.0197044334975369,0.6283085154047944,0.3716013019789524,0.0,0.0,1.0,0.0,0.0,0.0,0.9985970867121204,0.9854666666666668,0.5004617760408455,0.991925779062669,0.7017839827771103,0.5167466394659784,,
2024-07-22 17:28:51,hf_ctgan_syn_150000_2,100,0.0001,8,9.0,4,0.9995266112125516,0.9862538369144536,0.5,0.9928458670607598,0.7022299612357954,0.5171054040757895,0.0,0.0,0.9989994663820704,0.0,0.0,0.0,0.0101010101010101,0.4,0.986928976325442,0.0197044334975369,0.6283085154047944,0.3716013019789524,0.0,0.0,1.0,0.0,0.0,0.0,0.9985970867121204,0.9854666666666668,0.5004617760408455,0.991925779062669,0.7017839827771103,0.5167466394659784,,
2024-07-22 17:29:11,hf_ctgan_syn_150000_2,100,0.0001,10,1.0,4,0.9995263870094724,0.985786734285333,0.5,0.9926090169992609,0.7020636489255562,0.5168374730601804,0.0,0.0,0.9985992529348986,0.0,0.0,0.0,0.0100502512562814,0.4,0.9868622874291432,0.0196078431372549,0.6282872869728126,0.3715788245965283,0.0,0.0,1.0,0.0,0.0,0.0,0.9985968457986822,0.985,0.5004615403640417,0.9916891178644408,0.70161781861555,0.5164789510268564,,
2024-07-22 17:29:31,hf_ctgan_syn_150000_2,100,0.0001,10,3.0,4,0.999526419051485,0.9858534632323502,0.5,0.9926428595424462,0.7020874102390493,0.5168757475837273,0.0,0.0,0.9987326574172892,0.0,0.0,0.0,0.01,0.4,0.9867955985328444,0.0195121951219512,0.6282660578235448,0.3715563468583115,0.0,0.0,1.0,0.0,0.0,0.0,0.9985968610603702,0.9850666666666666,0.5004615892834668,0.9917228969385806,0.7016415506754341,0.5165171823349353,,
2024-07-22 17:29:52,hf_ctgan_syn_150000_2,100,0.0001,10,5.0,4,0.999526419051485,0.9858534632323502,0.5,0.9926428595424462,0.7020874102390493,0.5168757475837273,0.0,0.0,0.9990661686232656,0.0,0.0,0.0,0.0097560975609756,0.4,0.9864621540513504,0.019047619047619,0.6281599013153738,0.3714439528303365,0.0,0.0,1.0,0.0,0.0,0.0,0.9985967797595572,0.9850666666666666,0.5004616560079496,0.9917227420798892,0.7016415152899314,0.5165171448702592,,
2024-07-22 17:30:12,hf_ctgan_syn_150000_2,100,0.0001,10,7.0,4,0.9995265791965372,0.9861871079674362,0.5,0.9928120381566572,0.7022062047459551,0.517067126880591,0.0,0.0,0.9992662753468516,0.0,0.0,0.0,0.0098522167487684,0.4,0.986595531843948,0.0192307692307692,0.6282023660712996,0.3714889115089046,0.0,0.0,1.0,0.0,0.0,0.0,0.9985969717948704,0.9854,0.5004618071907996,0.9918918238441212,0.7017602130768825,0.5167083605326721,,
2024-07-22 17:30:32,hf_ctgan_syn_150000_2,100,0.0001,10,9.0,4,0.9995267392333176,0.9865207527025224,0.5,0.9929811599556704,0.7023249791594068,0.5172585173093357,0.0,0.0,0.9992662753468516,0.0,0.0,0.0,0.0101010101010101,0.4,0.986928976325442,0.0197044334975369,0.6283085154047944,0.3716013019789524,0.0,0.0,1.0,0.0,0.0,0.0,0.9985972146134,0.9857333333333334,0.5004619183389601,0.992060945684211,0.7018789120173263,0.51689960979384,,
2024-07-22 17:30:50,hf_ctgan_syn_150000_2,500,0.0001,2,1.0,4,0.9995258416311048,0.9846523421860404,0.5,0.9920333456586776,0.7016595834826317,0.516186874286992,0.0,0.0,1.0,0.0,0.0,0.0,0.0126582278481012,0.6,0.9843947982660888,0.024793388429752,0.7685290358598387,0.5679331045660324,0.0,0.0,1.0,0.0,0.0,0.0,0.998597170254865,0.9839333333333332,0.5004614649327553,0.991115712332206,0.7012608775500012,0.5158944109058461,,
2024-07-22 17:31:11,hf_ctgan_syn_150000_2,500,0.0001,2,3.0,4,0.9995258416311048,0.9846523421860404,0.5,0.9920333456586776,0.7016595834826317,0.516186874286992,0.0,0.0,1.0,0.0,0.0,0.0,0.0126582278481012,0.6,0.9843947982660888,0.024793388429752,0.7685290358598387,0.5679331045660324,0.0,0.0,1.0,0.0,0.0,0.0,0.998597170254865,0.9839333333333332,0.5004614649327553,0.991115712332206,0.7012608775500012,0.5158944109058461,,
2024-07-22 17:31:32,hf_ctgan_syn_150000_2,500,0.0001,2,5.0,4,0.9995258416311048,0.9846523421860404,0.5,0.9920333456586776,0.7016595834826317,0.516186874286992,0.0,0.0,1.0,0.0,0.0,0.0,0.0126582278481012,0.6,0.9843947982660888,0.024793388429752,0.7685290358598387,0.5679331045660324,0.0,0.0,1.0,0.0,0.0,0.0,0.998597170254865,0.9839333333333332,0.5004614649327553,0.991115712332206,0.7012608775500012,0.5158944109058461,,
2024-07-22 17:31:50,hf_ctgan_syn_150000_2,500,0.0001,2,7.0,4,0.9995258416311048,0.9846523421860404,0.5,0.9920333456586776,0.7016595834826317,0.516186874286992,0.0,0.0,1.0,0.0,0.0,0.0,0.0126582278481012,0.6,0.9843947982660888,0.024793388429752,0.7685290358598387,0.5679331045660324,0.0,0.0,1.0,0.0,0.0,0.0,0.998597170254865,0.9839333333333332,0.5004614649327553,0.991115712332206,0.7012608775500012,0.5158944109058461,,
2024-07-22 17:32:09,hf_ctgan_syn_150000_2,500,0.0001,2,9.0,4,0.9995258416311048,0.9846523421860404,0.5,0.9920333456586776,0.7016595834826317,0.516186874286992,0.0,0.0,1.0,0.0,0.0,0.0,0.0126582278481012,0.6,0.9843947982660888,0.024793388429752,0.7685290358598387,0.5679331045660324,0.0,0.0,1.0,0.0,0.0,0.0,0.998597170254865,0.9839333333333332,0.5004614649327553,0.991115712332206,0.7012608775500012,0.5158944109058461,,
2024-07-22 17:32:30,hf_ctgan_syn_150000_2,500,0.0001,4,1.0,4,0.9995266112125516,0.9862538369144536,0.5,0.9928458670607598,0.7022299612357954,0.5171054040757895,0.0,0.0,1.0,0.0,0.0,0.0,0.0140845070422535,0.6,0.9859953317772592,0.0275229357798165,0.7691535601337066,0.568761823353144,0.0,0.0,1.0,0.0,0.0,0.0,0.998598414544434,0.9855333333333334,0.5004619984439258,0.9919283852300964,0.7018309311253533,0.5168123596397698,,
2024-07-22 17:32:54,hf_ctgan_syn_150000_2,500,0.0001,4,3.0,4,0.9995266112125516,0.9862538369144536,0.5,0.9928458670607598,0.7022299612357954,0.5171054040757895,0.0,0.0,1.0,0.0,0.0,0.0,0.0140845070422535,0.6,0.9859953317772592,0.0275229357798165,0.7691535601337066,0.568761823353144,0.0,0.0,1.0,0.0,0.0,0.0,0.998598414544434,0.9855333333333334,0.5004619984439258,0.9919283852300964,0.7018309311253533,0.5168123596397698,,
2024-07-22 17:33:13,hf_ctgan_syn_150000_2,500,0.0001,4,5.0,4,0.9995266112125516,0.9862538369144536,0.5,0.9928458670607598,0.7022299612357954,0.5171054040757895,0.0,0.0,1.0,0.0,0.0,0.0,0.0140845070422535,0.6,0.9859953317772592,0.0275229357798165,0.7691535601337066,0.568761823353144,0.0,0.0,1.0,0.0,0.0,0.0,0.998598414544434,0.9855333333333334,0.5004619984439258,0.9919283852300964,0.7018309311253533,0.5168123596397698,,
2024-07-22 17:33:35,hf_ctgan_syn_150000_2,500,0.0001,4,7.0,4,0.9995266112125516,0.9862538369144536,0.5,0.9928458670607598,0.7022299612357954,0.5171054040757895,0.0,0.0,1.0,0.0,0.0,0.0,0.0140845070422535,0.6,0.9859953317772592,0.0275229357798165,0.7691535601337066,0.568761823353144,0.0,0.0,1.0,0.0,0.0,0.0,0.998598414544434,0.9855333333333334,0.5004619984439258,0.9919283852300964,0.7018309311253533,0.5168123596397698,,
2024-07-22 17:33:57,hf_ctgan_syn_150000_2,500,0.0001,4,9.0,4,0.9995266112125516,0.9862538369144536,0.5,0.9928458670607598,0.7022299612357954,0.5171054040757895,0.0,0.0,1.0,0.0,0.0,0.0,0.0140845070422535,0.6,0.9859953317772592,0.0275229357798165,0.7691535601337066,0.568761823353144,0.0,0.0,1.0,0.0,0.0,0.0,0.998598414544434,0.9855333333333334,0.5004619984439258,0.9919283852300964,0.7018309311253533,0.5168123596397698,,
2024-07-22 17:34:41,hf_ctgan_syn_150000_2,500,0.0001,8,1.0,4,0.9995266112125516,0.9862538369144536,0.5,0.9928458670607598,0.7022299612357954,0.5171054040757895,0.0,0.0,0.9989994663820704,0.0,0.0,0.0,0.0101010101010101,0.4,0.986928976325442,0.0197044334975369,0.6283085154047944,0.3716013019789524,0.0,0.0,1.0,0.0,0.0,0.0,0.9985970867121204,0.9854666666666668,0.5004617760408455,0.991925779062669,0.7017839827771103,0.5167466394659784,,
2024-07-22 17:35:23,hf_ctgan_syn_150000_2,500,0.0001,8,3.0,4,0.9995266112125516,0.9862538369144536,0.5,0.9928458670607598,0.7022299612357954,0.5171054040757895,0.0,0.0,0.9989994663820704,0.0,0.0,0.0,0.0101010101010101,0.4,0.986928976325442,0.0197044334975369,0.6283085154047944,0.3716013019789524,0.0,0.0,1.0,0.0,0.0,0.0,0.9985970867121204,0.9854666666666668,0.5004617760408455,0.991925779062669,0.7017839827771103,0.5167466394659784,,
2024-07-22 17:36:05,hf_ctgan_syn_150000_2,500,0.0001,8,5.0,4,0.9995266112125516,0.9862538369144536,0.5,0.9928458670607598,0.7022299612357954,0.5171054040757895,0.0,0.0,0.9989994663820704,0.0,0.0,0.0,0.0101010101010101,0.4,0.986928976325442,0.0197044334975369,0.6283085154047944,0.3716013019789524,0.0,0.0,1.0,0.0,0.0,0.0,0.9985970867121204,0.9854666666666668,0.5004617760408455,0.991925779062669,0.7017839827771103,0.5167466394659784,,
2024-07-22 17:36:49,hf_ctgan_syn_150000_2,500,0.0001,8,7.0,4,0.9995266112125516,0.9862538369144536,0.5,0.9928458670607598,0.7022299612357954,0.5171054040757895,0.0,0.0,0.9989994663820704,0.0,0.0,0.0,0.0101010101010101,0.4,0.986928976325442,0.0197044334975369,0.6283085154047944,0.3716013019789524,0.0,0.0,1.0,0.0,0.0,0.0,0.9985970867121204,0.9854666666666668,0.5004617760408455,0.991925779062669,0.7017839827771103,0.5167466394659784,,
2024-07-22 17:37:31,hf_ctgan_syn_150000_2,500,0.0001,8,9.0,4,0.9995266112125516,0.9862538369144536,0.5,0.9928458670607598,0.7022299612357954,0.5171054040757895,0.0,0.0,0.9989994663820704,0.0,0.0,0.0,0.0101010101010101,0.4,0.986928976325442,0.0197044334975369,0.6283085154047944,0.3716013019789524,0.0,0.0,1.0,0.0,0.0,0.0,0.9985970867121204,0.9854666666666668,0.5004617760408455,0.991925779062669,0.7017839827771103,0.5167466394659784,,
2024-07-22 17:38:41,hf_ctgan_syn_150000_2,500,0.0001,10,1.0,4,0.9995263870094724,0.985786734285333,0.5,0.9926090169992609,0.7020636489255562,0.5168374730601804,0.0,0.0,0.9985992529348986,0.0,0.0,0.0,0.0100502512562814,0.4,0.9868622874291432,0.0196078431372549,0.6282872869728126,0.3715788245965283,0.0,0.0,1.0,0.0,0.0,0.0,0.9985968457986822,0.985,0.5004615403640417,0.9916891178644408,0.70161781861555,0.5164789510268564,,
2024-07-22 17:39:53,hf_ctgan_syn_150000_2,500,0.0001,10,3.0,4,0.999526419051485,0.9858534632323502,0.5,0.9926428595424462,0.7020874102390493,0.5168757475837273,0.0,0.0,0.9987326574172892,0.0,0.0,0.0,0.01,0.4,0.9867955985328444,0.0195121951219512,0.6282660578235448,0.3715563468583115,0.0,0.0,1.0,0.0,0.0,0.0,0.9985968610603702,0.9850666666666666,0.5004615892834668,0.9917228969385806,0.7016415506754341,0.5165171823349353,,
2024-07-22 17:41:03,hf_ctgan_syn_150000_2,500,0.0001,10,5.0,4,0.9995265791965372,0.9861871079674362,0.5,0.9928120381566572,0.7022062047459551,0.517067126880591,0.0,0.0,0.9990661686232656,0.0,0.0,0.0,0.01,0.4,0.9867955985328444,0.0195121951219512,0.6282660578235448,0.3715563468583115,0.0,0.0,1.0,0.0,0.0,0.0,0.998597021055954,0.9854,0.50046176715611,0.9918919176527518,0.7017602343074667,0.5167083830111219,,
2024-07-22 17:42:16,hf_ctgan_syn_150000_2,500,0.0001,10,7.0,4,0.9995265791965372,0.9861871079674362,0.5,0.9928120381566572,0.7022062047459551,0.517067126880591,0.0,0.0,0.9992662753468516,0.0,0.0,0.0,0.0098522167487684,0.4,0.986595531843948,0.0192307692307692,0.6282023660712996,0.3714889115089046,0.0,0.0,1.0,0.0,0.0,0.0,0.9985969717948704,0.9854,0.5004618071907996,0.9918918238441212,0.7017602130768825,0.5167083605326721,,
2024-07-22 17:43:30,hf_ctgan_syn_150000_2,500,0.0001,10,9.0,4,0.9995265791965372,0.9861871079674362,0.5,0.9928120381566572,0.7022062047459551,0.517067126880591,0.0,0.0,0.9992662753468516,0.0,0.0,0.0,0.0098522167487684,0.4,0.986595531843948,0.0192307692307692,0.6282023660712996,0.3714889115089046,0.0,0.0,1.0,0.0,0.0,0.0,0.9985969717948704,0.9854,0.5004618071907996,0.9918918238441212,0.7017602130768825,0.5167083605326721,,
2024-07-22 17:44:12,hf_ctgan_syn_150000_2,1500,0.0001,2,1.0,4,0.9995258416311048,0.9846523421860404,0.5,0.9920333456586776,0.7016595834826317,0.516186874286992,0.0,0.0,1.0,0.0,0.0,0.0,0.0126582278481012,0.6,0.9843947982660888,0.024793388429752,0.7685290358598387,0.5679331045660324,0.0,0.0,1.0,0.0,0.0,0.0,0.998597170254865,0.9839333333333332,0.5004614649327553,0.991115712332206,0.7012608775500012,0.5158944109058461,,
2024-07-22 17:44:55,hf_ctgan_syn_150000_2,1500,0.0001,2,3.0,4,0.9995258416311048,0.9846523421860404,0.5,0.9920333456586776,0.7016595834826317,0.516186874286992,0.0,0.0,1.0,0.0,0.0,0.0,0.0126582278481012,0.6,0.9843947982660888,0.024793388429752,0.7685290358598387,0.5679331045660324,0.0,0.0,1.0,0.0,0.0,0.0,0.998597170254865,0.9839333333333332,0.5004614649327553,0.991115712332206,0.7012608775500012,0.5158944109058461,,
2024-07-22 17:45:37,hf_ctgan_syn_150000_2,1500,0.0001,2,5.0,4,0.9995258416311048,0.9846523421860404,0.5,0.9920333456586776,0.7016595834826317,0.516186874286992,0.0,0.0,1.0,0.0,0.0,0.0,0.0126582278481012,0.6,0.9843947982660888,0.024793388429752,0.7685290358598387,0.5679331045660324,0.0,0.0,1.0,0.0,0.0,0.0,0.998597170254865,0.9839333333333332,0.5004614649327553,0.991115712332206,0.7012608775500012,0.5158944109058461,,
2024-07-22 17:46:21,hf_ctgan_syn_150000_2,1500,0.0001,2,7.0,4,0.9995258416311048,0.9846523421860404,0.5,0.9920333456586776,0.7016595834826317,0.516186874286992,0.0,0.0,1.0,0.0,0.0,0.0,0.0126582278481012,0.6,0.9843947982660888,0.024793388429752,0.7685290358598387,0.5679331045660324,0.0,0.0,1.0,0.0,0.0,0.0,0.998597170254865,0.9839333333333332,0.5004614649327553,0.991115712332206,0.7012608775500012,0.5158944109058461,,
2024-07-22 17:47:07,hf_ctgan_syn_150000_2,1500,0.0001,2,9.0,4,0.9995258416311048,0.9846523421860404,0.5,0.9920333456586776,0.7016595834826317,0.516186874286992,0.0,0.0,1.0,0.0,0.0,0.0,0.0126582278481012,0.6,0.9843947982660888,0.024793388429752,0.7685290358598387,0.5679331045660324,0.0,0.0,1.0,0.0,0.0,0.0,0.998597170254865,0.9839333333333332,0.5004614649327553,0.991115712332206,0.7012608775500012,0.5158944109058461,,
2024-07-22 17:48:03,hf_ctgan_syn_150000_2,1500,0.0001,4,1.0,4,0.9995266112125516,0.9862538369144536,0.5,0.9928458670607598,0.7022299612357954,0.5171054040757895,0.0,0.0,1.0,0.0,0.0,0.0,0.0140845070422535,0.6,0.9859953317772592,0.0275229357798165,0.7691535601337066,0.568761823353144,0.0,0.0,1.0,0.0,0.0,0.0,0.998598414544434,0.9855333333333334,0.5004619984439258,0.9919283852300964,0.7018309311253533,0.5168123596397698,,
2024-07-22 17:48:53,hf_ctgan_syn_150000_2,1500,0.0001,4,3.0,4,0.9995266112125516,0.9862538369144536,0.5,0.9928458670607598,0.7022299612357954,0.5171054040757895,0.0,0.0,1.0,0.0,0.0,0.0,0.0140845070422535,0.6,0.9859953317772592,0.0275229357798165,0.7691535601337066,0.568761823353144,0.0,0.0,1.0,0.0,0.0,0.0,0.998598414544434,0.9855333333333334,0.5004619984439258,0.9919283852300964,0.7018309311253533,0.5168123596397698,,
2024-07-22 17:49:48,hf_ctgan_syn_150000_2,1500,0.0001,4,5.0,4,0.9995266112125516,0.9862538369144536,0.5,0.9928458670607598,0.7022299612357954,0.5171054040757895,0.0,0.0,1.0,0.0,0.0,0.0,0.0140845070422535,0.6,0.9859953317772592,0.0275229357798165,0.7691535601337066,0.568761823353144,0.0,0.0,1.0,0.0,0.0,0.0,0.998598414544434,0.9855333333333334,0.5004619984439258,0.9919283852300964,0.7018309311253533,0.5168123596397698,,
2024-07-22 17:50:42,hf_ctgan_syn_150000_2,1500,0.0001,4,7.0,4,0.9995266112125516,0.9862538369144536,0.5,0.9928458670607598,0.7022299612357954,0.5171054040757895,0.0,0.0,1.0,0.0,0.0,0.0,0.0140845070422535,0.6,0.9859953317772592,0.0275229357798165,0.7691535601337066,0.568761823353144,0.0,0.0,1.0,0.0,0.0,0.0,0.998598414544434,0.9855333333333334,0.5004619984439258,0.9919283852300964,0.7018309311253533,0.5168123596397698,,
2024-07-22 17:51:36,hf_ctgan_syn_150000_2,1500,0.0001,4,9.0,4,0.9995266112125516,0.9862538369144536,0.5,0.9928458670607598,0.7022299612357954,0.5171054040757895,0.0,0.0,1.0,0.0,0.0,0.0,0.0140845070422535,0.6,0.9859953317772592,0.0275229357798165,0.7691535601337066,0.568761823353144,0.0,0.0,1.0,0.0,0.0,0.0,0.998598414544434,0.9855333333333334,0.5004619984439258,0.9919283852300964,0.7018309311253533,0.5168123596397698,,
2024-07-22 17:53:35,hf_ctgan_syn_150000_2,1500,0.0001,8,1.0,4,0.9995266112125516,0.9862538369144536,0.5,0.9928458670607598,0.7022299612357954,0.5171054040757895,0.0,0.0,0.9989994663820704,0.0,0.0,0.0,0.0101010101010101,0.4,0.986928976325442,0.0197044334975369,0.6283085154047944,0.3716013019789524,0.0,0.0,1.0,0.0,0.0,0.0,0.9985970867121204,0.9854666666666668,0.5004617760408455,0.991925779062669,0.7017839827771103,0.5167466394659784,,
2024-07-22 17:55:26,hf_ctgan_syn_150000_2,1500,0.0001,8,3.0,4,0.9995266112125516,0.9862538369144536,0.5,0.9928458670607598,0.7022299612357954,0.5171054040757895,0.0,0.0,0.9989994663820704,0.0,0.0,0.0,0.0101010101010101,0.4,0.986928976325442,0.0197044334975369,0.6283085154047944,0.3716013019789524,0.0,0.0,1.0,0.0,0.0,0.0,0.9985970867121204,0.9854666666666668,0.5004617760408455,0.991925779062669,0.7017839827771103,0.5167466394659784,,
2024-07-22 17:57:24,hf_ctgan_syn_150000_2,1500,0.0001,8,5.0,4,0.9995266112125516,0.9862538369144536,0.5,0.9928458670607598,0.7022299612357954,0.5171054040757895,0.0,0.0,0.9989994663820704,0.0,0.0,0.0,0.0101010101010101,0.4,0.986928976325442,0.0197044334975369,0.6283085154047944,0.3716013019789524,0.0,0.0,1.0,0.0,0.0,0.0,0.9985970867121204,0.9854666666666668,0.5004617760408455,0.991925779062669,0.7017839827771103,0.5167466394659784,,
2024-07-22 17:59:25,hf_ctgan_syn_150000_2,1500,0.0001,8,7.0,4,0.9995266112125516,0.9862538369144536,0.5,0.9928458670607598,0.7022299612357954,0.5171054040757895,0.0,0.0,0.9989994663820704,0.0,0.0,0.0,0.0101010101010101,0.4,0.986928976325442,0.0197044334975369,0.6283085154047944,0.3716013019789524,0.0,0.0,1.0,0.0,0.0,0.0,0.9985970867121204,0.9854666666666668,0.5004617760408455,0.991925779062669,0.7017839827771103,0.5167466394659784,,
2024-07-22 18:01:24,hf_ctgan_syn_150000_2,1500,0.0001,8,9.0,4,0.9995266112125516,0.9862538369144536,0.5,0.9928458670607598,0.7022299612357954,0.5171054040757895,0.0,0.0,0.9989994663820704,0.0,0.0,0.0,0.0101010101010101,0.4,0.986928976325442,0.0197044334975369,0.6283085154047944,0.3716013019789524,0.0,0.0,1.0,0.0,0.0,0.0,0.9985970867121204,0.9854666666666668,0.5004617760408455,0.991925779062669,0.7017839827771103,0.5167466394659784,,
2024-07-22 18:04:49,hf_ctgan_syn_150000_2,1500,0.0001,10,1.0,4,0.999526419051485,0.9858534632323502,0.5,0.9926428595424462,0.7020874102390493,0.5168757475837273,0.0,0.0,0.9985992529348986,0.0,0.0,0.0,0.0101010101010101,0.4,0.986928976325442,0.0197044334975369,0.6283085154047944,0.3716013019789524,0.0,0.0,1.0,0.0,0.0,0.0,0.998596894730404,0.9850666666666666,0.5004615625936737,0.9917229610180393,0.7016415648279613,0.5165171973199755,,
2024-07-22 18:08:06,hf_ctgan_syn_150000_2,1500,0.0001,10,3.0,4,0.999526419051485,0.9858534632323502,0.5,0.9926428595424462,0.7020874102390493,0.5168757475837273,0.0,0.0,0.9985992529348986,0.0,0.0,0.0,0.0101010101010101,0.4,0.986928976325442,0.0197044334975369,0.6283085154047944,0.3716013019789524,0.0,0.0,1.0,0.0,0.0,0.0,0.998596894730404,0.9850666666666666,0.5004615625936737,0.9917229610180393,0.7016415648279613,0.5165171973199755,,
2024-07-22 18:11:26,hf_ctgan_syn_150000_2,1500,0.0001,10,5.0,4,0.9995265791965372,0.9861871079674362,0.5,0.9928120381566572,0.7022062047459551,0.517067126880591,0.0,0.0,0.9989327641408752,0.0,0.0,0.0,0.0101010101010101,0.4,0.986928976325442,0.0197044334975369,0.6283085154047944,0.3716013019789524,0.0,0.0,1.0,0.0,0.0,0.0,0.9985970547259876,0.9854,0.500461740466317,0.9918919817322104,0.7017602484599939,0.5167083979961621,,
2024-07-22 18:14:46,hf_ctgan_syn_150000_2,1500,0.0001,10,7.0,4,0.9995265791965372,0.9861871079674362,0.5,0.9928120381566572,0.7022062047459551,0.517067126880591,0.0,0.0,0.9990661686232656,0.0,0.0,0.0,0.01,0.4,0.9867955985328444,0.0195121951219512,0.6282660578235448,0.3715563468583115,0.0,0.0,1.0,0.0,0.0,0.0,0.998597021055954,0.9854,0.50046176715611,0.9918919176527518,0.7017602343074667,0.5167083830111219,,
2024-07-22 18:18:09,hf_ctgan_syn_150000_2,1500,0.0001,10,9.0,4,0.9995267392333176,0.9865207527025224,0.5,0.9929811599556704,0.7023249791594068,0.5172585173093357,0.0,0.0,0.9992662753468516,0.0,0.0,0.0,0.0101010101010101,0.4,0.986928976325442,0.0197044334975369,0.6283085154047944,0.3716013019789524,0.0,0.0,1.0,0.0,0.0,0.0,0.9985972146134,0.9857333333333334,0.5004619183389601,0.992060945684211,0.7018789120173263,0.51689960979384,,
2024-07-22 18:18:41,hf_ctgan_syn_150000_2,1000,0.0001,2,1.0,4,0.9995258416311048,0.9846523421860404,0.5,0.9920333456586776,0.7016595834826317,0.516186874286992,0.0,0.0,1.0,0.0,0.0,0.0,0.0126582278481012,0.6,0.9843947982660888,0.024793388429752,0.7685290358598387,0.5679331045660324,0.0,0.0,1.0,0.0,0.0,0.0,0.998597170254865,0.9839333333333332,0.5004614649327553,0.991115712332206,0.7012608775500012,0.5158944109058461,,
2024-07-22 18:19:11,hf_ctgan_syn_150000_2,1000,0.0001,2,3.0,4,0.9995258416311048,0.9846523421860404,0.5,0.9920333456586776,0.7016595834826317,0.516186874286992,0.0,0.0,1.0,0.0,0.0,0.0,0.0126582278481012,0.6,0.9843947982660888,0.024793388429752,0.7685290358598387,0.5679331045660324,0.0,0.0,1.0,0.0,0.0,0.0,0.998597170254865,0.9839333333333332,0.5004614649327553,0.991115712332206,0.7012608775500012,0.5158944109058461,,
2024-07-22 18:19:46,hf_ctgan_syn_150000_2,1000,0.0001,2,5.0,4,0.9995258416311048,0.9846523421860404,0.5,0.9920333456586776,0.7016595834826317,0.516186874286992,0.0,0.0,1.0,0.0,0.0,0.0,0.0126582278481012,0.6,0.9843947982660888,0.024793388429752,0.7685290358598387,0.5679331045660324,0.0,0.0,1.0,0.0,0.0,0.0,0.998597170254865,0.9839333333333332,0.5004614649327553,0.991115712332206,0.7012608775500012,0.5158944109058461,,
2024-07-22 18:20:19,hf_ctgan_syn_150000_2,1000,0.0001,2,7.0,4,0.9995258416311048,0.9846523421860404,0.5,0.9920333456586776,0.7016595834826317,0.516186874286992,0.0,0.0,1.0,0.0,0.0,0.0,0.0126582278481012,0.6,0.9843947982660888,0.024793388429752,0.7685290358598387,0.5679331045660324,0.0,0.0,1.0,0.0,0.0,0.0,0.998597170254865,0.9839333333333332,0.5004614649327553,0.991115712332206,0.7012608775500012,0.5158944109058461,,
2024-07-22 18:20:52,hf_ctgan_syn_150000_2,1000,0.0001,2,9.0,4,0.9995258416311048,0.9846523421860404,0.5,0.9920333456586776,0.7016595834826317,0.516186874286992,0.0,0.0,1.0,0.0,0.0,0.0,0.0126582278481012,0.6,0.9843947982660888,0.024793388429752,0.7685290358598387,0.5679331045660324,0.0,0.0,1.0,0.0,0.0,0.0,0.998597170254865,0.9839333333333332,0.5004614649327553,0.991115712332206,0.7012608775500012,0.5158944109058461,,
2024-07-22 18:21:33,hf_ctgan_syn_150000_2,1000,0.0001,4,1.0,4,0.9995266112125516,0.9862538369144536,0.5,0.9928458670607598,0.7022299612357954,0.5171054040757895,0.0,0.0,1.0,0.0,0.0,0.0,0.0140845070422535,0.6,0.9859953317772592,0.0275229357798165,0.7691535601337066,0.568761823353144,0.0,0.0,1.0,0.0,0.0,0.0,0.998598414544434,0.9855333333333334,0.5004619984439258,0.9919283852300964,0.7018309311253533,0.5168123596397698,,
2024-07-22 18:22:11,hf_ctgan_syn_150000_2,1000,0.0001,4,3.0,4,0.9995266112125516,0.9862538369144536,0.5,0.9928458670607598,0.7022299612357954,0.5171054040757895,0.0,0.0,1.0,0.0,0.0,0.0,0.0140845070422535,0.6,0.9859953317772592,0.0275229357798165,0.7691535601337066,0.568761823353144,0.0,0.0,1.0,0.0,0.0,0.0,0.998598414544434,0.9855333333333334,0.5004619984439258,0.9919283852300964,0.7018309311253533,0.5168123596397698,,
2024-07-22 18:22:48,hf_ctgan_syn_150000_2,1000,0.0001,4,5.0,4,0.9995266112125516,0.9862538369144536,0.5,0.9928458670607598,0.7022299612357954,0.5171054040757895,0.0,0.0,1.0,0.0,0.0,0.0,0.0140845070422535,0.6,0.9859953317772592,0.0275229357798165,0.7691535601337066,0.568761823353144,0.0,0.0,1.0,0.0,0.0,0.0,0.998598414544434,0.9855333333333334,0.5004619984439258,0.9919283852300964,0.7018309311253533,0.5168123596397698,,
2024-07-22 18:23:25,hf_ctgan_syn_150000_2,1000,0.0001,4,7.0,4,0.9995266112125516,0.9862538369144536,0.5,0.9928458670607598,0.7022299612357954,0.5171054040757895,0.0,0.0,1.0,0.0,0.0,0.0,0.0140845070422535,0.6,0.9859953317772592,0.0275229357798165,0.7691535601337066,0.568761823353144,0.0,0.0,1.0,0.0,0.0,0.0,0.998598414544434,0.9855333333333334,0.5004619984439258,0.9919283852300964,0.7018309311253533,0.5168123596397698,,
2024-07-22 18:24:05,hf_ctgan_syn_150000_2,1000,0.0001,4,9.0,4,0.9995266112125516,0.9862538369144536,0.5,0.9928458670607598,0.7022299612357954,0.5171054040757895,0.0,0.0,1.0,0.0,0.0,0.0,0.0140845070422535,0.6,0.9859953317772592,0.0275229357798165,0.7691535601337066,0.568761823353144,0.0,0.0,1.0,0.0,0.0,0.0,0.998598414544434,0.9855333333333334,0.5004619984439258,0.9919283852300964,0.7018309311253533,0.5168123596397698,,
2024-07-22 18:25:21,hf_ctgan_syn_150000_2,1000,0.0001,8,1.0,4,0.9995266112125516,0.9862538369144536,0.5,0.9928458670607598,0.7022299612357954,0.5171054040757895,0.0,0.0,0.9989994663820704,0.0,0.0,0.0,0.0101010101010101,0.4,0.986928976325442,0.0197044334975369,0.6283085154047944,0.3716013019789524,0.0,0.0,1.0,0.0,0.0,0.0,0.9985970867121204,0.9854666666666668,0.5004617760408455,0.991925779062669,0.7017839827771103,0.5167466394659784,,
2024-07-22 18:26:41,hf_ctgan_syn_150000_2,1000,0.0001,8,3.0,4,0.9995266112125516,0.9862538369144536,0.5,0.9928458670607598,0.7022299612357954,0.5171054040757895,0.0,0.0,0.9989994663820704,0.0,0.0,0.0,0.0101010101010101,0.4,0.986928976325442,0.0197044334975369,0.6283085154047944,0.3716013019789524,0.0,0.0,1.0,0.0,0.0,0.0,0.9985970867121204,0.9854666666666668,0.5004617760408455,0.991925779062669,0.7017839827771103,0.5167466394659784,,
2024-07-22 18:28:02,hf_ctgan_syn_150000_2,1000,0.0001,8,5.0,4,0.9995266112125516,0.9862538369144536,0.5,0.9928458670607598,0.7022299612357954,0.5171054040757895,0.0,0.0,0.9989994663820704,0.0,0.0,0.0,0.0101010101010101,0.4,0.986928976325442,0.0197044334975369,0.6283085154047944,0.3716013019789524,0.0,0.0,1.0,0.0,0.0,0.0,0.9985970867121204,0.9854666666666668,0.5004617760408455,0.991925779062669,0.7017839827771103,0.5167466394659784,,
2024-07-22 18:29:23,hf_ctgan_syn_150000_2,1000,0.0001,8,7.0,4,0.9995266112125516,0.9862538369144536,0.5,0.9928458670607598,0.7022299612357954,0.5171054040757895,0.0,0.0,0.9989994663820704,0.0,0.0,0.0,0.0101010101010101,0.4,0.986928976325442,0.0197044334975369,0.6283085154047944,0.3716013019789524,0.0,0.0,1.0,0.0,0.0,0.0,0.9985970867121204,0.9854666666666668,0.5004617760408455,0.991925779062669,0.7017839827771103,0.5167466394659784,,
2024-07-22 18:30:44,hf_ctgan_syn_150000_2,1000,0.0001,8,9.0,4,0.9995266112125516,0.9862538369144536,0.5,0.9928458670607598,0.7022299612357954,0.5171054040757895,0.0,0.0,0.9989994663820704,0.0,0.0,0.0,0.0101010101010101,0.4,0.986928976325442,0.0197044334975369,0.6283085154047944,0.3716013019789524,0.0,0.0,1.0,0.0,0.0,0.0,0.9985970867121204,0.9854666666666668,0.5004617760408455,0.991925779062669,0.7017839827771103,0.5167466394659784,,
2024-07-22 18:32:56,hf_ctgan_syn_150000_2,1000,0.0001,10,1.0,4,0.9995263870094724,0.985786734285333,0.5,0.9926090169992609,0.7020636489255562,0.5168374730601804,0.0,0.0,0.9985992529348986,0.0,0.0,0.0,0.0100502512562814,0.4,0.9868622874291432,0.0196078431372549,0.6282872869728126,0.3715788245965283,0.0,0.0,1.0,0.0,0.0,0.0,0.9985968457986822,0.985,0.5004615403640417,0.9916891178644408,0.70161781861555,0.5164789510268564,,
2024-07-22 18:35:15,hf_ctgan_syn_150000_2,1000,0.0001,10,3.0,4,0.999526419051485,0.9858534632323502,0.5,0.9926428595424462,0.7020874102390493,0.5168757475837273,0.0,0.0,0.9985992529348986,0.0,0.0,0.0,0.0101010101010101,0.4,0.986928976325442,0.0197044334975369,0.6283085154047944,0.3716013019789524,0.0,0.0,1.0,0.0,0.0,0.0,0.998596894730404,0.9850666666666666,0.5004615625936737,0.9917229610180393,0.7016415648279613,0.5165171973199755,,
2024-07-22 18:37:31,hf_ctgan_syn_150000_2,1000,0.0001,10,5.0,4,0.9995265791965372,0.9861871079674362,0.5,0.9928120381566572,0.7022062047459551,0.517067126880591,0.0,0.0,0.9990661686232656,0.0,0.0,0.0,0.01,0.4,0.9867955985328444,0.0195121951219512,0.6282660578235448,0.3715563468583115,0.0,0.0,1.0,0.0,0.0,0.0,0.998597021055954,0.9854,0.50046176715611,0.9918919176527518,0.7017602343074667,0.5167083830111219,,
2024-07-22 18:39:46,hf_ctgan_syn_150000_2,1000,0.0001,10,7.0,4,0.9995265791965372,0.9861871079674362,0.5,0.9928120381566572,0.7022062047459551,0.517067126880591,0.0,0.0,0.9992662753468516,0.0,0.0,0.0,0.0098522167487684,0.4,0.986595531843948,0.0192307692307692,0.6282023660712996,0.3714889115089046,0.0,0.0,1.0,0.0,0.0,0.0,0.9985969717948704,0.9854,0.5004618071907996,0.9918918238441212,0.7017602130768825,0.5167083605326721,,
2024-07-22 18:42:09,hf_ctgan_syn_150000_2,1000,0.0001,10,9.0,4,0.9995265791965372,0.9861871079674362,0.5,0.9928120381566572,0.7022062047459551,0.517067126880591,0.0,0.0,0.9992662753468516,0.0,0.0,0.0,0.0098522167487684,0.4,0.986595531843948,0.0192307692307692,0.6282023660712996,0.3714889115089046,0.0,0.0,1.0,0.0,0.0,0.0,0.9985969717948704,0.9854,0.5004618071907996,0.9918918238441212,0.7017602130768825,0.5167083605326721,,
2024-07-22 18:42:22,hf_ctgan_syn_300000_2,100,0.1,2,1.0,4,0.999327731092437,0.9919257974109168,0.2857142857142857,0.9956130069321188,0.5323601888654272,0.3034219254568462,0.0,0.0,0.99886606189968,0.0,0.0,0.0,0.0185185185185185,0.4,0.9929309769923308,0.0353982300884955,0.630216146093491,0.3736228094259718,0.0,0.0,1.0,0.0,0.0,0.0,0.9984011980495904,0.9911333333333332,0.2863779912729629,0.9946955675356784,0.5320733914045174,0.3032632725962285,,
2024-07-22 18:42:35,hf_ctgan_syn_300000_2,100,0.1,2,3.0,4,0.999327731092437,0.9919257974109168,0.2857142857142857,0.9956130069321188,0.5323601888654272,0.3034219254568462,0.0,0.0,0.99886606189968,0.0,0.0,0.0,0.0185185185185185,0.4,0.9929309769923308,0.0353982300884955,0.630216146093491,0.3736228094259718,0.0,0.0,1.0,0.0,0.0,0.0,0.9984011980495904,0.9911333333333332,0.2863779912729629,0.9946955675356784,0.5320733914045174,0.3032632725962285,,
2024-07-22 18:42:47,hf_ctgan_syn_300000_2,100,0.1,2,5.0,4,0.9993278666487432,0.9921259842519684,0.2857142857142857,0.995713903027056,0.5324139056496683,0.3034888355490996,0.0,0.0,0.99886606189968,0.0,0.0,0.0,0.019047619047619,0.4,0.9931310436812272,0.0363636363636363,0.6302796343469229,0.3736901433744559,0.0,0.0,1.0,0.0,0.0,0.0,0.99840150984622,0.9913333333333332,0.2863780579618592,0.9947966912630186,0.5321270792158442,0.3033301426837119,,
2024-07-22 18:43:00,hf_ctgan_syn_300000_2,100,0.1,2,7.0,4,0.9993275954814416,0.9917256105698652,0.2857142857142857,0.9955120905619934,0.5323064666604501,0.3033550176545797,0.0,0.0,0.9985325506937032,0.0,0.0,0.0,0.0188679245283018,0.4,0.9930643547849284,0.036036036036036,0.6302584723063794,0.3736676990807538,0.0,0.0,1.0,0.0,0.0,0.0,0.9984011790338352,0.9909333333333332,0.2863778578595839,0.9945949579561476,0.5320197334490024,0.3031964422044624,,
2024-07-22 18:43:13,hf_ctgan_syn_300000_2,100,0.1,2,9.0,4,0.999327505043712,0.9915921526758308,0.2857142857142857,0.995444801714898,0.5322706488448015,0.3033104137252838,0.0,0.0,0.9985325506937032,0.0,0.0,0.0,0.0185185185185185,0.4,0.9929309769923308,0.0353982300884955,0.630216146093491,0.3736228094259718,0.0,0.0,1.0,0.0,0.0,0.0,0.9984009722118442,0.9908,0.2863778134003197,0.9945275193099936,0.5319839349545775,0.3031518649422822,,
2024-07-22 18:43:26,hf_ctgan_syn_300000_2,100,0.1,4,1.0,4,0.9993270524899058,0.9909248632056586,0.2857142857142857,0.995108222207331,0.5320915236003398,0.3030874093453831,0.0,0.0,0.9975320170757738,0.0,0.0,0.0,0.0194174757281553,0.4,0.9932644214738248,0.037037037037037,0.6303219562965658,0.3737350308944818,0.0,0.0,1.0,0.0,0.0,0.0,0.9984008197328248,0.9901333333333332,0.2863773909305506,0.9941918002122831,0.5318050121637451,0.3029291061069589,,
2024-07-22 18:43:39,hf_ctgan_syn_300000_2,100,0.1,4,3.0,4,0.999326961906044,0.990791405311624,0.2857142857142857,0.995040879238708,0.5320556913147946,0.3030428115227188,0.0,0.0,0.9973986125933832,0.0,0.0,0.0,0.0194174757281553,0.4,0.9932644214738248,0.037037037037037,0.6303219562965658,0.3737350308944818,0.0,0.0,1.0,0.0,0.0,0.0,0.9984007292335076,0.99,0.2863773197814934,0.9941245200970974,0.5317692133216663,0.3028845499089291,,
2024-07-22 18:43:53,hf_ctgan_syn_300000_2,100,0.1,4,5.0,4,0.999326961906044,0.990791405311624,0.2857142857142857,0.995040879238708,0.5320556913147946,0.3030428115227188,0.0,0.0,0.9973319103521878,0.0,0.0,0.0,0.0196078431372549,0.4,0.9933311103701232,0.0373831775700934,0.6303431162058085,0.3737574741208057,0.0,0.0,1.0,0.0,0.0,0.0,0.9984007926893106,0.99,0.2863773064365968,0.9941246354772753,0.5317692203749693,0.3028845573900046,,
2024-07-22 18:44:07,hf_ctgan_syn_300000_2,100,0.1,4,7.0,4,0.999326961906044,0.990791405311624,0.2857142857142857,0.995040879238708,0.5320556913147946,0.3030428115227188,0.0,0.0,0.9971985058697972,0.0,0.0,0.0,0.02,0.4,0.9934644881627208,0.038095238095238,0.6303854338934938,0.3738023595060752,0.0,0.0,1.0,0.0,0.0,0.0,0.9984009234082648,0.99,0.2863772797468038,0.9941248728307835,0.5317692344808652,0.3028845723517996,,
2024-07-22 18:44:20,hf_ctgan_syn_300000_2,100,0.1,4,9.0,4,0.9993270977726936,0.9909915921526758,0.2857142857142857,0.9951418903072334,0.5321094388382568,0.3031097086383797,0.0,0.0,0.9975320170757738,0.0,0.0,0.0,0.0196078431372549,0.4,0.9933311103701232,0.0373831775700934,0.6303431162058085,0.3737574741208057,0.0,0.0,1.0,0.0,0.0,0.0,0.9984009284291516,0.9902,0.2863774131601828,0.9942255522688034,0.5318229177340763,0.3029513920683575,,
2024-07-22 18:44:39,hf_ctgan_syn_300000_2,100,0.1,8,1.0,4,0.999325600215808,0.9887895369011076,0.2857142857142857,0.9940296504997652,0.5315179171556302,0.3023739663153922,0.0,0.0,0.9954642475987192,0.0,0.0,0.0,0.0194174757281553,0.4,0.9932644214738248,0.037037037037037,0.6303219562965658,0.3737350308944818,0.0,0.0,0.9999333288885924,0.0,0.0,0.0,0.9983993688141828,0.988,0.2863762836754222,0.9931142351716444,0.5312319410850505,0.3022163289571293,,
2024-07-22 18:44:57,hf_ctgan_syn_300000_2,100,0.1,8,3.0,4,0.9993256456942478,0.9888562658481248,0.2857142857142857,0.9940633909106156,0.5315358517267605,0.3023962574662129,0.0,0.0,0.9955309498399146,0.0,0.0,0.0,0.0192307692307692,0.4,0.993197732577526,0.036697247706422,0.6303007956769612,0.3737125873123652,0.0,0.0,1.0,0.0,0.0,0.0,0.9983993520146768,0.9880666666666666,0.2863763014650595,0.9931478308283344,0.5312498518637079,0.3022385918216819,,
2024-07-22 18:45:14,hf_ctgan_syn_300000_2,100,0.1,8,5.0,4,0.9993255547312336,0.9887228079540904,0.2857142857142857,0.9939959078254452,0.5314999819793279,0.3023516754190143,0.0,0.0,0.9954642475987192,0.0,0.0,0.0,0.019047619047619,0.4,0.9931310436812272,0.0363636363636363,0.6302796343469229,0.3736901433744559,0.0,0.0,1.0,0.0,0.0,0.0,0.9983992000865004,0.9879333333333332,0.2863762436608987,0.993080299523596,0.5312140085409295,0.3021940439030814,,
2024-07-22 18:45:31,hf_ctgan_syn_300000_2,100,0.1,8,7.0,4,0.9993255092405234,0.9886560790070732,0.2857142857142857,0.993962162887428,0.5314820461977924,0.3023293847770794,0.0,0.0,0.9952641408751334,0.0,0.0,0.0,0.0194174757281553,0.4,0.9932644214738248,0.037037037037037,0.6303219562965658,0.3737350308944818,0.0,0.0,1.0,0.0,0.0,0.0,0.9983992779238084,0.9878666666666668,0.286376181396577,0.9930468105477452,0.5311961036067733,0.3021717890282523,,
2024-07-22 18:45:48,hf_ctgan_syn_300000_2,100,0.1,8,9.0,4,0.9993256911665542,0.988922994795142,0.2857142857142857,0.9940971290582238,0.5315537856927803,0.3024185488714767,0.0,0.0,0.995397545357524,0.0,0.0,0.0,0.0198019801980198,0.4,0.993397799266422,0.0377358490566037,0.6303642754047606,0.3737799169913368,0.0,0.0,1.0,0.0,0.0,0.0,0.9983995878481982,0.9881333333333332,0.2863762970048985,0.993181883687455,0.5312677902512687,0.3022608848648604,,
2024-07-22 18:46:11,hf_ctgan_syn_300000_2,100,0.1,10,1.0,4,0.9993247349584712,0.9875216869077806,0.2857142857142857,0.9933881523745596,0.5311770452516026,0.3019504827939649,0.0,0.0,0.994263607257204,0.0,0.0,0.0,0.0192307692307692,0.4,0.993197732577526,0.036697247706422,0.6303007956769612,0.3737125873123652,0.0,0.0,0.9999333288885924,0.0,0.0,0.0,0.9983984421289204,0.9867333333333334,0.2863756211042746,0.992473222514912,0.5308913802745934,0.3017932332057947,,
2024-07-22 18:46:35,hf_ctgan_syn_300000_2,100,0.1,10,3.0,4,0.999324962872958,0.9878553316428668,0.2857142857142857,0.9935570469798658,0.5312667695888671,0.3020619169204146,0.0,0.0,0.9943970117395944,0.0,0.0,0.0,0.0196078431372549,0.4,0.9933311103701232,0.0373831775700934,0.6303431162058085,0.3737574741208057,0.0,0.0,1.0,0.0,0.0,0.0,0.9983987955219892,0.9870666666666666,0.2863757411573368,0.9926421881285412,0.5309810349759861,0.3019045782893291,,
2024-07-22 18:46:59,hf_ctgan_syn_300000_2,100,0.1,10,5.0,4,0.9993252816948924,0.9883224342719872,0.2857142857142857,0.9937934042339048,0.5313923582094731,0.3022179353840502,0.0,0.0,0.9948639274279616,0.0,0.0,0.0,0.0202020202020202,0.4,0.9935311770590196,0.0384615384615384,0.6304065916720795,0.3738248016650209,0.0,0.0,0.9997999866657776,0.0,0.0,0.0,0.9983993121053778,0.9875333333333334,0.2863760435337113,0.992878684236107,0.5311065275390349,0.3020604735782468,,
2024-07-22 18:47:24,hf_ctgan_syn_300000_2,100,0.1,10,7.0,4,0.9993248261427318,0.987655144801815,0.2857142857142857,0.993455717018492,0.5312129368050914,0.3019950556812159,0.0,0.0,0.994730522945571,0.0,0.0,0.0,0.019047619047619,0.4,0.9931310436812272,0.0363636363636363,0.6302796343469229,0.3736901433744559,0.0,0.0,0.9996666444429628,0.0,0.0,0.0,0.9983984721780144,0.9868666666666668,0.2863758301173799,0.9925406128947292,0.5309272312755223,0.3018377570103715,,
2024-07-22 18:47:45,hf_ctgan_syn_300000_2,100,0.1,10,9.0,4,0.9993255547312336,0.9887228079540904,0.2857142857142857,0.9939959078254452,0.5314999819793279,0.3023516754190143,0.0,0.0,0.9951307363927429,0.0,0.0,0.0,0.02,0.4,0.9934644881627208,0.038095238095238,0.6303854338934938,0.3738023595060752,0.0,0.0,1.0,0.0,0.0,0.0,0.9983995175468178,0.9879333333333332,0.286376176936416,0.9930808767241732,0.5312140438074451,0.3021940813084586,,
2024-07-22 18:48:08,hf_ctgan_syn_300000_2,500,0.1,2,1.0,4,0.9993261909574828,0.9896570132123316,0.2857142857142857,0.9944680993730513,0.5317510193992059,0.3026637711226163,0.0,0.0,0.9963313767342584,0.0,0.0,0.0,0.0192307692307692,0.4,0.993197732577526,0.036697247706422,0.6303007956769612,0.3737125873123652,0.0,0.0,1.0,0.0,0.0,0.0,0.9983998967689992,0.9888666666666668,0.2863767283594031,0.9935521615628716,0.5314648187129922,0.3025058557986726,,
2024-07-22 18:48:32,hf_ctgan_syn_300000_2,500,0.1,2,3.0,4,0.999326327135543,0.9898572000533832,0.2857142857142857,0.9945692256118004,0.5318047977147209,0.3027306552616846,0.0,0.0,0.9966648879402348,0.0,0.0,0.0,0.0188679245283018,0.4,0.9930643547849284,0.036036036036036,0.6302584723063794,0.3736676990807538,0.0,0.0,1.0,0.0,0.0,0.0,0.998399911871726,0.9890666666666666,0.2863768617727821,0.9936529730132412,0.5315185327276226,0.3025726625498006,,
2024-07-22 18:48:54,hf_ctgan_syn_300000_2,500,0.1,2,5.0,4,0.9993265539766988,0.9901908447884692,0.2857142857142857,0.9947377241494888,0.5318944161575327,0.302842133915658,0.0,0.0,0.996931696905016,0.0,0.0,0.0,0.019047619047619,0.4,0.9931310436812272,0.0363636363636363,0.6302796343469229,0.3736901433744559,0.0,0.0,1.0,0.0,0.0,0.0,0.9984001983993364,0.9894,0.2863770263005287,0.9938214234857372,0.531608074580568,0.3026840446384615,,
2024-07-22 18:49:18,hf_ctgan_syn_300000_2,500,0.1,2,7.0,4,0.9993264178903408,0.9899906579474176,0.2857142857142857,0.9946366318047734,0.5318406469039971,0.302775245959945,0.0,0.0,0.9967982924226254,0.0,0.0,0.0,0.0188679245283018,0.4,0.9930643547849284,0.036036036036036,0.6302584723063794,0.3736676990807538,0.0,0.0,1.0,0.0,0.0,0.0,0.9984000025418192,0.9892,0.2863769329218394,0.9937203162937674,0.5315543484576555,0.3026172116300759,,
2024-07-22 18:49:43,hf_ctgan_syn_300000_2,500,0.1,2,9.0,4,0.9993261909574828,0.9896570132123316,0.2857142857142857,0.9944680993730513,0.5317510193992059,0.3026637711226163,0.0,0.0,0.996531483457844,0.0,0.0,0.0,0.0186915887850467,0.4,0.9929976658886296,0.0357142857142857,0.6302373095552594,0.3736452544312592,0.0,0.0,1.0,0.0,0.0,0.0,0.998399717042184,0.9888666666666668,0.2863767683940927,0.9935518339088744,0.5314647975509517,0.3025058333543789,,
2024-07-22 18:50:10,hf_ctgan_syn_300000_2,500,0.1,4,1.0,4,0.9993257366327288,0.9889897237421592,0.2857142857142857,0.994130864942818,0.5315717190537508,0.3024408405311835,0.0,0.0,0.9956643543223052,0.0,0.0,0.0,0.0194174757281553,0.4,0.9932644214738248,0.037037037037037,0.6303219562965658,0.3737350308944818,0.0,0.0,0.9999333288885924,0.0,0.0,0.0,0.9983995051037808,0.9882,0.2863763903990081,0.9932153551478836,0.5312856927680661,0.3022831407569858,,
2024-07-22 18:50:36,hf_ctgan_syn_300000_2,500,0.1,4,3.0,4,0.9993256456942478,0.9888562658481248,0.2857142857142857,0.9940633909106156,0.5315358517267605,0.3023962574662129,0.0,0.0,0.9955309498399146,0.0,0.0,0.0,0.0194174757281553,0.4,0.9932644214738248,0.037037037037037,0.6303219562965658,0.3737350308944818,0.0,0.0,0.9999333288885924,0.0,0.0,0.0,0.9983994142501758,0.9880666666666666,0.2863763192499508,0.9931479440914444,0.5312498589172477,0.3022385993028759,,
2024-07-22 18:51:03,hf_ctgan_syn_300000_2,500,0.1,4,5.0,4,0.9993258729944722,0.989189910583211,0.2857142857142857,0.9942320590207914,0.5316255155069781,0.3025077170369619,0.0,0.0,0.9957977588046958,0.0,0.0,0.0,0.0196078431372549,0.4,0.9933311103701232,0.0373831775700934,0.6303431162058085,0.3737574741208057,0.0,0.0,0.9999333288885924,0.0,0.0,0.0,0.9983997047940564,0.9884,0.2863764837776975,0.9933165701582288,0.5313394460645735,0.3023499623257677,,
2024-07-22 18:51:33,hf_ctgan_syn_300000_2,500,0.1,4,7.0,4,0.9993255547312336,0.9887228079540904,0.2857142857142857,0.9939959078254452,0.5314999819793279,0.3023516754190143,0.0,0.0,0.9953308431163288,0.0,0.0,0.0,0.0196078431372549,0.4,0.9933311103701232,0.0373831775700934,0.6303431162058085,0.3737574741208057,0.0,0.0,0.9999333288885924,0.0,0.0,0.0,0.9983993868278636,0.9879333333333332,0.286376234755997,0.9930806393706648,0.5312140297015491,0.3021940663466635,,
2024-07-22 18:52:01,hf_ctgan_syn_300000_2,500,0.1,4,9.0,4,0.9993255547312336,0.9887228079540904,0.2857142857142857,0.9939959078254452,0.5314999819793279,0.3023516754190143,0.0,0.0,0.995397545357524,0.0,0.0,0.0,0.0192307692307692,0.4,0.993197732577526,0.036697247706422,0.6303007956769612,0.3737125873123652,0.0,0.0,1.0,0.0,0.0,0.0,0.9983992611365612,0.9879333333333332,0.2863762303160022,0.9930804107273768,0.5312140155947062,0.3021940513843941,,
2024-07-22 18:52:29,hf_ctgan_syn_300000_2,500,0.1,8,1.0,4,0.9993917274939172,0.986720939543574,0.3571428571428571,0.9930159156537506,0.5936331658114096,0.3745866883006506,0.0,0.0,0.9934631803628602,0.0,0.0,0.0,0.0204081632653061,0.4,0.9935978659553184,0.0388349514563106,0.6304277487405892,0.373847243468174,0.0,0.0,0.9994666311087406,0.0,0.0,0.0,0.998465764602678,0.9859333333333332,0.3577372012364429,0.9921020457829592,0.5932892507728991,0.3743616898060594,,
2024-07-22 18:52:56,hf_ctgan_syn_300000_2,500,0.1,8,3.0,4,0.999324871725628,0.9877218737488322,0.2857142857142857,0.9934894959393248,0.5312308816724829,0.3020173425065057,0.0,0.0,0.9943303094983992,0.0,0.0,0.0,0.0196078431372549,0.4,0.9933311103701232,0.0373831775700934,0.6303431162058085,0.3737574741208057,0.0,0.0,0.9999333288885924,0.0,0.0,0.0,0.9983987044597298,0.9869333333333332,0.2863757011380675,0.992574700135638,0.5309451805549905,0.3018600454782066,,
2024-07-22 18:53:25,hf_ctgan_syn_300000_2,500,0.1,8,5.0,4,0.9993245068900296,0.9871880421726944,0.2857142857142857,0.993219201074186,0.531087305755895,0.3018390550285899,0.0108695652173913,0.125,0.9939300960512272,0.02,0.3524787397934851,0.1134455648335284,0.02,0.4,0.9934644881627208,0.038095238095238,0.6303854338934938,0.3738023595060752,0.0,0.0,0.9997333155543704,0.0,0.0,0.0,0.9984042677850484,0.9864666666666668,0.2863755188159375,0.992315561565882,0.5309897414097106,0.3017424436649764,,
2024-07-22 18:53:50,hf_ctgan_syn_300000_2,500,0.1,8,7.0,4,0.9993247349584712,0.9875216869077806,0.2857142857142857,0.9933881523745596,0.5311770452516026,0.3019504827939649,0.0,0.0,0.994263607257204,0.0,0.0,0.0,0.0192307692307692,0.4,0.993197732577526,0.036697247706422,0.6303007956769612,0.3737125873123652,0.0,0.0,0.9999333288885924,0.0,0.0,0.0,0.9983984421289204,0.9867333333333334,0.2863756211042746,0.992473222514912,0.5308913802745934,0.3017932332057947,,
2024-07-22 18:54:23,hf_ctgan_syn_300000_2,500,0.1,8,9.0,4,0.999392015132068,0.9871880421726944,0.3571428571428571,0.9932525428849576,0.5937736588286984,0.3747804819434601,0.0,0.0,0.9937966915688368,0.0,0.0,0.0,0.0196078431372549,0.4,0.9933311103701232,0.0373831775700934,0.6303431162058085,0.3737574741208057,0.0,0.0,0.9998666577771852,0.0,0.0,0.0,0.9984657851989904,0.9864,0.3577373168590024,0.992337968237455,0.5934295844525268,0.3745552726516865,,
2024-07-22 18:54:53,hf_ctgan_syn_300000_2,500,0.1,10,1.0,4,0.9993241873352706,0.986720939543574,0.2857142857142857,0.9929825739515832,0.5309616449810863,0.3016830668436706,0.0,0.0,0.9932630736392742,0.0,0.0,0.0,0.02,0.4,0.9934644881627208,0.038095238095238,0.6303854338934938,0.3738023595060752,0.0,0.0,0.9998666577771852,0.0,0.0,0.0,0.9983981514270912,0.9859333333333332,0.2863751719601327,0.9920684886285934,0.5306762092570685,0.3015260967677852,,
2024-07-22 18:55:21,hf_ctgan_syn_300000_2,500,0.1,10,3.0,4,0.999324962872958,0.9878553316428668,0.2857142857142857,0.9935570469798658,0.5312667695888671,0.3020619169204146,0.0,0.0,0.9944637139807898,0.0,0.0,0.0,0.0194174757281553,0.4,0.9932644214738248,0.037037037037037,0.6303219562965658,0.3737350308944818,0.0,0.0,1.0,0.0,0.0,0.0,0.998398732066186,0.9870666666666666,0.2863757545022333,0.9926420727483636,0.5309810279226831,0.3019045708082537,,
2024-07-22 18:55:56,hf_ctgan_syn_300000_2,500,0.1,10,5.0,4,0.9993243699750016,0.9869878553316428,0.2857142857142857,0.9931178030684528,0.5310334547792211,0.3017722014226808,0.0,0.0,0.9939967982924226,0.0,0.0,0.0,0.0196078431372549,0.4,0.9933311103701232,0.0373831775700934,0.6303431162058085,0.3737574741208057,0.0,0.0,0.999533302220148,0.0,0.0,0.0,0.9983982031774042,0.9862,0.2863754965969797,0.9922033541781122,0.5307479379268292,0.3016151331927266,,
2024-07-22 18:56:29,hf_ctgan_syn_300000_2,500,0.1,10,7.0,4,0.999324095978371,0.9865874816495396,0.2857142857142857,0.9929149457707934,0.5309257364398096,0.3016385010808234,0.0105263157894736,0.125,0.9937299893276414,0.0194174757281553,0.3524432559518697,0.1134252106281657,0.0194174757281553,0.4,0.9932644214738248,0.037037037037037,0.6303219562965658,0.3737350308944818,0.0,0.0,0.999533302220148,0.0,0.0,0.0,0.9984034800157884,0.9858666666666668,0.286375332069233,0.992010926820808,0.530828282807739,0.3015420436024479,,
2024-07-22 18:57:04,hf_ctgan_syn_300000_2,500,0.1,10,9.0,4,0.999324643749578,0.987388229013746,0.2857142857142857,0.9933205786594166,0.531141151272763,0.301905910924486,0.0,0.0,0.994263607257204,0.0,0.0,0.0,0.0194174757281553,0.4,0.9932644214738248,0.037037037037037,0.6303219562965658,0.3737350308944818,0.0,0.0,0.9997333155543704,0.0,0.0,0.0,0.9983984132406544,0.9866,0.2863756299996843,0.99240582513168,0.5308555268503407,0.3017487104179213,,
2024-07-22 18:57:55,hf_ctgan_syn_300000_2,1500,0.1,2,1.0,4,0.9993258729944722,0.989189910583211,0.2857142857142857,0.9942320590207914,0.5316255155069781,0.3025077170369619,0.0,0.0,0.9958644610458912,0.0,0.0,0.0,0.0194174757281553,0.4,0.9932644214738248,0.037037037037037,0.6303219562965658,0.3737350308944818,0.0,0.0,0.9999333288885924,0.0,0.0,0.0,0.9983996413382534,0.9884,0.286376497122594,0.993316454778051,0.5313394390112705,0.3023499548446923,,
2024-07-22 18:58:46,hf_ctgan_syn_300000_2,1500,0.1,2,3.0,4,0.9993258275466864,0.9891231816361936,0.2857142857142857,0.994198329923874,0.5316075839607884,0.3024854246139261,0.0,0.0,0.9957310565635006,0.0,0.0,0.0,0.0194174757281553,0.4,0.9932644214738248,0.037037037037037,0.6303219562965658,0.3737350308944818,0.0,0.0,1.0,0.0,0.0,0.0,0.9983995959328856,0.9883333333333332,0.2863764304182775,0.993282757161624,0.5313215242011905,0.302327683227918,,
2024-07-22 18:59:38,hf_ctgan_syn_300000_2,1500,0.1,2,5.0,4,0.9993258275466864,0.9891231816361936,0.2857142857142857,0.994198329923874,0.5316075839607884,0.3024854246139261,0.0,0.0,0.9957310565635006,0.0,0.0,0.0,0.0194174757281553,0.4,0.9932644214738248,0.037037037037037,0.6303219562965658,0.3737350308944818,0.0,0.0,1.0,0.0,0.0,0.0,0.9983995959328856,0.9883333333333332,0.2863764304182775,0.993282757161624,0.5313215242011905,0.302327683227918,,
2024-07-22 19:00:26,hf_ctgan_syn_300000_2,1500,0.1,2,7.0,4,0.999326100141519,0.989523555318297,0.2857142857142857,0.994400670578374,0.5317151641670828,0.3026191829687859,0.0,0.0,0.9961312700106724,0.0,0.0,0.0,0.0196078431372549,0.4,0.9933311103701232,0.0373831775700934,0.6303431162058085,0.3737574741208057,0.0,0.0,0.9999333288885924,0.0,0.0,0.0,0.9983999317290994,0.9887333333333334,0.2863766616503406,0.993485024345024,0.5314290110525954,0.302461324222722,,
2024-07-22 19:01:12,hf_ctgan_syn_300000_2,1500,0.1,2,9.0,4,0.9993260093010716,0.9893900974242626,0.2857142857142857,0.9943332327398318,0.5316793065169649,0.3025745958327273,0.0,0.0,0.9959978655282816,0.0,0.0,0.0,0.0194174757281553,0.4,0.9932644214738248,0.037037037037037,0.6303219562965658,0.3737350308944818,0.0,0.0,1.0,0.0,0.0,0.0,0.9983997775176334,0.9886,0.286376572716392,0.9934175340682868,0.5313931798163146,0.3024167712202483,,
2024-07-22 19:01:47,hf_ctgan_syn_300000_2,1500,0.1,4,1.0,4,0.9993252816948924,0.9883224342719872,0.2857142857142857,0.9937934042339048,0.5313923582094731,0.3022179353840502,0.0,0.0,0.9951307363927429,0.0,0.0,0.0,0.019047619047619,0.4,0.9931310436812272,0.0363636363636363,0.6302796343469229,0.3736901433744559,0.0,0.0,0.9999333288885924,0.0,0.0,0.0,0.998398927304993,0.9875333333333334,0.2863760613435148,0.9928779849354076,0.5311064852199265,0.3020604286921499,,
2024-07-22 19:02:23,hf_ctgan_syn_300000_2,1500,0.1,4,3.0,4,0.9993249173023696,0.9877886026958494,0.2857142857142857,0.99352327259304,0.531248825933721,0.3020396295862387,0.0,0.0,0.9944637139807898,0.0,0.0,0.0,0.0194174757281553,0.4,0.9932644214738248,0.037037037037037,0.6303219562965658,0.3737350308944818,0.0,0.0,0.9999333288885924,0.0,0.0,0.0,0.99839868653813,0.987,0.2863757500574926,0.9926083298842988,0.5309631010149485,0.3018823042755898,,
2024-07-22 19:02:59,hf_ctgan_syn_300000_2,1500,0.1,4,5.0,4,0.999325600215808,0.9887895369011076,0.2857142857142857,0.9940296504997652,0.5315179171556302,0.3023739663153922,0.0,0.0,0.9954642475987192,0.0,0.0,0.0,0.0194174757281553,0.4,0.9932644214738248,0.037037037037037,0.6303219562965658,0.3737350308944818,0.0,0.0,0.9999333288885924,0.0,0.0,0.0,0.9983993688141828,0.988,0.2863762836754222,0.9931142351716444,0.5312319410850505,0.3022163289571293,,
2024-07-22 19:03:31,hf_ctgan_syn_300000_2,1500,0.1,4,7.0,4,0.9993255092405234,0.9886560790070732,0.2857142857142857,0.993962162887428,0.5314820461977924,0.3023293847770794,0.0,0.0,0.9951307363927429,0.0,0.0,0.0,0.0198019801980198,0.4,0.993397799266422,0.0377358490566037,0.6303642754047606,0.3737799169913368,0.0,0.0,1.0,0.0,0.0,0.0,0.9983994060919648,0.9878666666666668,0.286376154706784,0.9930470434850852,0.5311961177131427,0.3021718039902846,,
2024-07-22 19:04:03,hf_ctgan_syn_300000_2,1500,0.1,4,9.0,4,0.9993254637436764,0.988589350060056,0.2857142857142857,0.9939284156854852,0.5314641098109626,0.3023070943895876,0.0,0.0,0.995197438633938,0.0,0.0,0.0,0.0194174757281553,0.4,0.9932644214738248,0.037037037037037,0.6303219562965658,0.3737350308944818,0.0,0.0,1.0,0.0,0.0,0.0,0.9983992324694247,0.9878,0.2863761458220483,0.9930130948431912,0.5311781839605713,0.3021495194451222,,
2024-07-22 19:04:30,hf_ctgan_syn_300000_2,1500,0.1,8,1.0,4,0.9993917274939172,0.986720939543574,0.3571428571428571,0.9930159156537506,0.5936331658114096,0.3745866883006506,0.0,0.0,0.9934631803628602,0.0,0.0,0.0,0.0204081632653061,0.4,0.9935978659553184,0.0388349514563106,0.6304277487405892,0.373847243468174,0.0,0.0,0.9994666311087406,0.0,0.0,0.0,0.998465764602678,0.9859333333333332,0.3577372012364429,0.9921020457829592,0.5932892507728991,0.3743616898060594,,
2024-07-22 19:04:55,hf_ctgan_syn_300000_2,1500,0.1,8,3.0,4,0.999324871725628,0.9877218737488322,0.2857142857142857,0.9934894959393248,0.5312308816724829,0.3020173425065057,0.0,0.0,0.9943303094983992,0.0,0.0,0.0,0.0196078431372549,0.4,0.9933311103701232,0.0373831775700934,0.6303431162058085,0.3737574741208057,0.0,0.0,0.9999333288885924,0.0,0.0,0.0,0.9983987044597298,0.9869333333333332,0.2863757011380675,0.992574700135638,0.5309451805549905,0.3018600454782066,,
2024-07-22 19:05:21,hf_ctgan_syn_300000_2,1500,0.1,8,5.0,4,0.9993245068900296,0.9871880421726944,0.2857142857142857,0.993219201074186,0.531087305755895,0.3018390550285899,0.0108695652173913,0.125,0.9939300960512272,0.02,0.3524787397934851,0.1134455648335284,0.02,0.4,0.9934644881627208,0.038095238095238,0.6303854338934938,0.3738023595060752,0.0,0.0,0.9997333155543704,0.0,0.0,0.0,0.9984042677850484,0.9864666666666668,0.2863755188159375,0.992315561565882,0.5309897414097106,0.3017424436649764,,
2024-07-22 19:05:48,hf_ctgan_syn_300000_2,1500,0.1,8,7.0,4,0.9993247349584712,0.9875216869077806,0.2857142857142857,0.9933881523745596,0.5311770452516026,0.3019504827939649,0.0,0.0,0.994263607257204,0.0,0.0,0.0,0.0192307692307692,0.4,0.993197732577526,0.036697247706422,0.6303007956769612,0.3737125873123652,0.0,0.0,0.9999333288885924,0.0,0.0,0.0,0.9983984421289204,0.9867333333333334,0.2863756211042746,0.992473222514912,0.5308913802745934,0.3017932332057947,,
2024-07-22 19:06:19,hf_ctgan_syn_300000_2,1500,0.1,8,9.0,4,0.999324552516042,0.9872547711197116,0.2857142857142857,0.9932529958712364,0.5311052548680808,0.3018613400727788,0.0,0.0,0.9943303094983992,0.0,0.0,0.0,0.0186915887850467,0.4,0.9929976658886296,0.0357142857142857,0.6302373095552594,0.3736452544312592,0.0,0.0,0.9997999866657776,0.0,0.0,0.0,0.9983980801299552,0.9864666666666668,0.2863755811004254,0.9923378645036612,0.530819635733389,0.301704151240188,,
2024-07-22 19:06:47,hf_ctgan_syn_300000_2,1500,0.1,10,1.0,4,0.9993241873352706,0.986720939543574,0.2857142857142857,0.9929825739515832,0.5309616449810863,0.3016830668436706,0.0,0.0,0.9932630736392742,0.0,0.0,0.0,0.02,0.4,0.9934644881627208,0.038095238095238,0.6303854338934938,0.3738023595060752,0.0,0.0,0.9998666577771852,0.0,0.0,0.0,0.9983981514270912,0.9859333333333332,0.2863751719601327,0.9920684886285934,0.5306762092570685,0.3015260967677852,,
2024-07-22 19:07:13,hf_ctgan_syn_300000_2,1500,0.1,10,3.0,4,0.999324962872958,0.9878553316428668,0.2857142857142857,0.9935570469798658,0.5312667695888671,0.3020619169204146,0.0,0.0,0.9944637139807898,0.0,0.0,0.0,0.0194174757281553,0.4,0.9932644214738248,0.037037037037037,0.6303219562965658,0.3737350308944818,0.0,0.0,1.0,0.0,0.0,0.0,0.998398732066186,0.9870666666666666,0.2863757545022333,0.9926420727483636,0.5309810279226831,0.3019045708082537,,
2024-07-22 19:07:47,hf_ctgan_syn_300000_2,1500,0.1,10,5.0,4,0.9993243699750016,0.9869878553316428,0.2857142857142857,0.9931178030684528,0.5310334547792211,0.3017722014226808,0.0,0.0,0.9939967982924226,0.0,0.0,0.0,0.0196078431372549,0.4,0.9933311103701232,0.0373831775700934,0.6303431162058085,0.3737574741208057,0.0,0.0,0.999533302220148,0.0,0.0,0.0,0.9983982031774042,0.9862,0.2863754965969797,0.9922033541781122,0.5307479379268292,0.3016151331927266,,
2024-07-22 19:08:20,hf_ctgan_syn_300000_2,1500,0.1,10,7.0,4,0.999324095978371,0.9865874816495396,0.2857142857142857,0.9929149457707934,0.5309257364398096,0.3016385010808234,0.0105263157894736,0.125,0.9937299893276414,0.0194174757281553,0.3524432559518697,0.1134252106281657,0.0194174757281553,0.4,0.9932644214738248,0.037037037037037,0.6303219562965658,0.3737350308944818,0.0,0.0,0.999533302220148,0.0,0.0,0.0,0.9984034800157884,0.9858666666666668,0.286375332069233,0.992010926820808,0.530828282807739,0.3015420436024479,,
2024-07-22 19:08:56,hf_ctgan_syn_300000_2,1500,0.1,10,9.0,4,0.999324643749578,0.987388229013746,0.2857142857142857,0.9933205786594166,0.531141151272763,0.301905910924486,0.0,0.0,0.994263607257204,0.0,0.0,0.0,0.0194174757281553,0.4,0.9932644214738248,0.037037037037037,0.6303219562965658,0.3737350308944818,0.0,0.0,0.9997333155543704,0.0,0.0,0.0,0.9983984132406544,0.9866,0.2863756299996843,0.99240582513168,0.5308555268503407,0.3017487104179213,,
2024-07-22 19:09:31,hf_ctgan_syn_300000_2,1000,0.1,2,1.0,4,0.9993260093010716,0.9893900974242626,0.2857142857142857,0.9943332327398318,0.5316793065169649,0.3025745958327273,0.0,0.0,0.9959311632870864,0.0,0.0,0.0,0.0196078431372549,0.4,0.9933311103701232,0.0373831775700934,0.6303431162058085,0.3737574741208057,0.0,0.0,1.0,0.0,0.0,0.0,0.9983998409734364,0.9886,0.2863765593714955,0.9934176494484646,0.5313931868696177,0.3024167787013237,,
2024-07-22 19:10:07,hf_ctgan_syn_300000_2,1000,0.1,2,3.0,4,0.9993260547243564,0.98945682637128,0.2857142857142857,0.9943669527896996,0.5316972356443037,0.3025968892735351,0.0,0.0,0.9959978655282816,0.0,0.0,0.0,0.0196078431372549,0.4,0.9933311103701232,0.0373831775700934,0.6303431162058085,0.3737574741208057,0.0,0.0,1.0,0.0,0.0,0.0,0.998399886354326,0.9886666666666668,0.2863765949460241,0.993451338026286,0.5314110992631043,0.30243905133492,,
2024-07-22 19:10:44,hf_ctgan_syn_300000_2,1000,0.1,2,5.0,4,0.9993261455525606,0.9895902842653144,0.2857142857142857,0.994434386106082,0.531733092085363,0.3026414769184795,0.0,0.0,0.9961312700106724,0.0,0.0,0.0,0.0196078431372549,0.4,0.9933311103701232,0.0373831775700934,0.6303431162058085,0.3737574741208057,0.0,0.0,1.0,0.0,0.0,0.0,0.9983999770977572,0.9888,0.2863766660950814,0.9935187084049064,0.5314469222381519,0.3024835973647292,,
2024-07-22 19:11:19,hf_ctgan_syn_300000_2,1000,0.1,2,7.0,4,0.9993260547243564,0.98945682637128,0.2857142857142857,0.9943669527896996,0.5316972356443037,0.3025968892735351,0.0,0.0,0.996064567769477,0.0,0.0,0.0,0.0194174757281553,0.4,0.9932644214738248,0.037037037037037,0.6303219562965658,0.3737350308944818,0.0,0.0,1.0,0.0,0.0,0.0,0.998399822898523,0.9886666666666668,0.2863766082909206,0.9934512226461082,0.5314110922098012,0.3024390438538447,,
2024-07-22 19:11:55,hf_ctgan_syn_300000_2,1000,0.1,2,9.0,4,0.9993260093010716,0.9893900974242626,0.2857142857142857,0.9943332327398318,0.5316793065169649,0.3025745958327273,0.0,0.0,0.9959978655282816,0.0,0.0,0.0,0.0194174757281553,0.4,0.9932644214738248,0.037037037037037,0.6303219562965658,0.3737350308944818,0.0,0.0,1.0,0.0,0.0,0.0,0.9983997775176334,0.9886,0.286376572716392,0.9934175340682868,0.5313931798163146,0.3024167712202483,,
2024-07-22 19:12:30,hf_ctgan_syn_300000_2,1000,0.1,4,1.0,4,0.9993253272163,0.9883891632190044,0.2857142857142857,0.9938271604938272,0.5314102970180935,0.3022402247537699,0.0,0.0,0.9951307363927429,0.0,0.0,0.0,0.0192307692307692,0.4,0.993197732577526,0.036697247706422,0.6303007956769612,0.3737125873123652,0.0,0.0,0.9999333288885924,0.0,0.0,0.0,0.9983990338339752,0.9876,0.2863760835731469,0.9929118208932683,0.5311244143394356,0.3020827047397705,,
2024-07-22 19:13:03,hf_ctgan_syn_300000_2,1000,0.1,4,3.0,4,0.9993249173023696,0.9877886026958494,0.2857142857142857,0.99352327259304,0.531248825933721,0.3020396295862387,0.0,0.0,0.9944637139807898,0.0,0.0,0.0,0.0194174757281553,0.4,0.9932644214738248,0.037037037037037,0.6303219562965658,0.3737350308944818,0.0,0.0,0.9999333288885924,0.0,0.0,0.0,0.99839868653813,0.987,0.2863757500574926,0.9926083298842988,0.5309631010149485,0.3018823042755898,,
2024-07-22 19:13:38,hf_ctgan_syn_300000_2,1000,0.1,4,5.0,4,0.999325600215808,0.9887895369011076,0.2857142857142857,0.9940296504997652,0.5315179171556302,0.3023739663153922,0.0,0.0,0.9954642475987192,0.0,0.0,0.0,0.0194174757281553,0.4,0.9932644214738248,0.037037037037037,0.6303219562965658,0.3737350308944818,0.0,0.0,0.9999333288885924,0.0,0.0,0.0,0.9983993688141828,0.988,0.2863762836754222,0.9931142351716444,0.5312319410850505,0.3022163289571293,,
2024-07-22 19:14:09,hf_ctgan_syn_300000_2,1000,0.1,4,7.0,4,0.9993255092405234,0.9886560790070732,0.2857142857142857,0.993962162887428,0.5314820461977924,0.3023293847770794,0.0,0.0,0.9951307363927429,0.0,0.0,0.0,0.0198019801980198,0.4,0.993397799266422,0.0377358490566037,0.6303642754047606,0.3737799169913368,0.0,0.0,1.0,0.0,0.0,0.0,0.9983994060919648,0.9878666666666668,0.286376154706784,0.9930470434850852,0.5311961177131427,0.3021718039902846,,
2024-07-22 19:14:41,hf_ctgan_syn_300000_2,1000,0.1,4,9.0,4,0.9993254182406908,0.9885226211130388,0.2857142857142857,0.9938946662193894,0.531446172818777,0.3022848042565387,0.0,0.0,0.9951307363927429,0.0,0.0,0.0,0.0194174757281553,0.4,0.9932644214738248,0.037037037037037,0.6303219562965658,0.3737350308944818,0.0,0.0,1.0,0.0,0.0,0.0,0.9983991870089088,0.9877333333333334,0.2863761102475197,0.9929793768765968,0.5311602637095784,0.3021272501161975,,
2024-07-22 19:15:09,hf_ctgan_syn_300000_2,1000,0.1,8,1.0,4,0.9993917274939172,0.986720939543574,0.3571428571428571,0.9930159156537506,0.5936331658114096,0.3745866883006506,0.0,0.0,0.9934631803628602,0.0,0.0,0.0,0.0204081632653061,0.4,0.9935978659553184,0.0388349514563106,0.6304277487405892,0.373847243468174,0.0,0.0,0.9994666311087406,0.0,0.0,0.0,0.998465764602678,0.9859333333333332,0.3577372012364429,0.9921020457829592,0.5932892507728991,0.3743616898060594,,
2024-07-22 19:15:36,hf_ctgan_syn_300000_2,1000,0.1,8,3.0,4,0.999324871725628,0.9877218737488322,0.2857142857142857,0.9934894959393248,0.5312308816724829,0.3020173425065057,0.0,0.0,0.9943303094983992,0.0,0.0,0.0,0.0196078431372549,0.4,0.9933311103701232,0.0373831775700934,0.6303431162058085,0.3737574741208057,0.0,0.0,0.9999333288885924,0.0,0.0,0.0,0.9983987044597298,0.9869333333333332,0.2863757011380675,0.992574700135638,0.5309451805549905,0.3018600454782066,,
2024-07-22 19:16:08,hf_ctgan_syn_300000_2,1000,0.1,8,5.0,4,0.9993245068900296,0.9871880421726944,0.2857142857142857,0.993219201074186,0.531087305755895,0.3018390550285899,0.0108695652173913,0.125,0.9939300960512272,0.02,0.3524787397934851,0.1134455648335284,0.02,0.4,0.9934644881627208,0.038095238095238,0.6303854338934938,0.3738023595060752,0.0,0.0,0.9997333155543704,0.0,0.0,0.0,0.9984042677850484,0.9864666666666668,0.2863755188159375,0.992315561565882,0.5309897414097106,0.3017424436649764,,
2024-07-22 19:16:33,hf_ctgan_syn_300000_2,1000,0.1,8,7.0,4,0.9993247349584712,0.9875216869077806,0.2857142857142857,0.9933881523745596,0.5311770452516026,0.3019504827939649,0.0,0.0,0.994263607257204,0.0,0.0,0.0,0.0192307692307692,0.4,0.993197732577526,0.036697247706422,0.6303007956769612,0.3737125873123652,0.0,0.0,0.9999333288885924,0.0,0.0,0.0,0.9983984421289204,0.9867333333333334,0.2863756211042746,0.992473222514912,0.5308913802745934,0.3017932332057947,,
2024-07-22 19:17:03,hf_ctgan_syn_300000_2,1000,0.1,8,9.0,4,0.999324552516042,0.9872547711197116,0.2857142857142857,0.9932529958712364,0.5311052548680808,0.3018613400727788,0.0,0.0,0.9943303094983992,0.0,0.0,0.0,0.0186915887850467,0.4,0.9929976658886296,0.0357142857142857,0.6302373095552594,0.3736452544312592,0.0,0.0,0.9997999866657776,0.0,0.0,0.0,0.9983980801299552,0.9864666666666668,0.2863755811004254,0.9923378645036612,0.530819635733389,0.301704151240188,,
2024-07-22 19:17:35,hf_ctgan_syn_300000_2,1000,0.1,10,1.0,4,0.9993241873352706,0.986720939543574,0.2857142857142857,0.9929825739515832,0.5309616449810863,0.3016830668436706,0.0,0.0,0.9932630736392742,0.0,0.0,0.0,0.02,0.4,0.9934644881627208,0.038095238095238,0.6303854338934938,0.3738023595060752,0.0,0.0,0.9998666577771852,0.0,0.0,0.0,0.9983981514270912,0.9859333333333332,0.2863751719601327,0.9920684886285934,0.5306762092570685,0.3015260967677852,,
2024-07-22 19:18:02,hf_ctgan_syn_300000_2,1000,0.1,10,3.0,4,0.999324962872958,0.9878553316428668,0.2857142857142857,0.9935570469798658,0.5312667695888671,0.3020619169204146,0.0,0.0,0.9944637139807898,0.0,0.0,0.0,0.0194174757281553,0.4,0.9932644214738248,0.037037037037037,0.6303219562965658,0.3737350308944818,0.0,0.0,1.0,0.0,0.0,0.0,0.998398732066186,0.9870666666666666,0.2863757545022333,0.9926420727483636,0.5309810279226831,0.3019045708082537,,
2024-07-22 19:18:35,hf_ctgan_syn_300000_2,1000,0.1,10,5.0,4,0.9993243699750016,0.9869878553316428,0.2857142857142857,0.9931178030684528,0.5310334547792211,0.3017722014226808,0.0,0.0,0.9939967982924226,0.0,0.0,0.0,0.0196078431372549,0.4,0.9933311103701232,0.0373831775700934,0.6303431162058085,0.3737574741208057,0.0,0.0,0.999533302220148,0.0,0.0,0.0,0.9983982031774042,0.9862,0.2863754965969797,0.9922033541781122,0.5307479379268292,0.3016151331927266,,
2024-07-22 19:19:10,hf_ctgan_syn_300000_2,1000,0.1,10,7.0,4,0.999324095978371,0.9865874816495396,0.2857142857142857,0.9929149457707934,0.5309257364398096,0.3016385010808234,0.0105263157894736,0.125,0.9937299893276414,0.0194174757281553,0.3524432559518697,0.1134252106281657,0.0194174757281553,0.4,0.9932644214738248,0.037037037037037,0.6303219562965658,0.3737350308944818,0.0,0.0,0.999533302220148,0.0,0.0,0.0,0.9984034800157884,0.9858666666666668,0.286375332069233,0.992010926820808,0.530828282807739,0.3015420436024479,,
2024-07-22 19:19:44,hf_ctgan_syn_300000_2,1000,0.1,10,9.0,4,0.999324643749578,0.987388229013746,0.2857142857142857,0.9933205786594166,0.531141151272763,0.301905910924486,0.0,0.0,0.994263607257204,0.0,0.0,0.0,0.0194174757281553,0.4,0.9932644214738248,0.037037037037037,0.6303219562965658,0.3737350308944818,0.0,0.0,0.9997333155543704,0.0,0.0,0.0,0.9983984132406544,0.9866,0.2863756299996843,0.99240582513168,0.5308555268503407,0.3017487104179213,,
2024-07-22 19:19:55,hf_ctgan_syn_300000_2,100,0.01,2,1.0,4,0.9992630309527,0.9952622447617776,0.2142857142857142,0.9972586253008826,0.4618121707148707,0.2299264050524067,0.0,0.0,1.0,0.0,0.0,0.0,0.027027027027027,0.4,0.9951983994664888,0.050632911392405,0.6309353055477206,0.3743857400060329,0.0,0.0,1.0,0.0,0.0,0.0,0.998339394466153,0.9944666666666668,0.2150174470855364,0.996344728221066,0.4615914577907194,0.2298366023210265,,
2024-07-22 19:20:07,hf_ctgan_syn_300000_2,100,0.01,2,3.0,4,0.9992630309527,0.9952622447617776,0.2142857142857142,0.9972586253008826,0.4618121707148707,0.2299264050524067,0.0,0.0,1.0,0.0,0.0,0.0,0.027027027027027,0.4,0.9951983994664888,0.050632911392405,0.6309353055477206,0.3743857400060329,0.0,0.0,1.0,0.0,0.0,0.0,0.998339394466153,0.9944666666666668,0.2150174470855364,0.996344728221066,0.4615914577907194,0.2298366023210265,,
2024-07-22 19:20:19,hf_ctgan_syn_300000_2,100,0.01,2,5.0,4,0.9992630309527,0.9952622447617776,0.2142857142857142,0.9972586253008826,0.4618121707148707,0.2299264050524067,0.0,0.0,1.0,0.0,0.0,0.0,0.027027027027027,0.4,0.9951983994664888,0.050632911392405,0.6309353055477206,0.3743857400060329,0.0,0.0,1.0,0.0,0.0,0.0,0.998339394466153,0.9944666666666668,0.2150174470855364,0.996344728221066,0.4615914577907194,0.2298366023210265,,
2024-07-22 19:20:30,hf_ctgan_syn_300000_2,100,0.01,2,7.0,4,0.9992630309527,0.9952622447617776,0.2142857142857142,0.9972586253008826,0.4618121707148707,0.2299264050524067,0.0,0.0,1.0,0.0,0.0,0.0,0.027027027027027,0.4,0.9951983994664888,0.050632911392405,0.6309353055477206,0.3743857400060329,0.0,0.0,1.0,0.0,0.0,0.0,0.998339394466153,0.9944666666666668,0.2150174470855364,0.996344728221066,0.4615914577907194,0.2298366023210265,,
2024-07-22 19:20:43,hf_ctgan_syn_300000_2,100,0.01,2,9.0,4,0.9992630309527,0.9952622447617776,0.2142857142857142,0.9972586253008826,0.4618121707148707,0.2299264050524067,0.0,0.0,1.0,0.0,0.0,0.0,0.027027027027027,0.4,0.9951983994664888,0.050632911392405,0.6309353055477206,0.3743857400060329,0.0,0.0,1.0,0.0,0.0,0.0,0.998339394466153,0.9944666666666668,0.2150174470855364,0.996344728221066,0.4615914577907194,0.2298366023210265,,
2024-07-22 19:20:57,hf_ctgan_syn_300000_2,100,0.01,4,1.0,4,0.9992631296891747,0.995395702655812,0.2142857142857142,0.997325666911814,0.4618431326116381,0.2299600832632124,0.0,0.0,0.9995997865528282,0.0,0.0,0.0,0.0303030303030303,0.4,0.9957319106368788,0.056338028169014,0.6311044004400156,0.3745651933105188,0.0,0.0,1.0,0.0,0.0,0.0,0.998340585111566,0.9946,0.2150174114754214,0.9964136089654192,0.4616224471546806,0.2298703089166035,,
2024-07-22 19:21:09,hf_ctgan_syn_300000_2,100,0.01,4,3.0,4,0.9992631296891747,0.995395702655812,0.2142857142857142,0.997325666911814,0.4618431326116381,0.2299600832632124,0.0,0.0,0.9995997865528282,0.0,0.0,0.0,0.0303030303030303,0.4,0.9957319106368788,0.056338028169014,0.6311044004400156,0.3745651933105188,0.0,0.0,1.0,0.0,0.0,0.0,0.998340585111566,0.9946,0.2150174114754214,0.9964136089654192,0.4616224471546806,0.2298703089166035,,
2024-07-22 19:21:22,hf_ctgan_syn_300000_2,100,0.01,4,5.0,4,0.9992631296891747,0.995395702655812,0.2142857142857142,0.997325666911814,0.4618431326116381,0.2299600832632124,0.0,0.0,0.9995997865528282,0.0,0.0,0.0,0.0303030303030303,0.4,0.9957319106368788,0.056338028169014,0.6311044004400156,0.3745651933105188,0.0,0.0,1.0,0.0,0.0,0.0,0.998340585111566,0.9946,0.2150174114754214,0.9964136089654192,0.4616224471546806,0.2298703089166035,,
2024-07-22 19:21:36,hf_ctgan_syn_300000_2,100,0.01,4,7.0,4,0.9992631296891747,0.995395702655812,0.2142857142857142,0.997325666911814,0.4618431326116381,0.2299600832632124,0.0,0.0,0.9995997865528282,0.0,0.0,0.0,0.0303030303030303,0.4,0.9957319106368788,0.056338028169014,0.6311044004400156,0.3745651933105188,0.0,0.0,1.0,0.0,0.0,0.0,0.998340585111566,0.9946,0.2150174114754214,0.9964136089654192,0.4616224471546806,0.2298703089166035,,
2024-07-22 19:21:49,hf_ctgan_syn_300000_2,100,0.01,4,9.0,4,0.9992631296891747,0.995395702655812,0.2142857142857142,0.997325666911814,0.4618431326116381,0.2299600832632124,0.0,0.0,0.9995997865528282,0.0,0.0,0.0,0.0303030303030303,0.4,0.9957319106368788,0.056338028169014,0.6311044004400156,0.3745651933105188,0.0,0.0,1.0,0.0,0.0,0.0,0.998340585111566,0.9946,0.2150174114754214,0.9964136089654192,0.4616224471546806,0.2298703089166035,,
2024-07-22 19:22:06,hf_ctgan_syn_300000_2,100,0.01,8,1.0,4,0.9992620916348024,0.9939943947684504,0.2142857142857142,0.9966212825745158,0.461517929098051,0.2296065001207853,0.0,0.0,0.9990661686232656,0.0,0.0,0.0,0.0253164556962025,0.4,0.994864954984995,0.0476190476190476,0.6308295982228466,0.3742735701274661,0.0,0.0,1.0,0.0,0.0,0.0,0.9983378858345088,0.9932,0.215016837893975,0.9957069757266526,0.4612974555636338,0.2295169585773817,,
2024-07-22 19:22:23,hf_ctgan_syn_300000_2,100,0.01,8,3.0,4,0.9992620916348024,0.9939943947684504,0.2142857142857142,0.9966212825745158,0.461517929098051,0.2296065001207853,0.0,0.0,0.9990661686232656,0.0,0.0,0.0,0.0253164556962025,0.4,0.994864954984995,0.0476190476190476,0.6308295982228466,0.3742735701274661,0.0,0.0,1.0,0.0,0.0,0.0,0.9983378858345088,0.9932,0.215016837893975,0.9957069757266526,0.4612974555636338,0.2295169585773817,,
2024-07-22 19:22:40,hf_ctgan_syn_300000_2,100,0.01,8,5.0,4,0.9992620916348024,0.9939943947684504,0.2142857142857142,0.9966212825745158,0.461517929098051,0.2296065001207853,0.0,0.0,0.9990661686232656,0.0,0.0,0.0,0.0253164556962025,0.4,0.994864954984995,0.0476190476190476,0.6308295982228466,0.3742735701274661,0.0,0.0,1.0,0.0,0.0,0.0,0.9983378858345088,0.9932,0.215016837893975,0.9957069757266526,0.4612974555636338,0.2295169585773817,,
2024-07-22 19:22:58,hf_ctgan_syn_300000_2,100,0.01,8,7.0,4,0.9992622401073106,0.9941945816095022,0.2142857142857142,0.9967219694942469,0.4615644007710939,0.2296570068458043,0.0,0.0,0.9990661686232656,0.0,0.0,0.0,0.0263157894736842,0.4,0.9950650216738912,0.0493827160493827,0.6308930247431466,0.3743408731219843,0.0,0.0,1.0,0.0,0.0,0.0,0.9983383672797016,0.9934,0.2150169045828713,0.995808156561402,0.4613439050052886,0.2295674405971222,,
2024-07-22 19:23:15,hf_ctgan_syn_300000_2,100,0.01,8,9.0,4,0.9992622401073106,0.9941945816095022,0.2142857142857142,0.9967219694942469,0.4615644007710939,0.2296570068458043,0.0,0.0,0.9990661686232656,0.0,0.0,0.0,0.0263157894736842,0.4,0.9950650216738912,0.0493827160493827,0.6308930247431466,0.3743408731219843,0.0,0.0,1.0,0.0,0.0,0.0,0.9983383672797016,0.9934,0.2150169045828713,0.995808156561402,0.4613439050052886,0.2295674405971222,,
2024-07-22 19:23:37,hf_ctgan_syn_300000_2,100,0.01,10,1.0,4,0.999260901699926,0.9923929000400372,0.2142857142857142,0.9958150590913656,0.4611459871202945,0.2292025081502807,0.0,0.0,0.998665955176094,0.0,0.0,0.0,0.0206185567010309,0.4,0.9936645548516172,0.0392156862745098,0.6304489050990943,0.3738696849155342,0.0,0.0,1.0,0.0,0.0,0.0,0.9983351310439066,0.9916,0.2150162243134254,0.9948987035983052,0.4609257338340153,0.2291132090376456,,
2024-07-22 19:23:59,hf_ctgan_syn_300000_2,100,0.01,10,3.0,4,0.999260951357162,0.9924596289870544,0.2142857142857142,0.995848677602946,0.4611614906919548,0.2292193389544808,0.0,0.0,0.9987326574172892,0.0,0.0,0.0,0.0206185567010309,0.4,0.9936645548516172,0.0392156862745098,0.6304489050990943,0.3738696849155342,0.0,0.0,1.0,0.0,0.0,0.0,0.9983351806547958,0.9916666666666668,0.215016259887954,0.994932290732608,0.4609412229356754,0.2291300241330952,,
2024-07-22 19:24:22,hf_ctgan_syn_300000_2,100,0.01,10,5.0,4,0.9992611002888426,0.9926598158281064,0.2142857142857142,0.9959495196331136,0.4612079982800074,0.229269832512075,0.0,0.0,0.9987326574172892,0.0,0.0,0.0,0.0212765957446808,0.4,0.9938646215405136,0.0404040404040404,0.6305123699152979,0.373937007122859,0.0,0.0,1.0,0.0,0.0,0.0,0.9983355487938212,0.9918666666666668,0.2150163265768503,0.9950334347615906,0.4609877082715845,0.2291804930041046,,
2024-07-22 19:24:44,hf_ctgan_syn_300000_2,100,0.01,10,7.0,4,0.999260901699926,0.9923929000400372,0.2142857142857142,0.9958150590913656,0.4611459871202945,0.2292025081502807,0.0,0.0,0.998665955176094,0.0,0.0,0.0,0.0206185567010309,0.4,0.9936645548516172,0.0392156862745098,0.6304489050990943,0.3738696849155342,0.0,0.0,1.0,0.0,0.0,0.0,0.9983351310439066,0.9916,0.2150162243134254,0.9948987035983052,0.4609257338340153,0.2291132090376456,,
2024-07-22 19:25:08,hf_ctgan_syn_300000_2,100,0.01,10,9.0,4,0.999261199543287,0.9927932737221408,0.2142857142857142,0.9960167364016737,0.4612390007334609,0.2293034958379656,0.0,0.0,0.9983991462113126,0.0,0.0,0.0,0.0229885057471264,0.4,0.9943314438146048,0.0434782608695652,0.630660429649619,0.3740940798205382,0.0,0.0,1.0,0.0,0.0,0.0,0.9983362185922956,0.992,0.2150163043116318,0.9951016135346552,0.4610187311426595,0.229214177268457,,
2024-07-22 19:25:32,hf_ctgan_syn_300000_2,500,0.01,2,1.0,4,0.999262685166566,0.9947951421326572,0.2142857142857142,0.9970239090453102,0.4617037877252634,0.2298085373258025,0.0,0.0,0.9994663820704376,0.0,0.0,0.0,0.0273972602739726,0.4,0.9952650883627876,0.0512820512820512,0.6309564448875334,0.3744081729143681,0.0,0.0,1.0,0.0,0.0,0.0,0.9983391724138352,0.994,0.2150171847189394,0.996110447413962,0.4614831830050157,0.2297188520819365,,
2024-07-22 19:25:55,hf_ctgan_syn_300000_2,500,0.01,2,3.0,4,0.999262685166566,0.9947951421326572,0.2142857142857142,0.9970239090453102,0.4617037877252634,0.2298085373258025,0.0,0.0,0.9994663820704376,0.0,0.0,0.0,0.0273972602739726,0.4,0.9952650883627876,0.0512820512820512,0.6309564448875334,0.3744081729143681,0.0,0.0,1.0,0.0,0.0,0.0,0.9983391724138352,0.994,0.2150171847189394,0.996110447413962,0.4614831830050157,0.2297188520819365,,
2024-07-22 19:26:19,hf_ctgan_syn_300000_2,500,0.01,2,5.0,4,0.999262685166566,0.9947951421326572,0.2142857142857142,0.9970239090453102,0.4617037877252634,0.2298085373258025,0.0,0.0,0.9994663820704376,0.0,0.0,0.0,0.0273972602739726,0.4,0.9952650883627876,0.0512820512820512,0.6309564448875334,0.3744081729143681,0.0,0.0,1.0,0.0,0.0,0.0,0.9983391724138352,0.994,0.2150171847189394,0.996110447413962,0.4614831830050157,0.2297188520819365,,
2024-07-22 19:26:42,hf_ctgan_syn_300000_2,500,0.01,2,7.0,4,0.999262685166566,0.9947951421326572,0.2142857142857142,0.9970239090453102,0.4617037877252634,0.2298085373258025,0.0,0.0,0.9994663820704376,0.0,0.0,0.0,0.0273972602739726,0.4,0.9952650883627876,0.0512820512820512,0.6309564448875334,0.3744081729143681,0.0,0.0,1.0,0.0,0.0,0.0,0.9983391724138352,0.994,0.2150171847189394,0.996110447413962,0.4614831830050157,0.2297188520819365,,
2024-07-22 19:27:07,hf_ctgan_syn_300000_2,500,0.01,2,9.0,4,0.999262685166566,0.9947951421326572,0.2142857142857142,0.9970239090453102,0.4617037877252634,0.2298085373258025,0.0,0.0,0.9994663820704376,0.0,0.0,0.0,0.0273972602739726,0.4,0.9952650883627876,0.0512820512820512,0.6309564448875334,0.3744081729143681,0.0,0.0,1.0,0.0,0.0,0.0,0.9983391724138352,0.994,0.2150171847189394,0.996110447413962,0.4614831830050157,0.2297188520819365,,
2024-07-22 19:27:33,hf_ctgan_syn_300000_2,500,0.01,4,1.0,4,0.9993276406911854,0.9917923395168824,0.2857142857142857,0.9955457316052112,0.5323243746645144,0.3033773200008922,0.0,0.0,0.9985992529348986,0.0,0.0,0.0,0.0188679245283018,0.4,0.9930643547849284,0.036036036036036,0.6302584723063794,0.3736676990807538,0.0,0.0,1.0,0.0,0.0,0.0,0.998401224201383,0.991,0.2863778934341126,0.9946285676010582,0.5320376247389297,0.3032187237352516,,
2024-07-22 19:27:59,hf_ctgan_syn_300000_2,500,0.01,4,3.0,4,0.9993276406911854,0.9917923395168824,0.2857142857142857,0.9955457316052112,0.5323243746645144,0.3033773200008922,0.0,0.0,0.9985992529348986,0.0,0.0,0.0,0.0188679245283018,0.4,0.9930643547849284,0.036036036036036,0.6302584723063794,0.3736676990807538,0.0,0.0,1.0,0.0,0.0,0.0,0.998401224201383,0.991,0.2863778934341126,0.9946285676010582,0.5320376247389297,0.3032187237352516,,
2024-07-22 19:28:28,hf_ctgan_syn_300000_2,500,0.01,4,5.0,4,0.99932768589485,0.9918590684638996,0.2857142857142857,0.9955793703951776,0.5323422820661533,0.3033996226016477,0.0,0.0,0.9989327641408752,0.0,0.0,0.0,0.0181818181818181,0.4,0.9927975991997332,0.0347826086956521,0.6301738170377228,0.3735779183480188,0.0,0.0,1.0,0.0,0.0,0.0,0.9984010406607422,0.9910666666666668,0.2863779823882274,0.9946617571857072,0.5320554872085709,0.3032409755933355,,
2024-07-22 19:28:55,hf_ctgan_syn_300000_2,500,0.01,4,7.0,4,0.9993276406911854,0.9917923395168824,0.2857142857142857,0.9955457316052112,0.5323243746645144,0.3033773200008922,0.0,0.0,0.9985992529348986,0.0,0.0,0.0,0.0188679245283018,0.4,0.9930643547849284,0.036036036036036,0.6302584723063794,0.3736676990807538,0.0,0.0,1.0,0.0,0.0,0.0,0.998401224201383,0.991,0.2863778934341126,0.9946285676010582,0.5320376247389297,0.3032187237352516,,
2024-07-22 19:29:22,hf_ctgan_syn_300000_2,500,0.01,4,9.0,4,0.9993276406911854,0.9917923395168824,0.2857142857142857,0.9955457316052112,0.5323243746645144,0.3033773200008922,0.0,0.0,0.9985325506937032,0.0,0.0,0.0,0.019047619047619,0.4,0.9931310436812272,0.0363636363636363,0.6302796343469229,0.3736901433744559,0.0,0.0,1.0,0.0,0.0,0.0,0.9984012840995562,0.991,0.286377880089216,0.9946286768011676,0.5320376317929432,0.3032187312166828,,
2024-07-22 19:30:10,hf_ctgan_syn_300000_2,500,0.01,8,1.0,4,0.9993265086206896,0.990124115841452,0.2857142857142857,0.9947040289602466,0.53187649367699,0.3028198376759773,0.0,0.0,0.99673159018143,0.0,0.0,0.0,0.0194174757281553,0.4,0.9932644214738248,0.037037037037037,0.6303219562965658,0.3737350308944818,0.0,0.0,1.0,0.0,0.0,0.0,0.9984002763712196,0.9893333333333332,0.286376964036207,0.9937879842122292,0.5315901829349903,0.3026617841711113,,
2024-07-22 19:30:57,hf_ctgan_syn_300000_2,500,0.01,8,3.0,4,0.9993265539766988,0.9901908447884692,0.2857142857142857,0.9947377241494888,0.5318944161575327,0.302842133915658,0.0,0.0,0.9968649946638208,0.0,0.0,0.0,0.0192307692307692,0.4,0.993197732577526,0.036697247706422,0.6303007956769612,0.3737125873123652,0.0,0.0,1.0,0.0,0.0,0.0,0.9984002594493976,0.9894,0.2863770129556323,0.9938215346895182,0.5316080816343447,0.3026840521197741,,
2024-07-22 19:31:47,hf_ctgan_syn_300000_2,500,0.01,8,5.0,4,0.999326825984517,0.9905912184705724,0.2857142857142857,0.9949398478603264,0.5320019383612841,0.3029759166970449,0.0,0.0,0.997131803628602,0.0,0.0,0.0,0.0196078431372549,0.4,0.9933311103701232,0.0373831775700934,0.6303431162058085,0.3737574741208057,0.0,0.0,1.0,0.0,0.0,0.0,0.998400656894644,0.9898,0.2863771997130109,0.9940236983948468,0.5317155175908821,0.3028177249995012,,
2024-07-22 19:32:35,hf_ctgan_syn_300000_2,500,0.01,8,7.0,4,0.9993269166049672,0.9907246763646068,0.2857142857142857,0.995007204369534,0.5320377742670445,0.3030205129930512,0.0,0.0,0.9973319103521878,0.0,0.0,0.0,0.0194174757281553,0.4,0.9932644214738248,0.037037037037037,0.6303219562965658,0.3737350308944818,0.0,0.0,1.0,0.0,0.0,0.0,0.9984006839747122,0.9899333333333332,0.2863772842069647,0.9940908766578014,0.531751312996494,0.3028622721912226,,
2024-07-22 19:33:24,hf_ctgan_syn_300000_2,500,0.01,8,9.0,4,0.999326825984517,0.9905912184705724,0.2857142857142857,0.9949398478603264,0.5320019383612841,0.3029759166970449,0.0,0.0,0.9972652081109924,0.0,0.0,0.0,0.0192307692307692,0.4,0.993197732577526,0.036697247706422,0.6303007956769612,0.3737125873123652,0.0,0.0,1.0,0.0,0.0,0.0,0.9984005312033418,0.9898,0.2863772264028041,0.9940234697515588,0.5317155034840392,0.3028177100372317,,
2024-07-22 19:34:44,hf_ctgan_syn_300000_2,500,0.01,10,1.0,4,0.9993259638716636,0.9893233684772454,0.2857142857142857,0.9942995104285428,0.5316613767850051,0.3025523026463625,0.0,0.0,0.9957977588046958,0.0,0.0,0.0,0.0198019801980198,0.4,0.993397799266422,0.0377358490566037,0.6303642754047606,0.3737799169913368,0.0,0.0,1.0,0.0,0.0,0.0,0.9983998602987826,0.9885333333333334,0.2863765104520703,0.9933840761684948,0.5313752809251407,0.3023945138028897,,
2024-07-22 19:36:02,hf_ctgan_syn_300000_2,500,0.01,10,3.0,4,0.9993261455525606,0.9895902842653144,0.2857142857142857,0.994434386106082,0.531733092085363,0.3026414769184795,0.0,0.0,0.9959978655282816,0.0,0.0,0.0,0.02,0.4,0.9934644881627208,0.038095238095238,0.6303854338934938,0.3738023595060752,0.0,0.0,1.0,0.0,0.0,0.0,0.9984001078167116,0.9888,0.2863766394052883,0.9935189457584148,0.5314469363440478,0.3024836123265243,,
2024-07-22 19:37:18,hf_ctgan_syn_300000_2,500,0.01,10,5.0,4,0.9993262363562864,0.9897237421593488,0.2857142857142857,0.9945018103795092,0.5317689461086725,0.3026860655811962,0.0,0.0,0.996264674493063,0.0,0.0,0.0,0.0196078431372549,0.4,0.9933311103701232,0.0373831775700934,0.6303431162058085,0.3737574741208057,0.0,0.0,1.0,0.0,0.0,0.0,0.998400067816733,0.9889333333333332,0.2863767372441387,0.9935860697490116,0.5314827427977064,0.3025281444113607,,
2024-07-22 19:38:39,hf_ctgan_syn_300000_2,500,0.01,10,7.0,4,0.9993261455525606,0.9895902842653144,0.2857142857142857,0.994434386106082,0.531733092085363,0.3026414769184795,0.0,0.0,0.996064567769477,0.0,0.0,0.0,0.0198019801980198,0.4,0.993397799266422,0.0377358490566037,0.6303642754047606,0.3737799169913368,0.0,0.0,1.0,0.0,0.0,0.0,0.9984000418101108,0.9888,0.2863766527501849,0.9935188259620684,0.5314469292912183,0.3024836048456861,,
2024-07-22 19:39:56,hf_ctgan_syn_300000_2,500,0.01,10,9.0,4,0.9993263725159988,0.9899239290004004,0.2857142857142857,0.9946029298380878,0.5318227226114249,0.3027529504835933,0.0,0.0,0.9963980789754536,0.0,0.0,0.0,0.0198019801980198,0.4,0.993397799266422,0.0377358490566037,0.6303642754047606,0.3737799169913368,0.0,0.0,1.0,0.0,0.0,0.0,0.9984002685617164,0.9891333333333332,0.2863768306228281,0.9936872123865912,0.5315364761621225,0.3025949743688057,,
2024-07-22 19:40:48,hf_ctgan_syn_300000_2,1500,0.01,2,1.0,4,0.999327505043712,0.9915921526758308,0.2857142857142857,0.995444801714898,0.5322706488448015,0.3033104137252838,0.0,0.0,0.9987326574172892,0.0,0.0,0.0,0.018018018018018,0.4,0.9927309103034344,0.0344827586206896,0.6301526514435798,0.3735554722753533,0.0,0.0,1.0,0.0,0.0,0.0,0.998400805378344,0.9908,0.2863778534350093,0.9945272141528376,0.5319839137896941,0.3031518424965653,,
2024-07-22 19:41:41,hf_ctgan_syn_300000_2,1500,0.01,2,3.0,4,0.999327505043712,0.9915921526758308,0.2857142857142857,0.995444801714898,0.5322706488448015,0.3033104137252838,0.0,0.0,0.9987326574172892,0.0,0.0,0.0,0.018018018018018,0.4,0.9927309103034344,0.0344827586206896,0.6301526514435798,0.3735554722753533,0.0,0.0,1.0,0.0,0.0,0.0,0.998400805378344,0.9908,0.2863778534350093,0.9945272141528376,0.5319839137896941,0.3031518424965653,,
2024-07-22 19:42:34,hf_ctgan_syn_300000_2,1500,0.01,2,5.0,4,0.999327505043712,0.9915921526758308,0.2857142857142857,0.995444801714898,0.5322706488448015,0.3033104137252838,0.0,0.0,0.9987326574172892,0.0,0.0,0.0,0.018018018018018,0.4,0.9927309103034344,0.0344827586206896,0.6301526514435798,0.3735554722753533,0.0,0.0,1.0,0.0,0.0,0.0,0.998400805378344,0.9908,0.2863778534350093,0.9945272141528376,0.5319839137896941,0.3031518424965653,,
2024-07-22 19:43:23,hf_ctgan_syn_300000_2,1500,0.01,2,7.0,4,0.999327505043712,0.9915921526758308,0.2857142857142857,0.995444801714898,0.5322706488448015,0.3033104137252838,0.0,0.0,0.9985992529348986,0.0,0.0,0.0,0.018348623853211,0.4,0.992864288096032,0.0350877192982456,0.6301949819210027,0.3736003640648917,0.0,0.0,1.0,0.0,0.0,0.0,0.9984009155802892,0.9908,0.2863778267452163,0.9945274158063968,0.5319839278998533,0.3031518574604951,,
2024-07-22 19:44:19,hf_ctgan_syn_300000_2,1500,0.01,2,9.0,4,0.999327505043712,0.9915921526758308,0.2857142857142857,0.995444801714898,0.5322706488448015,0.3033104137252838,0.0,0.0,0.9985992529348986,0.0,0.0,0.0,0.018348623853211,0.4,0.992864288096032,0.0350877192982456,0.6301949819210027,0.3736003640648917,0.0,0.0,1.0,0.0,0.0,0.0,0.9984009155802892,0.9908,0.2863778267452163,0.9945274158063968,0.5319839278998533,0.3031518574604951,,
2024-07-22 19:45:24,hf_ctgan_syn_300000_2,1500,0.01,4,1.0,4,0.9993265086206896,0.990124115841452,0.2857142857142857,0.9947040289602466,0.53187649367699,0.3028198376759773,0.0,0.0,0.99673159018143,0.0,0.0,0.0,0.0194174757281553,0.4,0.9932644214738248,0.037037037037037,0.6303219562965658,0.3737350308944818,0.0,0.0,1.0,0.0,0.0,0.0,0.9984002763712196,0.9893333333333332,0.286376964036207,0.9937879842122292,0.5315901829349903,0.3026617841711113,,
2024-07-22 19:46:05,hf_ctgan_syn_300000_2,1500,0.01,4,3.0,4,0.9993264632585708,0.9900573868944348,0.2857142857142857,0.994670331512084,0.5318585705924984,0.3027975416907397,0.0,0.0,0.99673159018143,0.0,0.0,0.0,0.0192307692307692,0.4,0.993197732577526,0.036697247706422,0.6303007956769612,0.3737125873123652,0.0,0.0,1.0,0.0,0.0,0.0,0.9984001688159396,0.9892666666666666,0.2863769418065749,0.9937542049519082,0.531572269525171,0.3026395015142658,,
2024-07-22 19:46:37,hf_ctgan_syn_300000_2,1500,0.01,4,5.0,4,0.9993264632585708,0.9900573868944348,0.2857142857142857,0.994670331512084,0.5318585705924984,0.3027975416907397,0.0,0.0,0.99673159018143,0.0,0.0,0.0,0.0192307692307692,0.4,0.993197732577526,0.036697247706422,0.6303007956769612,0.3737125873123652,0.0,0.0,1.0,0.0,0.0,0.0,0.9984001688159396,0.9892666666666666,0.2863769418065749,0.9937542049519082,0.531572269525171,0.3026395015142658,,
2024-07-22 19:47:08,hf_ctgan_syn_300000_2,1500,0.01,4,7.0,4,0.9993264632585708,0.9900573868944348,0.2857142857142857,0.994670331512084,0.5318585705924984,0.3027975416907397,0.0,0.0,0.9966648879402348,0.0,0.0,0.0,0.0194174757281553,0.4,0.9932644214738248,0.037037037037037,0.6303219562965658,0.3737350308944818,0.0,0.0,1.0,0.0,0.0,0.0,0.9984002310514388,0.9892666666666666,0.2863769284616784,0.9937543182150184,0.531572276578711,0.3026395089954599,,
2024-07-22 19:47:41,hf_ctgan_syn_300000_2,1500,0.01,4,9.0,4,0.9993265086206896,0.990124115841452,0.2857142857142857,0.9947040289602466,0.53187649367699,0.3028198376759773,0.0,0.0,0.9965981856990396,0.0,0.0,0.0,0.0198019801980198,0.4,0.993397799266422,0.0377358490566037,0.6303642754047606,0.3737799169913368,0.0,0.0,1.0,0.0,0.0,0.0,0.9984004045393764,0.9893333333333332,0.286376937346414,0.9937882171495692,0.5315901970413597,0.3026617991331436,,
2024-07-22 19:48:49,hf_ctgan_syn_300000_2,1500,0.01,8,1.0,4,0.9993248261427318,0.987655144801815,0.2857142857142857,0.993455717018492,0.5312129368050914,0.3019950556812159,0.0,0.0,0.994530416221985,0.0,0.0,0.0,0.019047619047619,0.4,0.9931310436812272,0.0363636363636363,0.6302796343469229,0.3736901433744559,0.0,0.0,0.9998666577771852,0.0,0.0,0.0,0.9983984721780144,0.9868666666666668,0.2863757367280163,0.9925406128947292,0.5309272312755223,0.3018377570103715,,
2024-07-22 19:49:53,hf_ctgan_syn_300000_2,1500,0.01,8,3.0,4,0.9993250084373946,0.987922060589884,0.2857142857142857,0.99359081910003,0.5312847126379827,0.3020842045090335,0.0,0.0,0.9948639274279616,0.0,0.0,0.0,0.0188679245283018,0.4,0.9930643547849284,0.036036036036036,0.6302584723063794,0.3736676990807538,0.0,0.0,0.9998666577771852,0.0,0.0,0.0,0.9983985944043624,0.9871333333333332,0.2863758923710274,0.992675479680882,0.5309989330636227,0.3019268151511853,,
2024-07-22 19:50:58,hf_ctgan_syn_300000_2,1500,0.01,8,5.0,4,0.9993251450938048,0.9881222474309356,0.2857142857142857,0.9936921218628372,0.5313385381497604,0.3021510688015483,0.0,0.0,0.9949306296691568,0.0,0.0,0.0,0.0188679245283018,0.4,0.9930643547849284,0.036036036036036,0.6302584723063794,0.3736676990807538,0.0,0.0,1.0,0.0,0.0,0.0,0.9983987309332268,0.9873333333333332,0.2863759368350375,0.992776687894444,0.5310527083382561,0.3019936170370271,,
2024-07-22 19:52:05,hf_ctgan_syn_300000_2,1500,0.01,8,7.0,4,0.999325190633646,0.9881889763779528,0.2857142857142857,0.9937258849186378,0.5313564787753678,0.3021733574079394,0.0,0.0,0.9949973319103522,0.0,0.0,0.0,0.0188679245283018,0.4,0.9930643547849284,0.036036036036036,0.6302584723063794,0.3736676990807538,0.0,0.0,1.0,0.0,0.0,0.0,0.998398776430564,0.9874,0.2863759724095661,0.992810419438059,0.5310706322192796,0.3020158848407189,,
2024-07-22 19:53:11,hf_ctgan_syn_300000_2,1500,0.01,8,9.0,4,0.999325190633646,0.9881889763779528,0.2857142857142857,0.9937258849186378,0.5313564787753678,0.3021733574079394,0.0,0.0,0.9949973319103522,0.0,0.0,0.0,0.0188679245283018,0.4,0.9930643547849284,0.036036036036036,0.6302584723063794,0.3736676990807538,0.0,0.0,1.0,0.0,0.0,0.0,0.998398776430564,0.9874,0.2863759724095661,0.992810419438059,0.5310706322192796,0.3020158848407189,,
2024-07-22 19:54:54,hf_ctgan_syn_300000_2,1500,0.01,10,1.0,4,0.999324643749578,0.987388229013746,0.2857142857142857,0.9933205786594166,0.531141151272763,0.301905910924486,0.0,0.0,0.994063500533618,0.0,0.0,0.0,0.0198019801980198,0.4,0.993397799266422,0.0377358490566037,0.6303642754047606,0.3737799169913368,0.0,0.0,0.9997999866657776,0.0,0.0,0.0,0.9983985414088108,0.9866,0.2863755721801034,0.99240605806902,0.5308555409567101,0.3017487253799536,,
2024-07-22 19:56:41,hf_ctgan_syn_300000_2,1500,0.01,10,3.0,4,0.99932478055368,0.9875884158547978,0.2857142857142857,0.9934219358303128,0.5311949913314851,0.3019727691103688,0.0,0.0,0.994263607257204,0.0,0.0,0.0,0.0198019801980198,0.4,0.993397799266422,0.0377358490566037,0.6303642754047606,0.3737799169913368,0.0,0.0,0.9997999866657776,0.0,0.0,0.0,0.9983986780852292,0.9868,0.2863756789036893,0.99250732063989,0.5309093307647107,0.301815521164863,,
2024-07-22 19:58:27,hf_ctgan_syn_300000_2,1500,0.01,10,5.0,4,0.999324871725628,0.9877218737488322,0.2857142857142857,0.9934894959393248,0.5312308816724829,0.3020173425065057,0.0,0.0,0.9944637139807898,0.0,0.0,0.0,0.0194174757281553,0.4,0.9932644214738248,0.037037037037037,0.6303219562965658,0.3737350308944818,0.0,0.0,0.9998666577771852,0.0,0.0,0.0,0.9983986410039268,0.9869333333333332,0.2863757456127518,0.9925745847554605,0.5309451735016875,0.3018600379971312,,
2024-07-22 20:00:26,hf_ctgan_syn_300000_2,1500,0.01,10,7.0,4,0.9993247349584712,0.9875216869077806,0.2857142857142857,0.9933881523745596,0.5311770452516026,0.3019504827939649,0.0,0.0,0.9943970117395944,0.0,0.0,0.0,0.0188679245283018,0.4,0.9930643547849284,0.036036036036036,0.6302584723063794,0.3736676990807538,0.0,0.0,0.9999333288885924,0.0,0.0,0.0,0.998398321180686,0.9867333333333334,0.2863756477940676,0.992473002111022,0.5308913661668032,0.3017932182430508,,
2024-07-22 20:02:28,hf_ctgan_syn_300000_2,1500,0.01,10,9.0,4,0.99932478055368,0.9875884158547978,0.2857142857142857,0.9934219358303128,0.5311949913314851,0.3019727691103688,0.0,0.0,0.9943303094983992,0.0,0.0,0.0,0.0192307692307692,0.4,0.993197732577526,0.036697247706422,0.6303007956769612,0.3737125873123652,0.0,0.0,0.9999333288885924,0.0,0.0,0.0,0.9983984876815736,0.9868,0.2863756566788032,0.9925069744394398,0.5309093096048013,0.3018154987216366,,
2024-07-22 20:02:46,hf_ctgan_syn_300000_2,1000,0.01,2,1.0,4,0.9993279118220312,0.9921927131989856,0.2857142857142857,0.9957475305541604,0.5324318100400908,0.3035111394220701,0.0,0.0,0.99886606189968,0.0,0.0,0.0,0.0192307692307692,0.4,0.993197732577526,0.036697247706422,0.6303007956769612,0.3737125873123652,0.0,0.0,1.0,0.0,0.0,0.0,0.9984016160274076,0.9914,0.2863780801914913,0.994830398608212,0.532144973949279,0.3033524332210469,,
2024-07-22 20:03:05,hf_ctgan_syn_300000_2,1000,0.01,2,3.0,4,0.9993279118220312,0.9921927131989856,0.2857142857142857,0.9957475305541604,0.5324318100400908,0.3035111394220701,0.0,0.0,0.99886606189968,0.0,0.0,0.0,0.0192307692307692,0.4,0.993197732577526,0.036697247706422,0.6303007956769612,0.3737125873123652,0.0,0.0,1.0,0.0,0.0,0.0,0.9984016160274076,0.9914,0.2863780801914913,0.994830398608212,0.532144973949279,0.3033524332210469,,
2024-07-22 20:03:23,hf_ctgan_syn_300000_2,1000,0.01,2,5.0,4,0.9993279118220312,0.9921927131989856,0.2857142857142857,0.9957475305541604,0.5324318100400908,0.3035111394220701,0.0,0.0,0.99886606189968,0.0,0.0,0.0,0.0192307692307692,0.4,0.993197732577526,0.036697247706422,0.6303007956769612,0.3737125873123652,0.0,0.0,1.0,0.0,0.0,0.0,0.9984016160274076,0.9914,0.2863780801914913,0.994830398608212,0.532144973949279,0.3033524332210469,,
2024-07-22 20:03:42,hf_ctgan_syn_300000_2,1000,0.01,2,7.0,4,0.9993279118220312,0.9921927131989856,0.2857142857142857,0.9957475305541604,0.5324318100400908,0.3035111394220701,0.0,0.0,0.99886606189968,0.0,0.0,0.0,0.0192307692307692,0.4,0.993197732577526,0.036697247706422,0.6303007956769612,0.3737125873123652,0.0,0.0,1.0,0.0,0.0,0.0,0.9984016160274076,0.9914,0.2863780801914913,0.994830398608212,0.532144973949279,0.3033524332210469,,
2024-07-22 20:04:02,hf_ctgan_syn_300000_2,1000,0.01,2,9.0,4,0.9993279118220312,0.9921927131989856,0.2857142857142857,0.9957475305541604,0.5324318100400908,0.3035111394220701,0.0,0.0,0.99886606189968,0.0,0.0,0.0,0.0192307692307692,0.4,0.993197732577526,0.036697247706422,0.6303007956769612,0.3737125873123652,0.0,0.0,1.0,0.0,0.0,0.0,0.9984016160274076,0.9914,0.2863780801914913,0.994830398608212,0.532144973949279,0.3033524332210469,,
2024-07-22 20:04:26,hf_ctgan_syn_300000_2,1000,0.01,4,1.0,4,0.999326961906044,0.990791405311624,0.2857142857142857,0.995040879238708,0.5320556913147946,0.3030428115227188,0.0,0.0,0.9975320170757738,0.0,0.0,0.0,0.019047619047619,0.4,0.9931310436812272,0.0363636363636363,0.6302796343469229,0.3736901433744559,0.0,0.0,1.0,0.0,0.0,0.0,0.9984006059479474,0.99,0.2863773464712865,0.9941242956302064,0.5317691992143497,0.3028845349464224,,
2024-07-22 20:04:50,hf_ctgan_syn_300000_2,1000,0.01,4,3.0,4,0.999326961906044,0.990791405311624,0.2857142857142857,0.995040879238708,0.5320556913147946,0.3030428115227188,0.0,0.0,0.9975320170757738,0.0,0.0,0.0,0.019047619047619,0.4,0.9931310436812272,0.0363636363636363,0.6302796343469229,0.3736901433744559,0.0,0.0,1.0,0.0,0.0,0.0,0.9984006059479474,0.99,0.2863773464712865,0.9941242956302064,0.5317691992143497,0.3028845349464224,,
2024-07-22 20:05:13,hf_ctgan_syn_300000_2,1000,0.01,4,5.0,4,0.9993270524899058,0.9909248632056586,0.2857142857142857,0.995108222207331,0.5320915236003398,0.3030874093453831,0.0,0.0,0.9976654215581644,0.0,0.0,0.0,0.019047619047619,0.4,0.9931310436812272,0.0363636363636363,0.6302796343469229,0.3736901433744559,0.0,0.0,1.0,0.0,0.0,0.0,0.9984006964472644,0.9901333333333332,0.2863774176203438,0.994191575745392,0.5318049980564284,0.3029290911444521,,
2024-07-22 20:05:37,hf_ctgan_syn_300000_2,1000,0.01,4,7.0,4,0.999327007201023,0.9908581342586414,0.2857142857142857,0.9950745518512316,0.5320736077592061,0.3030651103068295,0.0,0.0,0.9975987193169692,0.0,0.0,0.0,0.019047619047619,0.4,0.9931310436812272,0.0363636363636363,0.6302796343469229,0.3736901433744559,0.0,0.0,1.0,0.0,0.0,0.0,0.9984006512006512,0.9900666666666668,0.2863773820458151,0.9941579368149582,0.5317870989367465,0.3029068129183345,,
2024-07-22 20:06:01,hf_ctgan_syn_300000_2,1000,0.01,4,9.0,4,0.9993270524899058,0.9909248632056586,0.2857142857142857,0.995108222207331,0.5320915236003398,0.3030874093453831,0.0,0.0,0.9976654215581644,0.0,0.0,0.0,0.019047619047619,0.4,0.9931310436812272,0.0363636363636363,0.6302796343469229,0.3736901433744559,0.0,0.0,1.0,0.0,0.0,0.0,0.9984006964472644,0.9901333333333332,0.2863774176203438,0.994191575745392,0.5318049980564284,0.3029290911444521,,
2024-07-22 20:06:49,hf_ctgan_syn_300000_2,1000,0.01,8,1.0,4,0.9993254182406908,0.9885226211130388,0.2857142857142857,0.9938946662193894,0.531446172818777,0.3022848042565387,0.0,0.0,0.995197438633938,0.0,0.0,0.0,0.0192307692307692,0.4,0.993197732577526,0.036697247706422,0.6303007956769612,0.3737125873123652,0.0,0.0,1.0,0.0,0.0,0.0,0.9983991247734098,0.9877333333333334,0.2863761235924163,0.9929792636134868,0.5311602566560385,0.3021272426350034,,
2024-07-22 20:07:34,hf_ctgan_syn_300000_2,1000,0.01,8,3.0,4,0.9993255547312336,0.9887228079540904,0.2857142857142857,0.9939959078254452,0.5314999819793279,0.3023516754190143,0.0,0.0,0.995397545357524,0.0,0.0,0.0,0.0192307692307692,0.4,0.993197732577526,0.036697247706422,0.6303007956769612,0.3737125873123652,0.0,0.0,1.0,0.0,0.0,0.0,0.9983992611365612,0.9879333333333332,0.2863762303160022,0.9930804107273768,0.5312140155947062,0.3021940513843941,,
2024-07-22 20:08:19,hf_ctgan_syn_300000_2,1000,0.01,8,5.0,4,0.9993255092405234,0.9886560790070732,0.2857142857142857,0.993962162887428,0.5314820461977924,0.3023293847770794,0.0,0.0,0.9954642475987192,0.0,0.0,0.0,0.0188679245283018,0.4,0.9930643547849284,0.036036036036036,0.6302584723063794,0.3736676990807538,0.0,0.0,1.0,0.0,0.0,0.0,0.9983990947400748,0.9878666666666668,0.2863762214312666,0.9930464768807448,0.5311960824454433,0.3021717665843144,,
2024-07-22 20:09:04,hf_ctgan_syn_300000_2,1000,0.01,8,7.0,4,0.9993254637436764,0.988589350060056,0.2857142857142857,0.9939284156854852,0.5314641098109626,0.3023070943895876,0.0,0.0,0.995397545357524,0.0,0.0,0.0,0.0188679245283018,0.4,0.9930643547849284,0.036036036036036,0.6302584723063794,0.3736676990807538,0.0,0.0,1.0,0.0,0.0,0.0,0.9983990492856916,0.9878,0.2863761858567379,0.9930127611761908,0.5311781627992411,0.3021494970011842,,
2024-07-22 20:09:47,hf_ctgan_syn_300000_2,1000,0.01,8,9.0,4,0.9993255092405234,0.9886560790070732,0.2857142857142857,0.993962162887428,0.5314820461977924,0.3023293847770794,0.0,0.0,0.9954642475987192,0.0,0.0,0.0,0.0188679245283018,0.4,0.9930643547849284,0.036036036036036,0.6302584723063794,0.3736676990807538,0.0,0.0,1.0,0.0,0.0,0.0,0.9983990947400748,0.9878666666666668,0.2863762214312666,0.9930464768807448,0.5311960824454433,0.3021717665843144,,
2024-07-22 20:11:08,hf_ctgan_syn_300000_2,1000,0.01,10,1.0,4,0.9993250995478168,0.9880555184839184,0.2857142857142857,0.9936583565412878,0.5313205969183681,0.3021287804496005,0.0,0.0,0.9947972251867664,0.0,0.0,0.0,0.0194174757281553,0.4,0.9932644214738248,0.037037037037037,0.6303219562965658,0.3737350308944818,0.0,0.0,0.9998666577771852,0.0,0.0,0.0,0.9983988686134816,0.9872666666666666,0.286375923485395,0.9927432877541948,0.5310348050133431,0.301971371931479,,
2024-07-22 20:12:30,hf_ctgan_syn_300000_2,1000,0.01,10,3.0,4,0.9993252361673416,0.98825570532497,0.2857142857142857,0.9937596457089176,0.5313744187952516,0.3021956462687732,0.0,0.0,0.9949306296691568,0.0,0.0,0.0,0.0192307692307692,0.4,0.993197732577526,0.036697247706422,0.6303007956769612,0.3737125873123652,0.0,0.0,1.0,0.0,0.0,0.0,0.9983989428699956,0.9874666666666668,0.2863759812943017,0.992844369122158,0.531088569602935,0.3020381678613599,,
2024-07-22 20:13:54,hf_ctgan_syn_300000_2,1000,0.01,10,5.0,4,0.999325190633646,0.9881889763779528,0.2857142857142857,0.9937258849186378,0.5313564787753678,0.3021733574079394,0.0,0.0,0.9948639274279616,0.0,0.0,0.0,0.0194174757281553,0.4,0.9932644214738248,0.037037037037037,0.6303219562965658,0.3737350308944818,0.0,0.0,0.9999333288885924,0.0,0.0,0.0,0.9983989596142974,0.9874,0.2863759635046645,0.9928107531050594,0.5310706533806098,0.3020159072846568,,
2024-07-22 20:15:17,hf_ctgan_syn_300000_2,1000,0.01,10,7.0,4,0.999325190633646,0.9881889763779528,0.2857142857142857,0.9937258849186378,0.5313564787753678,0.3021733574079394,0.0,0.0,0.9949306296691568,0.0,0.0,0.0,0.019047619047619,0.4,0.9931310436812272,0.0363636363636363,0.6302796343469229,0.3736901433744559,0.0,0.0,1.0,0.0,0.0,0.0,0.9983988363287372,0.9874,0.2863759590646696,0.9928105286381684,0.5310706392732931,0.3020158923221501,,
2024-07-22 20:16:38,hf_ctgan_syn_300000_2,1000,0.01,10,9.0,4,0.9993252361673416,0.98825570532497,0.2857142857142857,0.9937596457089176,0.5313744187952516,0.3021956462687732,0.0,0.0,0.9950640341515476,0.0,0.0,0.0,0.0188679245283018,0.4,0.9930643547849284,0.036036036036036,0.6302584723063794,0.3736676990807538,0.0,0.0,1.0,0.0,0.0,0.0,0.9983988219217614,0.9874666666666668,0.2863760079840948,0.992844148718268,0.5310885554951448,0.302038152898616,,
2024-07-22 20:16:47,hf_ctgan_syn_300000_2,100,0.001,2,1.0,4,0.9992630309527,0.9952622447617776,0.2142857142857142,0.9972586253008826,0.4618121707148707,0.2299264050524067,0.0,0.0,1.0,0.0,0.0,0.0,0.027027027027027,0.4,0.9951983994664888,0.050632911392405,0.6309353055477206,0.3743857400060329,0.0,0.0,1.0,0.0,0.0,0.0,0.998339394466153,0.9944666666666668,0.2150174470855364,0.996344728221066,0.4615914577907194,0.2298366023210265,,
2024-07-22 20:16:54,hf_ctgan_syn_300000_2,100,0.001,2,3.0,4,0.9992630309527,0.9952622447617776,0.2142857142857142,0.9972586253008826,0.4618121707148707,0.2299264050524067,0.0,0.0,1.0,0.0,0.0,0.0,0.027027027027027,0.4,0.9951983994664888,0.050632911392405,0.6309353055477206,0.3743857400060329,0.0,0.0,1.0,0.0,0.0,0.0,0.998339394466153,0.9944666666666668,0.2150174470855364,0.996344728221066,0.4615914577907194,0.2298366023210265,,
2024-07-22 20:17:02,hf_ctgan_syn_300000_2,100,0.001,2,5.0,4,0.9992630309527,0.9952622447617776,0.2142857142857142,0.9972586253008826,0.4618121707148707,0.2299264050524067,0.0,0.0,1.0,0.0,0.0,0.0,0.027027027027027,0.4,0.9951983994664888,0.050632911392405,0.6309353055477206,0.3743857400060329,0.0,0.0,1.0,0.0,0.0,0.0,0.998339394466153,0.9944666666666668,0.2150174470855364,0.996344728221066,0.4615914577907194,0.2298366023210265,,
2024-07-22 20:17:10,hf_ctgan_syn_300000_2,100,0.001,2,7.0,4,0.9992630309527,0.9952622447617776,0.2142857142857142,0.9972586253008826,0.4618121707148707,0.2299264050524067,0.0,0.0,1.0,0.0,0.0,0.0,0.027027027027027,0.4,0.9951983994664888,0.050632911392405,0.6309353055477206,0.3743857400060329,0.0,0.0,1.0,0.0,0.0,0.0,0.998339394466153,0.9944666666666668,0.2150174470855364,0.996344728221066,0.4615914577907194,0.2298366023210265,,
2024-07-22 20:17:18,hf_ctgan_syn_300000_2,100,0.001,2,9.0,4,0.9992630309527,0.9952622447617776,0.2142857142857142,0.9972586253008826,0.4618121707148707,0.2299264050524067,0.0,0.0,1.0,0.0,0.0,0.0,0.027027027027027,0.4,0.9951983994664888,0.050632911392405,0.6309353055477206,0.3743857400060329,0.0,0.0,1.0,0.0,0.0,0.0,0.998339394466153,0.9944666666666668,0.2150174470855364,0.996344728221066,0.4615914577907194,0.2298366023210265,,
2024-07-22 20:17:26,hf_ctgan_syn_300000_2,100,0.001,4,1.0,4,0.9992631296891747,0.995395702655812,0.2142857142857142,0.997325666911814,0.4618431326116381,0.2299600832632124,0.0,0.0,1.0,0.0,0.0,0.0,0.0277777777777777,0.4,0.9953317772590864,0.0519480519480519,0.6309775835191251,0.3744306054669107,0.0,0.0,1.0,0.0,0.0,0.0,0.9983397433607242,0.9946,0.2150174915448006,0.9964121456400122,0.4616224048823736,0.229870264053989,,
2024-07-22 20:17:35,hf_ctgan_syn_300000_2,100,0.001,4,3.0,4,0.9992631296891747,0.995395702655812,0.2142857142857142,0.997325666911814,0.4618431326116381,0.2299600832632124,0.0,0.0,1.0,0.0,0.0,0.0,0.0277777777777777,0.4,0.9953317772590864,0.0519480519480519,0.6309775835191251,0.3744306054669107,0.0,0.0,1.0,0.0,0.0,0.0,0.9983397433607242,0.9946,0.2150174915448006,0.9964121456400122,0.4616224048823736,0.229870264053989,,
2024-07-22 20:17:43,hf_ctgan_syn_300000_2,100,0.001,4,5.0,4,0.9992631296891747,0.995395702655812,0.2142857142857142,0.997325666911814,0.4618431326116381,0.2299600832632124,0.0,0.0,1.0,0.0,0.0,0.0,0.0277777777777777,0.4,0.9953317772590864,0.0519480519480519,0.6309775835191251,0.3744306054669107,0.0,0.0,1.0,0.0,0.0,0.0,0.9983397433607242,0.9946,0.2150174915448006,0.9964121456400122,0.4616224048823736,0.229870264053989,,
2024-07-22 20:17:52,hf_ctgan_syn_300000_2,100,0.001,4,7.0,4,0.9992631296891747,0.995395702655812,0.2142857142857142,0.997325666911814,0.4618431326116381,0.2299600832632124,0.0,0.0,1.0,0.0,0.0,0.0,0.0277777777777777,0.4,0.9953317772590864,0.0519480519480519,0.6309775835191251,0.3744306054669107,0.0,0.0,1.0,0.0,0.0,0.0,0.9983397433607242,0.9946,0.2150174915448006,0.9964121456400122,0.4616224048823736,0.229870264053989,,
2024-07-22 20:18:00,hf_ctgan_syn_300000_2,100,0.001,4,9.0,4,0.9992631296891747,0.995395702655812,0.2142857142857142,0.997325666911814,0.4618431326116381,0.2299600832632124,0.0,0.0,1.0,0.0,0.0,0.0,0.0277777777777777,0.4,0.9953317772590864,0.0519480519480519,0.6309775835191251,0.3744306054669107,0.0,0.0,1.0,0.0,0.0,0.0,0.9983397433607242,0.9946,0.2150174915448006,0.9964121456400122,0.4616224048823736,0.229870264053989,,
2024-07-22 20:18:11,hf_ctgan_syn_300000_2,100,0.001,8,1.0,4,0.999262882798365,0.995062057920726,0.2142857142857142,0.9971580460730884,0.4617657239771652,0.22987588916744,0.0,0.0,0.999132870864461,0.0,0.0,0.0,0.03125,0.4,0.9958652884294764,0.0579710144927536,0.631146667084435,0.3746100530787133,0.0,0.0,1.0,0.0,0.0,0.0,0.9983406541077532,0.9942666666666666,0.2150172069129851,0.9962466889015844,0.461545124857148,0.2297862083552433,,
2024-07-22 20:18:22,hf_ctgan_syn_300000_2,100,0.001,8,3.0,4,0.999262882798365,0.995062057920726,0.2142857142857142,0.9971580460730884,0.4617657239771652,0.22987588916744,0.0,0.0,0.999132870864461,0.0,0.0,0.0,0.03125,0.4,0.9958652884294764,0.0579710144927536,0.631146667084435,0.3746100530787133,0.0,0.0,1.0,0.0,0.0,0.0,0.9983406541077532,0.9942666666666666,0.2150172069129851,0.9962466889015844,0.461545124857148,0.2297862083552433,,
2024-07-22 20:18:32,hf_ctgan_syn_300000_2,100,0.001,8,5.0,4,0.999262882798365,0.995062057920726,0.2142857142857142,0.9971580460730884,0.4617657239771652,0.22987588916744,0.0,0.0,0.999132870864461,0.0,0.0,0.0,0.03125,0.4,0.9958652884294764,0.0579710144927536,0.631146667084435,0.3746100530787133,0.0,0.0,1.0,0.0,0.0,0.0,0.9983406541077532,0.9942666666666666,0.2150172069129851,0.9962466889015844,0.461545124857148,0.2297862083552433,,
2024-07-22 20:18:42,hf_ctgan_syn_300000_2,100,0.001,8,7.0,4,0.999262882798365,0.995062057920726,0.2142857142857142,0.9971580460730884,0.4617657239771652,0.22987588916744,0.0,0.0,0.999132870864461,0.0,0.0,0.0,0.03125,0.4,0.9958652884294764,0.0579710144927536,0.631146667084435,0.3746100530787133,0.0,0.0,1.0,0.0,0.0,0.0,0.9983406541077532,0.9942666666666666,0.2150172069129851,0.9962466889015844,0.461545124857148,0.2297862083552433,,
2024-07-22 20:18:52,hf_ctgan_syn_300000_2,100,0.001,8,9.0,4,0.999262882798365,0.995062057920726,0.2142857142857142,0.9971580460730884,0.4617657239771652,0.22987588916744,0.0,0.0,0.999132870864461,0.0,0.0,0.0,0.03125,0.4,0.9958652884294764,0.0579710144927536,0.631146667084435,0.3746100530787133,0.0,0.0,1.0,0.0,0.0,0.0,0.9983406541077532,0.9942666666666666,0.2150172069129851,0.9962466889015844,0.461545124857148,0.2297862083552433,,
2024-07-22 20:19:06,hf_ctgan_syn_300000_2,100,0.001,10,1.0,4,0.9993273693414946,0.9913919658347792,0.2857142857142857,0.9953438515392088,0.5322169176016162,0.3032435097396621,0.0,0.0,0.9983991462113126,0.0,0.0,0.0,0.0275229357798165,0.6,0.9929309769923308,0.0526315789473684,0.7718539927961754,0.5723493858628655,0.0,0.0,1.0,0.0,0.0,0.0,0.9984038381087024,0.9906666666666668,0.2863777422512625,0.994432407804088,0.5319774664761201,0.303151265592526,,
2024-07-22 20:19:21,hf_ctgan_syn_300000_2,100,0.001,10,3.0,4,0.9993273693414946,0.9913919658347792,0.2857142857142857,0.9953438515392088,0.5322169176016162,0.3032435097396621,0.0,0.0,0.9983991462113126,0.0,0.0,0.0,0.0275229357798165,0.6,0.9929309769923308,0.0526315789473684,0.7718539927961754,0.5723493858628655,0.0,0.0,1.0,0.0,0.0,0.0,0.9984038381087024,0.9906666666666668,0.2863777422512625,0.994432407804088,0.5319774664761201,0.303151265592526,,
2024-07-22 20:19:33,hf_ctgan_syn_300000_2,100,0.001,10,5.0,4,0.9993273693414946,0.9913919658347792,0.2857142857142857,0.9953438515392088,0.5322169176016162,0.3032435097396621,0.0,0.0,0.9983991462113126,0.0,0.0,0.0,0.0275229357798165,0.6,0.9929309769923308,0.0526315789473684,0.7718539927961754,0.5723493858628655,0.0,0.0,1.0,0.0,0.0,0.0,0.9984038381087024,0.9906666666666668,0.2863777422512625,0.994432407804088,0.5319774664761201,0.303151265592526,,
2024-07-22 20:19:47,hf_ctgan_syn_300000_2,100,0.001,10,7.0,4,0.9993273693414946,0.9913919658347792,0.2857142857142857,0.9953438515392088,0.5322169176016162,0.3032435097396621,0.0,0.0,0.9983991462113126,0.0,0.0,0.0,0.0275229357798165,0.6,0.9929309769923308,0.0526315789473684,0.7718539927961754,0.5723493858628655,0.0,0.0,1.0,0.0,0.0,0.0,0.9984038381087024,0.9906666666666668,0.2863777422512625,0.994432407804088,0.5319774664761201,0.303151265592526,,
2024-07-22 20:20:00,hf_ctgan_syn_300000_2,100,0.001,10,9.0,4,0.9993273693414946,0.9913919658347792,0.2857142857142857,0.9953438515392088,0.5322169176016162,0.3032435097396621,0.0,0.0,0.9983991462113126,0.0,0.0,0.0,0.0275229357798165,0.6,0.9929309769923308,0.0526315789473684,0.7718539927961754,0.5723493858628655,0.0,0.0,1.0,0.0,0.0,0.0,0.9984038381087024,0.9906666666666668,0.2863777422512625,0.994432407804088,0.5319774664761201,0.303151265592526,,
2024-07-22 20:20:14,hf_ctgan_syn_300000_2,500,0.001,2,1.0,4,0.9992630309527,0.9952622447617776,0.2142857142857142,0.9972586253008826,0.4618121707148707,0.2299264050524067,0.0,0.0,1.0,0.0,0.0,0.0,0.027027027027027,0.4,0.9951983994664888,0.050632911392405,0.6309353055477206,0.3743857400060329,0.0,0.0,1.0,0.0,0.0,0.0,0.998339394466153,0.9944666666666668,0.2150174470855364,0.996344728221066,0.4615914577907194,0.2298366023210265,,
2024-07-22 20:20:28,hf_ctgan_syn_300000_2,500,0.001,2,3.0,4,0.9992630309527,0.9952622447617776,0.2142857142857142,0.9972586253008826,0.4618121707148707,0.2299264050524067,0.0,0.0,1.0,0.0,0.0,0.0,0.027027027027027,0.4,0.9951983994664888,0.050632911392405,0.6309353055477206,0.3743857400060329,0.0,0.0,1.0,0.0,0.0,0.0,0.998339394466153,0.9944666666666668,0.2150174470855364,0.996344728221066,0.4615914577907194,0.2298366023210265,,
2024-07-22 20:20:43,hf_ctgan_syn_300000_2,500,0.001,2,5.0,4,0.9992630309527,0.9952622447617776,0.2142857142857142,0.9972586253008826,0.4618121707148707,0.2299264050524067,0.0,0.0,1.0,0.0,0.0,0.0,0.027027027027027,0.4,0.9951983994664888,0.050632911392405,0.6309353055477206,0.3743857400060329,0.0,0.0,1.0,0.0,0.0,0.0,0.998339394466153,0.9944666666666668,0.2150174470855364,0.996344728221066,0.4615914577907194,0.2298366023210265,,
2024-07-22 20:20:56,hf_ctgan_syn_300000_2,500,0.001,2,7.0,4,0.9992630309527,0.9952622447617776,0.2142857142857142,0.9972586253008826,0.4618121707148707,0.2299264050524067,0.0,0.0,1.0,0.0,0.0,0.0,0.027027027027027,0.4,0.9951983994664888,0.050632911392405,0.6309353055477206,0.3743857400060329,0.0,0.0,1.0,0.0,0.0,0.0,0.998339394466153,0.9944666666666668,0.2150174470855364,0.996344728221066,0.4615914577907194,0.2298366023210265,,
2024-07-22 20:21:09,hf_ctgan_syn_300000_2,500,0.001,2,9.0,4,0.9992630309527,0.9952622447617776,0.2142857142857142,0.9972586253008826,0.4618121707148707,0.2299264050524067,0.0,0.0,1.0,0.0,0.0,0.0,0.027027027027027,0.4,0.9951983994664888,0.050632911392405,0.6309353055477206,0.3743857400060329,0.0,0.0,1.0,0.0,0.0,0.0,0.998339394466153,0.9944666666666668,0.2150174470855364,0.996344728221066,0.4615914577907194,0.2298366023210265,,
2024-07-22 20:21:24,hf_ctgan_syn_300000_2,500,0.001,4,1.0,4,0.9992631296891747,0.995395702655812,0.2142857142857142,0.997325666911814,0.4618431326116381,0.2299600832632124,0.0,0.0,1.0,0.0,0.0,0.0,0.0277777777777777,0.4,0.9953317772590864,0.0519480519480519,0.6309775835191251,0.3744306054669107,0.0,0.0,1.0,0.0,0.0,0.0,0.9983397433607242,0.9946,0.2150174915448006,0.9964121456400122,0.4616224048823736,0.229870264053989,,
2024-07-22 20:21:38,hf_ctgan_syn_300000_2,500,0.001,4,3.0,4,0.9992631296891747,0.995395702655812,0.2142857142857142,0.997325666911814,0.4618431326116381,0.2299600832632124,0.0,0.0,1.0,0.0,0.0,0.0,0.0277777777777777,0.4,0.9953317772590864,0.0519480519480519,0.6309775835191251,0.3744306054669107,0.0,0.0,1.0,0.0,0.0,0.0,0.9983397433607242,0.9946,0.2150174915448006,0.9964121456400122,0.4616224048823736,0.229870264053989,,
2024-07-22 20:21:53,hf_ctgan_syn_300000_2,500,0.001,4,5.0,4,0.9992631296891747,0.995395702655812,0.2142857142857142,0.997325666911814,0.4618431326116381,0.2299600832632124,0.0,0.0,1.0,0.0,0.0,0.0,0.0277777777777777,0.4,0.9953317772590864,0.0519480519480519,0.6309775835191251,0.3744306054669107,0.0,0.0,1.0,0.0,0.0,0.0,0.9983397433607242,0.9946,0.2150174915448006,0.9964121456400122,0.4616224048823736,0.229870264053989,,
2024-07-22 20:22:07,hf_ctgan_syn_300000_2,500,0.001,4,7.0,4,0.9992631296891747,0.995395702655812,0.2142857142857142,0.997325666911814,0.4618431326116381,0.2299600832632124,0.0,0.0,1.0,0.0,0.0,0.0,0.0277777777777777,0.4,0.9953317772590864,0.0519480519480519,0.6309775835191251,0.3744306054669107,0.0,0.0,1.0,0.0,0.0,0.0,0.9983397433607242,0.9946,0.2150174915448006,0.9964121456400122,0.4616224048823736,0.229870264053989,,
2024-07-22 20:22:22,hf_ctgan_syn_300000_2,500,0.001,4,9.0,4,0.9992631296891747,0.995395702655812,0.2142857142857142,0.997325666911814,0.4618431326116381,0.2299600832632124,0.0,0.0,1.0,0.0,0.0,0.0,0.0277777777777777,0.4,0.9953317772590864,0.0519480519480519,0.6309775835191251,0.3744306054669107,0.0,0.0,1.0,0.0,0.0,0.0,0.9983397433607242,0.9946,0.2150174915448006,0.9964121456400122,0.4616224048823736,0.229870264053989,,
2024-07-22 20:22:47,hf_ctgan_syn_300000_2,500,0.001,8,1.0,4,0.9992625368731564,0.9945949552916056,0.2142857142857142,0.9969232827235636,0.4616573300832878,0.2297580254483129,0.0,0.0,0.9994663820704376,0.0,0.0,0.0,0.0263157894736842,0.4,0.9950650216738912,0.0493827160493827,0.6308930247431466,0.3743408731219843,0.0,0.0,1.0,0.0,0.0,0.0,0.998338663768566,0.9938,0.2150171180300431,0.9960092818983716,0.4614367475834577,0.2296683649156018,,
2024-07-22 20:23:10,hf_ctgan_syn_300000_2,500,0.001,8,3.0,4,0.9992625368731564,0.9945949552916056,0.2142857142857142,0.9969232827235636,0.4616573300832878,0.2297580254483129,0.0,0.0,0.9994663820704376,0.0,0.0,0.0,0.0263157894736842,0.4,0.9950650216738912,0.0493827160493827,0.6308930247431466,0.3743408731219843,0.0,0.0,1.0,0.0,0.0,0.0,0.998338663768566,0.9938,0.2150171180300431,0.9960092818983716,0.4614367475834577,0.2296683649156018,,
2024-07-22 20:23:36,hf_ctgan_syn_300000_2,500,0.001,8,5.0,4,0.9992625368731564,0.9945949552916056,0.2142857142857142,0.9969232827235636,0.4616573300832878,0.2297580254483129,0.0,0.0,0.9994663820704376,0.0,0.0,0.0,0.0263157894736842,0.4,0.9950650216738912,0.0493827160493827,0.6308930247431466,0.3743408731219843,0.0,0.0,1.0,0.0,0.0,0.0,0.998338663768566,0.9938,0.2150171180300431,0.9960092818983716,0.4614367475834577,0.2296683649156018,,
2024-07-22 20:24:03,hf_ctgan_syn_300000_2,500,0.001,8,7.0,4,0.9992625368731564,0.9945949552916056,0.2142857142857142,0.9969232827235636,0.4616573300832878,0.2297580254483129,0.0,0.0,0.9994663820704376,0.0,0.0,0.0,0.0263157894736842,0.4,0.9950650216738912,0.0493827160493827,0.6308930247431466,0.3743408731219843,0.0,0.0,1.0,0.0,0.0,0.0,0.998338663768566,0.9938,0.2150171180300431,0.9960092818983716,0.4614367475834577,0.2296683649156018,,
2024-07-22 20:24:28,hf_ctgan_syn_300000_2,500,0.001,8,9.0,4,0.9992625368731564,0.9945949552916056,0.2142857142857142,0.9969232827235636,0.4616573300832878,0.2297580254483129,0.0,0.0,0.9994663820704376,0.0,0.0,0.0,0.0263157894736842,0.4,0.9950650216738912,0.0493827160493827,0.6308930247431466,0.3743408731219843,0.0,0.0,1.0,0.0,0.0,0.0,0.998338663768566,0.9938,0.2150171180300431,0.9960092818983716,0.4614367475834577,0.2296683649156018,,
2024-07-22 20:25:11,hf_ctgan_syn_300000_2,500,0.001,10,1.0,4,0.9992612987710696,0.9929267316161752,0.2142857142857142,0.9960839441711016,0.4612700011032061,0.2293371599271852,0.0,0.0,0.9985325506937032,0.0,0.0,0.0,0.0229885057471264,0.4,0.9943314438146048,0.0434782608695652,0.630660429649619,0.3740940798205382,0.0,0.0,1.0,0.0,0.0,0.0,0.9983363177274656,0.9921333333333332,0.2150163754606891,0.9951687585768316,0.4610497025787264,0.22924780993786,,
2024-07-22 20:25:53,hf_ctgan_syn_300000_2,500,0.001,10,3.0,4,0.9992612987710696,0.9929267316161752,0.2142857142857142,0.9960839441711016,0.4612700011032061,0.2293371599271852,0.0,0.0,0.9985325506937032,0.0,0.0,0.0,0.0229885057471264,0.4,0.9943314438146048,0.0434782608695652,0.630660429649619,0.3740940798205382,0.0,0.0,1.0,0.0,0.0,0.0,0.9983363177274656,0.9921333333333332,0.2150163754606891,0.9951687585768316,0.4610497025787264,0.22924780993786,,
2024-07-22 20:26:35,hf_ctgan_syn_300000_2,500,0.001,10,5.0,4,0.9992612987710696,0.9929267316161752,0.2142857142857142,0.9960839441711016,0.4612700011032061,0.2293371599271852,0.0,0.0,0.9985325506937032,0.0,0.0,0.0,0.0229885057471264,0.4,0.9943314438146048,0.0434782608695652,0.630660429649619,0.3740940798205382,0.0,0.0,1.0,0.0,0.0,0.0,0.9983363177274656,0.9921333333333332,0.2150163754606891,0.9951687585768316,0.4610497025787264,0.22924780993786,,
2024-07-22 20:27:17,hf_ctgan_syn_300000_2,500,0.001,10,7.0,4,0.9992612987710696,0.9929267316161752,0.2142857142857142,0.9960839441711016,0.4612700011032061,0.2293371599271852,0.0,0.0,0.9985325506937032,0.0,0.0,0.0,0.0229885057471264,0.4,0.9943314438146048,0.0434782608695652,0.630660429649619,0.3740940798205382,0.0,0.0,1.0,0.0,0.0,0.0,0.9983363177274656,0.9921333333333332,0.2150163754606891,0.9951687585768316,0.4610497025787264,0.22924780993786,,
2024-07-22 20:27:57,hf_ctgan_syn_300000_2,500,0.001,10,9.0,4,0.9992612987710696,0.9929267316161752,0.2142857142857142,0.9960839441711016,0.4612700011032061,0.2293371599271852,0.0,0.0,0.9985325506937032,0.0,0.0,0.0,0.0229885057471264,0.4,0.9943314438146048,0.0434782608695652,0.630660429649619,0.3740940798205382,0.0,0.0,1.0,0.0,0.0,0.0,0.9983363177274656,0.9921333333333332,0.2150163754606891,0.9951687585768316,0.4610497025787264,0.22924780993786,,
2024-07-22 20:28:24,hf_ctgan_syn_300000_2,1500,0.001,2,1.0,4,0.9992630309527,0.9952622447617776,0.2142857142857142,0.9972586253008826,0.4618121707148707,0.2299264050524067,0.0,0.0,1.0,0.0,0.0,0.0,0.027027027027027,0.4,0.9951983994664888,0.050632911392405,0.6309353055477206,0.3743857400060329,0.0,0.0,1.0,0.0,0.0,0.0,0.998339394466153,0.9944666666666668,0.2150174470855364,0.996344728221066,0.4615914577907194,0.2298366023210265,,
2024-07-22 20:28:52,hf_ctgan_syn_300000_2,1500,0.001,2,3.0,4,0.9992630309527,0.9952622447617776,0.2142857142857142,0.9972586253008826,0.4618121707148707,0.2299264050524067,0.0,0.0,1.0,0.0,0.0,0.0,0.027027027027027,0.4,0.9951983994664888,0.050632911392405,0.6309353055477206,0.3743857400060329,0.0,0.0,1.0,0.0,0.0,0.0,0.998339394466153,0.9944666666666668,0.2150174470855364,0.996344728221066,0.4615914577907194,0.2298366023210265,,
2024-07-22 20:29:19,hf_ctgan_syn_300000_2,1500,0.001,2,5.0,4,0.9992630309527,0.9952622447617776,0.2142857142857142,0.9972586253008826,0.4618121707148707,0.2299264050524067,0.0,0.0,1.0,0.0,0.0,0.0,0.027027027027027,0.4,0.9951983994664888,0.050632911392405,0.6309353055477206,0.3743857400060329,0.0,0.0,1.0,0.0,0.0,0.0,0.998339394466153,0.9944666666666668,0.2150174470855364,0.996344728221066,0.4615914577907194,0.2298366023210265,,
2024-07-22 20:29:46,hf_ctgan_syn_300000_2,1500,0.001,2,7.0,4,0.9992630309527,0.9952622447617776,0.2142857142857142,0.9972586253008826,0.4618121707148707,0.2299264050524067,0.0,0.0,1.0,0.0,0.0,0.0,0.027027027027027,0.4,0.9951983994664888,0.050632911392405,0.6309353055477206,0.3743857400060329,0.0,0.0,1.0,0.0,0.0,0.0,0.998339394466153,0.9944666666666668,0.2150174470855364,0.996344728221066,0.4615914577907194,0.2298366023210265,,
2024-07-22 20:30:14,hf_ctgan_syn_300000_2,1500,0.001,2,9.0,4,0.9992630309527,0.9952622447617776,0.2142857142857142,0.9972586253008826,0.4618121707148707,0.2299264050524067,0.0,0.0,1.0,0.0,0.0,0.0,0.027027027027027,0.4,0.9951983994664888,0.050632911392405,0.6309353055477206,0.3743857400060329,0.0,0.0,1.0,0.0,0.0,0.0,0.998339394466153,0.9944666666666668,0.2150174470855364,0.996344728221066,0.4615914577907194,0.2298366023210265,,
2024-07-22 20:30:47,hf_ctgan_syn_300000_2,1500,0.001,4,1.0,4,0.9992631296891747,0.995395702655812,0.2142857142857142,0.997325666911814,0.4618431326116381,0.2299600832632124,0.0,0.0,0.9994663820704376,0.0,0.0,0.0,0.03125,0.4,0.9958652884294764,0.0579710144927536,0.631146667084435,0.3746100530787133,0.0,0.0,1.0,0.0,0.0,0.0,0.9983409007681316,0.9946,0.2150173847856283,0.9964141532941938,0.461622461243562,0.2298703238698596,,
2024-07-22 20:31:19,hf_ctgan_syn_300000_2,1500,0.001,4,3.0,4,0.9992631296891747,0.995395702655812,0.2142857142857142,0.997325666911814,0.4618431326116381,0.2299600832632124,0.0,0.0,0.9994663820704376,0.0,0.0,0.0,0.03125,0.4,0.9958652884294764,0.0579710144927536,0.631146667084435,0.3746100530787133,0.0,0.0,1.0,0.0,0.0,0.0,0.9983409007681316,0.9946,0.2150173847856283,0.9964141532941938,0.461622461243562,0.2298703238698596,,
2024-07-22 20:31:53,hf_ctgan_syn_300000_2,1500,0.001,4,5.0,4,0.9992631296891747,0.995395702655812,0.2142857142857142,0.997325666911814,0.4618431326116381,0.2299600832632124,0.0,0.0,0.9994663820704376,0.0,0.0,0.0,0.03125,0.4,0.9958652884294764,0.0579710144927536,0.631146667084435,0.3746100530787133,0.0,0.0,1.0,0.0,0.0,0.0,0.9983409007681316,0.9946,0.2150173847856283,0.9964141532941938,0.461622461243562,0.2298703238698596,,
2024-07-22 20:32:26,hf_ctgan_syn_300000_2,1500,0.001,4,7.0,4,0.9992631296891747,0.995395702655812,0.2142857142857142,0.997325666911814,0.4618431326116381,0.2299600832632124,0.0,0.0,0.9994663820704376,0.0,0.0,0.0,0.03125,0.4,0.9958652884294764,0.0579710144927536,0.631146667084435,0.3746100530787133,0.0,0.0,1.0,0.0,0.0,0.0,0.9983409007681316,0.9946,0.2150173847856283,0.9964141532941938,0.461622461243562,0.2298703238698596,,
2024-07-22 20:32:59,hf_ctgan_syn_300000_2,1500,0.001,4,9.0,4,0.9992631296891747,0.995395702655812,0.2142857142857142,0.997325666911814,0.4618431326116381,0.2299600832632124,0.0,0.0,0.9994663820704376,0.0,0.0,0.0,0.03125,0.4,0.9958652884294764,0.0579710144927536,0.631146667084435,0.3746100530787133,0.0,0.0,1.0,0.0,0.0,0.0,0.9983409007681316,0.9946,0.2150173847856283,0.9964141532941938,0.461622461243562,0.2298703238698596,,
2024-07-22 20:34:03,hf_ctgan_syn_300000_2,1500,0.001,8,1.0,4,0.999261596294556,0.9933271052982784,0.2142857142857142,0.9962855135026604,0.4613629897143923,0.2294381567748179,0.0,0.0,0.9990661686232656,0.0,0.0,0.0,0.0224719101123595,0.4,0.9941980660220072,0.0425531914893617,0.6306181304155495,0.3740492036858791,0.0,0.0,1.0,0.0,0.0,0.0,0.9983364427747184,0.9925333333333334,0.215016615597654,0.9953698314205544,0.4611425903007974,0.2293486975630567,,
2024-07-22 20:35:08,hf_ctgan_syn_300000_2,1500,0.001,8,3.0,4,0.999261596294556,0.9933271052982784,0.2142857142857142,0.9962855135026604,0.4613629897143923,0.2294381567748179,0.0,0.0,0.9990661686232656,0.0,0.0,0.0,0.0224719101123595,0.4,0.9941980660220072,0.0425531914893617,0.6306181304155495,0.3740492036858791,0.0,0.0,1.0,0.0,0.0,0.0,0.9983364427747184,0.9925333333333334,0.215016615597654,0.9953698314205544,0.4611425903007974,0.2293486975630567,,
2024-07-22 20:36:11,hf_ctgan_syn_300000_2,1500,0.001,8,5.0,4,0.999261596294556,0.9933271052982784,0.2142857142857142,0.9962855135026604,0.4613629897143923,0.2294381567748179,0.0,0.0,0.9990661686232656,0.0,0.0,0.0,0.0224719101123595,0.4,0.9941980660220072,0.0425531914893617,0.6306181304155495,0.3740492036858791,0.0,0.0,1.0,0.0,0.0,0.0,0.9983364427747184,0.9925333333333334,0.215016615597654,0.9953698314205544,0.4611425903007974,0.2293486975630567,,
2024-07-22 20:37:12,hf_ctgan_syn_300000_2,1500,0.001,8,7.0,4,0.999261596294556,0.9933271052982784,0.2142857142857142,0.9962855135026604,0.4613629897143923,0.2294381567748179,0.0,0.0,0.9990661686232656,0.0,0.0,0.0,0.0224719101123595,0.4,0.9941980660220072,0.0425531914893617,0.6306181304155495,0.3740492036858791,0.0,0.0,1.0,0.0,0.0,0.0,0.9983364427747184,0.9925333333333334,0.215016615597654,0.9953698314205544,0.4611425903007974,0.2293486975630567,,
2024-07-22 20:38:15,hf_ctgan_syn_300000_2,1500,0.001,8,9.0,4,0.9993286337697214,0.9932603763512612,0.2857142857142857,0.99628526488404,0.5327181984478315,0.3038680359938445,0.0,0.0,0.9990661686232656,0.0,0.0,0.0,0.0219780219780219,0.4,0.99406468822941,0.0416666666666666,0.6305758283440335,0.3740043261280492,0.0,0.0,1.0,0.0,0.0,0.0,0.9984032530521956,0.9924666666666668,0.2863784759002946,0.995369287525704,0.5324311867387282,0.3037090939356263,,
2024-07-22 20:40:11,hf_ctgan_syn_300000_2,1500,0.001,10,1.0,4,0.99932813759742,0.9925263579340718,0.2857142857142857,0.9959156344158018,0.5325213229625033,0.3036226626035673,0.0,0.0,0.998665955176094,0.0,0.0,0.0,0.0208333333333333,0.4,0.993731243747916,0.0396039603960396,0.6304700607476666,0.3738921260071019,0.0,0.0,1.0,0.0,0.0,0.0,0.9984023757801068,0.9917333333333334,0.2863781513049622,0.9949993144771456,0.5322344597479876,0.3034639121604729,,
2024-07-22 20:42:10,hf_ctgan_syn_300000_2,1500,0.001,10,3.0,4,0.99932813759742,0.9925263579340718,0.2857142857142857,0.9959156344158018,0.5325213229625033,0.3036226626035673,0.0,0.0,0.998665955176094,0.0,0.0,0.0,0.0208333333333333,0.4,0.993731243747916,0.0396039603960396,0.6304700607476666,0.3738921260071019,0.0,0.0,1.0,0.0,0.0,0.0,0.9984023757801068,0.9917333333333334,0.2863781513049622,0.9949993144771456,0.5322344597479876,0.3034639121604729,,
2024-07-22 20:44:06,hf_ctgan_syn_300000_2,1500,0.001,10,5.0,4,0.9993282729898568,0.9927265447751236,0.2857142857142857,0.9960164697218225,0.5325750234943761,0.3036895795657816,0.0,0.0,0.9987326574172892,0.0,0.0,0.0,0.0212765957446808,0.4,0.9938646215405136,0.0404040404040404,0.6305123699152979,0.373937007122859,0.0,0.0,1.0,0.0,0.0,0.0,0.9984026588003146,0.9919333333333332,0.286378231338755,0.99510032236355,0.5322881242624198,0.3035307816272278,,
2024-07-22 20:46:03,hf_ctgan_syn_300000_2,1500,0.001,10,7.0,4,0.9992611499193982,0.9927265447751236,0.2142857142857142,0.995983129142398,0.461223499767224,0.2292866640796042,0.0,0.0,0.9985992529348986,0.0,0.0,0.0,0.0219780219780219,0.4,0.99406468822941,0.0416666666666666,0.6305758283440335,0.3740043261280492,0.0,0.0,1.0,0.0,0.0,0.0,0.9983358321867994,0.9919333333333332,0.2150163221166894,0.9950674337774208,0.4610032164435559,0.2291973313018392,,
2024-07-22 20:47:58,hf_ctgan_syn_300000_2,1500,0.001,10,9.0,4,0.9993280021503932,0.99232617109302,0.2857142857142857,0.9958147788529144,0.5324676170148137,0.30355574793134,0.0,0.0,0.9985992529348986,0.0,0.0,0.0,0.0204081632653061,0.4,0.9935978659553184,0.0388349514563106,0.6304277487405892,0.373847243468174,0.0,0.0,1.0,0.0,0.0,0.0,0.9984020987361412,0.9915333333333334,0.2863780712711694,0.994898296709804,0.5321807898218468,0.3033970449810935,,
2024-07-22 20:48:18,hf_ctgan_syn_300000_2,1000,0.001,2,1.0,4,0.9992630309527,0.9952622447617776,0.2142857142857142,0.9972586253008826,0.4618121707148707,0.2299264050524067,0.0,0.0,1.0,0.0,0.0,0.0,0.027027027027027,0.4,0.9951983994664888,0.050632911392405,0.6309353055477206,0.3743857400060329,0.0,0.0,1.0,0.0,0.0,0.0,0.998339394466153,0.9944666666666668,0.2150174470855364,0.996344728221066,0.4615914577907194,0.2298366023210265,,
2024-07-22 20:48:37,hf_ctgan_syn_300000_2,1000,0.001,2,3.0,4,0.9992630309527,0.9952622447617776,0.2142857142857142,0.9972586253008826,0.4618121707148707,0.2299264050524067,0.0,0.0,1.0,0.0,0.0,0.0,0.027027027027027,0.4,0.9951983994664888,0.050632911392405,0.6309353055477206,0.3743857400060329,0.0,0.0,1.0,0.0,0.0,0.0,0.998339394466153,0.9944666666666668,0.2150174470855364,0.996344728221066,0.4615914577907194,0.2298366023210265,,
2024-07-22 20:48:57,hf_ctgan_syn_300000_2,1000,0.001,2,5.0,4,0.9992630309527,0.9952622447617776,0.2142857142857142,0.9972586253008826,0.4618121707148707,0.2299264050524067,0.0,0.0,1.0,0.0,0.0,0.0,0.027027027027027,0.4,0.9951983994664888,0.050632911392405,0.6309353055477206,0.3743857400060329,0.0,0.0,1.0,0.0,0.0,0.0,0.998339394466153,0.9944666666666668,0.2150174470855364,0.996344728221066,0.4615914577907194,0.2298366023210265,,
2024-07-22 20:49:18,hf_ctgan_syn_300000_2,1000,0.001,2,7.0,4,0.9992630309527,0.9952622447617776,0.2142857142857142,0.9972586253008826,0.4618121707148707,0.2299264050524067,0.0,0.0,1.0,0.0,0.0,0.0,0.027027027027027,0.4,0.9951983994664888,0.050632911392405,0.6309353055477206,0.3743857400060329,0.0,0.0,1.0,0.0,0.0,0.0,0.998339394466153,0.9944666666666668,0.2150174470855364,0.996344728221066,0.4615914577907194,0.2298366023210265,,
2024-07-22 20:49:40,hf_ctgan_syn_300000_2,1000,0.001,2,9.0,4,0.9992630309527,0.9952622447617776,0.2142857142857142,0.9972586253008826,0.4618121707148707,0.2299264050524067,0.0,0.0,1.0,0.0,0.0,0.0,0.027027027027027,0.4,0.9951983994664888,0.050632911392405,0.6309353055477206,0.3743857400060329,0.0,0.0,1.0,0.0,0.0,0.0,0.998339394466153,0.9944666666666668,0.2150174470855364,0.996344728221066,0.4615914577907194,0.2298366023210265,,
2024-07-22 20:50:04,hf_ctgan_syn_300000_2,1000,0.001,4,1.0,4,0.9992631296891747,0.995395702655812,0.2142857142857142,0.997325666911814,0.4618431326116381,0.2299600832632124,0.0,0.0,0.9995997865528282,0.0,0.0,0.0,0.0303030303030303,0.4,0.9957319106368788,0.056338028169014,0.6311044004400156,0.3745651933105188,0.0,0.0,1.0,0.0,0.0,0.0,0.998340585111566,0.9946,0.2150174114754214,0.9964136089654192,0.4616224471546806,0.2298703089166035,,
2024-07-22 20:50:28,hf_ctgan_syn_300000_2,1000,0.001,4,3.0,4,0.9992631296891747,0.995395702655812,0.2142857142857142,0.997325666911814,0.4618431326116381,0.2299600832632124,0.0,0.0,0.9995997865528282,0.0,0.0,0.0,0.0303030303030303,0.4,0.9957319106368788,0.056338028169014,0.6311044004400156,0.3745651933105188,0.0,0.0,1.0,0.0,0.0,0.0,0.998340585111566,0.9946,0.2150174114754214,0.9964136089654192,0.4616224471546806,0.2298703089166035,,
2024-07-22 20:50:50,hf_ctgan_syn_300000_2,1000,0.001,4,5.0,4,0.9992631296891747,0.995395702655812,0.2142857142857142,0.997325666911814,0.4618431326116381,0.2299600832632124,0.0,0.0,0.9995997865528282,0.0,0.0,0.0,0.0303030303030303,0.4,0.9957319106368788,0.056338028169014,0.6311044004400156,0.3745651933105188,0.0,0.0,1.0,0.0,0.0,0.0,0.998340585111566,0.9946,0.2150174114754214,0.9964136089654192,0.4616224471546806,0.2298703089166035,,
2024-07-22 20:51:13,hf_ctgan_syn_300000_2,1000,0.001,4,7.0,4,0.9992631296891747,0.995395702655812,0.2142857142857142,0.997325666911814,0.4618431326116381,0.2299600832632124,0.0,0.0,0.9995997865528282,0.0,0.0,0.0,0.0303030303030303,0.4,0.9957319106368788,0.056338028169014,0.6311044004400156,0.3745651933105188,0.0,0.0,1.0,0.0,0.0,0.0,0.998340585111566,0.9946,0.2150174114754214,0.9964136089654192,0.4616224471546806,0.2298703089166035,,
2024-07-22 20:51:36,hf_ctgan_syn_300000_2,1000,0.001,4,9.0,4,0.9992631296891747,0.995395702655812,0.2142857142857142,0.997325666911814,0.4618431326116381,0.2299600832632124,0.0,0.0,0.9995997865528282,0.0,0.0,0.0,0.0303030303030303,0.4,0.9957319106368788,0.056338028169014,0.6311044004400156,0.3745651933105188,0.0,0.0,1.0,0.0,0.0,0.0,0.998340585111566,0.9946,0.2150174114754214,0.9964136089654192,0.4616224471546806,0.2298703089166035,,
2024-07-22 20:52:23,hf_ctgan_syn_300000_2,1000,0.001,8,1.0,4,0.9992620916348024,0.9939943947684504,0.2142857142857142,0.9966212825745158,0.461517929098051,0.2296065001207853,0.0,0.0,0.9990661686232656,0.0,0.0,0.0,0.0253164556962025,0.4,0.994864954984995,0.0476190476190476,0.6308295982228466,0.3742735701274661,0.0,0.0,1.0,0.0,0.0,0.0,0.9983378858345088,0.9932,0.215016837893975,0.9957069757266526,0.4612974555636338,0.2295169585773817,,
2024-07-22 20:53:08,hf_ctgan_syn_300000_2,1000,0.001,8,3.0,4,0.9992620916348024,0.9939943947684504,0.2142857142857142,0.9966212825745158,0.461517929098051,0.2296065001207853,0.0,0.0,0.9990661686232656,0.0,0.0,0.0,0.0253164556962025,0.4,0.994864954984995,0.0476190476190476,0.6308295982228466,0.3742735701274661,0.0,0.0,1.0,0.0,0.0,0.0,0.9983378858345088,0.9932,0.215016837893975,0.9957069757266526,0.4612974555636338,0.2295169585773817,,
2024-07-22 20:53:54,hf_ctgan_syn_300000_2,1000,0.001,8,5.0,4,0.9992622401073106,0.9941945816095022,0.2142857142857142,0.9967219694942469,0.4615644007710939,0.2296570068458043,0.0,0.0,0.9990661686232656,0.0,0.0,0.0,0.0263157894736842,0.4,0.9950650216738912,0.0493827160493827,0.6308930247431466,0.3743408731219843,0.0,0.0,1.0,0.0,0.0,0.0,0.9983383672797016,0.9934,0.2150169045828713,0.995808156561402,0.4613439050052886,0.2295674405971222,,
2024-07-22 20:54:41,hf_ctgan_syn_300000_2,1000,0.001,8,7.0,4,0.9992622401073106,0.9941945816095022,0.2142857142857142,0.9967219694942469,0.4615644007710939,0.2296570068458043,0.0,0.0,0.9990661686232656,0.0,0.0,0.0,0.0263157894736842,0.4,0.9950650216738912,0.0493827160493827,0.6308930247431466,0.3743408731219843,0.0,0.0,1.0,0.0,0.0,0.0,0.9983383672797016,0.9934,0.2150169045828713,0.995808156561402,0.4613439050052886,0.2295674405971222,,
2024-07-22 20:55:27,hf_ctgan_syn_300000_2,1000,0.001,8,9.0,4,0.9992622401073106,0.9941945816095022,0.2142857142857142,0.9967219694942469,0.4615644007710939,0.2296570068458043,0.0,0.0,0.9990661686232656,0.0,0.0,0.0,0.0263157894736842,0.4,0.9950650216738912,0.0493827160493827,0.6308930247431466,0.3743408731219843,0.0,0.0,1.0,0.0,0.0,0.0,0.9983383672797016,0.9934,0.2150169045828713,0.995808156561402,0.4613439050052886,0.2295674405971222,,
2024-07-22 20:56:44,hf_ctgan_syn_300000_2,1000,0.001,10,1.0,4,0.9993280473054696,0.9923929000400372,0.2857142857142857,0.9958483996250168,0.5324855195992355,0.3035780525676395,0.0,0.0,0.9987993596584844,0.0,0.0,0.0,0.02,0.4,0.9934644881627208,0.038095238095238,0.6303854338934938,0.3738023595060752,0.0,0.0,1.0,0.0,0.0,0.0,0.9984020077946512,0.9916,0.2863781335354911,0.9949316395313986,0.5321986615922407,0.3034193138384117,,
2024-07-22 20:58:04,hf_ctgan_syn_300000_2,1000,0.001,10,3.0,4,0.999261050651619,0.992593086881089,0.2142857142857142,0.995915907873594,0.4611924962717587,0.229253001135378,0.0,0.0,0.9987326574172892,0.0,0.0,0.0,0.0210526315789473,0.4,0.9937979326442148,0.0399999999999999,0.6304912156863772,0.3739145667428767,0.0,0.0,1.0,0.0,0.0,0.0,0.9983354245482038,0.9918,0.2150163043472182,0.994999719692912,0.4609722136804672,0.2291636698565659,,
2024-07-22 20:59:25,hf_ctgan_syn_300000_2,1000,0.001,10,5.0,4,0.9992608520360168,0.99232617109302,0.2142857142857142,0.995781438328646,0.4611304830273918,0.2291856775369126,0.0,0.0,0.9985992529348986,0.0,0.0,0.0,0.0206185567010309,0.4,0.9936645548516172,0.0392156862745098,0.6304489050990943,0.3738696849155342,0.0,0.0,1.0,0.0,0.0,0.0,0.99833508142635,0.9915333333333334,0.2150161887388967,0.9948651142149642,0.4609102442115993,0.22909639413285,,
2024-07-22 21:00:44,hf_ctgan_syn_300000_2,1000,0.001,10,7.0,4,0.999260901699926,0.9923929000400372,0.2142857142857142,0.9958150590913656,0.4611459871202945,0.2292025081502807,0.0,0.0,0.9985992529348986,0.0,0.0,0.0,0.0208333333333333,0.4,0.993731243747916,0.0396039603960396,0.6304700607476666,0.3738921260071019,0.0,0.0,1.0,0.0,0.0,0.0,0.9983352026361172,0.9916,0.2150162109685288,0.9948988330230124,0.4609257408858981,0.2291132165180094,,
2024-07-22 21:02:03,hf_ctgan_syn_300000_2,1000,0.001,10,9.0,4,0.999260901699926,0.9923929000400372,0.2142857142857142,0.9958150590913656,0.4611459871202945,0.2292025081502807,0.0,0.0,0.9985992529348986,0.0,0.0,0.0,0.0208333333333333,0.4,0.993731243747916,0.0396039603960396,0.6304700607476666,0.3738921260071019,0.0,0.0,1.0,0.0,0.0,0.0,0.9983352026361172,0.9916,0.2150162109685288,0.9948988330230124,0.4609257408858981,0.2291132165180094,,
2024-07-22 21:02:11,hf_ctgan_syn_300000_2,100,0.0001,2,1.0,4,0.9992630309527,0.9952622447617776,0.2142857142857142,0.9972586253008826,0.4618121707148707,0.2299264050524067,0.0,0.0,1.0,0.0,0.0,0.0,0.027027027027027,0.4,0.9951983994664888,0.050632911392405,0.6309353055477206,0.3743857400060329,0.0,0.0,1.0,0.0,0.0,0.0,0.998339394466153,0.9944666666666668,0.2150174470855364,0.996344728221066,0.4615914577907194,0.2298366023210265,,
2024-07-22 21:02:19,hf_ctgan_syn_300000_2,100,0.0001,2,3.0,4,0.9992630309527,0.9952622447617776,0.2142857142857142,0.9972586253008826,0.4618121707148707,0.2299264050524067,0.0,0.0,1.0,0.0,0.0,0.0,0.027027027027027,0.4,0.9951983994664888,0.050632911392405,0.6309353055477206,0.3743857400060329,0.0,0.0,1.0,0.0,0.0,0.0,0.998339394466153,0.9944666666666668,0.2150174470855364,0.996344728221066,0.4615914577907194,0.2298366023210265,,
2024-07-22 21:02:27,hf_ctgan_syn_300000_2,100,0.0001,2,5.0,4,0.9992630309527,0.9952622447617776,0.2142857142857142,0.9972586253008826,0.4618121707148707,0.2299264050524067,0.0,0.0,1.0,0.0,0.0,0.0,0.027027027027027,0.4,0.9951983994664888,0.050632911392405,0.6309353055477206,0.3743857400060329,0.0,0.0,1.0,0.0,0.0,0.0,0.998339394466153,0.9944666666666668,0.2150174470855364,0.996344728221066,0.4615914577907194,0.2298366023210265,,
2024-07-22 21:02:35,hf_ctgan_syn_300000_2,100,0.0001,2,7.0,4,0.9992630309527,0.9952622447617776,0.2142857142857142,0.9972586253008826,0.4618121707148707,0.2299264050524067,0.0,0.0,1.0,0.0,0.0,0.0,0.027027027027027,0.4,0.9951983994664888,0.050632911392405,0.6309353055477206,0.3743857400060329,0.0,0.0,1.0,0.0,0.0,0.0,0.998339394466153,0.9944666666666668,0.2150174470855364,0.996344728221066,0.4615914577907194,0.2298366023210265,,
2024-07-22 21:02:43,hf_ctgan_syn_300000_2,100,0.0001,2,9.0,4,0.9992630309527,0.9952622447617776,0.2142857142857142,0.9972586253008826,0.4618121707148707,0.2299264050524067,0.0,0.0,1.0,0.0,0.0,0.0,0.027027027027027,0.4,0.9951983994664888,0.050632911392405,0.6309353055477206,0.3743857400060329,0.0,0.0,1.0,0.0,0.0,0.0,0.998339394466153,0.9944666666666668,0.2150174470855364,0.996344728221066,0.4615914577907194,0.2298366023210265,,
2024-07-22 21:02:52,hf_ctgan_syn_300000_2,100,0.0001,4,1.0,4,0.9992631296891747,0.995395702655812,0.2142857142857142,0.997325666911814,0.4618431326116381,0.2299600832632124,0.0,0.0,1.0,0.0,0.0,0.0,0.0277777777777777,0.4,0.9953317772590864,0.0519480519480519,0.6309775835191251,0.3744306054669107,0.0,0.0,1.0,0.0,0.0,0.0,0.9983397433607242,0.9946,0.2150174915448006,0.9964121456400122,0.4616224048823736,0.229870264053989,,
2024-07-22 21:03:00,hf_ctgan_syn_300000_2,100,0.0001,4,3.0,4,0.9992631296891747,0.995395702655812,0.2142857142857142,0.997325666911814,0.4618431326116381,0.2299600832632124,0.0,0.0,1.0,0.0,0.0,0.0,0.0277777777777777,0.4,0.9953317772590864,0.0519480519480519,0.6309775835191251,0.3744306054669107,0.0,0.0,1.0,0.0,0.0,0.0,0.9983397433607242,0.9946,0.2150174915448006,0.9964121456400122,0.4616224048823736,0.229870264053989,,
2024-07-22 21:03:09,hf_ctgan_syn_300000_2,100,0.0001,4,5.0,4,0.9992631296891747,0.995395702655812,0.2142857142857142,0.997325666911814,0.4618431326116381,0.2299600832632124,0.0,0.0,1.0,0.0,0.0,0.0,0.0277777777777777,0.4,0.9953317772590864,0.0519480519480519,0.6309775835191251,0.3744306054669107,0.0,0.0,1.0,0.0,0.0,0.0,0.9983397433607242,0.9946,0.2150174915448006,0.9964121456400122,0.4616224048823736,0.229870264053989,,
2024-07-22 21:03:18,hf_ctgan_syn_300000_2,100,0.0001,4,7.0,4,0.9992631296891747,0.995395702655812,0.2142857142857142,0.997325666911814,0.4618431326116381,0.2299600832632124,0.0,0.0,1.0,0.0,0.0,0.0,0.0277777777777777,0.4,0.9953317772590864,0.0519480519480519,0.6309775835191251,0.3744306054669107,0.0,0.0,1.0,0.0,0.0,0.0,0.9983397433607242,0.9946,0.2150174915448006,0.9964121456400122,0.4616224048823736,0.229870264053989,,
2024-07-22 21:03:27,hf_ctgan_syn_300000_2,100,0.0001,4,9.0,4,0.9992631296891747,0.995395702655812,0.2142857142857142,0.997325666911814,0.4618431326116381,0.2299600832632124,0.0,0.0,1.0,0.0,0.0,0.0,0.0277777777777777,0.4,0.9953317772590864,0.0519480519480519,0.6309775835191251,0.3744306054669107,0.0,0.0,1.0,0.0,0.0,0.0,0.9983397433607242,0.9946,0.2150174915448006,0.9964121456400122,0.4616224048823736,0.229870264053989,,
2024-07-22 21:03:37,hf_ctgan_syn_300000_2,100,0.0001,8,1.0,4,0.9992627839957108,0.9949286000266916,0.2142857142857142,0.9970909820443374,0.4617347568897162,0.2298422128649567,0.0,0.0,0.9989994663820704,0.0,0.0,0.0,0.03125,0.4,0.9958652884294764,0.0579710144927536,0.631146667084435,0.3746100530787133,0.0,0.0,1.0,0.0,0.0,0.0,0.9983405553973148,0.9941333333333332,0.2150171357639279,0.9961796874659268,0.461514186672314,0.2297525634839757,,
2024-07-22 21:03:48,hf_ctgan_syn_300000_2,100,0.0001,8,3.0,4,0.9992627839957108,0.9949286000266916,0.2142857142857142,0.9970909820443374,0.4617347568897162,0.2298422128649567,0.0,0.0,0.9989994663820704,0.0,0.0,0.0,0.03125,0.4,0.9958652884294764,0.0579710144927536,0.631146667084435,0.3746100530787133,0.0,0.0,1.0,0.0,0.0,0.0,0.9983405553973148,0.9941333333333332,0.2150171357639279,0.9961796874659268,0.461514186672314,0.2297525634839757,,
2024-07-22 21:03:59,hf_ctgan_syn_300000_2,100,0.0001,8,5.0,4,0.999262882798365,0.995062057920726,0.2142857142857142,0.9971580460730884,0.4617657239771652,0.22987588916744,0.0,0.0,0.999132870864461,0.0,0.0,0.0,0.03125,0.4,0.9958652884294764,0.0579710144927536,0.631146667084435,0.3746100530787133,0.0,0.0,1.0,0.0,0.0,0.0,0.9983406541077532,0.9942666666666666,0.2150172069129851,0.9962466889015844,0.461545124857148,0.2297862083552433,,
2024-07-22 21:04:09,hf_ctgan_syn_300000_2,100,0.0001,8,7.0,4,0.999262882798365,0.995062057920726,0.2142857142857142,0.9971580460730884,0.4617657239771652,0.22987588916744,0.0,0.0,0.999132870864461,0.0,0.0,0.0,0.03125,0.4,0.9958652884294764,0.0579710144927536,0.631146667084435,0.3746100530787133,0.0,0.0,1.0,0.0,0.0,0.0,0.9983406541077532,0.9942666666666666,0.2150172069129851,0.9962466889015844,0.461545124857148,0.2297862083552433,,
2024-07-22 21:04:20,hf_ctgan_syn_300000_2,100,0.0001,8,9.0,4,0.999262882798365,0.995062057920726,0.2142857142857142,0.9971580460730884,0.4617657239771652,0.22987588916744,0.0,0.0,0.999132870864461,0.0,0.0,0.0,0.03125,0.4,0.9958652884294764,0.0579710144927536,0.631146667084435,0.3746100530787133,0.0,0.0,1.0,0.0,0.0,0.0,0.9983406541077532,0.9942666666666666,0.2150172069129851,0.9962466889015844,0.461545124857148,0.2297862083552433,,
2024-07-22 21:04:34,hf_ctgan_syn_300000_2,100,0.0001,10,1.0,4,0.9993273693414946,0.9913919658347792,0.2857142857142857,0.9953438515392088,0.5322169176016162,0.3032435097396621,0.0,0.0,0.9983991462113126,0.0,0.0,0.0,0.0275229357798165,0.6,0.9929309769923308,0.0526315789473684,0.7718539927961754,0.5723493858628655,0.0,0.0,1.0,0.0,0.0,0.0,0.9984038381087024,0.9906666666666668,0.2863777422512625,0.994432407804088,0.5319774664761201,0.303151265592526,,
2024-07-22 21:04:47,hf_ctgan_syn_300000_2,100,0.0001,10,3.0,4,0.9993273693414946,0.9913919658347792,0.2857142857142857,0.9953438515392088,0.5322169176016162,0.3032435097396621,0.0,0.0,0.9983991462113126,0.0,0.0,0.0,0.0275229357798165,0.6,0.9929309769923308,0.0526315789473684,0.7718539927961754,0.5723493858628655,0.0,0.0,1.0,0.0,0.0,0.0,0.9984038381087024,0.9906666666666668,0.2863777422512625,0.994432407804088,0.5319774664761201,0.303151265592526,,
2024-07-22 21:05:01,hf_ctgan_syn_300000_2,100,0.0001,10,5.0,4,0.9993273693414946,0.9913919658347792,0.2857142857142857,0.9953438515392088,0.5322169176016162,0.3032435097396621,0.0,0.0,0.9983991462113126,0.0,0.0,0.0,0.0275229357798165,0.6,0.9929309769923308,0.0526315789473684,0.7718539927961754,0.5723493858628655,0.0,0.0,1.0,0.0,0.0,0.0,0.9984038381087024,0.9906666666666668,0.2863777422512625,0.994432407804088,0.5319774664761201,0.303151265592526,,
2024-07-22 21:05:15,hf_ctgan_syn_300000_2,100,0.0001,10,7.0,4,0.9993273693414946,0.9913919658347792,0.2857142857142857,0.9953438515392088,0.5322169176016162,0.3032435097396621,0.0,0.0,0.9983991462113126,0.0,0.0,0.0,0.0275229357798165,0.6,0.9929309769923308,0.0526315789473684,0.7718539927961754,0.5723493858628655,0.0,0.0,1.0,0.0,0.0,0.0,0.9984038381087024,0.9906666666666668,0.2863777422512625,0.994432407804088,0.5319774664761201,0.303151265592526,,
2024-07-22 21:05:28,hf_ctgan_syn_300000_2,100,0.0001,10,9.0,4,0.9993273693414946,0.9913919658347792,0.2857142857142857,0.9953438515392088,0.5322169176016162,0.3032435097396621,0.0,0.0,0.9983991462113126,0.0,0.0,0.0,0.0275229357798165,0.6,0.9929309769923308,0.0526315789473684,0.7718539927961754,0.5723493858628655,0.0,0.0,1.0,0.0,0.0,0.0,0.9984038381087024,0.9906666666666668,0.2863777422512625,0.994432407804088,0.5319774664761201,0.303151265592526,,
2024-07-22 21:05:42,hf_ctgan_syn_300000_2,500,0.0001,2,1.0,4,0.9992630309527,0.9952622447617776,0.2142857142857142,0.9972586253008826,0.4618121707148707,0.2299264050524067,0.0,0.0,1.0,0.0,0.0,0.0,0.027027027027027,0.4,0.9951983994664888,0.050632911392405,0.6309353055477206,0.3743857400060329,0.0,0.0,1.0,0.0,0.0,0.0,0.998339394466153,0.9944666666666668,0.2150174470855364,0.996344728221066,0.4615914577907194,0.2298366023210265,,
2024-07-22 21:05:55,hf_ctgan_syn_300000_2,500,0.0001,2,3.0,4,0.9992630309527,0.9952622447617776,0.2142857142857142,0.9972586253008826,0.4618121707148707,0.2299264050524067,0.0,0.0,1.0,0.0,0.0,0.0,0.027027027027027,0.4,0.9951983994664888,0.050632911392405,0.6309353055477206,0.3743857400060329,0.0,0.0,1.0,0.0,0.0,0.0,0.998339394466153,0.9944666666666668,0.2150174470855364,0.996344728221066,0.4615914577907194,0.2298366023210265,,
2024-07-22 21:06:08,hf_ctgan_syn_300000_2,500,0.0001,2,5.0,4,0.9992630309527,0.9952622447617776,0.2142857142857142,0.9972586253008826,0.4618121707148707,0.2299264050524067,0.0,0.0,1.0,0.0,0.0,0.0,0.027027027027027,0.4,0.9951983994664888,0.050632911392405,0.6309353055477206,0.3743857400060329,0.0,0.0,1.0,0.0,0.0,0.0,0.998339394466153,0.9944666666666668,0.2150174470855364,0.996344728221066,0.4615914577907194,0.2298366023210265,,
2024-07-22 21:06:23,hf_ctgan_syn_300000_2,500,0.0001,2,7.0,4,0.9992630309527,0.9952622447617776,0.2142857142857142,0.9972586253008826,0.4618121707148707,0.2299264050524067,0.0,0.0,1.0,0.0,0.0,0.0,0.027027027027027,0.4,0.9951983994664888,0.050632911392405,0.6309353055477206,0.3743857400060329,0.0,0.0,1.0,0.0,0.0,0.0,0.998339394466153,0.9944666666666668,0.2150174470855364,0.996344728221066,0.4615914577907194,0.2298366023210265,,
2024-07-22 21:06:35,hf_ctgan_syn_300000_2,500,0.0001,2,9.0,4,0.9992630309527,0.9952622447617776,0.2142857142857142,0.9972586253008826,0.4618121707148707,0.2299264050524067,0.0,0.0,1.0,0.0,0.0,0.0,0.027027027027027,0.4,0.9951983994664888,0.050632911392405,0.6309353055477206,0.3743857400060329,0.0,0.0,1.0,0.0,0.0,0.0,0.998339394466153,0.9944666666666668,0.2150174470855364,0.996344728221066,0.4615914577907194,0.2298366023210265,,
2024-07-22 21:06:51,hf_ctgan_syn_300000_2,500,0.0001,4,1.0,4,0.9992631296891747,0.995395702655812,0.2142857142857142,0.997325666911814,0.4618431326116381,0.2299600832632124,0.0,0.0,1.0,0.0,0.0,0.0,0.0277777777777777,0.4,0.9953317772590864,0.0519480519480519,0.6309775835191251,0.3744306054669107,0.0,0.0,1.0,0.0,0.0,0.0,0.9983397433607242,0.9946,0.2150174915448006,0.9964121456400122,0.4616224048823736,0.229870264053989,,
2024-07-22 21:07:06,hf_ctgan_syn_300000_2,500,0.0001,4,3.0,4,0.9992631296891747,0.995395702655812,0.2142857142857142,0.997325666911814,0.4618431326116381,0.2299600832632124,0.0,0.0,1.0,0.0,0.0,0.0,0.0277777777777777,0.4,0.9953317772590864,0.0519480519480519,0.6309775835191251,0.3744306054669107,0.0,0.0,1.0,0.0,0.0,0.0,0.9983397433607242,0.9946,0.2150174915448006,0.9964121456400122,0.4616224048823736,0.229870264053989,,
2024-07-22 21:07:21,hf_ctgan_syn_300000_2,500,0.0001,4,5.0,4,0.9992631296891747,0.995395702655812,0.2142857142857142,0.997325666911814,0.4618431326116381,0.2299600832632124,0.0,0.0,1.0,0.0,0.0,0.0,0.0277777777777777,0.4,0.9953317772590864,0.0519480519480519,0.6309775835191251,0.3744306054669107,0.0,0.0,1.0,0.0,0.0,0.0,0.9983397433607242,0.9946,0.2150174915448006,0.9964121456400122,0.4616224048823736,0.229870264053989,,
2024-07-22 21:07:37,hf_ctgan_syn_300000_2,500,0.0001,4,7.0,4,0.9992631296891747,0.995395702655812,0.2142857142857142,0.997325666911814,0.4618431326116381,0.2299600832632124,0.0,0.0,1.0,0.0,0.0,0.0,0.0277777777777777,0.4,0.9953317772590864,0.0519480519480519,0.6309775835191251,0.3744306054669107,0.0,0.0,1.0,0.0,0.0,0.0,0.9983397433607242,0.9946,0.2150174915448006,0.9964121456400122,0.4616224048823736,0.229870264053989,,
2024-07-22 21:07:52,hf_ctgan_syn_300000_2,500,0.0001,4,9.0,4,0.9992631296891747,0.995395702655812,0.2142857142857142,0.997325666911814,0.4618431326116381,0.2299600832632124,0.0,0.0,1.0,0.0,0.0,0.0,0.0277777777777777,0.4,0.9953317772590864,0.0519480519480519,0.6309775835191251,0.3744306054669107,0.0,0.0,1.0,0.0,0.0,0.0,0.9983397433607242,0.9946,0.2150174915448006,0.9964121456400122,0.4616224048823736,0.229870264053989,,
2024-07-22 21:08:19,hf_ctgan_syn_300000_2,500,0.0001,8,1.0,4,0.9992627839957108,0.9949286000266916,0.2142857142857142,0.9970909820443374,0.4617347568897162,0.2298422128649567,0.0,0.0,0.9989994663820704,0.0,0.0,0.0,0.03125,0.4,0.9958652884294764,0.0579710144927536,0.631146667084435,0.3746100530787133,0.0,0.0,1.0,0.0,0.0,0.0,0.9983405553973148,0.9941333333333332,0.2150171357639279,0.9961796874659268,0.461514186672314,0.2297525634839757,,
2024-07-22 21:08:45,hf_ctgan_syn_300000_2,500,0.0001,8,3.0,4,0.999262882798365,0.995062057920726,0.2142857142857142,0.9971580460730884,0.4617657239771652,0.22987588916744,0.0,0.0,0.999132870864461,0.0,0.0,0.0,0.03125,0.4,0.9958652884294764,0.0579710144927536,0.631146667084435,0.3746100530787133,0.0,0.0,1.0,0.0,0.0,0.0,0.9983406541077532,0.9942666666666666,0.2150172069129851,0.9962466889015844,0.461545124857148,0.2297862083552433,,
2024-07-22 21:09:10,hf_ctgan_syn_300000_2,500,0.0001,8,5.0,4,0.999262882798365,0.995062057920726,0.2142857142857142,0.9971580460730884,0.4617657239771652,0.22987588916744,0.0,0.0,0.999132870864461,0.0,0.0,0.0,0.03125,0.4,0.9958652884294764,0.0579710144927536,0.631146667084435,0.3746100530787133,0.0,0.0,1.0,0.0,0.0,0.0,0.9983406541077532,0.9942666666666666,0.2150172069129851,0.9962466889015844,0.461545124857148,0.2297862083552433,,
2024-07-22 21:09:37,hf_ctgan_syn_300000_2,500,0.0001,8,7.0,4,0.9992627839957108,0.9949286000266916,0.2142857142857142,0.9970909820443374,0.4617347568897162,0.2298422128649567,0.0,0.0,0.9989994663820704,0.0,0.0,0.0,0.03125,0.4,0.9958652884294764,0.0579710144927536,0.631146667084435,0.3746100530787133,0.0,0.0,1.0,0.0,0.0,0.0,0.9983405553973148,0.9941333333333332,0.2150171357639279,0.9961796874659268,0.461514186672314,0.2297525634839757,,
2024-07-22 21:10:03,hf_ctgan_syn_300000_2,500,0.0001,8,9.0,4,0.9992627839957108,0.9949286000266916,0.2142857142857142,0.9970909820443374,0.4617347568897162,0.2298422128649567,0.0,0.0,0.9989994663820704,0.0,0.0,0.0,0.03125,0.4,0.9958652884294764,0.0579710144927536,0.631146667084435,0.3746100530787133,0.0,0.0,1.0,0.0,0.0,0.0,0.9983405553973148,0.9941333333333332,0.2150171357639279,0.9961796874659268,0.461514186672314,0.2297525634839757,,
2024-07-22 21:10:45,hf_ctgan_syn_300000_2,500,0.0001,10,1.0,4,0.9993273693414946,0.9913919658347792,0.2857142857142857,0.9953438515392088,0.5322169176016162,0.3032435097396621,0.0,0.0,0.9983991462113126,0.0,0.0,0.0,0.0275229357798165,0.6,0.9929309769923308,0.0526315789473684,0.7718539927961754,0.5723493858628655,0.0,0.0,1.0,0.0,0.0,0.0,0.9984038381087024,0.9906666666666668,0.2863777422512625,0.994432407804088,0.5319774664761201,0.303151265592526,,
2024-07-22 21:11:28,hf_ctgan_syn_300000_2,500,0.0001,10,3.0,4,0.9993273693414946,0.9913919658347792,0.2857142857142857,0.9953438515392088,0.5322169176016162,0.3032435097396621,0.0,0.0,0.9983991462113126,0.0,0.0,0.0,0.0275229357798165,0.6,0.9929309769923308,0.0526315789473684,0.7718539927961754,0.5723493858628655,0.0,0.0,1.0,0.0,0.0,0.0,0.9984038381087024,0.9906666666666668,0.2863777422512625,0.994432407804088,0.5319774664761201,0.303151265592526,,
2024-07-22 21:12:11,hf_ctgan_syn_300000_2,500,0.0001,10,5.0,4,0.9993273693414946,0.9913919658347792,0.2857142857142857,0.9953438515392088,0.5322169176016162,0.3032435097396621,0.0,0.0,0.9983991462113126,0.0,0.0,0.0,0.0275229357798165,0.6,0.9929309769923308,0.0526315789473684,0.7718539927961754,0.5723493858628655,0.0,0.0,1.0,0.0,0.0,0.0,0.9984038381087024,0.9906666666666668,0.2863777422512625,0.994432407804088,0.5319774664761201,0.303151265592526,,
2024-07-22 21:12:53,hf_ctgan_syn_300000_2,500,0.0001,10,7.0,4,0.9993273693414946,0.9913919658347792,0.2857142857142857,0.9953438515392088,0.5322169176016162,0.3032435097396621,0.0,0.0,0.9983991462113126,0.0,0.0,0.0,0.0275229357798165,0.6,0.9929309769923308,0.0526315789473684,0.7718539927961754,0.5723493858628655,0.0,0.0,1.0,0.0,0.0,0.0,0.9984038381087024,0.9906666666666668,0.2863777422512625,0.994432407804088,0.5319774664761201,0.303151265592526,,
2024-07-22 21:13:33,hf_ctgan_syn_300000_2,500,0.0001,10,9.0,4,0.9993273693414946,0.9913919658347792,0.2857142857142857,0.9953438515392088,0.5322169176016162,0.3032435097396621,0.0,0.0,0.9983991462113126,0.0,0.0,0.0,0.0275229357798165,0.6,0.9929309769923308,0.0526315789473684,0.7718539927961754,0.5723493858628655,0.0,0.0,1.0,0.0,0.0,0.0,0.9984038381087024,0.9906666666666668,0.2863777422512625,0.994432407804088,0.5319774664761201,0.303151265592526,,
2024-07-22 21:13:58,hf_ctgan_syn_300000_2,1500,0.0001,2,1.0,4,0.9992630309527,0.9952622447617776,0.2142857142857142,0.9972586253008826,0.4618121707148707,0.2299264050524067,0.0,0.0,1.0,0.0,0.0,0.0,0.027027027027027,0.4,0.9951983994664888,0.050632911392405,0.6309353055477206,0.3743857400060329,0.0,0.0,1.0,0.0,0.0,0.0,0.998339394466153,0.9944666666666668,0.2150174470855364,0.996344728221066,0.4615914577907194,0.2298366023210265,,
2024-07-22 21:14:22,hf_ctgan_syn_300000_2,1500,0.0001,2,3.0,4,0.9992630309527,0.9952622447617776,0.2142857142857142,0.9972586253008826,0.4618121707148707,0.2299264050524067,0.0,0.0,1.0,0.0,0.0,0.0,0.027027027027027,0.4,0.9951983994664888,0.050632911392405,0.6309353055477206,0.3743857400060329,0.0,0.0,1.0,0.0,0.0,0.0,0.998339394466153,0.9944666666666668,0.2150174470855364,0.996344728221066,0.4615914577907194,0.2298366023210265,,
2024-07-22 21:14:49,hf_ctgan_syn_300000_2,1500,0.0001,2,5.0,4,0.9992630309527,0.9952622447617776,0.2142857142857142,0.9972586253008826,0.4618121707148707,0.2299264050524067,0.0,0.0,1.0,0.0,0.0,0.0,0.027027027027027,0.4,0.9951983994664888,0.050632911392405,0.6309353055477206,0.3743857400060329,0.0,0.0,1.0,0.0,0.0,0.0,0.998339394466153,0.9944666666666668,0.2150174470855364,0.996344728221066,0.4615914577907194,0.2298366023210265,,
2024-07-22 21:15:17,hf_ctgan_syn_300000_2,1500,0.0001,2,7.0,4,0.9992630309527,0.9952622447617776,0.2142857142857142,0.9972586253008826,0.4618121707148707,0.2299264050524067,0.0,0.0,1.0,0.0,0.0,0.0,0.027027027027027,0.4,0.9951983994664888,0.050632911392405,0.6309353055477206,0.3743857400060329,0.0,0.0,1.0,0.0,0.0,0.0,0.998339394466153,0.9944666666666668,0.2150174470855364,0.996344728221066,0.4615914577907194,0.2298366023210265,,
2024-07-22 21:15:47,hf_ctgan_syn_300000_2,1500,0.0001,2,9.0,4,0.9992630309527,0.9952622447617776,0.2142857142857142,0.9972586253008826,0.4618121707148707,0.2299264050524067,0.0,0.0,1.0,0.0,0.0,0.0,0.027027027027027,0.4,0.9951983994664888,0.050632911392405,0.6309353055477206,0.3743857400060329,0.0,0.0,1.0,0.0,0.0,0.0,0.998339394466153,0.9944666666666668,0.2150174470855364,0.996344728221066,0.4615914577907194,0.2298366023210265,,
2024-07-22 21:16:20,hf_ctgan_syn_300000_2,1500,0.0001,4,1.0,4,0.9992631296891747,0.995395702655812,0.2142857142857142,0.997325666911814,0.4618431326116381,0.2299600832632124,0.0,0.0,1.0,0.0,0.0,0.0,0.0277777777777777,0.4,0.9953317772590864,0.0519480519480519,0.6309775835191251,0.3744306054669107,0.0,0.0,1.0,0.0,0.0,0.0,0.9983397433607242,0.9946,0.2150174915448006,0.9964121456400122,0.4616224048823736,0.229870264053989,,
2024-07-22 21:16:54,hf_ctgan_syn_300000_2,1500,0.0001,4,3.0,4,0.9992631296891747,0.995395702655812,0.2142857142857142,0.997325666911814,0.4618431326116381,0.2299600832632124,0.0,0.0,1.0,0.0,0.0,0.0,0.0277777777777777,0.4,0.9953317772590864,0.0519480519480519,0.6309775835191251,0.3744306054669107,0.0,0.0,1.0,0.0,0.0,0.0,0.9983397433607242,0.9946,0.2150174915448006,0.9964121456400122,0.4616224048823736,0.229870264053989,,
2024-07-22 21:17:26,hf_ctgan_syn_300000_2,1500,0.0001,4,5.0,4,0.9992631296891747,0.995395702655812,0.2142857142857142,0.997325666911814,0.4618431326116381,0.2299600832632124,0.0,0.0,1.0,0.0,0.0,0.0,0.0277777777777777,0.4,0.9953317772590864,0.0519480519480519,0.6309775835191251,0.3744306054669107,0.0,0.0,1.0,0.0,0.0,0.0,0.9983397433607242,0.9946,0.2150174915448006,0.9964121456400122,0.4616224048823736,0.229870264053989,,
2024-07-22 21:18:00,hf_ctgan_syn_300000_2,1500,0.0001,4,7.0,4,0.9992631296891747,0.995395702655812,0.2142857142857142,0.997325666911814,0.4618431326116381,0.2299600832632124,0.0,0.0,1.0,0.0,0.0,0.0,0.0277777777777777,0.4,0.9953317772590864,0.0519480519480519,0.6309775835191251,0.3744306054669107,0.0,0.0,1.0,0.0,0.0,0.0,0.9983397433607242,0.9946,0.2150174915448006,0.9964121456400122,0.4616224048823736,0.229870264053989,,
2024-07-22 21:18:33,hf_ctgan_syn_300000_2,1500,0.0001,4,9.0,4,0.9992631296891747,0.995395702655812,0.2142857142857142,0.997325666911814,0.4618431326116381,0.2299600832632124,0.0,0.0,1.0,0.0,0.0,0.0,0.0277777777777777,0.4,0.9953317772590864,0.0519480519480519,0.6309775835191251,0.3744306054669107,0.0,0.0,1.0,0.0,0.0,0.0,0.9983397433607242,0.9946,0.2150174915448006,0.9964121456400122,0.4616224048823736,0.229870264053989,,
2024-07-22 21:19:37,hf_ctgan_syn_300000_2,1500,0.0001,8,1.0,4,0.9992630803242448,0.9953289737087948,0.2142857142857142,0.997292147226958,0.4618276519227233,0.2299432440623934,0.0,0.0,0.9993996798292424,0.0,0.0,0.0,0.03125,0.4,0.9958652884294764,0.0579710144927536,0.631146667084435,0.3746100530787133,0.0,0.0,1.0,0.0,0.0,0.0,0.9983408514492754,0.9945333333333334,0.2150173492110997,0.9963806648943772,0.4616069950032902,0.2298535003856281,,
2024-07-22 21:20:37,hf_ctgan_syn_300000_2,1500,0.0001,8,3.0,4,0.9992630803242448,0.9953289737087948,0.2142857142857142,0.997292147226958,0.4618276519227233,0.2299432440623934,0.0,0.0,0.9993996798292424,0.0,0.0,0.0,0.03125,0.4,0.9958652884294764,0.0579710144927536,0.631146667084435,0.3746100530787133,0.0,0.0,1.0,0.0,0.0,0.0,0.9983408514492754,0.9945333333333334,0.2150173492110997,0.9963806648943772,0.4616069950032902,0.2298535003856281,,
2024-07-22 21:21:37,hf_ctgan_syn_300000_2,1500,0.0001,8,5.0,4,0.9992630803242448,0.9953289737087948,0.2142857142857142,0.997292147226958,0.4618276519227233,0.2299432440623934,0.0,0.0,0.9993996798292424,0.0,0.0,0.0,0.03125,0.4,0.9958652884294764,0.0579710144927536,0.631146667084435,0.3746100530787133,0.0,0.0,1.0,0.0,0.0,0.0,0.9983408514492754,0.9945333333333334,0.2150173492110997,0.9963806648943772,0.4616069950032902,0.2298535003856281,,
2024-07-22 21:22:40,hf_ctgan_syn_300000_2,1500,0.0001,8,7.0,4,0.9992630803242448,0.9953289737087948,0.2142857142857142,0.997292147226958,0.4618276519227233,0.2299432440623934,0.0,0.0,0.9993996798292424,0.0,0.0,0.0,0.03125,0.4,0.9958652884294764,0.0579710144927536,0.631146667084435,0.3746100530787133,0.0,0.0,1.0,0.0,0.0,0.0,0.9983408514492754,0.9945333333333334,0.2150173492110997,0.9963806648943772,0.4616069950032902,0.2298535003856281,,
2024-07-22 21:23:45,hf_ctgan_syn_300000_2,1500,0.0001,8,9.0,4,0.9992630803242448,0.9953289737087948,0.2142857142857142,0.997292147226958,0.4618276519227233,0.2299432440623934,0.0,0.0,0.9993996798292424,0.0,0.0,0.0,0.03125,0.4,0.9958652884294764,0.0579710144927536,0.631146667084435,0.3746100530787133,0.0,0.0,1.0,0.0,0.0,0.0,0.9983408514492754,0.9945333333333334,0.2150173492110997,0.9963806648943772,0.4616069950032902,0.2298535003856281,,
2024-07-22 21:25:44,hf_ctgan_syn_300000_2,1500,0.0001,10,1.0,4,0.9993273693414946,0.9913919658347792,0.2857142857142857,0.9953438515392088,0.5322169176016162,0.3032435097396621,0.0,0.0,0.9983991462113126,0.0,0.0,0.0,0.0275229357798165,0.6,0.9929309769923308,0.0526315789473684,0.7718539927961754,0.5723493858628655,0.0,0.0,1.0,0.0,0.0,0.0,0.9984038381087024,0.9906666666666668,0.2863777422512625,0.994432407804088,0.5319774664761201,0.303151265592526,,
2024-07-22 21:27:39,hf_ctgan_syn_300000_2,1500,0.0001,10,3.0,4,0.9993273693414946,0.9913919658347792,0.2857142857142857,0.9953438515392088,0.5322169176016162,0.3032435097396621,0.0,0.0,0.9983991462113126,0.0,0.0,0.0,0.0275229357798165,0.6,0.9929309769923308,0.0526315789473684,0.7718539927961754,0.5723493858628655,0.0,0.0,1.0,0.0,0.0,0.0,0.9984038381087024,0.9906666666666668,0.2863777422512625,0.994432407804088,0.5319774664761201,0.303151265592526,,
2024-07-22 21:29:35,hf_ctgan_syn_300000_2,1500,0.0001,10,5.0,4,0.9993273693414946,0.9913919658347792,0.2857142857142857,0.9953438515392088,0.5322169176016162,0.3032435097396621,0.0,0.0,0.9983991462113126,0.0,0.0,0.0,0.0275229357798165,0.6,0.9929309769923308,0.0526315789473684,0.7718539927961754,0.5723493858628655,0.0,0.0,1.0,0.0,0.0,0.0,0.9984038381087024,0.9906666666666668,0.2863777422512625,0.994432407804088,0.5319774664761201,0.303151265592526,,
2024-07-22 21:31:30,hf_ctgan_syn_300000_2,1500,0.0001,10,7.0,4,0.9993273693414946,0.9913919658347792,0.2857142857142857,0.9953438515392088,0.5322169176016162,0.3032435097396621,0.0,0.0,0.9983991462113126,0.0,0.0,0.0,0.0275229357798165,0.6,0.9929309769923308,0.0526315789473684,0.7718539927961754,0.5723493858628655,0.0,0.0,1.0,0.0,0.0,0.0,0.9984038381087024,0.9906666666666668,0.2863777422512625,0.994432407804088,0.5319774664761201,0.303151265592526,,
2024-07-22 21:33:25,hf_ctgan_syn_300000_2,1500,0.0001,10,9.0,4,0.9993273693414946,0.9913919658347792,0.2857142857142857,0.9953438515392088,0.5322169176016162,0.3032435097396621,0.0,0.0,0.9983991462113126,0.0,0.0,0.0,0.0275229357798165,0.6,0.9929309769923308,0.0526315789473684,0.7718539927961754,0.5723493858628655,0.0,0.0,1.0,0.0,0.0,0.0,0.9984038381087024,0.9906666666666668,0.2863777422512625,0.994432407804088,0.5319774664761201,0.303151265592526,,
2024-07-22 21:33:44,hf_ctgan_syn_300000_2,1000,0.0001,2,1.0,4,0.9992630309527,0.9952622447617776,0.2142857142857142,0.9972586253008826,0.4618121707148707,0.2299264050524067,0.0,0.0,1.0,0.0,0.0,0.0,0.027027027027027,0.4,0.9951983994664888,0.050632911392405,0.6309353055477206,0.3743857400060329,0.0,0.0,1.0,0.0,0.0,0.0,0.998339394466153,0.9944666666666668,0.2150174470855364,0.996344728221066,0.4615914577907194,0.2298366023210265,,
2024-07-22 21:34:04,hf_ctgan_syn_300000_2,1000,0.0001,2,3.0,4,0.9992630309527,0.9952622447617776,0.2142857142857142,0.9972586253008826,0.4618121707148707,0.2299264050524067,0.0,0.0,1.0,0.0,0.0,0.0,0.027027027027027,0.4,0.9951983994664888,0.050632911392405,0.6309353055477206,0.3743857400060329,0.0,0.0,1.0,0.0,0.0,0.0,0.998339394466153,0.9944666666666668,0.2150174470855364,0.996344728221066,0.4615914577907194,0.2298366023210265,,
2024-07-22 21:34:24,hf_ctgan_syn_300000_2,1000,0.0001,2,5.0,4,0.9992630309527,0.9952622447617776,0.2142857142857142,0.9972586253008826,0.4618121707148707,0.2299264050524067,0.0,0.0,1.0,0.0,0.0,0.0,0.027027027027027,0.4,0.9951983994664888,0.050632911392405,0.6309353055477206,0.3743857400060329,0.0,0.0,1.0,0.0,0.0,0.0,0.998339394466153,0.9944666666666668,0.2150174470855364,0.996344728221066,0.4615914577907194,0.2298366023210265,,
2024-07-22 21:34:45,hf_ctgan_syn_300000_2,1000,0.0001,2,7.0,4,0.9992630309527,0.9952622447617776,0.2142857142857142,0.9972586253008826,0.4618121707148707,0.2299264050524067,0.0,0.0,1.0,0.0,0.0,0.0,0.027027027027027,0.4,0.9951983994664888,0.050632911392405,0.6309353055477206,0.3743857400060329,0.0,0.0,1.0,0.0,0.0,0.0,0.998339394466153,0.9944666666666668,0.2150174470855364,0.996344728221066,0.4615914577907194,0.2298366023210265,,
2024-07-22 21:35:05,hf_ctgan_syn_300000_2,1000,0.0001,2,9.0,4,0.9992630309527,0.9952622447617776,0.2142857142857142,0.9972586253008826,0.4618121707148707,0.2299264050524067,0.0,0.0,1.0,0.0,0.0,0.0,0.027027027027027,0.4,0.9951983994664888,0.050632911392405,0.6309353055477206,0.3743857400060329,0.0,0.0,1.0,0.0,0.0,0.0,0.998339394466153,0.9944666666666668,0.2150174470855364,0.996344728221066,0.4615914577907194,0.2298366023210265,,
2024-07-22 21:35:28,hf_ctgan_syn_300000_2,1000,0.0001,4,1.0,4,0.9992631296891747,0.995395702655812,0.2142857142857142,0.997325666911814,0.4618431326116381,0.2299600832632124,0.0,0.0,1.0,0.0,0.0,0.0,0.0277777777777777,0.4,0.9953317772590864,0.0519480519480519,0.6309775835191251,0.3744306054669107,0.0,0.0,1.0,0.0,0.0,0.0,0.9983397433607242,0.9946,0.2150174915448006,0.9964121456400122,0.4616224048823736,0.229870264053989,,
2024-07-22 21:35:49,hf_ctgan_syn_300000_2,1000,0.0001,4,3.0,4,0.9992631296891747,0.995395702655812,0.2142857142857142,0.997325666911814,0.4618431326116381,0.2299600832632124,0.0,0.0,1.0,0.0,0.0,0.0,0.0277777777777777,0.4,0.9953317772590864,0.0519480519480519,0.6309775835191251,0.3744306054669107,0.0,0.0,1.0,0.0,0.0,0.0,0.9983397433607242,0.9946,0.2150174915448006,0.9964121456400122,0.4616224048823736,0.229870264053989,,
2024-07-22 21:36:12,hf_ctgan_syn_300000_2,1000,0.0001,4,5.0,4,0.9992631296891747,0.995395702655812,0.2142857142857142,0.997325666911814,0.4618431326116381,0.2299600832632124,0.0,0.0,1.0,0.0,0.0,0.0,0.0277777777777777,0.4,0.9953317772590864,0.0519480519480519,0.6309775835191251,0.3744306054669107,0.0,0.0,1.0,0.0,0.0,0.0,0.9983397433607242,0.9946,0.2150174915448006,0.9964121456400122,0.4616224048823736,0.229870264053989,,
2024-07-22 21:36:38,hf_ctgan_syn_300000_2,1000,0.0001,4,7.0,4,0.9992631296891747,0.995395702655812,0.2142857142857142,0.997325666911814,0.4618431326116381,0.2299600832632124,0.0,0.0,1.0,0.0,0.0,0.0,0.0277777777777777,0.4,0.9953317772590864,0.0519480519480519,0.6309775835191251,0.3744306054669107,0.0,0.0,1.0,0.0,0.0,0.0,0.9983397433607242,0.9946,0.2150174915448006,0.9964121456400122,0.4616224048823736,0.229870264053989,,
2024-07-22 21:37:01,hf_ctgan_syn_300000_2,1000,0.0001,4,9.0,4,0.9992631296891747,0.995395702655812,0.2142857142857142,0.997325666911814,0.4618431326116381,0.2299600832632124,0.0,0.0,1.0,0.0,0.0,0.0,0.0277777777777777,0.4,0.9953317772590864,0.0519480519480519,0.6309775835191251,0.3744306054669107,0.0,0.0,1.0,0.0,0.0,0.0,0.9983397433607242,0.9946,0.2150174915448006,0.9964121456400122,0.4616224048823736,0.229870264053989,,
2024-07-22 21:37:45,hf_ctgan_syn_300000_2,1000,0.0001,8,1.0,4,0.999262882798365,0.995062057920726,0.2142857142857142,0.9971580460730884,0.4617657239771652,0.22987588916744,0.0,0.0,0.999132870864461,0.0,0.0,0.0,0.03125,0.4,0.9958652884294764,0.0579710144927536,0.631146667084435,0.3746100530787133,0.0,0.0,1.0,0.0,0.0,0.0,0.9983406541077532,0.9942666666666666,0.2150172069129851,0.9962466889015844,0.461545124857148,0.2297862083552433,,
2024-07-22 21:38:29,hf_ctgan_syn_300000_2,1000,0.0001,8,3.0,4,0.9992630803242448,0.9953289737087948,0.2142857142857142,0.997292147226958,0.4618276519227233,0.2299432440623934,0.0,0.0,0.9993996798292424,0.0,0.0,0.0,0.03125,0.4,0.9958652884294764,0.0579710144927536,0.631146667084435,0.3746100530787133,0.0,0.0,1.0,0.0,0.0,0.0,0.9983408514492754,0.9945333333333334,0.2150173492110997,0.9963806648943772,0.4616069950032902,0.2298535003856281,,
2024-07-22 21:39:13,hf_ctgan_syn_300000_2,1000,0.0001,8,5.0,4,0.9992630803242448,0.9953289737087948,0.2142857142857142,0.997292147226958,0.4618276519227233,0.2299432440623934,0.0,0.0,0.9993996798292424,0.0,0.0,0.0,0.03125,0.4,0.9958652884294764,0.0579710144927536,0.631146667084435,0.3746100530787133,0.0,0.0,1.0,0.0,0.0,0.0,0.9983408514492754,0.9945333333333334,0.2150173492110997,0.9963806648943772,0.4616069950032902,0.2298535003856281,,
2024-07-22 21:39:57,hf_ctgan_syn_300000_2,1000,0.0001,8,7.0,4,0.9992630803242448,0.9953289737087948,0.2142857142857142,0.997292147226958,0.4618276519227233,0.2299432440623934,0.0,0.0,0.9993996798292424,0.0,0.0,0.0,0.03125,0.4,0.9958652884294764,0.0579710144927536,0.631146667084435,0.3746100530787133,0.0,0.0,1.0,0.0,0.0,0.0,0.9983408514492754,0.9945333333333334,0.2150173492110997,0.9963806648943772,0.4616069950032902,0.2298535003856281,,
2024-07-22 21:40:41,hf_ctgan_syn_300000_2,1000,0.0001,8,9.0,4,0.9992630803242448,0.9953289737087948,0.2142857142857142,0.997292147226958,0.4618276519227233,0.2299432440623934,0.0,0.0,0.9993996798292424,0.0,0.0,0.0,0.03125,0.4,0.9958652884294764,0.0579710144927536,0.631146667084435,0.3746100530787133,0.0,0.0,1.0,0.0,0.0,0.0,0.9983408514492754,0.9945333333333334,0.2150173492110997,0.9963806648943772,0.4616069950032902,0.2298535003856281,,
2024-07-22 21:42:00,hf_ctgan_syn_300000_2,1000,0.0001,10,1.0,4,0.9993273693414946,0.9913919658347792,0.2857142857142857,0.9953438515392088,0.5322169176016162,0.3032435097396621,0.0,0.0,0.9983991462113126,0.0,0.0,0.0,0.0275229357798165,0.6,0.9929309769923308,0.0526315789473684,0.7718539927961754,0.5723493858628655,0.0,0.0,1.0,0.0,0.0,0.0,0.9984038381087024,0.9906666666666668,0.2863777422512625,0.994432407804088,0.5319774664761201,0.303151265592526,,
2024-07-22 21:43:17,hf_ctgan_syn_300000_2,1000,0.0001,10,3.0,4,0.9993273693414946,0.9913919658347792,0.2857142857142857,0.9953438515392088,0.5322169176016162,0.3032435097396621,0.0,0.0,0.9983991462113126,0.0,0.0,0.0,0.0275229357798165,0.6,0.9929309769923308,0.0526315789473684,0.7718539927961754,0.5723493858628655,0.0,0.0,1.0,0.0,0.0,0.0,0.9984038381087024,0.9906666666666668,0.2863777422512625,0.994432407804088,0.5319774664761201,0.303151265592526,,
2024-07-22 21:44:36,hf_ctgan_syn_300000_2,1000,0.0001,10,5.0,4,0.9993273693414946,0.9913919658347792,0.2857142857142857,0.9953438515392088,0.5322169176016162,0.3032435097396621,0.0,0.0,0.9983991462113126,0.0,0.0,0.0,0.0275229357798165,0.6,0.9929309769923308,0.0526315789473684,0.7718539927961754,0.5723493858628655,0.0,0.0,1.0,0.0,0.0,0.0,0.9984038381087024,0.9906666666666668,0.2863777422512625,0.994432407804088,0.5319774664761201,0.303151265592526,,
2024-07-22 21:45:55,hf_ctgan_syn_300000_2,1000,0.0001,10,7.0,4,0.9993273693414946,0.9913919658347792,0.2857142857142857,0.9953438515392088,0.5322169176016162,0.3032435097396621,0.0,0.0,0.9983991462113126,0.0,0.0,0.0,0.0275229357798165,0.6,0.9929309769923308,0.0526315789473684,0.7718539927961754,0.5723493858628655,0.0,0.0,1.0,0.0,0.0,0.0,0.9984038381087024,0.9906666666666668,0.2863777422512625,0.994432407804088,0.5319774664761201,0.303151265592526,,
2024-07-22 21:47:13,hf_ctgan_syn_300000_2,1000,0.0001,10,9.0,4,0.9993273693414946,0.9913919658347792,0.2857142857142857,0.9953438515392088,0.5322169176016162,0.30324350973966213,0.0,0.0,0.9983991462113126,0.0,0.0,0.0,0.027522935779816515,0.6,0.9929309769923308,0.05263157894736843,0.7718539927961754,0.5723493858628655,0.0,0.0,1.0,0.0,0.0,0.0,0.9984038381087025,0.9906666666666667,0.2863777422512625,0.994432407804088,0.5319774664761201,0.30315126559252603,,
